run_id,machine_id,product_id,air_temp_k,process_temp_k,rotational_speed_rpm,torque_nm,tool_wear_min,machine_failure,event_time
RUN_00001,MACHINE_M,M14860,298.1,308.6,1551,42.8,0,False,2024-01-01T00:00:00
RUN_00002,MACHINE_L,L47181,298.2,308.7,1408,46.3,3,False,2024-01-01T00:06:00
RUN_00003,MACHINE_L,L47182,298.1,308.5,1498,49.4,5,False,2024-01-01T00:12:00
RUN_00004,MACHINE_L,L47183,298.2,308.6,1433,39.5,7,False,2024-01-01T00:18:00
RUN_00005,MACHINE_L,L47184,298.2,308.7,1408,40.0,9,False,2024-01-01T00:24:00
RUN_00006,MACHINE_M,M14865,298.1,308.6,1425,41.9,11,False,2024-01-01T00:30:00
RUN_00007,MACHINE_L,L47186,298.1,308.6,1558,42.4,14,False,2024-01-01T00:36:00
RUN_00008,MACHINE_L,L47187,298.1,308.6,1527,40.2,16,False,2024-01-01T00:42:00
RUN_00009,MACHINE_M,M14868,298.3,308.7,1667,28.6,18,False,2024-01-01T00:48:00
RUN_00010,MACHINE_M,M14869,298.5,309.0,1741,28.0,21,False,2024-01-01T00:54:00
RUN_00011,MACHINE_H,H29424,298.4,308.9,1782,23.9,24,False,2024-01-01T01:00:00
RUN_00012,MACHINE_H,H29425,298.6,309.1,1423,44.3,29,False,2024-01-01T01:06:00
RUN_00013,MACHINE_M,M14872,298.6,309.1,1339,51.1,34,False,2024-01-01T01:12:00
RUN_00014,MACHINE_M,M14873,298.6,309.2,1742,30.0,37,False,2024-01-01T01:18:00
RUN_00015,MACHINE_L,L47194,298.6,309.2,2035,19.6,40,False,2024-01-01T01:24:00
RUN_00016,MACHINE_L,L47195,298.6,309.2,1542,48.4,42,False,2024-01-01T01:30:00
RUN_00017,MACHINE_M,M14876,298.6,309.2,1311,46.6,44,False,2024-01-01T01:36:00
RUN_00018,MACHINE_M,M14877,298.7,309.2,1410,45.6,47,False,2024-01-01T01:42:00
RUN_00019,MACHINE_H,H29432,298.8,309.2,1306,54.5,50,False,2024-01-01T01:48:00
RUN_00020,MACHINE_M,M14879,298.9,309.3,1632,32.5,55,False,2024-01-01T01:54:00
RUN_00021,MACHINE_H,H29434,298.9,309.3,1375,42.7,58,False,2024-01-01T02:00:00
RUN_00022,MACHINE_L,L47201,298.8,309.3,1450,44.8,63,False,2024-01-01T02:06:00
RUN_00023,MACHINE_M,M14882,298.9,309.3,1581,30.7,65,False,2024-01-01T02:12:00
RUN_00024,MACHINE_L,L47203,299.0,309.4,1758,25.7,68,False,2024-01-01T02:18:00
RUN_00025,MACHINE_M,M14884,299.0,309.4,1561,37.3,70,False,2024-01-01T02:24:00
RUN_00026,MACHINE_L,L47205,299.0,309.5,1861,23.3,73,False,2024-01-01T02:30:00
RUN_00027,MACHINE_L,L47206,299.1,309.5,1512,39.0,75,False,2024-01-01T02:36:00
RUN_00028,MACHINE_H,H29441,299.1,309.4,1811,24.6,77,False,2024-01-01T02:42:00
RUN_00029,MACHINE_L,L47208,299.1,309.4,1439,44.2,82,False,2024-01-01T02:48:00
RUN_00030,MACHINE_L,L47209,299.0,309.4,1693,30.1,84,False,2024-01-01T02:54:00
RUN_00031,MACHINE_M,M14890,299.1,309.5,1339,48.2,86,False,2024-01-01T03:00:00
RUN_00032,MACHINE_L,L47211,299.0,309.4,1798,25.5,89,False,2024-01-01T03:06:00
RUN_00033,MACHINE_L,L47212,299.0,309.4,1419,48.3,91,False,2024-01-01T03:12:00
RUN_00034,MACHINE_L,L47213,298.9,309.3,1665,32.5,93,False,2024-01-01T03:18:00
RUN_00035,MACHINE_M,M14894,298.8,309.1,1559,34.7,95,False,2024-01-01T03:24:00
RUN_00036,MACHINE_M,M14895,298.8,309.2,1452,48.6,98,False,2024-01-01T03:30:00
RUN_00037,MACHINE_M,M14896,298.9,309.2,1581,36.7,101,False,2024-01-01T03:36:00
RUN_00038,MACHINE_L,L47217,298.8,309.1,1439,39.2,104,False,2024-01-01T03:42:00
RUN_00039,MACHINE_H,H29452,298.9,309.2,1379,50.7,106,False,2024-01-01T03:48:00
RUN_00040,MACHINE_L,L47219,298.8,309.1,1350,52.5,111,False,2024-01-01T03:54:00
RUN_00041,MACHINE_L,L47220,298.8,309.1,1362,45.4,113,False,2024-01-01T04:00:00
RUN_00042,MACHINE_L,L47221,298.8,309.1,1368,50.8,115,False,2024-01-01T04:06:00
RUN_00043,MACHINE_M,M14902,298.8,309.1,1368,49.1,117,False,2024-01-01T04:12:00
RUN_00044,MACHINE_H,H29457,298.8,309.2,1372,48.5,120,False,2024-01-01T04:18:00
RUN_00045,MACHINE_M,M14904,298.8,309.1,1472,47.5,125,False,2024-01-01T04:24:00
RUN_00046,MACHINE_L,L47225,298.8,309.1,1489,49.1,128,False,2024-01-01T04:30:00
RUN_00047,MACHINE_M,M14906,298.7,309.0,1843,25.8,130,False,2024-01-01T04:36:00
RUN_00048,MACHINE_L,L47227,298.8,309.1,1418,46.3,133,False,2024-01-01T04:42:00
RUN_00049,MACHINE_H,H29462,298.8,309.2,1425,53.9,135,False,2024-01-01T04:48:00
RUN_00050,MACHINE_M,M14909,298.9,309.2,1412,44.1,140,False,2024-01-01T04:54:00
RUN_00051,MACHINE_L,L47230,298.9,309.1,2861,4.6,143,True,2024-01-01T05:00:00
RUN_00052,MACHINE_L,L47231,298.9,309.1,1383,54.9,145,False,2024-01-01T05:06:00
RUN_00053,MACHINE_H,H29466,298.8,309.0,1497,43.8,147,False,2024-01-01T05:12:00
RUN_00054,MACHINE_L,L47233,298.7,309.0,1565,35.1,152,False,2024-01-01T05:18:00
RUN_00055,MACHINE_L,L47234,298.7,309.0,1691,30.1,154,False,2024-01-01T05:24:00
RUN_00056,MACHINE_L,L47235,298.8,309.1,1512,40.7,156,False,2024-01-01T05:30:00
RUN_00057,MACHINE_L,L47236,298.8,309.1,1477,42.4,158,False,2024-01-01T05:36:00
RUN_00058,MACHINE_L,L47237,298.8,309.1,1513,40.3,160,False,2024-01-01T05:42:00
RUN_00059,MACHINE_M,M14918,298.8,309.0,1661,29.5,162,False,2024-01-01T05:48:00
RUN_00060,MACHINE_L,L47239,298.8,309.1,1378,54.4,165,False,2024-01-01T05:54:00
RUN_00061,MACHINE_L,L47240,298.8,309.1,1393,52.6,167,False,2024-01-01T06:00:00
RUN_00062,MACHINE_M,M14921,298.8,309.0,1592,38.2,169,False,2024-01-01T06:06:00
RUN_00063,MACHINE_L,L47242,298.8,309.0,1829,22.9,172,False,2024-01-01T06:12:00
RUN_00064,MACHINE_M,M14923,298.9,309.0,1812,25.9,174,False,2024-01-01T06:18:00
RUN_00065,MACHINE_L,L47244,299.0,309.1,1523,38.6,177,False,2024-01-01T06:24:00
RUN_00066,MACHINE_L,L47245,299.0,309.1,1394,45.1,179,False,2024-01-01T06:30:00
RUN_00067,MACHINE_M,M14926,298.9,308.9,1679,28.7,181,False,2024-01-01T06:36:00
RUN_00068,MACHINE_H,H29481,298.8,308.9,1466,44.1,184,False,2024-01-01T06:42:00
RUN_00069,MACHINE_L,L47248,298.8,308.9,1527,32.4,189,False,2024-01-01T06:48:00
RUN_00070,MACHINE_L,L47249,298.9,309.0,1410,65.7,191,True,2024-01-01T06:54:00
RUN_00071,MACHINE_M,M14930,298.9,309.0,1924,22.6,193,False,2024-01-01T07:00:00
RUN_00072,MACHINE_L,L47251,298.9,309.1,1452,45.5,196,False,2024-01-01T07:06:00
RUN_00073,MACHINE_L,L47252,298.9,309.1,1369,44.4,198,False,2024-01-01T07:12:00
RUN_00074,MACHINE_L,L47253,299.0,309.1,1592,35.0,200,False,2024-01-01T07:18:00
RUN_00075,MACHINE_L,L47254,298.9,309.0,1601,32.3,202,False,2024-01-01T07:24:00
RUN_00076,MACHINE_L,L47255,298.8,308.9,1379,46.7,204,False,2024-01-01T07:30:00
RUN_00077,MACHINE_L,L47256,298.8,308.9,1461,47.9,206,False,2024-01-01T07:36:00
RUN_00078,MACHINE_L,L47257,298.8,308.9,1455,41.3,208,True,2024-01-01T07:42:00
RUN_00079,MACHINE_L,L47258,298.8,308.9,1398,51.5,0,False,2024-01-01T07:48:00
RUN_00080,MACHINE_L,L47259,298.8,308.9,1402,37.9,2,False,2024-01-01T07:54:00
RUN_00081,MACHINE_H,H29494,298.8,308.8,1445,49.9,4,False,2024-01-01T08:00:00
RUN_00082,MACHINE_L,L47261,298.9,308.9,1450,47.5,9,False,2024-01-01T08:06:00
RUN_00083,MACHINE_L,L47262,298.9,308.9,1453,40.8,11,False,2024-01-01T08:12:00
RUN_00084,MACHINE_L,L47263,299.0,309.0,1469,40.1,13,False,2024-01-01T08:18:00
RUN_00085,MACHINE_L,L47264,298.9,308.9,1422,47.6,15,False,2024-01-01T08:24:00
RUN_00086,MACHINE_M,M14945,299.0,309.0,1804,26.8,17,False,2024-01-01T08:30:00
RUN_00087,MACHINE_H,H29500,299.0,309.0,1436,43.9,20,False,2024-01-01T08:36:00
RUN_00088,MACHINE_L,L47267,299.0,309.0,1544,31.8,25,False,2024-01-01T08:42:00
RUN_00089,MACHINE_M,M14948,299.0,309.0,1419,45.2,27,False,2024-01-01T08:48:00
RUN_00090,MACHINE_M,M14949,298.9,308.9,1487,39.5,30,False,2024-01-01T08:54:00
RUN_00091,MACHINE_L,L47270,298.9,308.9,1753,25.8,33,False,2024-01-01T09:00:00
RUN_00092,MACHINE_L,L47271,298.9,308.9,1830,24.9,35,False,2024-01-01T09:06:00
RUN_00093,MACHINE_M,M14952,298.9,308.9,1727,27.1,37,False,2024-01-01T09:12:00
RUN_00094,MACHINE_L,L47273,299.1,309.0,1450,43.0,40,False,2024-01-01T09:18:00
RUN_00095,MACHINE_L,L47274,299.0,308.9,1622,31.9,42,False,2024-01-01T09:24:00
RUN_00096,MACHINE_M,M14955,299.0,309.0,1351,52.2,44,False,2024-01-01T09:30:00
RUN_00097,MACHINE_M,M14956,299.0,309.0,1575,35.3,47,False,2024-01-01T09:36:00
RUN_00098,MACHINE_M,M14957,298.9,308.9,1750,29.9,50,False,2024-01-01T09:42:00
RUN_00099,MACHINE_L,L47278,298.9,308.8,1529,32.7,53,False,2024-01-01T09:48:00
RUN_00100,MACHINE_L,L47279,298.8,308.8,1523,44.4,55,False,2024-01-01T09:54:00
RUN_00101,MACHINE_L,L47280,298.8,308.9,1852,25.0,57,False,2024-01-01T10:00:00
RUN_00102,MACHINE_L,L47281,298.8,308.8,1991,20.7,59,False,2024-01-01T10:06:00
RUN_00103,MACHINE_L,L47282,298.8,308.8,1555,40.6,61,False,2024-01-01T10:12:00
RUN_00104,MACHINE_M,M14963,298.8,308.8,1441,40.5,63,False,2024-01-01T10:18:00
RUN_00105,MACHINE_L,L47284,298.8,308.7,1450,43.4,66,False,2024-01-01T10:24:00
RUN_00106,MACHINE_L,L47285,298.8,308.7,1591,31.1,68,False,2024-01-01T10:30:00
RUN_00107,MACHINE_L,L47286,298.8,308.7,1445,48.5,70,False,2024-01-01T10:36:00
RUN_00108,MACHINE_M,M14967,298.8,308.8,1497,46.8,72,False,2024-01-01T10:42:00
RUN_00109,MACHINE_H,H29522,298.9,308.8,1621,32.7,75,False,2024-01-01T10:48:00
RUN_00110,MACHINE_L,L47289,298.9,308.7,1572,34.1,80,False,2024-01-01T10:54:00
RUN_00111,MACHINE_L,L47290,298.8,308.6,1872,22.5,82,False,2024-01-01T11:00:00
RUN_00112,MACHINE_H,H29525,298.7,308.6,1499,43.5,84,False,2024-01-01T11:06:00
RUN_00113,MACHINE_M,M14972,298.8,308.7,1498,39.5,89,False,2024-01-01T11:12:00
RUN_00114,MACHINE_M,M14973,298.8,308.6,1486,41.9,92,False,2024-01-01T11:18:00
RUN_00115,MACHINE_L,L47294,298.8,308.6,1680,29.4,95,False,2024-01-01T11:24:00
RUN_00116,MACHINE_L,L47295,298.8,308.6,1431,45.7,97,False,2024-01-01T11:30:00
RUN_00117,MACHINE_L,L47296,298.9,308.7,1564,34.1,99,False,2024-01-01T11:36:00
RUN_00118,MACHINE_L,L47297,298.8,308.6,1599,33.0,101,False,2024-01-01T11:42:00
RUN_00119,MACHINE_M,M14978,298.8,308.6,1707,28.1,103,False,2024-01-01T11:48:00
RUN_00120,MACHINE_L,L47299,298.7,308.5,1467,40.7,106,False,2024-01-01T11:54:00
RUN_00121,MACHINE_L,L47300,298.9,308.7,1433,44.7,108,False,2024-01-01T12:00:00
RUN_00122,MACHINE_L,L47301,298.9,308.7,1558,41.2,110,False,2024-01-01T12:06:00
RUN_00123,MACHINE_L,L47302,299.0,308.8,1310,50.7,112,False,2024-01-01T12:12:00
RUN_00124,MACHINE_L,L47303,298.9,308.7,1546,43.4,114,False,2024-01-01T12:18:00
RUN_00125,MACHINE_L,L47304,298.9,308.7,1727,29.4,116,False,2024-01-01T12:24:00
RUN_00126,MACHINE_L,L47305,298.9,308.6,1560,32.2,118,False,2024-01-01T12:30:00
RUN_00127,MACHINE_L,L47306,299.0,308.6,1329,60.5,120,False,2024-01-01T12:36:00
RUN_00128,MACHINE_L,L47307,298.9,308.6,1413,46.5,122,False,2024-01-01T12:42:00
RUN_00129,MACHINE_L,L47308,299.0,308.6,1587,38.6,124,False,2024-01-01T12:48:00
RUN_00130,MACHINE_L,L47309,298.9,308.5,1559,34.3,126,False,2024-01-01T12:54:00
RUN_00131,MACHINE_L,L47310,298.8,308.4,1473,41.1,128,False,2024-01-01T13:00:00
RUN_00132,MACHINE_L,L47311,298.8,308.4,1737,27.7,130,False,2024-01-01T13:06:00
RUN_00133,MACHINE_M,M14992,298.7,308.4,1441,43.2,132,False,2024-01-01T13:12:00
RUN_00134,MACHINE_M,M14993,298.7,308.4,1430,49.6,135,False,2024-01-01T13:18:00
RUN_00135,MACHINE_L,L47314,298.8,308.4,1369,53.0,138,False,2024-01-01T13:24:00
RUN_00136,MACHINE_M,M14995,298.8,308.5,1711,28.5,140,False,2024-01-01T13:30:00
RUN_00137,MACHINE_H,H29550,298.7,308.5,1420,45.7,143,False,2024-01-01T13:36:00
RUN_00138,MACHINE_L,L47317,298.7,308.6,1297,55.3,148,False,2024-01-01T13:42:00
RUN_00139,MACHINE_H,H29552,298.8,308.6,1449,49.4,150,False,2024-01-01T13:48:00
RUN_00140,MACHINE_L,L47319,298.8,308.6,1268,55.8,155,False,2024-01-01T13:54:00
RUN_00141,MACHINE_L,L47320,298.8,308.6,1511,36.1,157,False,2024-01-01T14:00:00
RUN_00142,MACHINE_L,L47321,298.7,308.5,1544,35.2,159,False,2024-01-01T14:06:00
RUN_00143,MACHINE_M,M15002,298.6,308.4,1778,28.2,161,False,2024-01-01T14:12:00
RUN_00144,MACHINE_H,H29557,298.6,308.4,1407,50.5,164,False,2024-01-01T14:18:00
RUN_00145,MACHINE_M,M15004,298.6,308.4,1391,42.4,169,False,2024-01-01T14:24:00
RUN_00146,MACHINE_L,L47325,298.5,308.4,1513,33.6,172,False,2024-01-01T14:30:00
RUN_00147,MACHINE_H,H29560,298.5,308.4,1612,36.1,174,False,2024-01-01T14:36:00
RUN_00148,MACHINE_L,L47327,298.4,308.4,1515,40.1,179,False,2024-01-01T14:42:00
RUN_00149,MACHINE_M,M15008,298.3,308.3,1379,48.0,181,False,2024-01-01T14:48:00
RUN_00150,MACHINE_L,L47329,298.4,308.3,1473,39.9,184,False,2024-01-01T14:54:00
RUN_00151,MACHINE_L,L47330,298.4,308.3,1422,42.7,186,False,2024-01-01T15:00:00
RUN_00152,MACHINE_M,M15011,298.4,308.2,1463,37.6,188,False,2024-01-01T15:06:00
RUN_00153,MACHINE_M,M15012,298.4,308.2,1584,41.0,191,False,2024-01-01T15:12:00
RUN_00154,MACHINE_L,L47333,298.4,308.2,1850,27.0,194,False,2024-01-01T15:18:00
RUN_00155,MACHINE_L,L47334,298.4,308.2,1528,36.2,196,False,2024-01-01T15:24:00
RUN_00156,MACHINE_H,H29569,298.4,308.2,1987,19.8,198,False,2024-01-01T15:30:00
RUN_00157,MACHINE_M,M15016,298.4,308.1,1495,46.0,203,False,2024-01-01T15:36:00
RUN_00158,MACHINE_H,H29571,298.4,308.2,1478,43.5,206,False,2024-01-01T15:42:00
RUN_00159,MACHINE_M,M15018,298.4,308.2,1499,40.0,211,False,2024-01-01T15:48:00
RUN_00160,MACHINE_L,L47339,298.4,308.2,1471,47.0,214,False,2024-01-01T15:54:00
RUN_00161,MACHINE_L,L47340,298.4,308.2,1282,60.7,216,True,2024-01-01T16:00:00
RUN_00162,MACHINE_L,L47341,298.3,308.1,1412,52.3,218,True,2024-01-01T16:06:00
RUN_00163,MACHINE_L,L47342,298.3,308.1,1586,35.5,0,False,2024-01-01T16:12:00
RUN_00164,MACHINE_M,M15023,298.4,308.2,1468,43.8,2,False,2024-01-01T16:18:00
RUN_00165,MACHINE_M,M15024,298.5,308.3,1440,43.6,5,False,2024-01-01T16:24:00
RUN_00166,MACHINE_L,L47345,298.5,308.4,1733,26.0,8,False,2024-01-01T16:30:00
RUN_00167,MACHINE_H,H29580,298.4,308.2,1612,32.6,10,False,2024-01-01T16:36:00
RUN_00168,MACHINE_H,H29581,298.4,308.3,1458,42.9,15,False,2024-01-01T16:42:00
RUN_00169,MACHINE_L,L47348,298.4,308.3,1433,62.3,20,True,2024-01-01T16:48:00
RUN_00170,MACHINE_L,L47349,298.4,308.3,1318,59.1,22,False,2024-01-01T16:54:00
RUN_00171,MACHINE_M,M15030,298.4,308.2,1610,35.0,24,False,2024-01-01T17:00:00
RUN_00172,MACHINE_L,L47351,298.2,308.1,1462,50.8,27,False,2024-01-01T17:06:00
RUN_00173,MACHINE_M,M15032,298.1,308.0,1924,20.8,29,False,2024-01-01T17:12:00
RUN_00174,MACHINE_M,M15033,298.2,308.0,1591,33.7,32,False,2024-01-01T17:18:00
RUN_00175,MACHINE_L,L47354,298.2,308.1,1306,58.3,35,False,2024-01-01T17:24:00
RUN_00176,MACHINE_L,L47355,298.2,308.1,1382,43.5,37,False,2024-01-01T17:30:00
RUN_00177,MACHINE_L,L47356,298.2,308.1,1618,34.7,39,False,2024-01-01T17:36:00
RUN_00178,MACHINE_L,L47357,298.2,308.2,1988,21.4,41,False,2024-01-01T17:42:00
RUN_00179,MACHINE_L,L47358,298.2,308.2,1436,50.2,43,False,2024-01-01T17:48:00
RUN_00180,MACHINE_L,L47359,298.2,308.3,1304,49.8,45,False,2024-01-01T17:54:00
RUN_00181,MACHINE_L,L47360,298.2,308.3,1475,49.9,47,False,2024-01-01T18:00:00
RUN_00182,MACHINE_H,H29595,298.2,308.3,1824,24.2,49,False,2024-01-01T18:06:00
RUN_00183,MACHINE_M,M15042,298.1,308.2,1342,48.1,54,False,2024-01-01T18:12:00
RUN_00184,MACHINE_L,L47363,298.1,308.2,1485,40.7,57,False,2024-01-01T18:18:00
RUN_00185,MACHINE_L,L47364,298.2,308.2,1667,30.6,59,False,2024-01-01T18:24:00
RUN_00186,MACHINE_L,L47365,298.2,308.2,1446,38.2,61,False,2024-01-01T18:30:00
RUN_00187,MACHINE_L,L47366,298.1,308.3,1301,56.0,63,False,2024-01-01T18:36:00
RUN_00188,MACHINE_L,L47367,298.2,308.4,1379,43.1,65,False,2024-01-01T18:42:00
RUN_00189,MACHINE_L,L47368,298.3,308.5,1606,33.6,67,False,2024-01-01T18:48:00
RUN_00190,MACHINE_M,M15049,298.3,308.4,1539,43.4,69,False,2024-01-01T18:54:00
RUN_00191,MACHINE_L,L47370,298.2,308.4,1477,49.9,72,False,2024-01-01T19:00:00
RUN_00192,MACHINE_L,L47371,298.2,308.4,1666,34.6,74,False,2024-01-01T19:06:00
RUN_00193,MACHINE_H,H29606,298.2,308.4,1398,51.8,76,False,2024-01-01T19:12:00
RUN_00194,MACHINE_H,H29607,298.2,308.4,1678,34.6,81,False,2024-01-01T19:18:00
RUN_00195,MACHINE_M,M15054,298.2,308.5,2678,10.7,86,True,2024-01-01T19:24:00
RUN_00196,MACHINE_L,L47375,298.3,308.5,1453,42.9,89,False,2024-01-01T19:30:00
RUN_00197,MACHINE_H,H29610,298.3,308.6,1432,49.5,91,False,2024-01-01T19:36:00
RUN_00198,MACHINE_M,M15057,298.4,308.6,1527,40.9,96,False,2024-01-01T19:42:00
RUN_00199,MACHINE_L,L47378,298.4,308.7,1588,35.0,99,False,2024-01-01T19:48:00
RUN_00200,MACHINE_L,L47379,298.4,308.6,1433,47.1,101,False,2024-01-01T19:54:00
RUN_00201,MACHINE_L,L47380,298.4,308.6,1609,35.0,103,False,2024-01-01T20:00:00
RUN_00202,MACHINE_L,L47381,298.3,308.5,1575,41.2,105,False,2024-01-01T20:06:00
RUN_00203,MACHINE_M,M15062,298.4,308.5,1636,35.7,107,False,2024-01-01T20:12:00
RUN_00204,MACHINE_L,L47383,298.4,308.5,1490,37.9,110,False,2024-01-01T20:18:00
RUN_00205,MACHINE_L,L47384,298.4,308.5,1741,32.8,112,False,2024-01-01T20:24:00
RUN_00206,MACHINE_M,M15065,298.5,308.6,1344,53.0,114,False,2024-01-01T20:30:00
RUN_00207,MACHINE_L,L47386,298.5,308.7,1609,35.3,117,False,2024-01-01T20:36:00
RUN_00208,MACHINE_M,M15067,298.4,308.7,1421,60.7,119,True,2024-01-01T20:42:00
RUN_00209,MACHINE_L,L47388,298.4,308.6,1591,36.7,122,False,2024-01-01T20:48:00
RUN_00210,MACHINE_L,L47389,298.4,308.6,1477,44.0,124,False,2024-01-01T20:54:00
RUN_00211,MACHINE_L,L47390,298.4,308.7,1523,36.1,126,False,2024-01-01T21:00:00
RUN_00212,MACHINE_L,L47391,298.5,308.7,1575,33.9,128,False,2024-01-01T21:06:00
RUN_00213,MACHINE_H,H29626,298.4,308.7,1344,52.9,130,False,2024-01-01T21:12:00
RUN_00214,MACHINE_L,L47393,298.4,308.7,1386,44.9,135,False,2024-01-01T21:18:00
RUN_00215,MACHINE_M,M15074,298.3,308.6,1589,37.1,137,False,2024-01-01T21:24:00
RUN_00216,MACHINE_L,L47395,298.3,308.6,1548,40.3,140,False,2024-01-01T21:30:00
RUN_00217,MACHINE_L,L47396,298.3,308.6,1499,38.3,142,False,2024-01-01T21:36:00
RUN_00218,MACHINE_L,L47397,298.3,308.5,1664,31.6,144,False,2024-01-01T21:42:00
RUN_00219,MACHINE_L,L47398,298.3,308.6,1447,38.1,146,False,2024-01-01T21:48:00
RUN_00220,MACHINE_M,M15079,298.3,308.5,1434,46.2,148,False,2024-01-01T21:54:00
RUN_00221,MACHINE_L,L47400,298.3,308.5,1416,52.7,151,False,2024-01-01T22:00:00
RUN_00222,MACHINE_H,H29635,298.4,308.5,1827,24.3,153,False,2024-01-01T22:06:00
RUN_00223,MACHINE_L,L47402,298.4,308.6,1304,45.0,158,False,2024-01-01T22:12:00
RUN_00224,MACHINE_L,L47403,298.4,308.6,1569,34.4,160,False,2024-01-01T22:18:00
RUN_00225,MACHINE_L,L47404,298.3,308.6,1584,29.3,162,False,2024-01-01T22:24:00
RUN_00226,MACHINE_L,L47405,298.3,308.5,1362,53.8,164,False,2024-01-01T22:30:00
RUN_00227,MACHINE_L,L47406,298.3,308.4,1329,49.2,166,False,2024-01-01T22:36:00
RUN_00228,MACHINE_L,L47407,298.3,308.5,1539,36.1,168,False,2024-01-01T22:42:00
RUN_00229,MACHINE_M,M15088,298.3,308.5,1629,37.1,170,False,2024-01-01T22:48:00
RUN_00230,MACHINE_L,L47409,298.3,308.5,1538,32.2,173,False,2024-01-01T22:54:00
RUN_00231,MACHINE_L,L47410,298.3,308.6,1570,34.8,175,False,2024-01-01T23:00:00
RUN_00232,MACHINE_L,L47411,298.3,308.4,1408,43.1,177,False,2024-01-01T23:06:00
RUN_00233,MACHINE_L,L47412,298.2,308.4,1424,47.6,179,False,2024-01-01T23:12:00
RUN_00234,MACHINE_L,L47413,298.2,308.4,1512,34.9,181,False,2024-01-01T23:18:00
RUN_00235,MACHINE_L,L47414,298.2,308.4,1478,42.9,183,False,2024-01-01T23:24:00
RUN_00236,MACHINE_M,M15095,298.1,308.3,1680,33.7,185,False,2024-01-01T23:30:00
RUN_00237,MACHINE_L,L47416,298.1,308.3,1495,38.7,188,False,2024-01-01T23:36:00
RUN_00238,MACHINE_M,M15097,298.0,308.1,1552,36.6,190,False,2024-01-01T23:42:00
RUN_00239,MACHINE_L,L47418,297.9,308.1,1393,50.3,193,False,2024-01-01T23:48:00
RUN_00240,MACHINE_L,L47419,298.0,308.2,1611,30.6,195,False,2024-01-01T23:54:00
RUN_00241,MACHINE_M,M15100,298.0,308.1,1339,51.6,197,False,2024-01-02T00:00:00
RUN_00242,MACHINE_L,L47421,298.0,308.1,1777,24.3,200,False,2024-01-02T00:06:00
RUN_00243,MACHINE_L,L47422,298.0,308.2,1348,58.8,202,True,2024-01-02T00:12:00
RUN_00244,MACHINE_L,L47423,298.0,308.2,1442,44.1,204,False,2024-01-02T00:18:00
RUN_00245,MACHINE_M,M15104,298.0,308.2,1395,49.1,206,False,2024-01-02T00:24:00
RUN_00246,MACHINE_M,M15105,297.9,308.1,1627,31.4,209,False,2024-01-02T00:30:00
RUN_00247,MACHINE_L,L47426,297.9,308.1,1585,33.5,212,False,2024-01-02T00:36:00
RUN_00248,MACHINE_L,L47427,298.0,308.2,1469,45.5,214,False,2024-01-02T00:42:00
RUN_00249,MACHINE_L,L47428,298.0,308.3,1362,56.8,216,True,2024-01-02T00:48:00
RUN_00250,MACHINE_L,L47429,298.0,308.3,1405,56.2,218,True,2024-01-02T00:54:00
RUN_00251,MACHINE_L,L47430,298.0,308.3,1662,32.7,0,False,2024-01-02T01:00:00
RUN_00252,MACHINE_M,M15111,298.0,308.2,1466,42.6,2,False,2024-01-02T01:06:00
RUN_00253,MACHINE_L,L47432,298.0,308.2,1620,35.8,5,False,2024-01-02T01:12:00
RUN_00254,MACHINE_L,L47433,298.0,308.2,1357,48.2,7,False,2024-01-02T01:18:00
RUN_00255,MACHINE_L,L47434,298.0,308.2,1514,37.9,9,False,2024-01-02T01:24:00
RUN_00256,MACHINE_L,L47435,298.0,308.2,1489,40.4,11,False,2024-01-02T01:30:00
RUN_00257,MACHINE_L,L47436,298.1,308.3,1331,63.0,13,False,2024-01-02T01:36:00
RUN_00258,MACHINE_L,L47437,298.0,308.0,1615,29.5,15,False,2024-01-02T01:42:00
RUN_00259,MACHINE_L,L47438,298.1,308.2,1482,37.9,17,False,2024-01-02T01:48:00
RUN_00260,MACHINE_M,M15119,298.1,308.2,1420,63.9,19,True,2024-01-02T01:54:00
RUN_00261,MACHINE_M,M15120,298.2,308.3,1522,49.1,22,False,2024-01-02T02:00:00
RUN_00262,MACHINE_L,L47441,298.1,308.2,1654,32.1,25,False,2024-01-02T02:06:00
RUN_00263,MACHINE_M,M15122,298.1,308.2,1736,26.8,27,False,2024-01-02T02:12:00
RUN_00264,MACHINE_M,M15123,298.0,308.1,1587,32.3,30,False,2024-01-02T02:18:00
RUN_00265,MACHINE_L,L47444,298.1,308.2,1390,47.5,33,False,2024-01-02T02:24:00
RUN_00266,MACHINE_L,L47445,298.0,308.1,1454,37.1,35,False,2024-01-02T02:30:00
RUN_00267,MACHINE_H,H29680,298.0,308.1,1440,43.7,37,False,2024-01-02T02:36:00
RUN_00268,MACHINE_L,L47447,297.9,308.0,1954,21.1,42,False,2024-01-02T02:42:00
RUN_00269,MACHINE_H,H29682,297.9,308.0,1800,24.8,44,False,2024-01-02T02:48:00
RUN_00270,MACHINE_L,L47449,298.0,308.0,1524,37.0,49,False,2024-01-02T02:54:00
RUN_00271,MACHINE_H,H29684,298.0,308.0,1520,39.6,51,False,2024-01-02T03:00:00
RUN_00272,MACHINE_M,M15131,298.1,308.1,1452,40.8,56,False,2024-01-02T03:06:00
RUN_00273,MACHINE_L,L47452,298.1,308.1,1484,40.4,59,False,2024-01-02T03:12:00
RUN_00274,MACHINE_L,L47453,298.1,308.0,1426,46.0,61,False,2024-01-02T03:18:00
RUN_00275,MACHINE_L,L47454,298.1,308.0,1652,28.5,63,False,2024-01-02T03:24:00
RUN_00276,MACHINE_L,L47455,298.0,308.0,1401,54.7,65,False,2024-01-02T03:30:00
RUN_00277,MACHINE_M,M15136,298.0,307.9,1750,26.6,67,False,2024-01-02T03:36:00
RUN_00278,MACHINE_H,H29691,298.0,308.0,1479,50.7,70,False,2024-01-02T03:42:00
RUN_00279,MACHINE_M,M15138,298.0,308.0,1620,29.4,75,False,2024-01-02T03:48:00
RUN_00280,MACHINE_L,L47459,298.0,308.1,1819,23.4,78,False,2024-01-02T03:54:00
RUN_00281,MACHINE_M,M15140,298.1,308.1,1456,43.7,80,False,2024-01-02T04:00:00
RUN_00282,MACHINE_L,L47461,298.1,308.0,1626,36.5,83,False,2024-01-02T04:06:00
RUN_00283,MACHINE_M,M15142,298.1,308.1,1390,49.8,85,False,2024-01-02T04:12:00
RUN_00284,MACHINE_L,L47463,298.2,308.2,1469,43.0,88,False,2024-01-02T04:18:00
RUN_00285,MACHINE_L,L47464,298.2,308.3,2051,19.2,90,False,2024-01-02T04:24:00
RUN_00286,MACHINE_L,L47465,298.2,308.3,1568,36.0,92,False,2024-01-02T04:30:00
RUN_00287,MACHINE_L,L47466,298.2,308.3,1589,33.2,94,False,2024-01-02T04:36:00
RUN_00288,MACHINE_L,L47467,298.2,308.3,1805,31.6,96,False,2024-01-02T04:42:00
RUN_00289,MACHINE_H,H29702,298.2,308.4,1385,42.2,98,False,2024-01-02T04:48:00
RUN_00290,MACHINE_L,L47469,298.1,308.4,1436,46.7,103,False,2024-01-02T04:54:00
RUN_00291,MACHINE_L,L47470,298.1,308.4,1438,45.6,105,False,2024-01-02T05:00:00
RUN_00292,MACHINE_L,L47471,298.0,308.3,1473,42.6,107,False,2024-01-02T05:06:00
RUN_00293,MACHINE_L,L47472,298.1,308.4,1335,40.2,109,False,2024-01-02T05:12:00
RUN_00294,MACHINE_H,H29707,298.1,308.5,1392,44.8,111,False,2024-01-02T05:18:00
RUN_00295,MACHINE_M,M15154,298.1,308.5,1372,51.1,116,False,2024-01-02T05:24:00
RUN_00296,MACHINE_M,M15155,298.1,308.6,1716,30.7,119,False,2024-01-02T05:30:00
RUN_00297,MACHINE_L,L47476,298.0,308.5,1395,46.2,122,False,2024-01-02T05:36:00
RUN_00298,MACHINE_L,L47477,298.0,308.5,1713,25.3,124,False,2024-01-02T05:42:00
RUN_00299,MACHINE_H,H29712,297.9,308.5,2129,18.7,126,False,2024-01-02T05:48:00
RUN_00300,MACHINE_M,M15159,297.8,308.3,1567,35.6,131,False,2024-01-02T05:54:00
RUN_00301,MACHINE_L,L47480,297.8,308.4,1622,38.3,134,False,2024-01-02T06:00:00
RUN_00302,MACHINE_L,L47481,297.7,308.4,1740,27.1,136,False,2024-01-02T06:06:00
RUN_00303,MACHINE_H,H29716,297.8,308.4,1512,35.1,138,False,2024-01-02T06:12:00
RUN_00304,MACHINE_M,M15163,297.8,308.4,1479,43.5,143,False,2024-01-02T06:18:00
RUN_00305,MACHINE_L,L47484,297.8,308.4,1737,27.5,146,False,2024-01-02T06:24:00
RUN_00306,MACHINE_L,L47485,297.8,308.4,2129,19.2,148,False,2024-01-02T06:30:00
RUN_00307,MACHINE_L,L47486,297.8,308.4,1374,47.1,150,False,2024-01-02T06:36:00
RUN_00308,MACHINE_M,M15167,297.8,308.4,1579,36.6,152,False,2024-01-02T06:42:00
RUN_00309,MACHINE_L,L47488,297.9,308.5,1305,47.2,155,False,2024-01-02T06:48:00
RUN_00310,MACHINE_M,M15169,297.9,308.5,1449,40.8,157,False,2024-01-02T06:54:00
RUN_00311,MACHINE_H,H29724,298.0,308.6,1526,41.8,160,False,2024-01-02T07:00:00
RUN_00312,MACHINE_M,M15171,298.0,308.6,1453,44.1,165,False,2024-01-02T07:06:00
RUN_00313,MACHINE_L,L47492,297.9,308.6,1468,36.0,168,False,2024-01-02T07:12:00
RUN_00314,MACHINE_L,L47493,298.0,308.6,1313,50.8,170,False,2024-01-02T07:18:00
RUN_00315,MACHINE_M,M15174,297.9,308.5,1300,53.0,172,False,2024-01-02T07:24:00
RUN_00316,MACHINE_L,L47495,297.9,308.4,1646,40.6,175,False,2024-01-02T07:30:00
RUN_00317,MACHINE_L,L47496,297.8,308.4,1714,33.2,177,False,2024-01-02T07:36:00
RUN_00318,MACHINE_L,L47497,297.8,308.4,1685,28.4,179,False,2024-01-02T07:42:00
RUN_00319,MACHINE_L,L47498,297.8,308.4,1512,39.9,181,False,2024-01-02T07:48:00
RUN_00320,MACHINE_L,L47499,297.8,308.4,1612,32.1,183,False,2024-01-02T07:54:00
RUN_00321,MACHINE_H,H29734,297.8,308.4,1550,38.2,185,False,2024-01-02T08:00:00
RUN_00322,MACHINE_L,L47501,297.8,308.4,1518,32.5,190,False,2024-01-02T08:06:00
RUN_00323,MACHINE_L,L47502,297.8,308.5,1448,40.0,192,False,2024-01-02T08:12:00
RUN_00324,MACHINE_L,L47503,297.8,308.5,1561,46.3,194,False,2024-01-02T08:18:00
RUN_00325,MACHINE_M,M15184,297.8,308.5,1488,41.9,196,False,2024-01-02T08:24:00
RUN_00326,MACHINE_L,L47505,297.8,308.5,1699,27.8,199,False,2024-01-02T08:30:00
RUN_00327,MACHINE_L,L47506,297.7,308.5,1501,41.4,201,False,2024-01-02T08:36:00
RUN_00328,MACHINE_L,L47507,297.7,308.5,1373,56.7,203,True,2024-01-02T08:42:00
RUN_00329,MACHINE_H,H29742,297.6,308.4,1703,31.4,205,False,2024-01-02T08:48:00
RUN_00330,MACHINE_H,H29743,297.7,308.5,1720,29.9,210,False,2024-01-02T08:54:00
RUN_00331,MACHINE_M,M15190,297.6,308.4,1398,41.9,215,False,2024-01-02T09:00:00
RUN_00332,MACHINE_M,M15191,297.6,308.4,1391,51.9,218,False,2024-01-02T09:06:00
RUN_00333,MACHINE_M,M15192,297.6,308.3,1538,40.2,0,False,2024-01-02T09:12:00
RUN_00334,MACHINE_L,L47513,297.5,308.2,1647,31.3,3,False,2024-01-02T09:18:00
RUN_00335,MACHINE_M,M15194,297.5,308.1,1469,44.8,5,False,2024-01-02T09:24:00
RUN_00336,MACHINE_L,L47515,297.4,308.1,1749,25.9,8,False,2024-01-02T09:30:00
RUN_00337,MACHINE_M,M15196,297.6,308.2,1995,20.5,10,False,2024-01-02T09:36:00
RUN_00338,MACHINE_L,L47517,297.6,308.3,1742,27.7,13,False,2024-01-02T09:42:00
RUN_00339,MACHINE_L,L47518,297.5,308.2,1563,38.2,15,False,2024-01-02T09:48:00
RUN_00340,MACHINE_M,M15199,297.5,308.2,1713,32.2,17,False,2024-01-02T09:54:00
RUN_00341,MACHINE_L,L47520,297.4,308.1,1474,39.4,20,False,2024-01-02T10:00:00
RUN_00342,MACHINE_M,M15201,297.4,308.2,1530,32.6,22,False,2024-01-02T10:06:00
RUN_00343,MACHINE_L,L47522,297.4,308.2,1471,46.5,25,False,2024-01-02T10:12:00
RUN_00344,MACHINE_L,L47523,297.5,308.3,1388,48.6,27,False,2024-01-02T10:18:00
RUN_00345,MACHINE_M,M15204,297.5,308.2,2448,13.8,29,False,2024-01-02T10:24:00
RUN_00346,MACHINE_L,L47525,297.5,308.3,1585,32.9,32,False,2024-01-02T10:30:00
RUN_00347,MACHINE_M,M15206,297.5,308.3,1459,45.2,34,False,2024-01-02T10:36:00
RUN_00348,MACHINE_L,L47527,297.5,308.3,1544,40.8,37,False,2024-01-02T10:42:00
RUN_00349,MACHINE_L,L47528,297.6,308.3,1617,31.7,39,False,2024-01-02T10:48:00
RUN_00350,MACHINE_L,L47529,297.6,308.3,1595,34.3,41,False,2024-01-02T10:54:00
RUN_00351,MACHINE_H,H29764,297.6,308.3,1400,44.3,43,False,2024-01-02T11:00:00
RUN_00352,MACHINE_M,M15211,297.6,308.4,1611,31.0,48,False,2024-01-02T11:06:00
RUN_00353,MACHINE_M,M15212,297.6,308.4,1507,46.0,51,False,2024-01-02T11:12:00
RUN_00354,MACHINE_H,H29767,297.5,308.3,1674,30.0,54,False,2024-01-02T11:18:00
RUN_00355,MACHINE_L,L47534,297.6,308.3,1658,34.3,59,False,2024-01-02T11:24:00
RUN_00356,MACHINE_L,L47535,297.6,308.3,1623,36.9,61,False,2024-01-02T11:30:00
RUN_00357,MACHINE_M,M15216,297.6,308.4,1398,48.9,63,False,2024-01-02T11:36:00
RUN_00358,MACHINE_L,L47537,297.6,308.4,1517,34.2,66,False,2024-01-02T11:42:00
RUN_00359,MACHINE_M,M15218,297.6,308.3,1467,36.7,68,False,2024-01-02T11:48:00
RUN_00360,MACHINE_M,M15219,297.6,308.3,1567,34.6,71,False,2024-01-02T11:54:00
RUN_00361,MACHINE_M,M15220,297.5,308.3,1521,38.2,74,False,2024-01-02T12:00:00
RUN_00362,MACHINE_L,L47541,297.5,308.3,1596,36.8,77,False,2024-01-02T12:06:00
RUN_00363,MACHINE_H,H29776,297.6,308.3,1640,30.9,79,False,2024-01-02T12:12:00
RUN_00364,MACHINE_L,L47543,297.6,308.3,1438,47.8,84,False,2024-01-02T12:18:00
RUN_00365,MACHINE_L,L47544,297.6,308.4,1407,55.2,86,False,2024-01-02T12:24:00
RUN_00366,MACHINE_L,L47545,297.6,308.4,1353,57.5,88,False,2024-01-02T12:30:00
RUN_00367,MACHINE_M,M15226,297.6,308.5,1552,40.9,90,False,2024-01-02T12:36:00
RUN_00368,MACHINE_M,M15227,297.6,308.4,1569,38.3,93,False,2024-01-02T12:42:00
RUN_00369,MACHINE_L,L47548,297.5,308.4,1489,39.5,96,False,2024-01-02T12:48:00
RUN_00370,MACHINE_H,H29783,297.5,308.4,1587,36.1,98,False,2024-01-02T12:54:00
RUN_00371,MACHINE_M,M15230,297.5,308.3,1622,37.2,103,False,2024-01-02T13:00:00
RUN_00372,MACHINE_L,L47551,297.5,308.4,1604,38.1,106,False,2024-01-02T13:06:00
RUN_00373,MACHINE_M,M15232,297.4,308.3,1405,51.7,108,False,2024-01-02T13:12:00
RUN_00374,MACHINE_L,L47553,297.4,308.3,1412,42.0,111,False,2024-01-02T13:18:00
RUN_00375,MACHINE_L,L47554,297.4,308.3,1431,43.0,113,False,2024-01-02T13:24:00
RUN_00376,MACHINE_L,L47555,297.4,308.2,1533,37.4,115,False,2024-01-02T13:30:00
RUN_00377,MACHINE_M,M15236,297.4,308.2,1401,51.9,117,False,2024-01-02T13:36:00
RUN_00378,MACHINE_M,M15237,297.4,308.2,1424,53.9,120,False,2024-01-02T13:42:00
RUN_00379,MACHINE_L,L47558,297.3,308.2,1754,29.4,123,False,2024-01-02T13:48:00
RUN_00380,MACHINE_L,L47559,297.3,308.2,1754,26.8,125,False,2024-01-02T13:54:00
RUN_00381,MACHINE_L,L47560,297.5,308.3,2564,12.8,127,True,2024-01-02T14:00:00
RUN_00382,MACHINE_L,L47561,297.5,308.5,1546,40.4,129,False,2024-01-02T14:06:00
RUN_00383,MACHINE_L,L47562,297.5,308.5,1335,48.0,131,False,2024-01-02T14:12:00
RUN_00384,MACHINE_M,M15243,297.5,308.6,1842,27.0,133,False,2024-01-02T14:18:00
RUN_00385,MACHINE_L,L47564,297.5,308.5,1712,26.8,136,False,2024-01-02T14:24:00
RUN_00386,MACHINE_M,M15245,297.6,308.6,1414,45.4,138,False,2024-01-02T14:30:00
RUN_00387,MACHINE_L,L47566,297.6,308.7,1319,50.9,141,False,2024-01-02T14:36:00
RUN_00388,MACHINE_L,L47567,297.7,308.7,1249,60.4,143,False,2024-01-02T14:42:00
RUN_00389,MACHINE_L,L47568,297.6,308.7,1455,48.2,145,False,2024-01-02T14:48:00
RUN_00390,MACHINE_M,M15249,297.6,308.7,1408,54.8,147,False,2024-01-02T14:54:00
RUN_00391,MACHINE_L,L47570,297.6,308.7,1460,46.7,150,False,2024-01-02T15:00:00
RUN_00392,MACHINE_L,L47571,297.6,308.6,1491,38.1,152,False,2024-01-02T15:06:00
RUN_00393,MACHINE_M,M15252,297.6,308.5,1490,43.4,154,False,2024-01-02T15:12:00
RUN_00394,MACHINE_M,M15253,297.5,308.4,1350,52.2,157,False,2024-01-02T15:18:00
RUN_00395,MACHINE_L,L47574,297.5,308.4,1528,39.9,160,False,2024-01-02T15:24:00
RUN_00396,MACHINE_L,L47575,297.4,308.3,1571,37.7,162,False,2024-01-02T15:30:00
RUN_00397,MACHINE_L,L47576,297.4,308.3,1490,42.6,164,False,2024-01-02T15:36:00
RUN_00398,MACHINE_M,M15257,297.4,308.3,1774,28.9,166,False,2024-01-02T15:42:00
RUN_00399,MACHINE_H,H29812,297.4,308.3,1502,43.6,169,False,2024-01-02T15:48:00
RUN_00400,MACHINE_L,L47579,297.4,308.4,1392,49.7,174,False,2024-01-02T15:54:00
RUN_00401,MACHINE_L,L47580,297.4,308.5,2100,16.9,176,False,2024-01-02T16:00:00
RUN_00402,MACHINE_L,L47581,297.5,308.5,1722,30.4,178,False,2024-01-02T16:06:00
RUN_00403,MACHINE_L,L47582,297.4,308.6,1678,32.3,180,False,2024-01-02T16:12:00
RUN_00404,MACHINE_L,L47583,297.3,308.6,1273,59.8,182,False,2024-01-02T16:18:00
RUN_00405,MACHINE_L,L47584,297.3,308.6,1297,45.9,184,False,2024-01-02T16:24:00
RUN_00406,MACHINE_L,L47585,297.3,308.5,1350,57.6,186,False,2024-01-02T16:30:00
RUN_00407,MACHINE_L,L47586,297.4,308.6,1439,51.9,188,False,2024-01-02T16:36:00
RUN_00408,MACHINE_M,M15267,297.4,308.5,1600,42.1,190,False,2024-01-02T16:42:00
RUN_00409,MACHINE_M,M15268,297.4,308.6,1434,44.4,193,False,2024-01-02T16:48:00
RUN_00410,MACHINE_L,L47589,297.4,308.6,1459,41.3,196,False,2024-01-02T16:54:00
RUN_00411,MACHINE_M,M15270,297.5,308.6,1472,44.9,198,False,2024-01-02T17:00:00
RUN_00412,MACHINE_L,L47591,297.5,308.7,1429,44.3,201,False,2024-01-02T17:06:00
RUN_00413,MACHINE_L,L47592,297.5,308.6,1388,48.2,203,False,2024-01-02T17:12:00
RUN_00414,MACHINE_L,L47593,297.4,308.4,1573,34.5,205,False,2024-01-02T17:18:00
RUN_00415,MACHINE_L,L47594,297.4,308.4,1588,32.5,207,False,2024-01-02T17:24:00
RUN_00416,MACHINE_L,L47595,297.5,308.4,1511,42.8,209,False,2024-01-02T17:30:00
RUN_00417,MACHINE_L,L47596,297.4,308.5,1495,37.8,211,False,2024-01-02T17:36:00
RUN_00418,MACHINE_L,L47597,297.4,308.4,1394,50.1,213,False,2024-01-02T17:42:00
RUN_00419,MACHINE_L,L47598,297.4,308.4,2151,17.7,0,False,2024-01-02T17:48:00
RUN_00420,MACHINE_M,M15279,297.3,308.3,1501,38.2,2,False,2024-01-02T17:54:00
RUN_00421,MACHINE_M,M15280,297.3,308.3,1301,39.6,5,False,2024-01-02T18:00:00
RUN_00422,MACHINE_M,M15281,297.3,308.3,1657,31.1,8,False,2024-01-02T18:06:00
RUN_00423,MACHINE_L,L47602,297.3,308.3,1333,55.2,11,False,2024-01-02T18:12:00
RUN_00424,MACHINE_L,L47603,297.3,308.3,1484,43.9,13,False,2024-01-02T18:18:00
RUN_00425,MACHINE_L,L47604,297.3,308.4,1430,45.7,15,False,2024-01-02T18:24:00
RUN_00426,MACHINE_M,M15285,297.3,308.4,1665,28.9,17,False,2024-01-02T18:30:00
RUN_00427,MACHINE_L,L47606,297.4,308.5,1501,44.9,20,False,2024-01-02T18:36:00
RUN_00428,MACHINE_M,M15287,297.5,308.5,1496,42.2,22,False,2024-01-02T18:42:00
RUN_00429,MACHINE_M,M15288,297.6,308.6,1595,36.9,25,False,2024-01-02T18:48:00
RUN_00430,MACHINE_L,L47609,297.5,308.6,1208,62.3,28,False,2024-01-02T18:54:00
RUN_00431,MACHINE_L,L47610,297.5,308.6,1596,37.1,30,False,2024-01-02T19:00:00
RUN_00432,MACHINE_L,L47611,297.5,308.5,1446,41.9,32,False,2024-01-02T19:06:00
RUN_00433,MACHINE_M,M15292,297.6,308.5,1466,39.7,34,False,2024-01-02T19:12:00
RUN_00434,MACHINE_M,M15293,297.6,308.5,1848,23.7,37,False,2024-01-02T19:18:00
RUN_00435,MACHINE_M,M15294,297.5,308.5,1484,44.7,40,False,2024-01-02T19:24:00
RUN_00436,MACHINE_L,L47615,297.4,308.3,1493,41.2,43,False,2024-01-02T19:30:00
RUN_00437,MACHINE_L,L47616,297.3,308.3,1504,36.3,45,False,2024-01-02T19:36:00
RUN_00438,MACHINE_L,L47617,297.3,308.3,1538,38.5,47,False,2024-01-02T19:42:00
RUN_00439,MACHINE_L,L47618,297.4,308.4,1341,52.2,49,False,2024-01-02T19:48:00
RUN_00440,MACHINE_M,M15299,297.4,308.3,1535,34.6,51,False,2024-01-02T19:54:00
RUN_00441,MACHINE_L,L47620,297.4,308.5,1389,39.2,54,False,2024-01-02T20:00:00
RUN_00442,MACHINE_H,H29855,297.5,308.5,1393,46.6,56,False,2024-01-02T20:06:00
RUN_00443,MACHINE_L,L47622,297.4,308.5,1399,61.5,61,True,2024-01-02T20:12:00
RUN_00444,MACHINE_H,H29857,297.4,308.5,1469,45.1,63,False,2024-01-02T20:18:00
RUN_00445,MACHINE_L,L47624,297.4,308.4,1582,37.2,68,False,2024-01-02T20:24:00
RUN_00446,MACHINE_L,L47625,297.5,308.6,1793,26.7,70,False,2024-01-02T20:30:00
RUN_00447,MACHINE_L,L47626,297.5,308.6,1452,39.0,72,False,2024-01-02T20:36:00
RUN_00448,MACHINE_M,M15307,297.6,308.7,1376,59.9,74,False,2024-01-02T20:42:00
RUN_00449,MACHINE_L,L47628,297.5,308.6,1552,44.9,77,False,2024-01-02T20:48:00
RUN_00450,MACHINE_L,L47629,297.6,308.7,1622,37.9,79,False,2024-01-02T20:54:00
RUN_00451,MACHINE_M,M15310,297.6,308.7,1419,41.7,81,False,2024-01-02T21:00:00
RUN_00452,MACHINE_H,H29865,297.5,308.6,1440,46.1,84,False,2024-01-02T21:06:00
RUN_00453,MACHINE_M,M15312,297.4,308.6,1643,31.0,89,False,2024-01-02T21:12:00
RUN_00454,MACHINE_L,L47633,297.4,308.7,1510,36.2,92,False,2024-01-02T21:18:00
RUN_00455,MACHINE_L,L47634,297.4,308.7,1468,46.6,94,False,2024-01-02T21:24:00
RUN_00456,MACHINE_L,L47635,297.4,308.7,1429,57.4,96,False,2024-01-02T21:30:00
RUN_00457,MACHINE_H,H29870,297.3,308.7,1478,47.6,98,False,2024-01-02T21:36:00
RUN_00458,MACHINE_L,L47637,297.4,308.6,1276,53.6,103,False,2024-01-02T21:42:00
RUN_00459,MACHINE_L,L47638,297.3,308.6,1486,42.6,105,False,2024-01-02T21:48:00
RUN_00460,MACHINE_L,L47639,297.4,308.6,1476,42.3,107,False,2024-01-02T21:54:00
RUN_00461,MACHINE_H,H29874,297.3,308.6,1431,42.0,109,False,2024-01-02T22:00:00
RUN_00462,MACHINE_L,L47641,297.4,308.7,1402,40.2,114,False,2024-01-02T22:06:00
RUN_00463,MACHINE_L,L47642,297.4,308.7,1433,43.4,116,False,2024-01-02T22:12:00
RUN_00464,MACHINE_L,L47643,297.4,308.7,2874,4.2,118,True,2024-01-02T22:18:00
RUN_00465,MACHINE_L,L47644,297.3,308.6,1511,35.7,120,False,2024-01-02T22:24:00
RUN_00466,MACHINE_M,M15325,297.3,308.6,1456,42.9,122,False,2024-01-02T22:30:00
RUN_00467,MACHINE_L,L47646,297.2,308.5,1550,41.5,125,False,2024-01-02T22:36:00
RUN_00468,MACHINE_L,L47647,297.2,308.5,2182,16.5,127,False,2024-01-02T22:42:00
RUN_00469,MACHINE_L,L47648,297.3,308.7,1619,31.6,129,False,2024-01-02T22:48:00
RUN_00470,MACHINE_M,M15329,297.3,308.8,1586,32.7,131,False,2024-01-02T22:54:00
RUN_00471,MACHINE_H,H29884,297.3,308.8,1499,44.2,134,False,2024-01-02T23:00:00
RUN_00472,MACHINE_H,H29885,297.3,308.8,1419,42.4,139,False,2024-01-02T23:06:00
RUN_00473,MACHINE_M,M15332,297.4,309.0,1497,41.8,144,False,2024-01-02T23:12:00
RUN_00474,MACHINE_M,M15333,297.4,309.0,1520,37.0,147,False,2024-01-02T23:18:00
RUN_00475,MACHINE_L,L47654,297.4,309.1,1478,49.8,150,False,2024-01-02T23:24:00
RUN_00476,MACHINE_L,L47655,297.4,309.1,1380,41.1,152,False,2024-01-02T23:30:00
RUN_00477,MACHINE_L,L47656,297.4,309.0,1570,37.9,154,False,2024-01-02T23:36:00
RUN_00478,MACHINE_H,H29891,297.4,309.0,1468,41.4,156,False,2024-01-02T23:42:00
RUN_00479,MACHINE_L,L47658,297.4,309.0,1833,22.6,161,False,2024-01-02T23:48:00
RUN_00480,MACHINE_M,M15339,297.4,308.9,1323,57.3,163,False,2024-01-02T23:54:00
RUN_00481,MACHINE_L,L47660,297.4,309.0,1583,32.0,166,False,2024-01-03T00:00:00
RUN_00482,MACHINE_M,M15341,297.3,309.0,1556,39.5,168,False,2024-01-03T00:06:00
RUN_00483,MACHINE_L,L47662,297.3,309.0,1548,37.4,171,False,2024-01-03T00:12:00
RUN_00484,MACHINE_L,L47663,297.4,309.0,1324,56.9,173,False,2024-01-03T00:18:00
RUN_00485,MACHINE_L,L47664,297.4,309.0,1568,33.7,175,False,2024-01-03T00:24:00
RUN_00486,MACHINE_M,M15345,297.4,309.0,1685,30.7,177,False,2024-01-03T00:30:00
RUN_00487,MACHINE_M,M15346,297.4,309.1,1582,35.9,180,False,2024-01-03T00:36:00
RUN_00488,MACHINE_M,M15347,297.4,309.1,1463,35.0,183,False,2024-01-03T00:42:00
RUN_00489,MACHINE_L,L47668,297.4,309.2,1584,42.8,186,False,2024-01-03T00:48:00
RUN_00490,MACHINE_M,M15349,297.5,309.2,1347,55.8,188,False,2024-01-03T00:54:00
RUN_00491,MACHINE_L,L47670,297.4,309.2,1459,37.9,191,False,2024-01-03T01:00:00
RUN_00492,MACHINE_L,L47671,297.4,309.2,1420,45.6,193,False,2024-01-03T01:06:00
RUN_00493,MACHINE_L,L47672,297.5,309.3,1404,43.5,195,False,2024-01-03T01:12:00
RUN_00494,MACHINE_L,L47673,297.5,309.3,1470,38.8,197,False,2024-01-03T01:18:00
RUN_00495,MACHINE_L,L47674,297.6,309.4,1326,49.8,199,False,2024-01-03T01:24:00
RUN_00496,MACHINE_H,H29909,297.5,309.3,1459,49.7,201,False,2024-01-03T01:30:00
RUN_00497,MACHINE_M,M15356,297.5,309.2,1530,40.0,206,False,2024-01-03T01:36:00
RUN_00498,MACHINE_L,L47677,297.4,309.0,1505,39.2,209,False,2024-01-03T01:42:00
RUN_00499,MACHINE_L,L47678,297.5,309.1,1611,30.2,211,False,2024-01-03T01:48:00
RUN_00500,MACHINE_L,L47679,297.5,309.1,1515,35.1,213,False,2024-01-03T01:54:00
RUN_00501,MACHINE_M,M15360,297.5,309.2,1804,27.4,215,False,2024-01-03T02:00:00
RUN_00502,MACHINE_M,M15361,297.6,309.3,1464,46.2,218,False,2024-01-03T02:06:00
RUN_00503,MACHINE_L,L47682,297.6,309.2,1390,43.3,221,False,2024-01-03T02:12:00
RUN_00504,MACHINE_M,M15363,297.6,309.2,1442,48.1,0,False,2024-01-03T02:18:00
RUN_00505,MACHINE_M,M15364,297.6,309.3,1529,41.9,3,False,2024-01-03T02:24:00
RUN_00506,MACHINE_L,L47685,297.6,309.3,1610,35.0,6,False,2024-01-03T02:30:00
RUN_00507,MACHINE_L,L47686,297.6,309.3,1543,34.3,8,False,2024-01-03T02:36:00
RUN_00508,MACHINE_H,H29921,297.8,309.4,1445,48.2,10,False,2024-01-03T02:42:00
RUN_00509,MACHINE_L,L47688,297.7,309.3,1893,24.6,15,False,2024-01-03T02:48:00
RUN_00510,MACHINE_M,M15369,297.6,309.3,1415,41.3,17,False,2024-01-03T02:54:00
RUN_00511,MACHINE_L,L47690,297.5,309.3,1564,37.5,20,False,2024-01-03T03:00:00
RUN_00512,MACHINE_L,L47691,297.5,309.3,1479,39.4,22,False,2024-01-03T03:06:00
RUN_00513,MACHINE_L,L47692,297.5,309.2,1426,44.8,24,False,2024-01-03T03:12:00
RUN_00514,MACHINE_L,L47693,297.4,309.2,1428,38.8,26,False,2024-01-03T03:18:00
RUN_00515,MACHINE_L,L47694,297.4,309.2,1620,33.2,28,False,2024-01-03T03:24:00
RUN_00516,MACHINE_L,L47695,297.5,309.2,1715,28.0,30,False,2024-01-03T03:30:00
RUN_00517,MACHINE_L,L47696,297.5,309.3,1732,29.9,32,False,2024-01-03T03:36:00
RUN_00518,MACHINE_M,M15377,297.5,309.4,1391,58.2,34,False,2024-01-03T03:42:00
RUN_00519,MACHINE_L,L47698,297.6,309.5,1924,20.6,37,False,2024-01-03T03:48:00
RUN_00520,MACHINE_M,M15379,297.7,309.5,2027,19.8,39,False,2024-01-03T03:54:00
RUN_00521,MACHINE_L,L47700,297.6,309.5,1617,36.2,42,False,2024-01-03T04:00:00
RUN_00522,MACHINE_L,L47701,297.5,309.4,1497,35.8,44,False,2024-01-03T04:06:00
RUN_00523,MACHINE_M,M15382,297.5,309.5,1448,43.7,46,False,2024-01-03T04:12:00
RUN_00524,MACHINE_L,L47703,297.4,309.4,1401,45.9,49,False,2024-01-03T04:18:00
RUN_00525,MACHINE_L,L47704,297.4,309.4,1620,35.4,51,False,2024-01-03T04:24:00
RUN_00526,MACHINE_L,L47705,297.4,309.4,1466,45.5,53,False,2024-01-03T04:30:00
RUN_00527,MACHINE_L,L47706,297.6,309.5,1373,50.6,55,False,2024-01-03T04:36:00
RUN_00528,MACHINE_M,M15387,297.6,309.6,1592,35.8,57,False,2024-01-03T04:42:00
RUN_00529,MACHINE_M,M15388,297.5,309.5,1553,42.4,60,False,2024-01-03T04:48:00
RUN_00530,MACHINE_L,L47709,297.6,309.5,1569,36.2,63,False,2024-01-03T04:54:00
RUN_00531,MACHINE_M,M15390,297.6,309.5,1709,32.2,65,False,2024-01-03T05:00:00
RUN_00532,MACHINE_L,L47711,297.6,309.5,1549,34.9,68,False,2024-01-03T05:06:00
RUN_00533,MACHINE_L,L47712,297.5,309.4,1443,45.4,70,False,2024-01-03T05:12:00
RUN_00534,MACHINE_L,L47713,297.5,309.3,1675,29.8,72,False,2024-01-03T05:18:00
RUN_00535,MACHINE_L,L47714,297.5,309.3,1623,33.4,74,False,2024-01-03T05:24:00
RUN_00536,MACHINE_H,H29949,297.4,309.3,1365,52.4,76,False,2024-01-03T05:30:00
RUN_00537,MACHINE_L,L47716,297.4,309.3,1759,24.8,81,False,2024-01-03T05:36:00
RUN_00538,MACHINE_H,H29951,297.4,309.3,1516,43.0,83,False,2024-01-03T05:42:00
RUN_00539,MACHINE_M,M15398,297.4,309.3,1499,36.8,88,False,2024-01-03T05:48:00
RUN_00540,MACHINE_M,M15399,297.4,309.3,1775,25.8,91,False,2024-01-03T05:54:00
RUN_00541,MACHINE_L,L47720,297.4,309.4,1473,45.5,94,False,2024-01-03T06:00:00
RUN_00542,MACHINE_L,L47721,297.4,309.4,1296,52.3,96,False,2024-01-03T06:06:00
RUN_00543,MACHINE_L,L47722,297.5,309.4,1803,24.7,98,False,2024-01-03T06:12:00
RUN_00544,MACHINE_H,H29957,297.5,309.3,1563,36.1,100,False,2024-01-03T06:18:00
RUN_00545,MACHINE_M,M15404,297.5,309.4,1831,26.6,105,False,2024-01-03T06:24:00
RUN_00546,MACHINE_L,L47725,297.6,309.4,1958,22.1,108,False,2024-01-03T06:30:00
RUN_00547,MACHINE_L,L47726,297.5,309.4,1809,24.3,110,False,2024-01-03T06:36:00
RUN_00548,MACHINE_M,M15407,297.5,309.4,1482,39.3,112,False,2024-01-03T06:42:00
RUN_00549,MACHINE_L,L47728,297.4,309.3,1332,53.2,115,False,2024-01-03T06:48:00
RUN_00550,MACHINE_L,L47729,297.4,309.2,1437,40.4,117,False,2024-01-03T06:54:00
RUN_00551,MACHINE_L,L47730,297.4,309.2,1698,29.4,119,False,2024-01-03T07:00:00
RUN_00552,MACHINE_L,L47731,297.4,309.2,1274,54.3,121,False,2024-01-03T07:06:00
RUN_00553,MACHINE_M,M15412,297.4,309.3,1622,35.0,123,False,2024-01-03T07:12:00
RUN_00554,MACHINE_M,M15413,297.4,309.3,1564,36.0,126,False,2024-01-03T07:18:00
RUN_00555,MACHINE_H,H29968,297.5,309.4,1368,45.3,129,False,2024-01-03T07:24:00
RUN_00556,MACHINE_M,M15415,297.4,309.4,1539,42.2,134,False,2024-01-03T07:30:00
RUN_00557,MACHINE_L,L47736,297.5,309.4,1357,50.1,137,False,2024-01-03T07:36:00
RUN_00558,MACHINE_M,M15417,297.5,309.4,1433,48.3,139,False,2024-01-03T07:42:00
RUN_00559,MACHINE_L,L47738,297.5,309.4,1650,34.6,142,False,2024-01-03T07:48:00
RUN_00560,MACHINE_L,L47739,297.5,309.4,1503,40.6,144,False,2024-01-03T07:54:00
RUN_00561,MACHINE_L,L47740,297.5,309.4,1318,58.2,146,False,2024-01-03T08:00:00
RUN_00562,MACHINE_M,M15421,297.5,309.4,1678,34.4,148,False,2024-01-03T08:06:00
RUN_00563,MACHINE_L,L47742,297.6,309.5,1574,30.9,151,False,2024-01-03T08:12:00
RUN_00564,MACHINE_L,L47743,297.7,309.6,1529,35.2,153,False,2024-01-03T08:18:00
RUN_00565,MACHINE_H,H29978,297.6,309.6,1669,32.1,155,False,2024-01-03T08:24:00
RUN_00566,MACHINE_H,H29979,297.7,309.7,1570,35.8,160,False,2024-01-03T08:30:00
RUN_00567,MACHINE_M,M15426,297.6,309.7,1541,33.7,165,False,2024-01-03T08:36:00
RUN_00568,MACHINE_M,M15427,297.7,309.7,1680,30.2,168,False,2024-01-03T08:42:00
RUN_00569,MACHINE_L,L47748,297.8,309.7,1935,22.1,171,False,2024-01-03T08:48:00
RUN_00570,MACHINE_M,M15429,297.7,309.6,1596,35.2,173,False,2024-01-03T08:54:00
RUN_00571,MACHINE_L,L47750,297.7,309.7,1498,41.0,176,False,2024-01-03T09:00:00
RUN_00572,MACHINE_M,M15431,297.8,309.8,1676,29.0,178,False,2024-01-03T09:06:00
RUN_00573,MACHINE_L,L47752,297.8,309.9,1351,49.0,181,False,2024-01-03T09:12:00
RUN_00574,MACHINE_L,L47753,297.9,309.9,1472,45.0,183,False,2024-01-03T09:18:00
RUN_00575,MACHINE_M,M15434,297.9,310.0,1439,41.7,185,False,2024-01-03T09:24:00
RUN_00576,MACHINE_M,M15435,297.9,309.9,1410,55.4,188,False,2024-01-03T09:30:00
RUN_00577,MACHINE_H,H29990,297.7,309.7,1440,51.1,191,False,2024-01-03T09:36:00
RUN_00578,MACHINE_L,L47757,297.7,309.7,1591,37.7,196,False,2024-01-03T09:42:00
RUN_00579,MACHINE_L,L47758,297.8,309.8,1533,36.8,198,False,2024-01-03T09:48:00
RUN_00580,MACHINE_M,M15439,297.8,309.7,1700,31.3,200,False,2024-01-03T09:54:00
RUN_00581,MACHINE_M,M15440,297.8,309.8,1798,25.5,203,False,2024-01-03T10:00:00
RUN_00582,MACHINE_L,L47761,297.8,309.7,1394,42.9,206,False,2024-01-03T10:06:00
RUN_00583,MACHINE_L,L47762,297.8,309.7,1341,49.2,208,False,2024-01-03T10:12:00
RUN_00584,MACHINE_H,H29997,297.7,309.6,1697,32.2,210,False,2024-01-03T10:18:00
RUN_00585,MACHINE_H,H29998,297.6,309.6,1419,48.2,215,False,2024-01-03T10:24:00
RUN_00586,MACHINE_L,L47765,297.6,309.5,2001,20.5,220,False,2024-01-03T10:30:00
RUN_00587,MACHINE_L,L47766,297.6,309.6,1501,49.8,222,True,2024-01-03T10:36:00
RUN_00588,MACHINE_H,H30001,297.6,309.5,1623,33.1,224,False,2024-01-03T10:42:00
RUN_00589,MACHINE_L,L47768,297.6,309.4,1628,33.4,229,False,2024-01-03T10:48:00
RUN_00590,MACHINE_L,L47769,297.6,309.4,1491,40.2,231,False,2024-01-03T10:54:00
RUN_00591,MACHINE_L,L47770,297.5,309.4,1517,36.7,233,False,2024-01-03T11:00:00
RUN_00592,MACHINE_H,H30005,297.5,309.3,1525,41.7,235,False,2024-01-03T11:06:00
RUN_00593,MACHINE_H,H30006,297.5,309.5,1668,27.9,240,False,2024-01-03T11:12:00
RUN_00594,MACHINE_L,L47773,297.5,309.6,1312,50.7,0,False,2024-01-03T11:18:00
RUN_00595,MACHINE_H,H30008,297.6,309.6,1278,50.4,2,False,2024-01-03T11:24:00
RUN_00596,MACHINE_M,M15455,297.6,309.6,1330,53.1,7,False,2024-01-03T11:30:00
RUN_00597,MACHINE_M,M15456,297.6,309.6,1530,37.3,10,False,2024-01-03T11:36:00
RUN_00598,MACHINE_H,H30011,297.6,309.6,1428,46.6,13,False,2024-01-03T11:42:00
RUN_00599,MACHINE_L,L47778,297.7,309.6,1480,47.9,18,False,2024-01-03T11:48:00
RUN_00600,MACHINE_H,H30013,297.7,309.7,1616,31.1,20,False,2024-01-03T11:54:00
RUN_00601,MACHINE_L,L47780,297.8,309.7,1547,37.3,25,False,2024-01-03T12:00:00
RUN_00602,MACHINE_L,L47781,297.9,309.7,2194,16.8,27,False,2024-01-03T12:06:00
RUN_00603,MACHINE_L,L47782,297.9,309.8,2000,21.3,29,False,2024-01-03T12:12:00
RUN_00604,MACHINE_L,L47783,297.9,309.8,1336,71.6,31,True,2024-01-03T12:18:00
RUN_00605,MACHINE_L,L47784,297.9,309.9,1542,33.8,33,False,2024-01-03T12:24:00
RUN_00606,MACHINE_M,M15465,297.9,309.8,1693,29.9,35,False,2024-01-03T12:30:00
RUN_00607,MACHINE_L,L47786,297.9,309.8,1461,50.5,38,False,2024-01-03T12:36:00
RUN_00608,MACHINE_M,M15467,298.0,309.9,1565,33.9,40,False,2024-01-03T12:42:00
RUN_00609,MACHINE_L,L47788,298.0,309.9,1403,47.7,43,False,2024-01-03T12:48:00
RUN_00610,MACHINE_L,L47789,298.1,309.9,1629,32.5,45,False,2024-01-03T12:54:00
RUN_00611,MACHINE_L,L47790,298.1,310.0,1534,33.7,47,False,2024-01-03T13:00:00
RUN_00612,MACHINE_L,L47791,298.1,310.0,1553,40.9,49,False,2024-01-03T13:06:00
RUN_00613,MACHINE_L,L47792,298.1,309.9,1563,32.8,51,False,2024-01-03T13:12:00
RUN_00614,MACHINE_L,L47793,298.1,309.9,1634,30.0,53,False,2024-01-03T13:18:00
RUN_00615,MACHINE_M,M15474,298.0,309.9,1445,45.2,55,False,2024-01-03T13:24:00
RUN_00616,MACHINE_L,L47795,298.1,309.9,1642,30.4,58,False,2024-01-03T13:30:00
RUN_00617,MACHINE_H,H30030,298.1,309.9,1686,29.1,60,False,2024-01-03T13:36:00
RUN_00618,MACHINE_M,M15477,298.1,310.0,1393,43.1,65,False,2024-01-03T13:42:00
RUN_00619,MACHINE_H,H30032,298.2,310.0,1433,44.2,68,False,2024-01-03T13:48:00
RUN_00620,MACHINE_L,L47799,298.3,310.0,1507,44.7,73,False,2024-01-03T13:54:00
RUN_00621,MACHINE_M,M15480,298.3,310.1,1389,49.6,75,False,2024-01-03T14:00:00
RUN_00622,MACHINE_L,L47801,298.3,310.1,1408,45.3,78,False,2024-01-03T14:06:00
RUN_00623,MACHINE_M,M15482,298.4,310.2,1725,32.0,80,False,2024-01-03T14:12:00
RUN_00624,MACHINE_L,L47803,298.4,310.1,1926,23.7,83,False,2024-01-03T14:18:00
RUN_00625,MACHINE_H,H30038,298.3,310.1,1509,37.6,85,False,2024-01-03T14:24:00
RUN_00626,MACHINE_L,L47805,298.3,310.1,1545,36.3,90,False,2024-01-03T14:30:00
RUN_00627,MACHINE_L,L47806,298.4,310.1,1533,35.2,92,False,2024-01-03T14:36:00
RUN_00628,MACHINE_L,L47807,298.4,310.1,1455,42.2,94,False,2024-01-03T14:42:00
RUN_00629,MACHINE_M,M15488,298.4,310.1,1335,57.8,96,False,2024-01-03T14:48:00
RUN_00630,MACHINE_L,L47809,298.3,310.1,1523,45.9,99,False,2024-01-03T14:54:00
RUN_00631,MACHINE_L,L47810,298.3,310.0,1460,47.6,101,False,2024-01-03T15:00:00
RUN_00632,MACHINE_L,L47811,298.4,310.0,1554,37.3,103,False,2024-01-03T15:06:00
RUN_00633,MACHINE_H,H30046,298.3,310.0,1419,47.1,105,False,2024-01-03T15:12:00
RUN_00634,MACHINE_L,L47813,298.3,310.0,1442,43.9,110,False,2024-01-03T15:18:00
RUN_00635,MACHINE_L,L47814,298.3,309.9,1507,41.6,112,False,2024-01-03T15:24:00
RUN_00636,MACHINE_L,L47815,298.3,310.0,1858,23.9,114,False,2024-01-03T15:30:00
RUN_00637,MACHINE_L,L47816,298.3,309.9,1463,43.9,116,False,2024-01-03T15:36:00
RUN_00638,MACHINE_L,L47817,298.2,309.7,1585,37.4,118,False,2024-01-03T15:42:00
RUN_00639,MACHINE_L,L47818,298.0,309.6,1536,37.3,120,False,2024-01-03T15:48:00
RUN_00640,MACHINE_L,L47819,298.0,309.6,1403,51.3,122,False,2024-01-03T15:54:00
RUN_00641,MACHINE_M,M15500,297.9,309.6,1515,38.8,124,False,2024-01-03T16:00:00
RUN_00642,MACHINE_L,L47821,297.9,309.5,1390,47.9,127,False,2024-01-03T16:06:00
RUN_00643,MACHINE_M,M15502,297.8,309.4,1226,58.7,129,False,2024-01-03T16:12:00
RUN_00644,MACHINE_M,M15503,297.8,309.4,1495,36.5,132,False,2024-01-03T16:18:00
RUN_00645,MACHINE_H,H30058,297.7,309.4,1608,30.2,135,False,2024-01-03T16:24:00
RUN_00646,MACHINE_L,L47825,297.7,309.4,1392,44.1,140,False,2024-01-03T16:30:00
RUN_00647,MACHINE_M,M15506,297.7,309.4,1461,43.7,142,False,2024-01-03T16:36:00
RUN_00648,MACHINE_L,L47827,297.7,309.3,1559,36.9,145,False,2024-01-03T16:42:00
RUN_00649,MACHINE_H,H30062,297.7,309.3,1400,48.9,147,False,2024-01-03T16:48:00
RUN_00650,MACHINE_M,M15509,297.7,309.2,1732,28.8,152,False,2024-01-03T16:54:00
RUN_00651,MACHINE_L,L47830,297.6,309.2,1611,33.1,155,False,2024-01-03T17:00:00
RUN_00652,MACHINE_L,L47831,297.6,309.1,1503,38.9,157,False,2024-01-03T17:06:00
RUN_00653,MACHINE_L,L47832,297.7,309.2,1391,44.5,159,False,2024-01-03T17:12:00
RUN_00654,MACHINE_L,L47833,297.8,309.3,2015,20.1,161,False,2024-01-03T17:18:00
RUN_00655,MACHINE_L,L47834,297.8,309.2,1683,30.9,163,False,2024-01-03T17:24:00
RUN_00656,MACHINE_L,L47835,297.7,309.1,1435,38.8,165,False,2024-01-03T17:30:00
RUN_00657,MACHINE_M,M15516,297.7,309.1,1732,28.1,167,False,2024-01-03T17:36:00
RUN_00658,MACHINE_L,L47837,297.7,309.2,1365,58.6,170,False,2024-01-03T17:42:00
RUN_00659,MACHINE_L,L47838,297.7,309.1,1562,36.8,172,False,2024-01-03T17:48:00
RUN_00660,MACHINE_L,L47839,297.6,309.1,1449,49.1,174,False,2024-01-03T17:54:00
RUN_00661,MACHINE_M,M15520,297.7,309.2,1700,27.4,176,False,2024-01-03T18:00:00
RUN_00662,MACHINE_M,M15521,297.6,309.0,1427,45.6,179,False,2024-01-03T18:06:00
RUN_00663,MACHINE_M,M15522,297.6,308.9,1479,38.1,182,False,2024-01-03T18:12:00
RUN_00664,MACHINE_L,L47843,297.5,308.9,1469,44.0,185,False,2024-01-03T18:18:00
RUN_00665,MACHINE_L,L47844,297.5,308.9,1390,47.4,187,False,2024-01-03T18:24:00
RUN_00666,MACHINE_L,L47845,297.5,308.9,1729,28.1,189,False,2024-01-03T18:30:00
RUN_00667,MACHINE_L,L47846,297.5,309.0,1470,43.5,191,False,2024-01-03T18:36:00
RUN_00668,MACHINE_L,L47847,297.5,308.9,1459,48.5,193,False,2024-01-03T18:42:00
RUN_00669,MACHINE_L,L47848,297.5,308.9,1738,24.0,195,False,2024-01-03T18:48:00
RUN_00670,MACHINE_H,H30083,297.5,308.9,1471,37.7,197,False,2024-01-03T18:54:00
RUN_00671,MACHINE_L,L47850,297.6,309.0,1822,25.4,202,False,2024-01-03T19:00:00
RUN_00672,MACHINE_L,L47851,297.5,308.9,1554,34.8,204,False,2024-01-03T19:06:00
RUN_00673,MACHINE_M,M15532,297.6,308.9,1433,43.2,206,False,2024-01-03T19:12:00
RUN_00674,MACHINE_L,L47853,297.6,308.9,1449,47.7,209,False,2024-01-03T19:18:00
RUN_00675,MACHINE_L,L47854,297.8,309.0,1456,41.2,0,False,2024-01-03T19:24:00
RUN_00676,MACHINE_M,M15535,297.8,309.1,1424,45.5,2,False,2024-01-03T19:30:00
RUN_00677,MACHINE_H,H30090,297.9,309.2,1577,34.7,5,False,2024-01-03T19:36:00
RUN_00678,MACHINE_L,L47857,297.9,309.2,1478,39.7,10,False,2024-01-03T19:42:00
RUN_00679,MACHINE_M,M15538,297.8,309.2,1295,61.2,12,False,2024-01-03T19:48:00
RUN_00680,MACHINE_L,L47859,297.8,309.2,1372,47.3,15,False,2024-01-03T19:54:00
RUN_00681,MACHINE_M,M15540,297.8,309.1,1432,42.6,17,False,2024-01-03T20:00:00
RUN_00682,MACHINE_M,M15541,297.7,309.0,1656,33.2,20,False,2024-01-03T20:06:00
RUN_00683,MACHINE_H,H30096,297.8,309.0,1410,48.8,23,False,2024-01-03T20:12:00
RUN_00684,MACHINE_L,L47863,297.7,309.0,1874,24.4,28,False,2024-01-03T20:18:00
RUN_00685,MACHINE_L,L47864,297.7,309.0,1538,43.2,30,False,2024-01-03T20:24:00
RUN_00686,MACHINE_M,M15545,297.7,309.0,1636,29.7,32,False,2024-01-03T20:30:00
RUN_00687,MACHINE_M,M15546,297.7,309.0,1504,40.4,35,False,2024-01-03T20:36:00
RUN_00688,MACHINE_M,M15547,297.7,309.0,1531,42.4,38,False,2024-01-03T20:42:00
RUN_00689,MACHINE_H,H30102,297.6,309.0,1735,26.4,41,False,2024-01-03T20:48:00
RUN_00690,MACHINE_H,H30103,297.6,309.0,1354,55.6,46,False,2024-01-03T20:54:00
RUN_00691,MACHINE_H,H30104,297.6,309.0,1413,40.2,51,False,2024-01-03T21:00:00
RUN_00692,MACHINE_L,L47871,297.7,309.1,1563,39.3,56,False,2024-01-03T21:06:00
RUN_00693,MACHINE_L,L47872,297.7,309.1,1479,42.1,58,False,2024-01-03T21:12:00
RUN_00694,MACHINE_L,L47873,297.7,309.1,1477,38.3,60,False,2024-01-03T21:18:00
RUN_00695,MACHINE_L,L47874,297.6,309.1,1394,50.0,62,False,2024-01-03T21:24:00
RUN_00696,MACHINE_L,L47875,297.6,309.0,1487,45.4,64,False,2024-01-03T21:30:00
RUN_00697,MACHINE_M,M15556,297.6,309.0,1815,25.3,66,False,2024-01-03T21:36:00
RUN_00698,MACHINE_M,M15557,297.6,308.8,1453,39.7,69,False,2024-01-03T21:42:00
RUN_00699,MACHINE_L,L47878,297.6,308.8,1539,40.2,72,False,2024-01-03T21:48:00
RUN_00700,MACHINE_H,H30113,297.5,308.7,1416,39.2,74,False,2024-01-03T21:54:00
RUN_00701,MACHINE_M,M15560,297.6,308.8,1683,31.6,79,False,2024-01-03T22:00:00
RUN_00702,MACHINE_L,L47881,297.7,308.8,1515,40.1,82,False,2024-01-03T22:06:00
RUN_00703,MACHINE_M,M15562,297.7,308.9,1531,48.3,84,False,2024-01-03T22:12:00
RUN_00704,MACHINE_H,H30117,297.7,308.9,1479,40.9,87,False,2024-01-03T22:18:00
RUN_00705,MACHINE_L,L47884,297.7,308.9,1516,33.7,92,False,2024-01-03T22:24:00
RUN_00706,MACHINE_L,L47885,297.7,309.0,1507,38.2,94,False,2024-01-03T22:30:00
RUN_00707,MACHINE_M,M15566,297.8,309.0,1434,43.3,96,False,2024-01-03T22:36:00
RUN_00708,MACHINE_L,L47887,297.7,308.9,1838,27.3,99,False,2024-01-03T22:42:00
RUN_00709,MACHINE_M,M15568,297.6,308.8,1416,45.9,101,False,2024-01-03T22:48:00
RUN_00710,MACHINE_M,M15569,297.6,308.8,1357,49.7,104,False,2024-01-03T22:54:00
RUN_00711,MACHINE_M,M15570,297.5,308.7,1697,28.1,107,False,2024-01-03T23:00:00
RUN_00712,MACHINE_L,L47891,297.5,308.7,1443,46.2,110,False,2024-01-03T23:06:00
RUN_00713,MACHINE_L,L47892,297.5,308.7,1453,37.6,112,False,2024-01-03T23:12:00
RUN_00714,MACHINE_L,L47893,297.4,308.6,1439,46.4,114,False,2024-01-03T23:18:00
RUN_00715,MACHINE_L,L47894,297.4,308.6,1609,36.2,116,False,2024-01-03T23:24:00
RUN_00716,MACHINE_L,L47895,297.4,308.6,1324,59.1,118,False,2024-01-03T23:30:00
RUN_00717,MACHINE_H,H30130,297.4,308.6,1420,45.8,120,False,2024-01-03T23:36:00
RUN_00718,MACHINE_L,L47897,297.4,308.7,1545,36.9,125,False,2024-01-03T23:42:00
RUN_00719,MACHINE_L,L47898,297.5,308.8,1477,39.0,127,False,2024-01-03T23:48:00
RUN_00720,MACHINE_L,L47899,297.4,308.8,1447,58.1,129,False,2024-01-03T23:54:00
RUN_00721,MACHINE_L,L47900,297.4,308.9,1809,23.8,131,False,2024-01-04T00:00:00
RUN_00722,MACHINE_L,L47901,297.5,308.9,1696,30.9,133,False,2024-01-04T00:06:00
RUN_00723,MACHINE_L,L47902,297.5,308.9,1427,44.7,135,False,2024-01-04T00:12:00
RUN_00724,MACHINE_M,M15583,297.4,308.9,1500,46.3,137,False,2024-01-04T00:18:00
RUN_00725,MACHINE_L,L47904,297.5,308.9,1390,44.6,140,False,2024-01-04T00:24:00
RUN_00726,MACHINE_L,L47905,297.4,308.8,1640,34.2,142,False,2024-01-04T00:30:00
RUN_00727,MACHINE_M,M15586,297.4,308.8,1628,37.4,144,False,2024-01-04T00:36:00
RUN_00728,MACHINE_H,H30141,297.3,308.6,1499,37.6,147,False,2024-01-04T00:42:00
RUN_00729,MACHINE_M,M15588,297.4,308.7,1425,50.3,152,False,2024-01-04T00:48:00
RUN_00730,MACHINE_L,L47909,297.3,308.6,1586,37.7,155,False,2024-01-04T00:54:00
RUN_00731,MACHINE_M,M15590,297.3,308.6,1471,50.7,157,False,2024-01-04T01:00:00
RUN_00732,MACHINE_M,M15591,297.3,308.6,1431,53.0,160,False,2024-01-04T01:06:00
RUN_00733,MACHINE_L,L47912,297.2,308.6,1924,22.1,163,False,2024-01-04T01:12:00
RUN_00734,MACHINE_M,M15593,297.1,308.4,1421,42.0,165,False,2024-01-04T01:18:00
RUN_00735,MACHINE_H,H30148,297.0,308.4,1305,54.6,168,False,2024-01-04T01:24:00
RUN_00736,MACHINE_L,L47915,296.9,308.4,1557,32.4,173,False,2024-01-04T01:30:00
RUN_00737,MACHINE_L,L47916,296.9,308.3,1555,38.2,175,False,2024-01-04T01:36:00
RUN_00738,MACHINE_H,H30151,296.9,308.3,1474,39.2,177,False,2024-01-04T01:42:00
RUN_00739,MACHINE_L,L47918,296.8,308.3,1506,45.9,182,False,2024-01-04T01:48:00
RUN_00740,MACHINE_L,L47919,296.9,308.4,1390,41.8,184,False,2024-01-04T01:54:00
RUN_00741,MACHINE_M,M15600,296.9,308.4,1450,46.9,186,False,2024-01-04T02:00:00
RUN_00742,MACHINE_L,L47921,296.9,308.3,1513,38.8,189,False,2024-01-04T02:06:00
RUN_00743,MACHINE_L,L47922,296.8,308.2,1643,34.7,191,False,2024-01-04T02:12:00
RUN_00744,MACHINE_L,L47923,296.8,308.2,1361,53.8,193,False,2024-01-04T02:18:00
RUN_00745,MACHINE_L,L47924,296.7,308.1,1450,40.9,195,False,2024-01-04T02:24:00
RUN_00746,MACHINE_L,L47925,296.7,308.0,1451,50.7,197,False,2024-01-04T02:30:00
RUN_00747,MACHINE_L,L47926,296.8,308.1,1289,62.0,199,True,2024-01-04T02:36:00
RUN_00748,MACHINE_L,L47927,296.8,308.1,1356,48.3,201,False,2024-01-04T02:42:00
RUN_00749,MACHINE_H,H30162,296.7,308.1,1528,46.3,203,False,2024-01-04T02:48:00
RUN_00750,MACHINE_L,L47929,296.6,308.0,1978,22.3,208,False,2024-01-04T02:54:00
RUN_00751,MACHINE_L,L47930,296.7,308.0,1535,36.8,210,False,2024-01-04T03:00:00
RUN_00752,MACHINE_M,M15611,296.8,308.1,1843,24.2,212,False,2024-01-04T03:06:00
RUN_00753,MACHINE_L,L47932,296.9,308.1,1422,48.7,215,False,2024-01-04T03:12:00
RUN_00754,MACHINE_L,L47933,296.8,308.0,1536,40.4,217,False,2024-01-04T03:18:00
RUN_00755,MACHINE_M,M15614,296.9,308.1,1483,44.3,219,False,2024-01-04T03:24:00
RUN_00756,MACHINE_H,H30169,296.8,308.1,1492,43.7,222,False,2024-01-04T03:30:00
RUN_00757,MACHINE_L,L47936,296.8,308.0,1584,40.4,227,False,2024-01-04T03:36:00
RUN_00758,MACHINE_L,L47937,296.9,308.1,1555,33.7,229,False,2024-01-04T03:42:00
RUN_00759,MACHINE_L,L47938,296.8,308.0,1497,41.7,231,False,2024-01-04T03:48:00
RUN_00760,MACHINE_M,M15619,296.7,307.8,1537,36.3,233,False,2024-01-04T03:54:00
RUN_00761,MACHINE_L,L47940,296.7,307.8,1505,39.4,236,False,2024-01-04T04:00:00
RUN_00762,MACHINE_L,L47941,296.7,307.8,1646,34.6,238,False,2024-01-04T04:06:00
RUN_00763,MACHINE_M,M15622,296.7,307.8,1286,60.5,0,False,2024-01-04T04:12:00
RUN_00764,MACHINE_L,L47943,296.7,307.8,1400,47.5,3,False,2024-01-04T04:18:00
RUN_00765,MACHINE_L,L47944,296.8,307.9,1337,56.5,5,False,2024-01-04T04:24:00
RUN_00766,MACHINE_L,L47945,296.9,308.0,1332,53.9,7,False,2024-01-04T04:30:00
RUN_00767,MACHINE_L,L47946,296.8,308.0,1561,38.3,9,False,2024-01-04T04:36:00
RUN_00768,MACHINE_L,L47947,296.9,308.0,1546,31.1,11,False,2024-01-04T04:42:00
RUN_00769,MACHINE_L,L47948,296.9,308.0,1713,29.3,13,False,2024-01-04T04:48:00
RUN_00770,MACHINE_L,L47949,296.9,308.0,1343,44.5,15,False,2024-01-04T04:54:00
RUN_00771,MACHINE_L,L47950,296.8,308.0,1391,54.4,17,False,2024-01-04T05:00:00
RUN_00772,MACHINE_H,H30185,296.8,308.0,1311,58.6,19,False,2024-01-04T05:06:00
RUN_00773,MACHINE_H,H30186,296.8,308.0,1453,51.0,24,False,2024-01-04T05:12:00
RUN_00774,MACHINE_L,L47953,296.8,308.0,1510,39.4,29,False,2024-01-04T05:18:00
RUN_00775,MACHINE_L,L47954,296.8,307.9,1448,48.8,31,False,2024-01-04T05:24:00
RUN_00776,MACHINE_L,L47955,296.7,307.8,1453,46.0,33,False,2024-01-04T05:30:00
RUN_00777,MACHINE_L,L47956,296.7,307.8,1468,39.2,35,False,2024-01-04T05:36:00
RUN_00778,MACHINE_L,L47957,296.7,307.8,1382,47.5,37,False,2024-01-04T05:42:00
RUN_00779,MACHINE_L,L47958,296.7,308.0,1580,32.2,39,False,2024-01-04T05:48:00
RUN_00780,MACHINE_L,L47959,296.8,308.0,1666,29.8,41,False,2024-01-04T05:54:00
RUN_00781,MACHINE_M,M15640,296.9,308.0,1409,50.7,43,False,2024-01-04T06:00:00
RUN_00782,MACHINE_L,L47961,296.8,308.0,1675,29.7,46,False,2024-01-04T06:06:00
RUN_00783,MACHINE_L,L47962,296.8,307.9,1698,30.8,48,False,2024-01-04T06:12:00
RUN_00784,MACHINE_H,H30197,296.7,307.9,1579,33.4,50,False,2024-01-04T06:18:00
RUN_00785,MACHINE_L,L47964,296.7,307.9,1743,27.9,55,False,2024-01-04T06:24:00
RUN_00786,MACHINE_M,M15645,296.9,308.0,1497,44.8,57,False,2024-01-04T06:30:00
RUN_00787,MACHINE_L,L47966,296.9,308.1,1741,28.8,60,False,2024-01-04T06:36:00
RUN_00788,MACHINE_L,L47967,296.9,308.1,1435,45.3,62,False,2024-01-04T06:42:00
RUN_00789,MACHINE_M,M15648,296.9,308.1,1440,46.3,64,False,2024-01-04T06:48:00
RUN_00790,MACHINE_M,M15649,296.9,308.0,1641,33.3,67,False,2024-01-04T06:54:00
RUN_00791,MACHINE_L,L47970,296.8,307.9,1420,45.4,70,False,2024-01-04T07:00:00
RUN_00792,MACHINE_L,L47971,296.8,307.9,1611,35.4,72,False,2024-01-04T07:06:00
RUN_00793,MACHINE_L,L47972,296.8,307.8,1373,42.9,74,False,2024-01-04T07:12:00
RUN_00794,MACHINE_M,M15653,296.8,307.9,1683,31.8,76,False,2024-01-04T07:18:00
RUN_00795,MACHINE_H,H30208,296.9,307.9,1547,32.6,79,False,2024-01-04T07:24:00
RUN_00796,MACHINE_L,L47975,296.9,307.8,1605,37.0,84,False,2024-01-04T07:30:00
RUN_00797,MACHINE_M,M15656,296.9,307.9,2010,18.9,86,False,2024-01-04T07:36:00
RUN_00798,MACHINE_L,L47977,296.8,307.7,1565,40.1,89,False,2024-01-04T07:42:00
RUN_00799,MACHINE_M,M15658,296.9,307.8,1828,24.6,91,False,2024-01-04T07:48:00
RUN_00800,MACHINE_M,M15659,297.0,307.8,1579,34.1,94,False,2024-01-04T07:54:00
RUN_00801,MACHINE_M,M15660,297.0,307.9,1882,24.2,97,False,2024-01-04T08:00:00
RUN_00802,MACHINE_L,L47981,296.9,307.8,1285,52.1,100,False,2024-01-04T08:06:00
RUN_00803,MACHINE_L,L47982,296.9,307.8,1571,35.0,102,False,2024-01-04T08:12:00
RUN_00804,MACHINE_H,H30217,296.9,307.8,1549,37.8,104,False,2024-01-04T08:18:00
RUN_00805,MACHINE_M,M15664,296.9,307.8,1544,37.6,109,False,2024-01-04T08:24:00
RUN_00806,MACHINE_M,M15665,297.0,307.9,1412,47.4,112,False,2024-01-04T08:30:00
RUN_00807,MACHINE_M,M15666,297.0,307.9,1422,53.0,115,False,2024-01-04T08:36:00
RUN_00808,MACHINE_L,L47987,297.0,307.7,1867,22.8,118,False,2024-01-04T08:42:00
RUN_00809,MACHINE_L,L47988,296.9,307.7,1424,43.3,120,False,2024-01-04T08:48:00
RUN_00810,MACHINE_L,L47989,296.9,307.6,1452,45.7,122,False,2024-01-04T08:54:00
RUN_00811,MACHINE_L,L47990,296.9,307.7,1550,39.7,124,False,2024-01-04T09:00:00
RUN_00812,MACHINE_L,L47991,296.8,307.6,1588,37.6,126,False,2024-01-04T09:06:00
RUN_00813,MACHINE_L,L47992,296.8,307.6,1338,44.4,128,False,2024-01-04T09:12:00
RUN_00814,MACHINE_L,L47993,296.8,307.6,1513,40.0,130,False,2024-01-04T09:18:00
RUN_00815,MACHINE_M,M15674,296.8,307.5,1470,45.9,132,False,2024-01-04T09:24:00
RUN_00816,MACHINE_M,M15675,296.8,307.5,1516,36.7,135,False,2024-01-04T09:30:00
RUN_00817,MACHINE_L,L47996,296.8,307.6,1434,48.3,138,False,2024-01-04T09:36:00
RUN_00818,MACHINE_L,L47997,296.8,307.6,1368,52.0,140,False,2024-01-04T09:42:00
RUN_00819,MACHINE_L,L47998,296.8,307.6,1304,48.7,142,False,2024-01-04T09:48:00
RUN_00820,MACHINE_L,L47999,296.8,307.6,1398,46.7,144,False,2024-01-04T09:54:00
RUN_00821,MACHINE_L,L48000,296.7,307.6,1516,37.4,146,False,2024-01-04T10:00:00
RUN_00822,MACHINE_L,L48001,296.7,307.6,1474,41.7,148,False,2024-01-04T10:06:00
RUN_00823,MACHINE_M,M15682,296.7,307.6,1547,34.7,150,False,2024-01-04T10:12:00
RUN_00824,MACHINE_M,M15683,296.6,307.5,1482,39.9,153,False,2024-01-04T10:18:00
RUN_00825,MACHINE_L,L48004,296.6,307.4,1436,42.8,156,False,2024-01-04T10:24:00
RUN_00826,MACHINE_L,L48005,296.6,307.3,1474,40.0,158,False,2024-01-04T10:30:00
RUN_00827,MACHINE_L,L48006,296.5,307.2,1481,38.2,160,False,2024-01-04T10:36:00
RUN_00828,MACHINE_L,L48007,296.5,307.3,1501,42.1,162,False,2024-01-04T10:42:00
RUN_00829,MACHINE_L,L48008,296.5,307.3,1566,37.2,164,False,2024-01-04T10:48:00
RUN_00830,MACHINE_L,L48009,296.5,307.3,1579,34.5,166,False,2024-01-04T10:54:00
RUN_00831,MACHINE_L,L48010,296.6,307.4,1631,35.0,168,False,2024-01-04T11:00:00
RUN_00832,MACHINE_M,M15691,296.6,307.4,1544,42.3,170,False,2024-01-04T11:06:00
RUN_00833,MACHINE_L,L48012,296.6,307.4,1521,38.6,173,False,2024-01-04T11:12:00
RUN_00834,MACHINE_L,L48013,296.6,307.4,1616,28.0,175,False,2024-01-04T11:18:00
RUN_00835,MACHINE_H,H30248,296.6,307.4,1333,50.2,177,False,2024-01-04T11:24:00
RUN_00836,MACHINE_M,M15695,296.7,307.4,1533,32.5,182,False,2024-01-04T11:30:00
RUN_00837,MACHINE_L,L48016,296.6,307.4,1368,45.1,185,False,2024-01-04T11:36:00
RUN_00838,MACHINE_L,L48017,296.6,307.4,1465,47.8,187,False,2024-01-04T11:42:00
RUN_00839,MACHINE_H,H30252,296.6,307.4,1406,41.5,189,False,2024-01-04T11:48:00
RUN_00840,MACHINE_M,M15699,296.5,307.4,1565,43.5,194,False,2024-01-04T11:54:00
RUN_00841,MACHINE_L,L48020,296.6,307.5,1582,37.9,197,False,2024-01-04T12:00:00
RUN_00842,MACHINE_L,L48021,296.6,307.5,1439,45.5,199,False,2024-01-04T12:06:00
RUN_00843,MACHINE_M,M15702,296.6,307.5,1566,35.0,201,False,2024-01-04T12:12:00
RUN_00844,MACHINE_L,L48023,296.6,307.5,1485,42.7,204,False,2024-01-04T12:18:00
RUN_00845,MACHINE_L,L48024,296.5,307.5,1566,35.1,206,False,2024-01-04T12:24:00
RUN_00846,MACHINE_L,L48025,296.3,307.3,1439,41.5,208,False,2024-01-04T12:30:00
RUN_00847,MACHINE_M,M15706,296.4,307.4,1416,50.0,210,False,2024-01-04T12:36:00
RUN_00848,MACHINE_L,L48027,296.4,307.4,2833,5.6,213,True,2024-01-04T12:42:00
RUN_00849,MACHINE_L,L48028,296.3,307.4,1465,47.1,215,False,2024-01-04T12:48:00
RUN_00850,MACHINE_H,H30263,296.4,307.4,1586,35.5,0,False,2024-01-04T12:54:00
RUN_00851,MACHINE_L,L48030,296.3,307.3,1567,31.4,5,False,2024-01-04T13:00:00
RUN_00852,MACHINE_M,M15711,296.2,307.2,1389,48.6,7,False,2024-01-04T13:06:00
RUN_00853,MACHINE_M,M15712,296.3,307.3,1368,49.5,10,False,2024-01-04T13:12:00
RUN_00854,MACHINE_L,L48033,296.3,307.3,1444,49.0,13,False,2024-01-04T13:18:00
RUN_00855,MACHINE_M,M15714,296.3,307.3,1498,41.6,15,False,2024-01-04T13:24:00
RUN_00856,MACHINE_L,L48035,296.1,307.2,1615,30.8,18,False,2024-01-04T13:30:00
RUN_00857,MACHINE_L,L48036,296.1,307.1,1898,22.7,20,False,2024-01-04T13:36:00
RUN_00858,MACHINE_M,M15717,296.1,307.1,1350,53.3,22,False,2024-01-04T13:42:00
RUN_00859,MACHINE_M,M15718,296.2,307.0,1516,37.6,25,False,2024-01-04T13:48:00
RUN_00860,MACHINE_H,H30273,296.2,307.0,1542,40.6,28,False,2024-01-04T13:54:00
RUN_00861,MACHINE_H,H30274,296.1,306.9,1541,32.6,33,False,2024-01-04T14:00:00
RUN_00862,MACHINE_M,M15721,296.1,306.9,1951,23.3,38,False,2024-01-04T14:06:00
RUN_00863,MACHINE_H,H30276,296.1,306.8,1645,31.0,41,False,2024-01-04T14:12:00
RUN_00864,MACHINE_L,L48043,296.0,306.7,1416,44.2,46,False,2024-01-04T14:18:00
RUN_00865,MACHINE_M,M15724,296.0,306.7,2044,22.3,48,False,2024-01-04T14:24:00
RUN_00866,MACHINE_L,L48045,295.9,306.6,1414,50.2,51,False,2024-01-04T14:30:00
RUN_00867,MACHINE_L,L48046,295.9,306.6,1678,26.7,53,False,2024-01-04T14:36:00
RUN_00868,MACHINE_H,H30281,295.9,306.5,1594,33.2,55,False,2024-01-04T14:42:00
RUN_00869,MACHINE_M,M15728,295.8,306.5,1514,37.7,60,False,2024-01-04T14:48:00
RUN_00870,MACHINE_L,L48049,295.8,306.5,1358,49.2,63,False,2024-01-04T14:54:00
RUN_00871,MACHINE_L,L48050,295.8,306.4,1325,56.2,65,False,2024-01-04T15:00:00
RUN_00872,MACHINE_L,L48051,295.8,306.4,1339,53.2,67,False,2024-01-04T15:06:00
RUN_00873,MACHINE_M,M15732,295.8,306.4,1335,51.7,69,False,2024-01-04T15:12:00
RUN_00874,MACHINE_L,L48053,295.9,306.4,1892,21.7,72,False,2024-01-04T15:18:00
RUN_00875,MACHINE_L,L48054,295.9,306.4,1575,28.5,74,False,2024-01-04T15:24:00
RUN_00876,MACHINE_M,M15735,295.8,306.3,1444,45.5,76,False,2024-01-04T15:30:00
RUN_00877,MACHINE_L,L48056,295.7,306.3,1915,22.4,79,False,2024-01-04T15:36:00
RUN_00878,MACHINE_M,M15737,295.6,306.2,1584,33.6,81,False,2024-01-04T15:42:00
RUN_00879,MACHINE_M,M15738,295.7,306.3,1685,34.9,84,False,2024-01-04T15:48:00
RUN_00880,MACHINE_L,L48059,295.8,306.3,1337,54.6,87,False,2024-01-04T15:54:00
RUN_00881,MACHINE_M,M15740,295.8,306.3,1235,76.2,89,True,2024-01-04T16:00:00
RUN_00882,MACHINE_L,L48061,295.7,306.2,1464,46.2,92,False,2024-01-04T16:06:00
RUN_00883,MACHINE_M,M15742,295.7,306.2,1739,25.9,94,False,2024-01-04T16:12:00
RUN_00884,MACHINE_L,L48063,295.7,306.3,1490,34.3,97,False,2024-01-04T16:18:00
RUN_00885,MACHINE_L,L48064,295.8,306.4,1356,48.0,99,False,2024-01-04T16:24:00
RUN_00886,MACHINE_L,L48065,295.7,306.2,1397,52.0,101,False,2024-01-04T16:30:00
RUN_00887,MACHINE_L,L48066,295.7,306.2,1458,40.6,103,False,2024-01-04T16:36:00
RUN_00888,MACHINE_H,H30301,295.7,306.2,2161,16.5,105,False,2024-01-04T16:42:00
RUN_00889,MACHINE_M,M15748,295.6,306.1,1651,28.1,110,False,2024-01-04T16:48:00
RUN_00890,MACHINE_L,L48069,295.6,306.1,1389,46.2,113,False,2024-01-04T16:54:00
RUN_00891,MACHINE_L,L48070,295.6,306.0,1370,52.4,115,False,2024-01-04T17:00:00
RUN_00892,MACHINE_L,L48071,295.7,306.1,1408,47.9,117,False,2024-01-04T17:06:00
RUN_00893,MACHINE_L,L48072,295.7,306.1,1343,54.4,119,False,2024-01-04T17:12:00
RUN_00894,MACHINE_M,M15753,295.7,306.2,1423,42.5,121,False,2024-01-04T17:18:00
RUN_00895,MACHINE_L,L48074,295.6,306.2,1426,48.6,124,False,2024-01-04T17:24:00
RUN_00896,MACHINE_M,M15755,295.6,306.2,1435,51.6,126,False,2024-01-04T17:30:00
RUN_00897,MACHINE_L,L48076,295.5,306.1,1573,35.1,129,False,2024-01-04T17:36:00
RUN_00898,MACHINE_L,L48077,295.6,306.2,1612,31.2,131,False,2024-01-04T17:42:00
RUN_00899,MACHINE_L,L48078,295.6,306.2,1446,49.9,133,False,2024-01-04T17:48:00
RUN_00900,MACHINE_H,H30313,295.6,306.2,1329,55.3,135,False,2024-01-04T17:54:00
RUN_00901,MACHINE_L,L48080,295.6,306.2,1569,35.1,140,False,2024-01-04T18:00:00
RUN_00902,MACHINE_H,H30315,295.6,306.1,1256,62.3,142,False,2024-01-04T18:06:00
RUN_00903,MACHINE_L,L48082,295.6,306.1,1383,48.7,147,False,2024-01-04T18:12:00
RUN_00904,MACHINE_L,L48083,295.7,306.2,2270,14.6,149,True,2024-01-04T18:18:00
RUN_00905,MACHINE_H,H30318,295.7,306.2,1458,49.8,151,False,2024-01-04T18:24:00
RUN_00906,MACHINE_L,L48085,295.6,306.1,1474,41.2,156,False,2024-01-04T18:30:00
RUN_00907,MACHINE_M,M15766,295.6,306.1,1462,49.2,158,False,2024-01-04T18:36:00
RUN_00908,MACHINE_M,M15767,295.6,306.1,1669,29.0,161,False,2024-01-04T18:42:00
RUN_00909,MACHINE_M,M15768,295.5,306.1,1822,24.3,164,False,2024-01-04T18:48:00
RUN_00910,MACHINE_L,L48089,295.5,306.0,1456,39.2,167,False,2024-01-04T18:54:00
RUN_00911,MACHINE_L,L48090,295.5,306.0,1546,35.9,169,False,2024-01-04T19:00:00
RUN_00912,MACHINE_M,M15771,295.6,306.1,1490,42.7,171,False,2024-01-04T19:06:00
RUN_00913,MACHINE_L,L48092,295.6,306.0,1569,40.4,174,False,2024-01-04T19:12:00
RUN_00914,MACHINE_L,L48093,295.5,306.0,1621,29.5,176,False,2024-01-04T19:18:00
RUN_00915,MACHINE_M,M15774,295.4,305.9,1518,40.6,178,False,2024-01-04T19:24:00
RUN_00916,MACHINE_M,M15775,295.4,305.8,1526,38.2,181,False,2024-01-04T19:30:00
RUN_00917,MACHINE_M,M15776,295.3,305.8,1589,36.2,184,False,2024-01-04T19:36:00
RUN_00918,MACHINE_L,L48097,295.3,305.7,1475,51.0,187,False,2024-01-04T19:42:00
RUN_00919,MACHINE_M,M15778,295.3,305.7,1473,38.5,189,False,2024-01-04T19:48:00
RUN_00920,MACHINE_L,L48099,295.4,305.8,1407,50.7,192,False,2024-01-04T19:54:00
RUN_00921,MACHINE_M,M15780,295.5,305.9,1518,44.1,194,False,2024-01-04T20:00:00
RUN_00922,MACHINE_H,H30335,295.5,305.9,1593,37.2,197,False,2024-01-04T20:06:00
RUN_00923,MACHINE_M,M15782,295.5,305.9,1380,52.4,202,False,2024-01-04T20:12:00
RUN_00924,MACHINE_M,M15783,295.5,306.0,1423,45.3,205,False,2024-01-04T20:18:00
RUN_00925,MACHINE_L,L48104,295.5,306.0,1800,27.6,208,False,2024-01-04T20:24:00
RUN_00926,MACHINE_H,H30339,295.6,306.1,1623,30.9,210,False,2024-01-04T20:30:00
RUN_00927,MACHINE_L,L48106,295.6,306.1,1372,55.6,215,True,2024-01-04T20:36:00
RUN_00928,MACHINE_H,H30341,295.6,306.0,1396,52.4,0,False,2024-01-04T20:42:00
RUN_00929,MACHINE_L,L48108,295.6,306.0,1949,21.9,5,False,2024-01-04T20:48:00
RUN_00930,MACHINE_L,L48109,295.6,306.0,1419,51.1,7,False,2024-01-04T20:54:00
RUN_00931,MACHINE_M,M15790,295.5,305.9,1453,47.3,9,False,2024-01-04T21:00:00
RUN_00932,MACHINE_L,L48111,295.5,305.9,1542,36.2,12,False,2024-01-04T21:06:00
RUN_00933,MACHINE_L,L48112,295.6,306.0,1363,50.0,14,False,2024-01-04T21:12:00
RUN_00934,MACHINE_L,L48113,295.5,306.0,1597,37.2,16,False,2024-01-04T21:18:00
RUN_00935,MACHINE_M,M15794,295.5,306.0,1326,50.8,18,False,2024-01-04T21:24:00
RUN_00936,MACHINE_M,M15795,295.5,306.0,1641,36.6,21,False,2024-01-04T21:30:00
RUN_00937,MACHINE_M,M15796,295.6,306.1,1418,46.2,24,False,2024-01-04T21:36:00
RUN_00938,MACHINE_L,L48117,295.6,306.2,1263,61.8,27,False,2024-01-04T21:42:00
RUN_00939,MACHINE_L,L48118,295.6,306.2,1823,25.8,29,False,2024-01-04T21:48:00
RUN_00940,MACHINE_L,L48119,295.5,306.1,1488,40.7,31,False,2024-01-04T21:54:00
RUN_00941,MACHINE_L,L48120,295.6,306.2,1443,48.9,33,False,2024-01-04T22:00:00
RUN_00942,MACHINE_L,L48121,295.6,306.2,1650,28.2,35,False,2024-01-04T22:06:00
RUN_00943,MACHINE_M,M15802,295.7,306.3,1462,44.3,37,False,2024-01-04T22:12:00
RUN_00944,MACHINE_M,M15803,295.6,306.2,1477,45.0,40,False,2024-01-04T22:18:00
RUN_00945,MACHINE_M,M15804,295.7,306.3,1712,28.5,43,False,2024-01-04T22:24:00
RUN_00946,MACHINE_M,M15805,295.7,306.3,1347,50.4,46,False,2024-01-04T22:30:00
RUN_00947,MACHINE_L,L48126,295.6,306.2,1287,54.8,49,False,2024-01-04T22:36:00
RUN_00948,MACHINE_L,L48127,295.6,306.2,1428,44.5,51,False,2024-01-04T22:42:00
RUN_00949,MACHINE_M,M15808,295.6,306.3,1426,45.5,53,False,2024-01-04T22:48:00
RUN_00950,MACHINE_L,L48129,295.6,306.3,1636,32.7,56,False,2024-01-04T22:54:00
RUN_00951,MACHINE_L,L48130,295.6,306.2,1424,42.5,58,False,2024-01-04T23:00:00
RUN_00952,MACHINE_H,H30365,295.6,306.3,1509,35.8,60,False,2024-01-04T23:06:00
RUN_00953,MACHINE_L,L48132,295.5,306.2,1448,48.9,65,False,2024-01-04T23:12:00
RUN_00954,MACHINE_L,L48133,295.5,306.1,1650,32.8,67,False,2024-01-04T23:18:00
RUN_00955,MACHINE_H,H30368,295.6,306.2,1414,42.5,69,False,2024-01-04T23:24:00
RUN_00956,MACHINE_L,L48135,295.6,306.3,1911,20.9,74,False,2024-01-04T23:30:00
RUN_00957,MACHINE_H,H30370,295.6,306.2,1632,32.2,76,False,2024-01-04T23:36:00
RUN_00958,MACHINE_M,M15817,295.7,306.4,1387,40.1,81,False,2024-01-04T23:42:00
RUN_00959,MACHINE_L,L48138,295.8,306.4,1399,47.6,84,False,2024-01-04T23:48:00
RUN_00960,MACHINE_L,L48139,295.8,306.5,1505,35.2,86,False,2024-01-04T23:54:00
RUN_00961,MACHINE_L,L48140,295.8,306.5,1534,37.9,88,False,2024-01-05T00:00:00
RUN_00962,MACHINE_L,L48141,295.8,306.5,1493,40.5,90,False,2024-01-05T00:06:00
RUN_00963,MACHINE_M,M15822,295.8,306.6,1480,43.2,92,False,2024-01-05T00:12:00
RUN_00964,MACHINE_L,L48143,295.8,306.6,1621,31.6,95,False,2024-01-05T00:18:00
RUN_00965,MACHINE_L,L48144,295.7,306.5,1737,26.2,97,False,2024-01-05T00:24:00
RUN_00966,MACHINE_L,L48145,295.8,306.6,1508,46.5,99,False,2024-01-05T00:30:00
RUN_00967,MACHINE_M,M15826,295.8,306.5,1641,32.2,101,False,2024-01-05T00:36:00
RUN_00968,MACHINE_M,M15827,295.9,306.6,1532,38.6,104,False,2024-01-05T00:42:00
RUN_00969,MACHINE_L,L48148,295.9,306.7,1547,40.9,107,False,2024-01-05T00:48:00
RUN_00970,MACHINE_L,L48149,295.9,306.6,1412,41.0,109,False,2024-01-05T00:54:00
RUN_00971,MACHINE_L,L48150,295.8,306.5,1568,35.1,111,False,2024-01-05T01:00:00
RUN_00972,MACHINE_L,L48151,295.9,306.6,1557,41.1,113,False,2024-01-05T01:06:00
RUN_00973,MACHINE_L,L48152,295.8,306.6,1644,35.2,115,False,2024-01-05T01:12:00
RUN_00974,MACHINE_L,L48153,295.9,306.6,1679,30.4,117,False,2024-01-05T01:18:00
RUN_00975,MACHINE_L,L48154,296.0,306.6,1511,35.2,119,False,2024-01-05T01:24:00
RUN_00976,MACHINE_M,M15835,296.0,306.6,1628,36.8,121,False,2024-01-05T01:30:00
RUN_00977,MACHINE_M,M15836,296.0,306.6,1392,51.3,124,False,2024-01-05T01:36:00
RUN_00978,MACHINE_L,L48157,296.0,306.7,1917,21.0,127,False,2024-01-05T01:42:00
RUN_00979,MACHINE_M,M15838,296.2,306.8,1526,42.3,129,False,2024-01-05T01:48:00
RUN_00980,MACHINE_L,L48159,296.2,306.8,1389,53.3,132,False,2024-01-05T01:54:00
RUN_00981,MACHINE_L,L48160,296.1,306.7,1409,42.8,134,False,2024-01-05T02:00:00
RUN_00982,MACHINE_L,L48161,296.2,306.8,1655,31.1,136,False,2024-01-05T02:06:00
RUN_00983,MACHINE_L,L48162,296.2,306.9,1516,39.1,138,False,2024-01-05T02:12:00
RUN_00984,MACHINE_L,L48163,296.2,306.9,1526,34.9,140,False,2024-01-05T02:18:00
RUN_00985,MACHINE_L,L48164,296.3,307.1,1419,48.6,142,False,2024-01-05T02:24:00
RUN_00986,MACHINE_L,L48165,296.4,307.2,1748,25.3,144,False,2024-01-05T02:30:00
RUN_00987,MACHINE_H,H30400,296.4,307.1,1638,32.5,146,False,2024-01-05T02:36:00
RUN_00988,MACHINE_M,M15847,296.3,307.1,1534,33.8,151,False,2024-01-05T02:42:00
RUN_00989,MACHINE_H,H30402,296.3,307.1,1774,25.9,154,False,2024-01-05T02:48:00
RUN_00990,MACHINE_M,M15849,296.2,307.0,2119,18.3,159,False,2024-01-05T02:54:00
RUN_00991,MACHINE_L,L48170,296.2,307.0,1414,48.3,162,False,2024-01-05T03:00:00
RUN_00992,MACHINE_M,M15851,296.1,307.0,1523,42.0,164,False,2024-01-05T03:06:00
RUN_00993,MACHINE_L,L48172,296.1,307.1,1651,35.7,167,False,2024-01-05T03:12:00
RUN_00994,MACHINE_M,M15853,296.1,307.1,1485,36.0,169,False,2024-01-05T03:18:00
RUN_00995,MACHINE_M,M15854,296.2,307.2,1168,63.4,172,False,2024-01-05T03:24:00
RUN_00996,MACHINE_L,L48175,296.3,307.3,1566,35.8,175,False,2024-01-05T03:30:00
RUN_00997,MACHINE_M,M15856,296.3,307.2,1286,51.1,177,False,2024-01-05T03:36:00
RUN_00998,MACHINE_M,M15857,296.3,307.2,1446,45.9,180,False,2024-01-05T03:42:00
RUN_00999,MACHINE_M,M15858,296.4,307.2,2071,19.4,183,False,2024-01-05T03:48:00
RUN_01000,MACHINE_L,L48179,296.3,307.1,1560,33.2,186,False,2024-01-05T03:54:00
RUN_01001,MACHINE_L,L48180,296.3,307.1,1654,29.6,188,False,2024-01-05T04:00:00
RUN_01002,MACHINE_L,L48181,296.3,307.1,1662,32.9,190,False,2024-01-05T04:06:00
RUN_01003,MACHINE_L,L48182,296.3,307.2,1646,35.0,192,False,2024-01-05T04:12:00
RUN_01004,MACHINE_L,L48183,296.2,307.1,1444,46.7,194,False,2024-01-05T04:18:00
RUN_01005,MACHINE_H,H30418,296.3,307.2,1424,42.0,196,False,2024-01-05T04:24:00
RUN_01006,MACHINE_L,L48185,296.2,307.2,1382,52.0,201,False,2024-01-05T04:30:00
RUN_01007,MACHINE_L,L48186,296.2,307.1,1413,53.4,203,False,2024-01-05T04:36:00
RUN_01008,MACHINE_M,M15867,296.2,307.2,1633,31.1,0,False,2024-01-05T04:42:00
RUN_01009,MACHINE_L,L48188,296.2,307.1,1441,41.7,3,False,2024-01-05T04:48:00
RUN_01010,MACHINE_M,M15869,296.2,307.2,1385,44.0,5,False,2024-01-05T04:54:00
RUN_01011,MACHINE_M,M15870,296.2,307.2,1552,34.8,8,False,2024-01-05T05:00:00
RUN_01012,MACHINE_M,M15871,296.2,307.3,1451,42.8,11,False,2024-01-05T05:06:00
RUN_01013,MACHINE_M,M15872,296.1,307.1,1433,38.5,14,False,2024-01-05T05:12:00
RUN_01014,MACHINE_M,M15873,296.1,307.2,1619,29.7,17,False,2024-01-05T05:18:00
RUN_01015,MACHINE_L,L48194,296.2,307.2,1445,41.8,20,False,2024-01-05T05:24:00
RUN_01016,MACHINE_L,L48195,296.2,307.2,1356,43.6,22,False,2024-01-05T05:30:00
RUN_01017,MACHINE_M,M15876,296.3,307.2,1319,68.3,24,True,2024-01-05T05:36:00
RUN_01018,MACHINE_L,L48197,296.3,307.2,1637,31.6,27,False,2024-01-05T05:42:00
RUN_01019,MACHINE_L,L48198,296.3,307.2,1291,58.6,29,False,2024-01-05T05:48:00
RUN_01020,MACHINE_L,L48199,296.3,307.3,1398,52.7,31,False,2024-01-05T05:54:00
RUN_01021,MACHINE_L,L48200,296.3,307.3,1372,57.7,33,False,2024-01-05T06:00:00
RUN_01022,MACHINE_M,M15881,296.3,307.2,1454,42.5,35,False,2024-01-05T06:06:00
RUN_01023,MACHINE_L,L48202,296.2,307.2,1515,36.5,38,False,2024-01-05T06:12:00
RUN_01024,MACHINE_L,L48203,296.2,307.3,1881,24.3,40,False,2024-01-05T06:18:00
RUN_01025,MACHINE_L,L48204,296.2,307.3,1711,29.9,42,False,2024-01-05T06:24:00
RUN_01026,MACHINE_L,L48205,296.2,307.3,1475,37.0,44,False,2024-01-05T06:30:00
RUN_01027,MACHINE_L,L48206,296.4,307.4,1512,36.8,46,False,2024-01-05T06:36:00
RUN_01028,MACHINE_M,M15887,296.3,307.4,1335,50.5,48,False,2024-01-05T06:42:00
RUN_01029,MACHINE_L,L48208,296.3,307.4,1472,39.9,51,False,2024-01-05T06:48:00
RUN_01030,MACHINE_M,M15889,296.2,307.3,1477,35.2,53,False,2024-01-05T06:54:00
RUN_01031,MACHINE_L,L48210,296.3,307.4,1760,28.4,56,False,2024-01-05T07:00:00
RUN_01032,MACHINE_L,L48211,296.4,307.5,1549,36.1,58,False,2024-01-05T07:06:00
RUN_01033,MACHINE_L,L48212,296.3,307.4,1648,34.0,60,False,2024-01-05T07:12:00
RUN_01034,MACHINE_H,H30447,296.4,307.5,1556,38.0,62,False,2024-01-05T07:18:00
RUN_01035,MACHINE_M,M15894,296.3,307.4,1958,19.1,67,False,2024-01-05T07:24:00
RUN_01036,MACHINE_L,L48215,296.4,307.4,1403,48.4,70,False,2024-01-05T07:30:00
RUN_01037,MACHINE_M,M15896,296.4,307.5,1684,31.4,72,False,2024-01-05T07:36:00
RUN_01038,MACHINE_H,H30451,296.4,307.5,1596,35.1,75,False,2024-01-05T07:42:00
RUN_01039,MACHINE_L,L48218,296.6,307.6,1498,41.1,80,False,2024-01-05T07:48:00
RUN_01040,MACHINE_L,L48219,296.7,307.7,1524,36.8,82,False,2024-01-05T07:54:00
RUN_01041,MACHINE_L,L48220,296.7,307.7,1502,43.9,84,False,2024-01-05T08:00:00
RUN_01042,MACHINE_L,L48221,296.6,307.6,1809,25.1,86,False,2024-01-05T08:06:00
RUN_01043,MACHINE_L,L48222,296.6,307.6,1542,37.4,88,False,2024-01-05T08:12:00
RUN_01044,MACHINE_L,L48223,296.5,307.6,1431,45.2,90,False,2024-01-05T08:18:00
RUN_01045,MACHINE_L,L48224,296.5,307.6,1512,43.6,92,False,2024-01-05T08:24:00
RUN_01046,MACHINE_H,H30459,296.4,307.5,1403,52.8,94,False,2024-01-05T08:30:00
RUN_01047,MACHINE_L,L48226,296.4,307.5,1331,47.8,99,False,2024-01-05T08:36:00
RUN_01048,MACHINE_M,M15907,296.6,307.7,1474,52.6,101,False,2024-01-05T08:42:00
RUN_01049,MACHINE_L,L48228,296.5,307.6,1607,33.5,104,False,2024-01-05T08:48:00
RUN_01050,MACHINE_L,L48229,296.5,307.6,1415,44.2,106,False,2024-01-05T08:54:00
RUN_01051,MACHINE_L,L48230,296.6,307.6,1671,28.8,108,False,2024-01-05T09:00:00
RUN_01052,MACHINE_L,L48231,296.6,307.7,1556,37.7,110,False,2024-01-05T09:06:00
RUN_01053,MACHINE_L,L48232,296.7,307.7,1927,23.9,112,False,2024-01-05T09:12:00
RUN_01054,MACHINE_M,M15913,296.7,307.7,1597,32.1,114,False,2024-01-05T09:18:00
RUN_01055,MACHINE_H,H30468,296.8,307.8,1627,30.5,117,False,2024-01-05T09:24:00
RUN_01056,MACHINE_L,L48235,296.8,307.8,1480,39.4,122,False,2024-01-05T09:30:00
RUN_01057,MACHINE_L,L48236,296.8,307.8,1565,39.5,124,False,2024-01-05T09:36:00
RUN_01058,MACHINE_L,L48237,296.8,307.8,1573,36.4,126,False,2024-01-05T09:42:00
RUN_01059,MACHINE_L,L48238,296.7,307.8,1605,31.3,128,False,2024-01-05T09:48:00
RUN_01060,MACHINE_M,M15919,296.7,307.9,1874,21.3,130,False,2024-01-05T09:54:00
RUN_01061,MACHINE_H,H30474,296.7,307.9,1424,53.8,133,False,2024-01-05T10:00:00
RUN_01062,MACHINE_L,L48241,296.7,307.9,1420,50.1,138,False,2024-01-05T10:06:00
RUN_01063,MACHINE_L,L48242,296.8,307.9,1372,49.0,140,False,2024-01-05T10:12:00
RUN_01064,MACHINE_M,M15923,296.8,307.8,1664,32.8,142,False,2024-01-05T10:18:00
RUN_01065,MACHINE_M,M15924,296.8,307.9,1409,44.3,145,False,2024-01-05T10:24:00
RUN_01066,MACHINE_L,L48245,296.8,307.9,1718,25.2,148,False,2024-01-05T10:30:00
RUN_01067,MACHINE_M,M15926,296.9,307.8,1544,40.3,150,False,2024-01-05T10:36:00
RUN_01068,MACHINE_L,L48247,296.9,307.8,1466,45.7,153,False,2024-01-05T10:42:00
RUN_01069,MACHINE_L,L48248,296.8,307.8,1394,47.7,155,False,2024-01-05T10:48:00
RUN_01070,MACHINE_M,M15929,296.9,307.8,1840,24.6,157,False,2024-01-05T10:54:00
RUN_01071,MACHINE_M,M15930,296.9,307.8,1477,37.2,160,False,2024-01-05T11:00:00
RUN_01072,MACHINE_L,L48251,296.9,307.8,1425,49.1,163,False,2024-01-05T11:06:00
RUN_01073,MACHINE_M,M15932,297.0,307.9,1414,46.2,165,False,2024-01-05T11:12:00
RUN_01074,MACHINE_L,L48253,297.0,307.8,1414,47.5,168,False,2024-01-05T11:18:00
RUN_01075,MACHINE_L,L48254,297.0,307.9,1595,31.7,170,False,2024-01-05T11:24:00
RUN_01076,MACHINE_H,H30489,296.9,307.8,1345,54.5,172,False,2024-01-05T11:30:00
RUN_01077,MACHINE_L,L48256,296.9,307.7,1653,35.9,177,False,2024-01-05T11:36:00
RUN_01078,MACHINE_L,L48257,296.8,307.6,1547,36.5,179,False,2024-01-05T11:42:00
RUN_01079,MACHINE_H,H30492,296.9,307.7,1656,30.8,181,False,2024-01-05T11:48:00
RUN_01080,MACHINE_L,L48259,297.0,307.7,1731,28.5,186,False,2024-01-05T11:54:00
RUN_01081,MACHINE_L,L48260,297.0,307.8,1774,28.0,188,False,2024-01-05T12:00:00
RUN_01082,MACHINE_L,L48261,297.0,307.8,1521,40.2,190,False,2024-01-05T12:06:00
RUN_01083,MACHINE_H,H30496,297.1,307.9,1420,39.8,192,False,2024-01-05T12:12:00
RUN_01084,MACHINE_L,L48263,297.0,307.8,1683,32.3,197,False,2024-01-05T12:18:00
RUN_01085,MACHINE_M,M15944,297.0,307.7,1498,47.1,199,False,2024-01-05T12:24:00
RUN_01086,MACHINE_L,L48265,297.0,307.8,1385,56.4,202,True,2024-01-05T12:30:00
RUN_01087,MACHINE_L,L48266,297.0,307.9,1455,49.0,204,False,2024-01-05T12:36:00
RUN_01088,MACHINE_H,H30501,296.9,307.8,1549,35.8,206,True,2024-01-05T12:42:00
RUN_01089,MACHINE_M,M15948,296.9,307.8,1392,43.9,0,False,2024-01-05T12:48:00
RUN_01090,MACHINE_M,M15949,296.9,307.7,2008,17.5,3,False,2024-01-05T12:54:00
RUN_01091,MACHINE_L,L48270,296.9,307.7,1464,41.4,6,False,2024-01-05T13:00:00
RUN_01092,MACHINE_L,L48271,297.0,307.7,1447,46.4,8,False,2024-01-05T13:06:00
RUN_01093,MACHINE_M,M15952,296.9,307.6,1685,32.0,10,False,2024-01-05T13:12:00
RUN_01094,MACHINE_M,M15953,296.8,307.5,1443,39.2,13,False,2024-01-05T13:18:00
RUN_01095,MACHINE_L,L48274,296.9,307.5,1354,44.4,16,False,2024-01-05T13:24:00
RUN_01096,MACHINE_L,L48275,296.9,307.5,2721,9.3,18,True,2024-01-05T13:30:00
RUN_01097,MACHINE_L,L48276,297.0,307.6,1680,35.8,20,False,2024-01-05T13:36:00
RUN_01098,MACHINE_H,H30511,296.9,307.5,1397,48.3,22,False,2024-01-05T13:42:00
RUN_01099,MACHINE_M,M15958,296.9,307.4,1521,37.9,27,False,2024-01-05T13:48:00
RUN_01100,MACHINE_M,M15959,296.8,307.4,1472,43.9,30,False,2024-01-05T13:54:00
RUN_01101,MACHINE_H,H30514,296.8,307.5,1695,30.0,33,False,2024-01-05T14:00:00
RUN_01102,MACHINE_H,H30515,296.7,307.5,1607,33.6,38,False,2024-01-05T14:06:00
RUN_01103,MACHINE_L,L48282,296.8,307.5,1347,54.8,43,False,2024-01-05T14:12:00
RUN_01104,MACHINE_M,M15963,296.7,307.4,1540,38.7,45,False,2024-01-05T14:18:00
RUN_01105,MACHINE_L,L48284,296.6,307.4,1389,42.7,48,False,2024-01-05T14:24:00
RUN_01106,MACHINE_M,M15965,296.6,307.5,1734,27.0,50,False,2024-01-05T14:30:00
RUN_01107,MACHINE_L,L48286,296.7,307.6,1540,38.6,53,False,2024-01-05T14:36:00
RUN_01108,MACHINE_M,M15967,296.7,307.5,1515,42.1,55,False,2024-01-05T14:42:00
RUN_01109,MACHINE_L,L48288,296.6,307.4,1504,45.8,58,False,2024-01-05T14:48:00
RUN_01110,MACHINE_L,L48289,296.6,307.5,1557,35.1,60,False,2024-01-05T14:54:00
RUN_01111,MACHINE_L,L48290,296.5,307.4,1292,52.5,62,False,2024-01-05T15:00:00
RUN_01112,MACHINE_H,H30525,296.5,307.4,1432,49.2,64,False,2024-01-05T15:06:00
RUN_01113,MACHINE_M,M15972,296.5,307.4,1350,55.6,69,False,2024-01-05T15:12:00
RUN_01114,MACHINE_M,M15973,296.6,307.4,1790,25.8,72,False,2024-01-05T15:18:00
RUN_01115,MACHINE_H,H30528,296.4,307.3,1540,37.4,75,False,2024-01-05T15:24:00
RUN_01116,MACHINE_M,M15975,296.4,307.3,2077,19.1,80,False,2024-01-05T15:30:00
RUN_01117,MACHINE_L,L48296,296.4,307.3,1487,37.5,83,False,2024-01-05T15:36:00
RUN_01118,MACHINE_L,L48297,296.5,307.4,1523,40.7,85,False,2024-01-05T15:42:00
RUN_01119,MACHINE_L,L48298,296.5,307.5,1443,41.8,87,False,2024-01-05T15:48:00
RUN_01120,MACHINE_L,L48299,296.5,307.5,1340,59.1,89,False,2024-01-05T15:54:00
RUN_01121,MACHINE_H,H30534,296.6,307.7,1654,31.0,91,False,2024-01-05T16:00:00
RUN_01122,MACHINE_L,L48301,296.6,307.6,1459,40.2,96,False,2024-01-05T16:06:00
RUN_01123,MACHINE_L,L48302,296.5,307.6,1541,38.5,98,False,2024-01-05T16:12:00
RUN_01124,MACHINE_H,H30537,296.6,307.7,1386,62.3,100,True,2024-01-05T16:18:00
RUN_01125,MACHINE_M,M15984,296.7,307.8,1258,69.0,105,True,2024-01-05T16:24:00
RUN_01126,MACHINE_M,M15985,296.7,307.8,1375,51.4,108,False,2024-01-05T16:30:00
RUN_01127,MACHINE_L,L48306,296.8,307.9,1706,30.8,111,False,2024-01-05T16:36:00
RUN_01128,MACHINE_M,M15987,296.7,307.8,1672,32.4,113,False,2024-01-05T16:42:00
RUN_01129,MACHINE_M,M15988,296.8,307.9,1843,25.2,116,False,2024-01-05T16:48:00
RUN_01130,MACHINE_L,L48309,296.7,307.9,1690,29.6,119,False,2024-01-05T16:54:00
RUN_01131,MACHINE_L,L48310,296.8,307.9,1413,46.5,121,False,2024-01-05T17:00:00
RUN_01132,MACHINE_L,L48311,296.8,307.9,1489,33.4,123,False,2024-01-05T17:06:00
RUN_01133,MACHINE_L,L48312,296.8,307.9,1271,61.4,125,False,2024-01-05T17:12:00
RUN_01134,MACHINE_M,M15993,296.8,307.9,1418,47.9,127,False,2024-01-05T17:18:00
RUN_01135,MACHINE_M,M15994,296.9,307.8,1426,50.7,130,False,2024-01-05T17:24:00
RUN_01136,MACHINE_L,L48315,296.9,307.9,1535,39.2,133,False,2024-01-05T17:30:00
RUN_01137,MACHINE_L,L48316,296.9,307.8,1557,38.1,135,False,2024-01-05T17:36:00
RUN_01138,MACHINE_L,L48317,296.9,307.8,1653,29.7,137,False,2024-01-05T17:42:00
RUN_01139,MACHINE_L,L48318,296.9,307.9,1435,41.6,139,False,2024-01-05T17:48:00
RUN_01140,MACHINE_M,M15999,297.0,307.9,1569,33.3,141,False,2024-01-05T17:54:00
RUN_01141,MACHINE_M,M16000,296.9,307.9,1385,44.8,144,False,2024-01-05T18:00:00
RUN_01142,MACHINE_L,L48321,297.0,307.9,1635,31.6,147,False,2024-01-05T18:06:00
RUN_01143,MACHINE_L,L48322,296.9,307.9,1423,43.9,149,False,2024-01-05T18:12:00
RUN_01144,MACHINE_L,L48323,297.0,307.9,1479,39.2,151,False,2024-01-05T18:18:00
RUN_01145,MACHINE_L,L48324,297.0,307.9,1296,69.1,153,True,2024-01-05T18:24:00
RUN_01146,MACHINE_L,L48325,297.0,307.8,1553,33.3,155,False,2024-01-05T18:30:00
RUN_01147,MACHINE_L,L48326,297.0,307.9,1529,42.2,157,False,2024-01-05T18:36:00
RUN_01148,MACHINE_M,M16007,297.1,308.0,1690,25.6,159,False,2024-01-05T18:42:00
RUN_01149,MACHINE_L,L48328,297.1,308.0,1348,58.0,162,False,2024-01-05T18:48:00
RUN_01150,MACHINE_L,L48329,297.2,308.1,1446,38.5,164,False,2024-01-05T18:54:00
RUN_01151,MACHINE_L,L48330,297.1,307.9,1456,50.0,166,False,2024-01-05T19:00:00
RUN_01152,MACHINE_L,L48331,297.0,307.9,1350,47.7,168,False,2024-01-05T19:06:00
RUN_01153,MACHINE_L,L48332,297.1,307.9,1507,38.3,170,False,2024-01-05T19:12:00
RUN_01154,MACHINE_H,H30567,297.0,307.9,1448,45.6,172,False,2024-01-05T19:18:00
RUN_01155,MACHINE_L,L48334,296.9,307.9,1626,29.9,177,False,2024-01-05T19:24:00
RUN_01156,MACHINE_H,H30569,297.0,307.9,1846,27.3,179,False,2024-01-05T19:30:00
RUN_01157,MACHINE_H,H30570,297.0,307.8,1404,40.7,184,False,2024-01-05T19:36:00
RUN_01158,MACHINE_L,L48337,297.0,307.8,1583,37.2,189,False,2024-01-05T19:42:00
RUN_01159,MACHINE_L,L48338,297.0,307.9,1436,47.7,191,False,2024-01-05T19:48:00
RUN_01160,MACHINE_L,L48339,297.0,307.8,1609,35.6,193,False,2024-01-05T19:54:00
RUN_01161,MACHINE_H,H30574,297.0,307.7,1834,23.8,195,False,2024-01-05T20:00:00
RUN_01162,MACHINE_L,L48341,297.0,307.8,1316,61.2,200,True,2024-01-05T20:06:00
RUN_01163,MACHINE_L,L48342,296.9,307.8,1400,57.1,202,True,2024-01-05T20:12:00
RUN_01164,MACHINE_L,L48343,296.9,307.9,1367,47.1,204,False,2024-01-05T20:18:00
RUN_01165,MACHINE_L,L48344,297.1,308.1,1754,30.3,206,False,2024-01-05T20:24:00
RUN_01166,MACHINE_L,L48345,297.1,308.1,1487,34.6,208,False,2024-01-05T20:30:00
RUN_01167,MACHINE_M,M16026,297.1,308.1,1506,37.7,210,False,2024-01-05T20:36:00
RUN_01168,MACHINE_L,L48347,297.0,308.1,1362,52.5,213,True,2024-01-05T20:42:00
RUN_01169,MACHINE_L,L48348,297.1,308.1,1584,36.8,215,False,2024-01-05T20:48:00
RUN_01170,MACHINE_L,L48349,297.0,308.1,1355,43.7,217,False,2024-01-05T20:54:00
RUN_01171,MACHINE_M,M16030,297.1,308.1,1823,24.3,219,False,2024-01-05T21:00:00
RUN_01172,MACHINE_H,H30585,297.0,308.1,1517,41.4,222,False,2024-01-05T21:06:00
RUN_01173,MACHINE_L,L48352,297.1,308.1,1446,36.6,227,False,2024-01-05T21:12:00
RUN_01174,MACHINE_H,H30587,297.1,308.0,1559,38.8,229,False,2024-01-05T21:18:00
RUN_01175,MACHINE_M,M16034,297.1,308.1,1352,44.4,0,False,2024-01-05T21:24:00
RUN_01176,MACHINE_M,M16035,297.2,308.3,1578,37.8,3,False,2024-01-05T21:30:00
RUN_01177,MACHINE_M,M16036,297.2,308.3,1429,42.0,6,False,2024-01-05T21:36:00
RUN_01178,MACHINE_M,M16037,297.2,308.3,1604,39.4,9,False,2024-01-05T21:42:00
RUN_01179,MACHINE_L,L48358,297.3,308.5,1398,60.4,12,False,2024-01-05T21:48:00
RUN_01180,MACHINE_L,L48359,297.3,308.4,1441,43.4,14,False,2024-01-05T21:54:00
RUN_01181,MACHINE_H,H30594,297.3,308.4,1531,35.6,16,False,2024-01-05T22:00:00
RUN_01182,MACHINE_L,L48361,297.2,308.3,1379,52.1,21,False,2024-01-05T22:06:00
RUN_01183,MACHINE_L,L48362,297.3,308.3,1410,48.1,23,False,2024-01-05T22:12:00
RUN_01184,MACHINE_L,L48363,297.3,308.4,1513,40.5,25,False,2024-01-05T22:18:00
RUN_01185,MACHINE_L,L48364,297.3,308.5,1497,47.5,27,False,2024-01-05T22:24:00
RUN_01186,MACHINE_L,L48365,297.3,308.4,1491,46.5,29,False,2024-01-05T22:30:00
RUN_01187,MACHINE_L,L48366,297.3,308.4,1417,47.8,31,False,2024-01-05T22:36:00
RUN_01188,MACHINE_M,M16047,297.4,308.6,1522,38.0,33,False,2024-01-05T22:42:00
RUN_01189,MACHINE_L,L48368,297.3,308.4,1339,52.1,36,False,2024-01-05T22:48:00
RUN_01190,MACHINE_M,M16049,297.2,308.3,1794,27.5,38,False,2024-01-05T22:54:00
RUN_01191,MACHINE_L,L48370,297.2,308.4,1460,42.1,41,False,2024-01-05T23:00:00
RUN_01192,MACHINE_M,M16051,297.2,308.3,1776,28.0,43,False,2024-01-05T23:06:00
RUN_01193,MACHINE_M,M16052,297.2,308.3,1431,43.7,46,False,2024-01-05T23:12:00
RUN_01194,MACHINE_L,L48373,297.1,308.2,1347,50.8,49,False,2024-01-05T23:18:00
RUN_01195,MACHINE_M,M16054,297.0,308.1,1507,43.1,51,False,2024-01-05T23:24:00
RUN_01196,MACHINE_M,M16055,297.0,308.0,1408,47.9,54,False,2024-01-05T23:30:00
RUN_01197,MACHINE_M,M16056,297.0,307.9,1493,34.7,57,False,2024-01-05T23:36:00
RUN_01198,MACHINE_M,M16057,296.9,307.9,1441,47.6,60,False,2024-01-05T23:42:00
RUN_01199,MACHINE_H,H30612,296.9,307.9,1557,36.5,63,False,2024-01-05T23:48:00
RUN_01200,MACHINE_M,M16059,296.9,307.9,1979,20.4,68,False,2024-01-05T23:54:00
RUN_01201,MACHINE_M,M16060,296.9,308.0,1430,55.9,71,False,2024-01-06T00:00:00
RUN_01202,MACHINE_L,L48381,296.9,308.0,1658,41.0,74,False,2024-01-06T00:06:00
RUN_01203,MACHINE_M,M16062,297.0,308.1,1355,51.4,76,False,2024-01-06T00:12:00
RUN_01204,MACHINE_H,H30617,297.0,308.1,1410,47.6,79,False,2024-01-06T00:18:00
RUN_01205,MACHINE_L,L48384,296.9,308.0,1521,34.5,84,False,2024-01-06T00:24:00
RUN_01206,MACHINE_L,L48385,296.8,308.0,1371,54.5,86,False,2024-01-06T00:30:00
RUN_01207,MACHINE_H,H30620,296.9,308.0,1318,53.5,88,False,2024-01-06T00:36:00
RUN_01208,MACHINE_M,M16067,297.0,308.1,1573,34.9,93,False,2024-01-06T00:42:00
RUN_01209,MACHINE_L,L48388,297.0,308.1,1489,44.1,96,False,2024-01-06T00:48:00
RUN_01210,MACHINE_H,H30623,297.0,308.1,2540,13.3,98,False,2024-01-06T00:54:00
RUN_01211,MACHINE_L,L48390,297.0,308.1,1537,39.0,103,False,2024-01-06T01:00:00
RUN_01212,MACHINE_H,H30625,296.9,308.0,1416,46.9,105,False,2024-01-06T01:06:00
RUN_01213,MACHINE_L,L48392,296.9,307.9,1359,56.5,110,False,2024-01-06T01:12:00
RUN_01214,MACHINE_M,M16073,296.8,307.8,1551,38.9,112,False,2024-01-06T01:18:00
RUN_01215,MACHINE_M,M16074,296.8,307.8,1694,33.0,115,False,2024-01-06T01:24:00
RUN_01216,MACHINE_L,L48395,296.8,307.9,1709,28.4,118,False,2024-01-06T01:30:00
RUN_01217,MACHINE_L,L48396,296.9,308.0,1514,41.0,120,False,2024-01-06T01:36:00
RUN_01218,MACHINE_L,L48397,297.0,308.1,1455,43.5,122,False,2024-01-06T01:42:00
RUN_01219,MACHINE_M,M16078,297.0,308.2,1702,30.7,124,False,2024-01-06T01:48:00
RUN_01220,MACHINE_M,M16079,296.9,308.1,1357,41.8,127,False,2024-01-06T01:54:00
RUN_01221,MACHINE_L,L48400,297.0,308.2,1577,29.4,130,False,2024-01-06T02:00:00
RUN_01222,MACHINE_M,M16081,297.0,308.3,1399,46.4,132,False,2024-01-06T02:06:00
RUN_01223,MACHINE_L,L48402,297.0,308.3,1399,59.0,135,False,2024-01-06T02:12:00
RUN_01224,MACHINE_L,L48403,297.0,308.3,1492,48.1,137,False,2024-01-06T02:18:00
RUN_01225,MACHINE_L,L48404,297.1,308.3,1763,25.7,139,False,2024-01-06T02:24:00
RUN_01226,MACHINE_H,H30639,297.1,308.3,1492,41.5,141,False,2024-01-06T02:30:00
RUN_01227,MACHINE_L,L48406,297.1,308.4,1488,42.5,146,False,2024-01-06T02:36:00
RUN_01228,MACHINE_L,L48407,297.1,308.4,1422,42.1,148,False,2024-01-06T02:42:00
RUN_01229,MACHINE_M,M16088,297.1,308.4,1583,38.2,150,False,2024-01-06T02:48:00
RUN_01230,MACHINE_L,L48409,297.1,308.4,1304,53.5,153,False,2024-01-06T02:54:00
RUN_01231,MACHINE_M,M16090,297.1,308.4,1880,23.5,155,False,2024-01-06T03:00:00
RUN_01232,MACHINE_M,M16091,297.2,308.5,1604,40.7,158,False,2024-01-06T03:06:00
RUN_01233,MACHINE_L,L48412,297.2,308.6,1500,37.1,161,False,2024-01-06T03:12:00
RUN_01234,MACHINE_M,M16093,297.2,308.5,1364,55.6,163,False,2024-01-06T03:18:00
RUN_01235,MACHINE_H,H30648,297.2,308.5,2440,14.0,166,False,2024-01-06T03:24:00
RUN_01236,MACHINE_H,H30649,297.1,308.4,1654,31.4,171,False,2024-01-06T03:30:00
RUN_01237,MACHINE_H,H30650,297.1,308.4,1359,46.6,176,False,2024-01-06T03:36:00
RUN_01238,MACHINE_M,M16097,297.1,308.4,1502,37.3,181,False,2024-01-06T03:42:00
RUN_01239,MACHINE_M,M16098,297.1,308.4,1615,32.6,184,False,2024-01-06T03:48:00
RUN_01240,MACHINE_H,H30653,297.2,308.5,1482,39.3,187,False,2024-01-06T03:54:00
RUN_01241,MACHINE_L,L48420,297.2,308.6,1636,31.3,192,False,2024-01-06T04:00:00
RUN_01242,MACHINE_M,M16101,297.1,308.5,1621,32.4,194,False,2024-01-06T04:06:00
RUN_01243,MACHINE_L,L48422,297.1,308.4,1468,44.4,197,False,2024-01-06T04:12:00
RUN_01244,MACHINE_M,M16103,297.1,308.4,1432,53.4,199,False,2024-01-06T04:18:00
RUN_01245,MACHINE_L,L48424,297.1,308.4,1726,28.4,202,False,2024-01-06T04:24:00
RUN_01246,MACHINE_M,M16105,297.1,308.4,1588,33.4,204,False,2024-01-06T04:30:00
RUN_01247,MACHINE_H,H30660,297.2,308.5,1653,33.3,207,False,2024-01-06T04:36:00
RUN_01248,MACHINE_L,L48427,297.2,308.5,1513,42.9,212,False,2024-01-06T04:42:00
RUN_01249,MACHINE_L,L48428,297.2,308.6,1489,40.2,214,False,2024-01-06T04:48:00
RUN_01250,MACHINE_L,L48429,297.3,308.7,1467,36.8,216,False,2024-01-06T04:54:00
RUN_01251,MACHINE_L,L48430,297.3,308.7,1549,36.1,218,False,2024-01-06T05:00:00
RUN_01252,MACHINE_M,M16111,297.4,308.8,1359,48.7,220,False,2024-01-06T05:06:00
RUN_01253,MACHINE_L,L48432,297.5,308.8,1533,41.5,223,False,2024-01-06T05:12:00
RUN_01254,MACHINE_L,L48433,297.5,308.8,1309,57.3,0,False,2024-01-06T05:18:00
RUN_01255,MACHINE_H,H30668,297.5,308.8,1430,49.4,2,False,2024-01-06T05:24:00
RUN_01256,MACHINE_H,H30669,297.5,308.9,1419,50.7,7,False,2024-01-06T05:30:00
RUN_01257,MACHINE_M,M16116,297.5,308.9,1535,37.7,12,False,2024-01-06T05:36:00
RUN_01258,MACHINE_L,L48437,297.5,308.9,1466,43.0,15,False,2024-01-06T05:42:00
RUN_01259,MACHINE_L,L48438,297.5,308.9,1427,50.4,17,False,2024-01-06T05:48:00
RUN_01260,MACHINE_M,M16119,297.5,308.9,1280,48.5,19,False,2024-01-06T05:54:00
RUN_01261,MACHINE_L,L48440,297.6,309.0,1528,33.8,22,False,2024-01-06T06:00:00
RUN_01262,MACHINE_H,H30675,297.6,309.0,1885,25.2,24,False,2024-01-06T06:06:00
RUN_01263,MACHINE_H,H30676,297.8,309.2,1648,33.0,29,False,2024-01-06T06:12:00
RUN_01264,MACHINE_L,L48443,297.8,309.2,1400,56.9,34,False,2024-01-06T06:18:00
RUN_01265,MACHINE_M,M16124,297.8,309.3,2243,15.7,36,False,2024-01-06T06:24:00
RUN_01266,MACHINE_L,L48445,297.9,309.4,1558,35.7,39,False,2024-01-06T06:30:00
RUN_01267,MACHINE_L,L48446,298.0,309.6,1633,34.8,41,False,2024-01-06T06:36:00
RUN_01268,MACHINE_M,M16127,298.1,309.6,1549,38.7,43,False,2024-01-06T06:42:00
RUN_01269,MACHINE_L,L48448,298.0,309.5,1496,45.8,46,False,2024-01-06T06:48:00
RUN_01270,MACHINE_L,L48449,298.1,309.5,1467,41.8,48,False,2024-01-06T06:54:00
RUN_01271,MACHINE_M,M16130,298.0,309.4,1276,65.9,50,False,2024-01-06T07:00:00
RUN_01272,MACHINE_H,H30685,298.0,309.4,1490,40.5,53,False,2024-01-06T07:06:00
RUN_01273,MACHINE_H,H30686,298.0,309.4,1562,38.1,58,False,2024-01-06T07:12:00
RUN_01274,MACHINE_L,L48453,298.1,309.4,1397,48.2,63,False,2024-01-06T07:18:00
RUN_01275,MACHINE_H,H30688,298.1,309.5,1530,40.2,65,False,2024-01-06T07:24:00
RUN_01276,MACHINE_M,M16135,298.1,309.4,1362,47.6,70,False,2024-01-06T07:30:00
RUN_01277,MACHINE_M,M16136,298.2,309.4,1693,34.4,73,False,2024-01-06T07:36:00
RUN_01278,MACHINE_M,M16137,298.2,309.4,1408,46.5,76,False,2024-01-06T07:42:00
RUN_01279,MACHINE_L,L48458,298.2,309.4,1398,52.9,79,False,2024-01-06T07:48:00
RUN_01280,MACHINE_M,M16139,298.3,309.6,1531,40.1,81,False,2024-01-06T07:54:00
RUN_01281,MACHINE_H,H30694,298.3,309.5,1521,37.1,84,False,2024-01-06T08:00:00
RUN_01282,MACHINE_H,H30695,298.3,309.5,1427,54.3,89,False,2024-01-06T08:06:00
RUN_01283,MACHINE_L,L48462,298.3,309.4,1546,36.1,94,False,2024-01-06T08:12:00
RUN_01284,MACHINE_L,L48463,298.3,309.4,1356,45.4,96,False,2024-01-06T08:18:00
RUN_01285,MACHINE_L,L48464,298.4,309.5,2153,15.3,98,True,2024-01-06T08:24:00
RUN_01286,MACHINE_M,M16145,298.5,309.6,1492,41.7,100,False,2024-01-06T08:30:00
RUN_01287,MACHINE_L,L48466,298.5,309.6,1582,40.3,103,False,2024-01-06T08:36:00
RUN_01288,MACHINE_L,L48467,298.5,309.6,1419,41.5,105,False,2024-01-06T08:42:00
RUN_01289,MACHINE_M,M16148,298.5,309.6,1441,48.2,107,False,2024-01-06T08:48:00
RUN_01290,MACHINE_M,M16149,298.6,309.7,1635,32.2,110,False,2024-01-06T08:54:00
RUN_01291,MACHINE_L,L48470,298.6,309.7,1429,45.8,113,False,2024-01-06T09:00:00
RUN_01292,MACHINE_M,M16151,298.6,309.7,1675,28.4,115,False,2024-01-06T09:06:00
RUN_01293,MACHINE_M,M16152,298.7,309.7,1868,23.8,118,False,2024-01-06T09:12:00
RUN_01294,MACHINE_H,H30707,298.7,309.8,1582,33.4,121,False,2024-01-06T09:18:00
RUN_01295,MACHINE_L,L48474,298.8,309.9,1486,40.3,126,False,2024-01-06T09:24:00
RUN_01296,MACHINE_L,L48475,298.7,309.8,1402,54.3,128,False,2024-01-06T09:30:00
RUN_01297,MACHINE_L,L48476,298.7,309.9,1621,34.1,130,False,2024-01-06T09:36:00
RUN_01298,MACHINE_L,L48477,298.8,309.9,1428,42.4,132,False,2024-01-06T09:42:00
RUN_01299,MACHINE_M,M16158,298.7,309.8,1343,53.6,134,False,2024-01-06T09:48:00
RUN_01300,MACHINE_M,M16159,298.7,309.9,1458,40.2,137,False,2024-01-06T09:54:00
RUN_01301,MACHINE_L,L48480,298.7,309.8,1322,57.0,140,False,2024-01-06T10:00:00
RUN_01302,MACHINE_L,L48481,298.7,309.9,1483,32.8,142,False,2024-01-06T10:06:00
RUN_01303,MACHINE_L,L48482,298.6,309.8,1505,45.7,144,False,2024-01-06T10:12:00
RUN_01304,MACHINE_L,L48483,298.7,309.9,1593,42.5,146,False,2024-01-06T10:18:00
RUN_01305,MACHINE_L,L48484,298.8,310.0,2098,19.6,148,False,2024-01-06T10:24:00
RUN_01306,MACHINE_L,L48485,298.8,310.0,1672,30.4,150,False,2024-01-06T10:30:00
RUN_01307,MACHINE_L,L48486,298.8,310.0,1487,41.4,152,False,2024-01-06T10:36:00
RUN_01308,MACHINE_L,L48487,298.8,310.0,1423,42.1,154,False,2024-01-06T10:42:00
RUN_01309,MACHINE_L,L48488,298.9,310.1,1750,25.0,156,False,2024-01-06T10:48:00
RUN_01310,MACHINE_L,L48489,298.9,310.2,1654,31.1,158,False,2024-01-06T10:54:00
RUN_01311,MACHINE_L,L48490,298.9,310.2,1498,50.2,160,False,2024-01-06T11:00:00
RUN_01312,MACHINE_L,L48491,298.9,310.1,1587,30.2,162,False,2024-01-06T11:06:00
RUN_01313,MACHINE_L,L48492,298.9,310.1,1473,42.6,164,False,2024-01-06T11:12:00
RUN_01314,MACHINE_L,L48493,298.9,310.2,1359,56.9,166,False,2024-01-06T11:18:00
RUN_01315,MACHINE_M,M16174,299.0,310.3,1635,34.5,168,False,2024-01-06T11:24:00
RUN_01316,MACHINE_L,L48495,299.0,310.3,1520,45.0,171,False,2024-01-06T11:30:00
RUN_01317,MACHINE_L,L48496,299.0,310.3,1507,36.7,173,False,2024-01-06T11:36:00
RUN_01318,MACHINE_L,L48497,299.0,310.3,1428,46.3,175,False,2024-01-06T11:42:00
RUN_01319,MACHINE_M,M16178,299.0,310.3,1582,33.3,177,False,2024-01-06T11:48:00
RUN_01320,MACHINE_L,L48499,299.0,310.3,1929,24.4,180,False,2024-01-06T11:54:00
RUN_01321,MACHINE_M,M16180,299.0,310.3,1540,38.1,182,False,2024-01-06T12:00:00
RUN_01322,MACHINE_L,L48501,298.9,310.2,1362,53.0,185,False,2024-01-06T12:06:00
RUN_01323,MACHINE_H,H30736,298.9,310.1,1452,49.9,187,False,2024-01-06T12:12:00
RUN_01324,MACHINE_L,L48503,298.9,310.1,1361,51.7,192,False,2024-01-06T12:18:00
RUN_01325,MACHINE_M,M16184,298.8,310.1,1243,74.5,194,True,2024-01-06T12:24:00
RUN_01326,MACHINE_H,H30739,298.8,310.1,1567,36.8,197,False,2024-01-06T12:30:00
RUN_01327,MACHINE_L,L48506,298.9,310.2,1411,46.5,202,False,2024-01-06T12:36:00
RUN_01328,MACHINE_L,L48507,298.8,310.2,1814,26.8,204,False,2024-01-06T12:42:00
RUN_01329,MACHINE_M,M16188,298.8,310.1,1719,28.8,206,False,2024-01-06T12:48:00
RUN_01330,MACHINE_H,H30743,298.8,310.2,1663,30.4,209,False,2024-01-06T12:54:00
RUN_01331,MACHINE_L,L48510,298.9,310.2,1696,30.2,214,False,2024-01-06T13:00:00
RUN_01332,MACHINE_H,H30745,298.9,310.2,1771,26.8,216,False,2024-01-06T13:06:00
RUN_01333,MACHINE_L,L48512,299.0,310.3,1868,24.0,221,False,2024-01-06T13:12:00
RUN_01334,MACHINE_M,M16193,299.0,310.3,1558,35.4,223,False,2024-01-06T13:18:00
RUN_01335,MACHINE_L,L48514,299.0,310.4,1365,49.1,226,True,2024-01-06T13:24:00
RUN_01336,MACHINE_L,L48515,299.0,310.4,1371,53.8,228,True,2024-01-06T13:30:00
RUN_01337,MACHINE_L,L48516,298.9,310.3,1583,32.6,230,False,2024-01-06T13:36:00
RUN_01338,MACHINE_H,H30751,298.7,310.2,1613,36.0,0,False,2024-01-06T13:42:00
RUN_01339,MACHINE_L,L48518,298.6,310.1,1721,27.2,5,False,2024-01-06T13:48:00
RUN_01340,MACHINE_M,M16199,298.6,310.2,1668,31.5,7,False,2024-01-06T13:54:00
RUN_01341,MACHINE_L,L48520,298.6,310.2,1569,36.3,10,False,2024-01-06T14:00:00
RUN_01342,MACHINE_M,M16201,298.6,310.2,1328,50.5,12,False,2024-01-06T14:06:00
RUN_01343,MACHINE_M,M16202,298.6,310.1,1596,33.0,15,False,2024-01-06T14:12:00
RUN_01344,MACHINE_L,L48523,298.5,310.2,1676,32.7,18,False,2024-01-06T14:18:00
RUN_01345,MACHINE_L,L48524,298.5,310.1,1809,28.9,20,False,2024-01-06T14:24:00
RUN_01346,MACHINE_L,L48525,298.5,310.0,1804,26.1,22,False,2024-01-06T14:30:00
RUN_01347,MACHINE_L,L48526,298.6,310.1,1533,33.9,24,False,2024-01-06T14:36:00
RUN_01348,MACHINE_L,L48527,298.7,310.2,1717,27.3,26,False,2024-01-06T14:42:00
RUN_01349,MACHINE_L,L48528,298.7,310.2,1363,45.5,28,False,2024-01-06T14:48:00
RUN_01350,MACHINE_L,L48529,298.7,310.2,1402,45.9,30,False,2024-01-06T14:54:00
RUN_01351,MACHINE_L,L48530,298.7,310.2,1436,47.5,32,False,2024-01-06T15:00:00
RUN_01352,MACHINE_L,L48531,298.7,310.2,1525,43.7,34,False,2024-01-06T15:06:00
RUN_01353,MACHINE_M,M16212,298.7,310.2,1598,33.3,36,False,2024-01-06T15:12:00
RUN_01354,MACHINE_M,M16213,298.6,310.1,1444,48.1,39,False,2024-01-06T15:18:00
RUN_01355,MACHINE_L,L48534,298.6,310.0,1334,48.0,42,False,2024-01-06T15:24:00
RUN_01356,MACHINE_M,M16215,298.6,310.0,1681,35.5,44,False,2024-01-06T15:30:00
RUN_01357,MACHINE_L,L48536,298.6,309.9,1593,37.4,47,False,2024-01-06T15:36:00
RUN_01358,MACHINE_L,L48537,298.6,309.9,1461,45.7,49,False,2024-01-06T15:42:00
RUN_01359,MACHINE_M,M16218,298.7,310.1,1693,31.9,51,False,2024-01-06T15:48:00
RUN_01360,MACHINE_L,L48539,298.7,310.2,1404,50.3,54,False,2024-01-06T15:54:00
RUN_01361,MACHINE_H,H30774,298.8,310.2,1707,27.6,56,False,2024-01-06T16:00:00
RUN_01362,MACHINE_M,M16221,298.6,310.1,1458,41.9,61,False,2024-01-06T16:06:00
RUN_01363,MACHINE_L,L48542,298.6,310.0,1517,41.2,64,False,2024-01-06T16:12:00
RUN_01364,MACHINE_L,L48543,298.7,310.1,1433,54.6,66,False,2024-01-06T16:18:00
RUN_01365,MACHINE_L,L48544,298.7,310.2,1566,33.1,68,False,2024-01-06T16:24:00
RUN_01366,MACHINE_L,L48545,298.7,310.1,1676,33.5,70,False,2024-01-06T16:30:00
RUN_01367,MACHINE_M,M16226,298.7,310.1,1368,56.8,72,False,2024-01-06T16:36:00
RUN_01368,MACHINE_M,M16227,298.8,310.2,1581,37.5,75,False,2024-01-06T16:42:00
RUN_01369,MACHINE_H,H30782,298.8,310.3,1708,27.1,78,False,2024-01-06T16:48:00
RUN_01370,MACHINE_M,M16229,298.7,310.3,1481,41.5,83,False,2024-01-06T16:54:00
RUN_01371,MACHINE_L,L48550,298.7,310.3,1451,40.0,86,False,2024-01-06T17:00:00
RUN_01372,MACHINE_M,M16231,298.7,310.3,1495,38.7,88,False,2024-01-06T17:06:00
RUN_01373,MACHINE_M,M16232,298.8,310.3,1573,41.8,91,False,2024-01-06T17:12:00
RUN_01374,MACHINE_M,M16233,298.8,310.3,1366,59.0,94,False,2024-01-06T17:18:00
RUN_01375,MACHINE_L,L48554,298.8,310.3,1553,36.8,97,False,2024-01-06T17:24:00
RUN_01376,MACHINE_M,M16235,298.8,310.3,1528,37.1,99,False,2024-01-06T17:30:00
RUN_01377,MACHINE_M,M16236,298.8,310.2,1527,31.2,102,False,2024-01-06T17:36:00
RUN_01378,MACHINE_L,L48557,298.8,310.2,1461,46.7,105,False,2024-01-06T17:42:00
RUN_01379,MACHINE_H,H30792,298.8,310.2,1455,44.9,107,False,2024-01-06T17:48:00
RUN_01380,MACHINE_L,L48559,298.7,310.1,1620,34.8,112,False,2024-01-06T17:54:00
RUN_01381,MACHINE_L,L48560,298.7,310.1,1786,27.7,114,False,2024-01-06T18:00:00
RUN_01382,MACHINE_M,M16241,298.8,310.2,1583,35.7,116,False,2024-01-06T18:06:00
RUN_01383,MACHINE_L,L48562,298.8,310.1,1653,30.3,119,False,2024-01-06T18:12:00
RUN_01384,MACHINE_M,M16243,298.9,310.2,1331,49.0,121,False,2024-01-06T18:18:00
RUN_01385,MACHINE_L,L48564,298.9,310.3,1484,43.8,124,False,2024-01-06T18:24:00
RUN_01386,MACHINE_M,M16245,298.9,310.2,1603,36.1,126,False,2024-01-06T18:30:00
RUN_01387,MACHINE_L,L48566,298.9,310.2,1445,40.0,129,False,2024-01-06T18:36:00
RUN_01388,MACHINE_L,L48567,298.9,310.1,1823,26.1,131,False,2024-01-06T18:42:00
RUN_01389,MACHINE_H,H30802,298.9,310.1,1491,45.3,133,False,2024-01-06T18:48:00
RUN_01390,MACHINE_L,L48569,298.9,310.2,1533,42.8,138,False,2024-01-06T18:54:00
RUN_01391,MACHINE_L,L48570,298.9,310.2,1409,54.8,140,False,2024-01-06T19:00:00
RUN_01392,MACHINE_L,L48571,298.9,310.2,2737,8.8,142,True,2024-01-06T19:06:00
RUN_01393,MACHINE_M,M16252,299.0,310.3,1494,46.6,144,False,2024-01-06T19:12:00
RUN_01394,MACHINE_L,L48573,299.1,310.4,1594,33.3,147,False,2024-01-06T19:18:00
RUN_01395,MACHINE_L,L48574,299.1,310.4,1527,44.0,149,False,2024-01-06T19:24:00
RUN_01396,MACHINE_L,L48575,299.1,310.4,1452,39.7,151,False,2024-01-06T19:30:00
RUN_01397,MACHINE_L,L48576,299.0,310.3,1483,39.2,153,False,2024-01-06T19:36:00
RUN_01398,MACHINE_L,L48577,299.1,310.2,1569,38.2,155,False,2024-01-06T19:42:00
RUN_01399,MACHINE_L,L48578,299.1,310.3,1472,46.6,157,False,2024-01-06T19:48:00
RUN_01400,MACHINE_L,L48579,299.0,310.2,1533,43.5,159,False,2024-01-06T19:54:00
RUN_01401,MACHINE_H,H30814,298.9,310.1,1366,62.7,161,False,2024-01-06T20:00:00
RUN_01402,MACHINE_H,H30815,298.9,310.2,1532,37.7,166,False,2024-01-06T20:06:00
RUN_01403,MACHINE_M,M16262,298.9,310.1,1313,56.8,171,False,2024-01-06T20:12:00
RUN_01404,MACHINE_L,L48583,299.0,310.2,1372,48.0,174,False,2024-01-06T20:18:00
RUN_01405,MACHINE_M,M16264,298.9,310.1,1555,40.6,176,False,2024-01-06T20:24:00
RUN_01406,MACHINE_L,L48585,298.9,310.1,1394,42.7,179,False,2024-01-06T20:30:00
RUN_01407,MACHINE_L,L48586,298.9,310.1,1442,48.0,181,False,2024-01-06T20:36:00
RUN_01408,MACHINE_L,L48587,298.9,310.0,1564,33.8,183,False,2024-01-06T20:42:00
RUN_01409,MACHINE_L,L48588,298.9,310.0,1452,48.9,185,False,2024-01-06T20:48:00
RUN_01410,MACHINE_L,L48589,298.9,310.1,1466,42.5,187,False,2024-01-06T20:54:00
RUN_01411,MACHINE_M,M16270,298.9,310.1,1469,53.2,189,False,2024-01-06T21:00:00
RUN_01412,MACHINE_L,L48591,298.9,310.1,1944,23.4,192,False,2024-01-06T21:06:00
RUN_01413,MACHINE_M,M16272,298.8,309.9,1415,53.2,194,False,2024-01-06T21:12:00
RUN_01414,MACHINE_M,M16273,298.7,309.8,1528,36.7,197,False,2024-01-06T21:18:00
RUN_01415,MACHINE_M,M16274,298.7,309.8,1570,42.1,200,False,2024-01-06T21:24:00
RUN_01416,MACHINE_L,L48595,298.7,309.9,1617,33.0,203,False,2024-01-06T21:30:00
RUN_01417,MACHINE_M,M16276,298.7,309.9,2083,18.2,205,False,2024-01-06T21:36:00
RUN_01418,MACHINE_L,L48597,298.7,309.9,1541,38.5,208,False,2024-01-06T21:42:00
RUN_01419,MACHINE_L,L48598,298.8,309.9,1320,47.4,210,False,2024-01-06T21:48:00
RUN_01420,MACHINE_L,L48599,298.7,309.8,1354,53.3,212,True,2024-01-06T21:54:00
RUN_01421,MACHINE_M,M16280,298.8,309.9,1495,35.2,214,False,2024-01-06T22:00:00
RUN_01422,MACHINE_L,L48601,298.7,309.8,1589,31.8,217,False,2024-01-06T22:06:00
RUN_01423,MACHINE_L,L48602,298.7,309.8,1530,35.5,0,False,2024-01-06T22:12:00
RUN_01424,MACHINE_L,L48603,298.7,309.8,1539,33.4,2,False,2024-01-06T22:18:00
RUN_01425,MACHINE_L,L48604,298.7,309.7,1462,46.8,4,False,2024-01-06T22:24:00
RUN_01426,MACHINE_L,L48605,298.6,309.7,1356,54.0,6,False,2024-01-06T22:30:00
RUN_01427,MACHINE_M,M16286,298.7,309.7,1622,34.6,8,False,2024-01-06T22:36:00
RUN_01428,MACHINE_L,L48607,298.7,309.8,1394,40.3,11,False,2024-01-06T22:42:00
RUN_01429,MACHINE_L,L48608,298.8,309.9,1568,33.7,13,False,2024-01-06T22:48:00
RUN_01430,MACHINE_M,M16289,298.9,310.0,1456,43.8,15,False,2024-01-06T22:54:00
RUN_01431,MACHINE_L,L48610,298.9,310.0,1378,49.3,18,False,2024-01-06T23:00:00
RUN_01432,MACHINE_M,M16291,298.9,309.9,1404,41.4,20,False,2024-01-06T23:06:00
RUN_01433,MACHINE_L,L48612,298.8,309.8,1437,42.8,23,False,2024-01-06T23:12:00
RUN_01434,MACHINE_L,L48613,298.8,309.8,1363,44.0,25,False,2024-01-06T23:18:00
RUN_01435,MACHINE_M,M16294,298.8,309.8,1377,49.6,27,False,2024-01-06T23:24:00
RUN_01436,MACHINE_H,H30849,298.8,309.9,1526,42.1,30,False,2024-01-06T23:30:00
RUN_01437,MACHINE_H,H30850,298.8,309.8,1510,44.2,35,False,2024-01-06T23:36:00
RUN_01438,MACHINE_H,H30851,298.8,309.9,1439,45.2,40,True,2024-01-06T23:42:00
RUN_01439,MACHINE_L,L48618,298.8,309.9,1482,39.1,45,False,2024-01-06T23:48:00
RUN_01440,MACHINE_M,M16299,298.8,309.8,1534,37.0,47,False,2024-01-06T23:54:00
RUN_01441,MACHINE_M,M16300,298.8,309.9,1741,27.7,50,False,2024-01-07T00:00:00
RUN_01442,MACHINE_L,L48621,298.8,309.9,1550,38.8,53,False,2024-01-07T00:06:00
RUN_01443,MACHINE_M,M16302,298.8,310.0,1486,38.5,55,False,2024-01-07T00:12:00
RUN_01444,MACHINE_L,L48623,298.9,310.1,1602,38.2,58,False,2024-01-07T00:18:00
RUN_01445,MACHINE_L,L48624,299.0,310.2,1477,37.9,60,False,2024-01-07T00:24:00
RUN_01446,MACHINE_L,L48625,299.0,310.1,1618,29.2,62,False,2024-01-07T00:30:00
RUN_01447,MACHINE_M,M16306,299.0,310.2,1628,35.8,64,False,2024-01-07T00:36:00
RUN_01448,MACHINE_M,M16307,299.0,310.3,1662,33.6,67,False,2024-01-07T00:42:00
RUN_01449,MACHINE_M,M16308,299.0,310.3,1657,31.0,70,False,2024-01-07T00:48:00
RUN_01450,MACHINE_H,H30863,299.0,310.4,1677,30.8,73,False,2024-01-07T00:54:00
RUN_01451,MACHINE_M,M16310,299.0,310.3,1447,39.9,78,False,2024-01-07T01:00:00
RUN_01452,MACHINE_L,L48631,298.9,310.4,1831,25.4,81,False,2024-01-07T01:06:00
RUN_01453,MACHINE_L,L48632,299.0,310.3,1584,34.4,83,False,2024-01-07T01:12:00
RUN_01454,MACHINE_L,L48633,299.1,310.4,1450,40.9,85,False,2024-01-07T01:18:00
RUN_01455,MACHINE_L,L48634,299.1,310.4,1428,46.9,87,False,2024-01-07T01:24:00
RUN_01456,MACHINE_L,L48635,299.0,310.4,1382,53.0,89,False,2024-01-07T01:30:00
RUN_01457,MACHINE_L,L48636,299.0,310.3,1501,43.0,91,False,2024-01-07T01:36:00
RUN_01458,MACHINE_L,L48637,299.0,310.3,1475,42.4,93,False,2024-01-07T01:42:00
RUN_01459,MACHINE_L,L48638,298.9,310.3,1364,54.0,95,False,2024-01-07T01:48:00
RUN_01460,MACHINE_L,L48639,299.0,310.3,1472,36.1,97,False,2024-01-07T01:54:00
RUN_01461,MACHINE_L,L48640,299.0,310.3,1437,47.8,99,False,2024-01-07T02:00:00
RUN_01462,MACHINE_L,L48641,298.9,310.2,1491,45.1,101,False,2024-01-07T02:06:00
RUN_01463,MACHINE_L,L48642,298.9,310.2,1706,27.6,103,False,2024-01-07T02:12:00
RUN_01464,MACHINE_L,L48643,298.8,310.1,1607,39.5,105,False,2024-01-07T02:18:00
RUN_01465,MACHINE_L,L48644,298.8,310.0,1412,46.3,107,False,2024-01-07T02:24:00
RUN_01466,MACHINE_L,L48645,298.7,309.8,1546,40.9,109,False,2024-01-07T02:30:00
RUN_01467,MACHINE_L,L48646,298.7,309.8,1365,50.5,111,False,2024-01-07T02:36:00
RUN_01468,MACHINE_L,L48647,298.6,309.8,1544,30.2,113,False,2024-01-07T02:42:00
RUN_01469,MACHINE_M,M16328,298.6,309.8,1419,44.9,115,False,2024-01-07T02:48:00
RUN_01470,MACHINE_L,L48649,298.6,309.8,1497,41.6,118,False,2024-01-07T02:54:00
RUN_01471,MACHINE_L,L48650,298.5,309.7,1437,42.6,120,False,2024-01-07T03:00:00
RUN_01472,MACHINE_L,L48651,298.5,309.6,1421,53.6,122,False,2024-01-07T03:06:00
RUN_01473,MACHINE_M,M16332,298.5,309.6,1438,44.5,124,False,2024-01-07T03:12:00
RUN_01474,MACHINE_M,M16333,298.5,309.5,1315,48.9,127,False,2024-01-07T03:18:00
RUN_01475,MACHINE_M,M16334,298.5,309.5,1366,61.9,130,False,2024-01-07T03:24:00
RUN_01476,MACHINE_M,M16335,298.4,309.5,1519,35.4,133,False,2024-01-07T03:30:00
RUN_01477,MACHINE_L,L48656,298.4,309.5,1692,28.3,136,False,2024-01-07T03:36:00
RUN_01478,MACHINE_L,L48657,298.3,309.4,1570,35.6,138,False,2024-01-07T03:42:00
RUN_01479,MACHINE_L,L48658,298.3,309.4,1568,35.8,140,False,2024-01-07T03:48:00
RUN_01480,MACHINE_L,L48659,298.2,309.3,1355,43.8,142,False,2024-01-07T03:54:00
RUN_01481,MACHINE_M,M16340,298.2,309.3,2056,18.7,144,False,2024-01-07T04:00:00
RUN_01482,MACHINE_M,M16341,298.2,309.2,1332,60.2,147,False,2024-01-07T04:06:00
RUN_01483,MACHINE_M,M16342,298.1,309.1,1448,52.5,150,False,2024-01-07T04:12:00
RUN_01484,MACHINE_L,L48663,298.0,308.9,1578,35.6,153,False,2024-01-07T04:18:00
RUN_01485,MACHINE_M,M16344,298.0,309.0,1562,39.2,155,False,2024-01-07T04:24:00
RUN_01486,MACHINE_M,M16345,298.1,309.0,1976,19.3,158,False,2024-01-07T04:30:00
RUN_01487,MACHINE_M,M16346,298.2,309.2,1524,34.6,161,False,2024-01-07T04:36:00
RUN_01488,MACHINE_L,L48667,298.2,309.1,1429,48.5,164,False,2024-01-07T04:42:00
RUN_01489,MACHINE_L,L48668,298.2,309.1,1568,36.3,166,False,2024-01-07T04:48:00
RUN_01490,MACHINE_M,M16349,298.2,309.0,1723,26.6,168,False,2024-01-07T04:54:00
RUN_01491,MACHINE_L,L48670,298.2,309.0,1341,43.8,171,False,2024-01-07T05:00:00
RUN_01492,MACHINE_M,M16351,298.1,308.9,1353,46.2,173,False,2024-01-07T05:06:00
RUN_01493,MACHINE_M,M16352,298.0,308.7,1479,58.5,176,True,2024-01-07T05:12:00
RUN_01494,MACHINE_L,L48673,298.0,308.8,1496,44.9,179,False,2024-01-07T05:18:00
RUN_01495,MACHINE_M,M16354,298.0,308.7,1377,48.5,181,False,2024-01-07T05:24:00
RUN_01496,MACHINE_H,H30909,297.9,308.5,1383,44.6,184,False,2024-01-07T05:30:00
RUN_01497,MACHINE_L,L48676,298.0,308.7,1268,69.4,189,True,2024-01-07T05:36:00
RUN_01498,MACHINE_L,L48677,298.0,308.7,1629,34.3,191,False,2024-01-07T05:42:00
RUN_01499,MACHINE_L,L48678,298.0,308.8,1790,27.2,193,False,2024-01-07T05:48:00
RUN_01500,MACHINE_M,M16359,298.1,308.8,2206,16.3,195,False,2024-01-07T05:54:00
RUN_01501,MACHINE_M,M16360,298.0,308.7,2101,17.4,198,False,2024-01-07T06:00:00
RUN_01502,MACHINE_M,M16361,298.0,308.7,1436,48.2,201,False,2024-01-07T06:06:00
RUN_01503,MACHINE_L,L48682,298.0,308.7,1462,48.2,204,False,2024-01-07T06:12:00
RUN_01504,MACHINE_L,L48683,298.0,308.7,1771,26.2,206,False,2024-01-07T06:18:00
RUN_01505,MACHINE_L,L48684,298.0,308.7,1506,47.0,208,False,2024-01-07T06:24:00
RUN_01506,MACHINE_L,L48685,298.0,308.7,1626,36.7,210,False,2024-01-07T06:30:00
RUN_01507,MACHINE_L,L48686,298.0,308.8,1610,33.7,212,False,2024-01-07T06:36:00
RUN_01508,MACHINE_M,M16367,298.0,308.6,1376,55.7,214,False,2024-01-07T06:42:00
RUN_01509,MACHINE_M,M16368,298.0,308.6,1507,37.3,217,False,2024-01-07T06:48:00
RUN_01510,MACHINE_L,L48689,298.0,308.5,1429,37.7,220,True,2024-01-07T06:54:00
RUN_01511,MACHINE_M,M16370,298.1,308.7,1547,38.9,0,False,2024-01-07T07:00:00
RUN_01512,MACHINE_L,L48691,298.1,308.7,1642,30.3,3,False,2024-01-07T07:06:00
RUN_01513,MACHINE_H,H30926,298.0,308.7,1503,36.3,5,False,2024-01-07T07:12:00
RUN_01514,MACHINE_L,L48693,298.1,308.7,1568,32.9,10,False,2024-01-07T07:18:00
RUN_01515,MACHINE_M,M16374,298.1,308.8,1628,37.6,12,False,2024-01-07T07:24:00
RUN_01516,MACHINE_M,M16375,298.2,308.9,1614,35.5,15,False,2024-01-07T07:30:00
RUN_01517,MACHINE_L,L48696,298.2,308.9,1278,54.0,18,False,2024-01-07T07:36:00
RUN_01518,MACHINE_M,M16377,298.2,308.9,1408,38.8,20,False,2024-01-07T07:42:00
RUN_01519,MACHINE_H,H30932,298.2,309.0,1371,55.7,23,False,2024-01-07T07:48:00
RUN_01520,MACHINE_M,M16379,298.2,308.9,1512,38.5,28,False,2024-01-07T07:54:00
RUN_01521,MACHINE_L,L48700,298.3,309.1,1472,40.1,31,False,2024-01-07T08:00:00
RUN_01522,MACHINE_M,M16381,298.2,308.9,1585,34.3,33,False,2024-01-07T08:06:00
RUN_01523,MACHINE_H,H30936,298.2,309.0,1562,37.7,36,False,2024-01-07T08:12:00
RUN_01524,MACHINE_L,L48703,298.3,309.0,1519,36.9,41,False,2024-01-07T08:18:00
RUN_01525,MACHINE_L,L48704,298.2,309.0,1601,35.8,43,False,2024-01-07T08:24:00
RUN_01526,MACHINE_L,L48705,298.2,309.0,2449,13.8,45,False,2024-01-07T08:30:00
RUN_01527,MACHINE_L,L48706,298.1,309.0,1787,27.6,47,False,2024-01-07T08:36:00
RUN_01528,MACHINE_H,H30941,298.1,309.1,1425,44.5,49,False,2024-01-07T08:42:00
RUN_01529,MACHINE_L,L48708,298.1,309.0,1559,34.0,54,False,2024-01-07T08:48:00
RUN_01530,MACHINE_L,L48709,298.1,309.0,1557,36.0,56,False,2024-01-07T08:54:00
RUN_01531,MACHINE_L,L48710,298.1,309.0,1497,40.5,58,False,2024-01-07T09:00:00
RUN_01532,MACHINE_H,H30945,298.1,309.0,1438,41.4,60,False,2024-01-07T09:06:00
RUN_01533,MACHINE_M,M16392,298.1,308.9,1417,39.2,65,False,2024-01-07T09:12:00
RUN_01534,MACHINE_M,M16393,298.0,308.9,1339,51.4,68,False,2024-01-07T09:18:00
RUN_01535,MACHINE_L,L48714,298.0,308.8,1757,29.1,71,False,2024-01-07T09:24:00
RUN_01536,MACHINE_L,L48715,298.0,308.8,1581,36.1,73,False,2024-01-07T09:30:00
RUN_01537,MACHINE_M,M16396,298.2,308.9,1326,54.4,75,False,2024-01-07T09:36:00
RUN_01538,MACHINE_M,M16397,298.4,309.1,1467,39.6,78,False,2024-01-07T09:42:00
RUN_01539,MACHINE_L,L48718,298.4,309.1,1798,29.6,81,False,2024-01-07T09:48:00
RUN_01540,MACHINE_M,M16399,298.5,309.2,1449,46.4,83,False,2024-01-07T09:54:00
RUN_01541,MACHINE_M,M16400,298.4,309.1,1525,39.3,86,False,2024-01-07T10:00:00
RUN_01542,MACHINE_L,L48721,298.4,309.0,2304,15.1,89,False,2024-01-07T10:06:00
RUN_01543,MACHINE_L,L48722,298.3,308.9,1379,54.7,91,False,2024-01-07T10:12:00
RUN_01544,MACHINE_L,L48723,298.4,308.9,1628,34.9,93,False,2024-01-07T10:18:00
RUN_01545,MACHINE_L,L48724,298.4,309.0,1474,52.7,95,False,2024-01-07T10:24:00
RUN_01546,MACHINE_M,M16405,298.4,309.0,1544,38.8,97,False,2024-01-07T10:30:00
RUN_01547,MACHINE_L,L48726,298.4,308.9,1391,48.4,100,False,2024-01-07T10:36:00
RUN_01548,MACHINE_L,L48727,298.3,308.9,1348,55.5,102,False,2024-01-07T10:42:00
RUN_01549,MACHINE_M,M16408,298.3,308.8,1349,52.1,104,False,2024-01-07T10:48:00
RUN_01550,MACHINE_L,L48729,298.4,308.9,1706,29.5,107,False,2024-01-07T10:54:00
RUN_01551,MACHINE_L,L48730,298.4,308.9,1638,32.4,109,False,2024-01-07T11:00:00
RUN_01552,MACHINE_L,L48731,298.4,308.8,1458,40.1,111,False,2024-01-07T11:06:00
RUN_01553,MACHINE_L,L48732,298.5,308.9,1781,27.8,113,False,2024-01-07T11:12:00
RUN_01554,MACHINE_L,L48733,298.5,308.8,1332,59.1,115,False,2024-01-07T11:18:00
RUN_01555,MACHINE_M,M16414,298.4,308.7,1584,31.7,117,False,2024-01-07T11:24:00
RUN_01556,MACHINE_L,L48735,298.4,308.6,1491,42.0,120,False,2024-01-07T11:30:00
RUN_01557,MACHINE_H,H30970,298.4,308.5,1398,47.1,122,False,2024-01-07T11:36:00
RUN_01558,MACHINE_L,L48737,298.3,308.4,1585,30.6,127,False,2024-01-07T11:42:00
RUN_01559,MACHINE_M,M16418,298.2,308.3,1476,43.5,129,False,2024-01-07T11:48:00
RUN_01560,MACHINE_L,L48739,298.2,308.3,1458,41.8,132,False,2024-01-07T11:54:00
RUN_01561,MACHINE_M,M16420,298.2,308.4,1510,39.9,134,False,2024-01-07T12:00:00
RUN_01562,MACHINE_L,L48741,298.2,308.4,1388,53.8,137,False,2024-01-07T12:06:00
RUN_01563,MACHINE_L,L48742,298.2,308.3,2216,16.8,139,False,2024-01-07T12:12:00
RUN_01564,MACHINE_L,L48743,298.2,308.3,1402,51.0,141,False,2024-01-07T12:18:00
RUN_01565,MACHINE_M,M16424,298.0,308.2,2090,19.0,143,False,2024-01-07T12:24:00
RUN_01566,MACHINE_L,L48745,298.0,308.2,1459,42.1,146,False,2024-01-07T12:30:00
RUN_01567,MACHINE_M,M16426,298.0,308.1,1403,44.8,148,False,2024-01-07T12:36:00
RUN_01568,MACHINE_L,L48747,298.1,308.2,1521,39.3,151,False,2024-01-07T12:42:00
RUN_01569,MACHINE_L,L48748,298.2,308.2,1407,47.1,153,False,2024-01-07T12:48:00
RUN_01570,MACHINE_M,M16429,298.1,308.2,1654,35.3,155,False,2024-01-07T12:54:00
RUN_01571,MACHINE_L,L48750,298.2,308.4,1452,43.5,158,False,2024-01-07T13:00:00
RUN_01572,MACHINE_L,L48751,298.3,308.4,1528,37.3,160,False,2024-01-07T13:06:00
RUN_01573,MACHINE_L,L48752,298.2,308.3,1230,59.6,162,False,2024-01-07T13:12:00
RUN_01574,MACHINE_L,L48753,298.2,308.2,1466,42.4,164,False,2024-01-07T13:18:00
RUN_01575,MACHINE_L,L48754,298.2,308.2,1478,50.1,166,False,2024-01-07T13:24:00
RUN_01576,MACHINE_L,L48755,298.2,308.3,2057,18.0,168,False,2024-01-07T13:30:00
RUN_01577,MACHINE_L,L48756,298.3,308.4,1490,41.7,170,False,2024-01-07T13:36:00
RUN_01578,MACHINE_L,L48757,298.3,308.4,1484,43.4,172,False,2024-01-07T13:42:00
RUN_01579,MACHINE_L,L48758,298.3,308.4,1593,37.0,174,False,2024-01-07T13:48:00
RUN_01580,MACHINE_L,L48759,298.3,308.3,1444,43.8,176,False,2024-01-07T13:54:00
RUN_01581,MACHINE_M,M16440,298.3,308.4,1444,47.5,178,False,2024-01-07T14:00:00
RUN_01582,MACHINE_M,M16441,298.2,308.3,1560,33.0,181,False,2024-01-07T14:06:00
RUN_01583,MACHINE_H,H30996,298.1,308.3,1530,42.0,184,False,2024-01-07T14:12:00
RUN_01584,MACHINE_L,L48763,298.2,308.4,1310,61.0,189,True,2024-01-07T14:18:00
RUN_01585,MACHINE_M,M16444,298.2,308.3,1639,33.3,191,False,2024-01-07T14:24:00
RUN_01586,MACHINE_L,L48765,298.2,308.3,1400,48.7,194,False,2024-01-07T14:30:00
RUN_01587,MACHINE_M,M16446,298.3,308.4,1486,44.2,196,False,2024-01-07T14:36:00
RUN_01588,MACHINE_M,M16447,298.2,308.3,1448,43.3,199,False,2024-01-07T14:42:00
RUN_01589,MACHINE_L,L48768,298.2,308.3,1688,32.0,202,False,2024-01-07T14:48:00
RUN_01590,MACHINE_M,M16449,298.1,308.3,1453,41.5,204,False,2024-01-07T14:54:00
RUN_01591,MACHINE_L,L48770,298.2,308.4,1497,37.7,207,False,2024-01-07T15:00:00
RUN_01592,MACHINE_L,L48771,298.2,308.4,1355,49.4,209,False,2024-01-07T15:06:00
RUN_01593,MACHINE_L,L48772,298.1,308.4,1592,38.2,211,False,2024-01-07T15:12:00
RUN_01594,MACHINE_L,L48773,298.0,308.3,1544,34.7,213,False,2024-01-07T15:18:00
RUN_01595,MACHINE_M,M16454,298.0,308.2,1373,51.2,215,False,2024-01-07T15:24:00
RUN_01596,MACHINE_L,L48775,298.0,308.2,1365,52.9,218,True,2024-01-07T15:30:00
RUN_01597,MACHINE_L,L48776,298.0,308.1,1877,24.3,0,False,2024-01-07T15:36:00
RUN_01598,MACHINE_L,L48777,297.9,308.1,1531,40.8,2,False,2024-01-07T15:42:00
RUN_01599,MACHINE_L,L48778,297.9,308.0,1501,36.7,4,False,2024-01-07T15:48:00
RUN_01600,MACHINE_L,L48779,297.9,308.0,1490,46.2,6,False,2024-01-07T15:54:00
RUN_01601,MACHINE_M,M16460,297.8,307.8,1543,43.7,8,False,2024-01-07T16:00:00
RUN_01602,MACHINE_L,L48781,297.8,307.8,1597,38.2,11,False,2024-01-07T16:06:00
RUN_01603,MACHINE_H,H31016,297.8,307.9,1600,33.5,13,False,2024-01-07T16:12:00
RUN_01604,MACHINE_M,M16463,297.8,307.8,1622,32.1,18,False,2024-01-07T16:18:00
RUN_01605,MACHINE_L,L48784,297.8,307.8,1452,39.8,21,False,2024-01-07T16:24:00
RUN_01606,MACHINE_L,L48785,297.8,307.8,1396,42.5,23,False,2024-01-07T16:30:00
RUN_01607,MACHINE_L,L48786,297.8,307.7,1505,39.7,25,False,2024-01-07T16:36:00
RUN_01608,MACHINE_L,L48787,297.8,307.8,1412,48.3,27,False,2024-01-07T16:42:00
RUN_01609,MACHINE_L,L48788,297.8,307.7,1393,38.0,29,False,2024-01-07T16:48:00
RUN_01610,MACHINE_L,L48789,297.7,307.7,1581,34.9,31,False,2024-01-07T16:54:00
RUN_01611,MACHINE_L,L48790,297.8,307.8,1573,37.9,33,False,2024-01-07T17:00:00
RUN_01612,MACHINE_M,M16471,297.8,307.9,1726,27.3,35,False,2024-01-07T17:06:00
RUN_01613,MACHINE_M,M16472,297.9,307.9,1540,39.8,38,False,2024-01-07T17:12:00
RUN_01614,MACHINE_L,L48793,297.9,308.0,1296,62.9,41,False,2024-01-07T17:18:00
RUN_01615,MACHINE_M,M16474,297.8,307.9,1802,25.8,43,False,2024-01-07T17:24:00
RUN_01616,MACHINE_L,L48795,297.8,307.9,1447,48.6,46,False,2024-01-07T17:30:00
RUN_01617,MACHINE_H,H31030,297.8,307.8,1662,30.7,48,False,2024-01-07T17:36:00
RUN_01618,MACHINE_L,L48797,297.8,307.8,1563,34.3,53,False,2024-01-07T17:42:00
RUN_01619,MACHINE_L,L48798,297.9,307.8,1286,59.5,55,False,2024-01-07T17:48:00
RUN_01620,MACHINE_L,L48799,297.9,307.7,1590,34.6,57,False,2024-01-07T17:54:00
RUN_01621,MACHINE_L,L48800,297.9,307.7,1492,43.7,59,False,2024-01-07T18:00:00
RUN_01622,MACHINE_L,L48801,297.7,307.6,1844,21.9,61,False,2024-01-07T18:06:00
RUN_01623,MACHINE_H,H31036,297.7,307.6,1538,38.3,63,False,2024-01-07T18:12:00
RUN_01624,MACHINE_L,L48803,297.7,307.6,1921,22.9,68,False,2024-01-07T18:18:00
RUN_01625,MACHINE_M,M16484,297.8,307.8,1310,57.9,70,False,2024-01-07T18:24:00
RUN_01626,MACHINE_L,L48805,297.9,307.8,1365,46.9,73,False,2024-01-07T18:30:00
RUN_01627,MACHINE_M,M16486,297.9,307.8,1303,59.3,75,False,2024-01-07T18:36:00
RUN_01628,MACHINE_L,L48807,297.9,307.8,1499,37.5,78,False,2024-01-07T18:42:00
RUN_01629,MACHINE_L,L48808,297.9,307.8,1451,38.2,80,False,2024-01-07T18:48:00
RUN_01630,MACHINE_M,M16489,297.9,307.9,1336,54.4,82,False,2024-01-07T18:54:00
RUN_01631,MACHINE_L,L48810,297.9,307.9,1412,44.5,85,False,2024-01-07T19:00:00
RUN_01632,MACHINE_L,L48811,298.0,308.0,1433,39.2,87,False,2024-01-07T19:06:00
RUN_01633,MACHINE_L,L48812,297.9,307.9,1426,43.6,89,False,2024-01-07T19:12:00
RUN_01634,MACHINE_L,L48813,297.9,307.9,1476,45.2,91,False,2024-01-07T19:18:00
RUN_01635,MACHINE_H,H31048,297.9,307.9,1406,58.5,93,False,2024-01-07T19:24:00
RUN_01636,MACHINE_L,L48815,297.8,307.8,1383,56.5,98,False,2024-01-07T19:30:00
RUN_01637,MACHINE_L,L48816,297.9,307.8,1505,37.3,100,False,2024-01-07T19:36:00
RUN_01638,MACHINE_L,L48817,297.9,307.8,1665,33.9,102,False,2024-01-07T19:42:00
RUN_01639,MACHINE_L,L48818,297.9,307.8,1397,45.0,104,False,2024-01-07T19:48:00
RUN_01640,MACHINE_M,M16499,297.9,307.8,1450,43.5,106,False,2024-01-07T19:54:00
RUN_01641,MACHINE_L,L48820,298.0,307.8,1567,36.4,109,False,2024-01-07T20:00:00
RUN_01642,MACHINE_M,M16501,298.0,308.0,1555,37.0,111,False,2024-01-07T20:06:00
RUN_01643,MACHINE_H,H31056,298.0,307.8,1588,35.4,114,False,2024-01-07T20:12:00
RUN_01644,MACHINE_L,L48823,298.0,307.8,1453,37.7,119,False,2024-01-07T20:18:00
RUN_01645,MACHINE_L,L48824,298.0,307.8,1622,33.3,121,False,2024-01-07T20:24:00
RUN_01646,MACHINE_L,L48825,297.9,307.8,1538,38.5,123,False,2024-01-07T20:30:00
RUN_01647,MACHINE_M,M16506,297.9,307.7,1527,42.8,125,False,2024-01-07T20:36:00
RUN_01648,MACHINE_L,L48827,297.8,307.8,1761,28.9,128,False,2024-01-07T20:42:00
RUN_01649,MACHINE_L,L48828,297.9,307.8,1373,50.2,130,False,2024-01-07T20:48:00
RUN_01650,MACHINE_H,H31063,298.0,307.9,1482,37.8,132,False,2024-01-07T20:54:00
RUN_01651,MACHINE_M,M16510,298.0,307.9,1417,51.0,137,False,2024-01-07T21:00:00
RUN_01652,MACHINE_L,L48831,298.0,307.8,1414,51.7,140,False,2024-01-07T21:06:00
RUN_01653,MACHINE_H,H31066,297.9,307.8,1635,34.0,142,False,2024-01-07T21:12:00
RUN_01654,MACHINE_L,L48833,298.0,307.8,1386,57.3,147,False,2024-01-07T21:18:00
RUN_01655,MACHINE_L,L48834,298.2,308.1,1379,62.3,149,False,2024-01-07T21:24:00
RUN_01656,MACHINE_M,M16515,298.2,308.0,1577,35.9,151,False,2024-01-07T21:30:00
RUN_01657,MACHINE_L,L48836,298.2,308.1,1532,42.5,154,False,2024-01-07T21:36:00
RUN_01658,MACHINE_M,M16517,298.1,308.0,1374,48.8,156,False,2024-01-07T21:42:00
RUN_01659,MACHINE_H,H31072,298.1,308.0,1570,35.3,159,False,2024-01-07T21:48:00
RUN_01660,MACHINE_L,L48839,298.1,308.0,1697,31.0,164,False,2024-01-07T21:54:00
RUN_01661,MACHINE_L,L48840,298.2,308.0,1499,44.1,166,False,2024-01-07T22:00:00
RUN_01662,MACHINE_M,M16521,298.2,308.0,1411,47.2,168,False,2024-01-07T22:06:00
RUN_01663,MACHINE_H,H31076,298.2,307.9,1462,45.5,171,False,2024-01-07T22:12:00
RUN_01664,MACHINE_M,M16523,298.1,307.9,1759,28.6,176,False,2024-01-07T22:18:00
RUN_01665,MACHINE_L,L48844,298.2,308.0,1535,38.0,179,False,2024-01-07T22:24:00
RUN_01666,MACHINE_H,H31079,298.2,307.9,1491,39.7,181,False,2024-01-07T22:30:00
RUN_01667,MACHINE_L,L48846,298.2,307.9,1551,36.0,186,False,2024-01-07T22:36:00
RUN_01668,MACHINE_L,L48847,298.2,307.9,1769,27.2,188,False,2024-01-07T22:42:00
RUN_01669,MACHINE_L,L48848,298.2,307.9,1551,34.1,190,False,2024-01-07T22:48:00
RUN_01670,MACHINE_L,L48849,298.2,307.9,1544,31.4,192,False,2024-01-07T22:54:00
RUN_01671,MACHINE_L,L48850,298.2,307.8,1528,31.1,194,False,2024-01-07T23:00:00
RUN_01672,MACHINE_L,L48851,298.1,307.9,1614,35.8,196,False,2024-01-07T23:06:00
RUN_01673,MACHINE_L,L48852,298.1,307.8,1432,49.8,198,False,2024-01-07T23:12:00
RUN_01674,MACHINE_M,M16533,298.1,307.8,1384,43.7,200,False,2024-01-07T23:18:00
RUN_01675,MACHINE_L,L48854,298.1,307.8,1540,37.8,203,False,2024-01-07T23:24:00
RUN_01676,MACHINE_L,L48855,298.0,307.7,1407,43.9,205,False,2024-01-07T23:30:00
RUN_01677,MACHINE_H,H31090,297.9,307.6,1418,43.0,207,False,2024-01-07T23:36:00
RUN_01678,MACHINE_M,M16537,297.9,307.5,1647,30.8,212,False,2024-01-07T23:42:00
RUN_01679,MACHINE_L,L48858,298.0,307.5,1644,32.8,215,False,2024-01-07T23:48:00
RUN_01680,MACHINE_L,L48859,298.0,307.5,1792,27.9,217,False,2024-01-07T23:54:00
RUN_01681,MACHINE_M,M16540,297.9,307.4,1610,34.6,219,False,2024-01-08T00:00:00
RUN_01682,MACHINE_M,M16541,297.8,307.3,1804,26.0,222,False,2024-01-08T00:06:00
RUN_01683,MACHINE_H,H31096,297.9,307.4,1604,36.1,225,True,2024-01-08T00:12:00
RUN_01684,MACHINE_M,M16543,297.9,307.4,1403,52.8,0,False,2024-01-08T00:18:00
RUN_01685,MACHINE_L,L48864,297.8,307.3,1438,44.5,3,False,2024-01-08T00:24:00
RUN_01686,MACHINE_L,L48865,297.9,307.3,1824,26.3,5,False,2024-01-08T00:30:00
RUN_01687,MACHINE_H,H31100,297.9,307.3,1663,28.7,7,False,2024-01-08T00:36:00
RUN_01688,MACHINE_L,L48867,297.9,307.3,1502,36.7,12,False,2024-01-08T00:42:00
RUN_01689,MACHINE_L,L48868,297.9,307.4,1606,35.5,14,False,2024-01-08T00:48:00
RUN_01690,MACHINE_L,L48869,297.9,307.5,1561,37.7,16,False,2024-01-08T00:54:00
RUN_01691,MACHINE_M,M16550,297.9,307.4,1435,42.9,18,False,2024-01-08T01:00:00
RUN_01692,MACHINE_L,L48871,297.9,307.5,1602,38.3,21,False,2024-01-08T01:06:00
RUN_01693,MACHINE_M,M16552,298.1,307.6,1764,27.7,23,False,2024-01-08T01:12:00
RUN_01694,MACHINE_H,H31107,298.0,307.5,1683,27.8,26,False,2024-01-08T01:18:00
RUN_01695,MACHINE_L,L48874,298.0,307.5,1618,35.2,31,False,2024-01-08T01:24:00
RUN_01696,MACHINE_L,L48875,298.0,307.6,1509,41.6,33,False,2024-01-08T01:30:00
RUN_01697,MACHINE_L,L48876,297.9,307.6,1550,39.0,35,False,2024-01-08T01:36:00
RUN_01698,MACHINE_M,M16557,297.9,307.6,1519,44.0,37,False,2024-01-08T01:42:00
RUN_01699,MACHINE_L,L48878,297.9,307.6,1481,38.0,40,False,2024-01-08T01:48:00
RUN_01700,MACHINE_L,L48879,298.1,307.7,1289,48.3,42,False,2024-01-08T01:54:00
RUN_01701,MACHINE_M,M16560,298.0,307.6,1844,23.8,44,False,2024-01-08T02:00:00
RUN_01702,MACHINE_L,L48881,298.0,307.7,1479,42.5,47,False,2024-01-08T02:06:00
RUN_01703,MACHINE_L,L48882,298.0,307.7,1430,47.3,49,False,2024-01-08T02:12:00
RUN_01704,MACHINE_M,M16563,298.1,307.8,1636,36.7,51,False,2024-01-08T02:18:00
RUN_01705,MACHINE_M,M16564,298.1,307.8,1503,44.7,54,False,2024-01-08T02:24:00
RUN_01706,MACHINE_M,M16565,298.1,307.8,1608,32.6,57,False,2024-01-08T02:30:00
RUN_01707,MACHINE_L,L48886,298.2,307.8,1521,42.9,60,False,2024-01-08T02:36:00
RUN_01708,MACHINE_L,L48887,298.2,307.8,1439,41.6,62,False,2024-01-08T02:42:00
RUN_01709,MACHINE_L,L48888,298.2,307.8,1627,31.5,64,False,2024-01-08T02:48:00
RUN_01710,MACHINE_L,L48889,298.2,307.8,1749,26.1,66,False,2024-01-08T02:54:00
RUN_01711,MACHINE_L,L48890,298.2,307.8,1530,35.9,68,False,2024-01-08T03:00:00
RUN_01712,MACHINE_L,L48891,298.2,307.8,1355,51.3,70,False,2024-01-08T03:06:00
RUN_01713,MACHINE_L,L48892,298.3,307.9,1551,33.8,72,False,2024-01-08T03:12:00
RUN_01714,MACHINE_L,L48893,298.2,307.8,1515,46.7,74,False,2024-01-08T03:18:00
RUN_01715,MACHINE_L,L48894,298.2,307.8,1388,48.6,76,False,2024-01-08T03:24:00
RUN_01716,MACHINE_L,L48895,298.2,307.8,1585,34.6,78,False,2024-01-08T03:30:00
RUN_01717,MACHINE_L,L48896,298.1,307.7,1523,37.7,80,False,2024-01-08T03:36:00
RUN_01718,MACHINE_L,L48897,298.2,307.6,1369,54.5,82,False,2024-01-08T03:42:00
RUN_01719,MACHINE_M,M16578,298.2,307.7,1681,31.0,84,False,2024-01-08T03:48:00
RUN_01720,MACHINE_L,L48899,298.2,307.7,1503,38.3,87,False,2024-01-08T03:54:00
RUN_01721,MACHINE_L,L48900,298.2,307.7,1459,44.5,89,False,2024-01-08T04:00:00
RUN_01722,MACHINE_L,L48901,298.2,307.7,1688,32.4,91,False,2024-01-08T04:06:00
RUN_01723,MACHINE_M,M16582,298.2,307.7,1952,21.6,93,False,2024-01-08T04:12:00
RUN_01724,MACHINE_L,L48903,298.2,307.8,2029,19.9,96,False,2024-01-08T04:18:00
RUN_01725,MACHINE_M,M16584,298.3,307.8,1457,52.5,98,False,2024-01-08T04:24:00
RUN_01726,MACHINE_M,M16585,298.3,307.8,1392,50.4,101,False,2024-01-08T04:30:00
RUN_01727,MACHINE_L,L48906,298.3,307.8,1906,22.1,104,False,2024-01-08T04:36:00
RUN_01728,MACHINE_M,M16587,298.3,307.7,1602,33.4,106,False,2024-01-08T04:42:00
RUN_01729,MACHINE_L,L48908,298.3,307.7,1465,49.4,109,False,2024-01-08T04:48:00
RUN_01730,MACHINE_M,M16589,298.3,307.7,1439,43.8,111,False,2024-01-08T04:54:00
RUN_01731,MACHINE_M,M16590,298.3,307.8,1330,55.4,114,False,2024-01-08T05:00:00
RUN_01732,MACHINE_M,M16591,298.3,307.9,1485,42.0,117,False,2024-01-08T05:06:00
RUN_01733,MACHINE_H,H31146,298.4,307.9,1700,28.2,120,False,2024-01-08T05:12:00
RUN_01734,MACHINE_L,L48913,298.4,308.0,1515,42.8,125,False,2024-01-08T05:18:00
RUN_01735,MACHINE_M,M16594,298.5,308.1,1501,39.2,127,False,2024-01-08T05:24:00
RUN_01736,MACHINE_L,L48915,298.4,308.0,1380,47.6,130,False,2024-01-08T05:30:00
RUN_01737,MACHINE_L,L48916,298.4,307.9,1544,35.9,132,False,2024-01-08T05:36:00
RUN_01738,MACHINE_L,L48917,298.4,307.9,1743,27.3,134,False,2024-01-08T05:42:00
RUN_01739,MACHINE_H,H31152,298.4,307.9,1948,21.4,136,False,2024-01-08T05:48:00
RUN_01740,MACHINE_H,H31153,298.5,307.9,1260,54.2,141,False,2024-01-08T05:54:00
RUN_01741,MACHINE_M,M16600,298.5,307.9,1640,33.1,146,False,2024-01-08T06:00:00
RUN_01742,MACHINE_M,M16601,298.5,308.0,1363,49.2,149,False,2024-01-08T06:06:00
RUN_01743,MACHINE_L,L48922,298.5,308.0,1379,49.6,152,False,2024-01-08T06:12:00
RUN_01744,MACHINE_M,M16603,298.5,308.0,1713,25.8,154,False,2024-01-08T06:18:00
RUN_01745,MACHINE_M,M16604,298.5,308.0,1461,51.9,157,False,2024-01-08T06:24:00
RUN_01746,MACHINE_L,L48925,298.5,308.0,1624,29.8,160,False,2024-01-08T06:30:00
RUN_01747,MACHINE_L,L48926,298.4,308.0,1526,41.1,162,False,2024-01-08T06:36:00
RUN_01748,MACHINE_L,L48927,298.4,307.9,2381,14.2,164,False,2024-01-08T06:42:00
RUN_01749,MACHINE_H,H31162,298.4,307.7,1626,31.1,166,False,2024-01-08T06:48:00
RUN_01750,MACHINE_L,L48929,298.3,307.7,1576,33.8,171,False,2024-01-08T06:54:00
RUN_01751,MACHINE_M,M16610,298.4,307.8,1617,31.6,173,False,2024-01-08T07:00:00
RUN_01752,MACHINE_L,L48931,298.3,307.6,1942,20.6,176,False,2024-01-08T07:06:00
RUN_01753,MACHINE_L,L48932,298.2,307.6,1492,37.2,178,False,2024-01-08T07:12:00
RUN_01754,MACHINE_L,L48933,298.2,307.5,1470,51.3,180,False,2024-01-08T07:18:00
RUN_01755,MACHINE_M,M16614,298.0,307.4,1463,46.5,182,False,2024-01-08T07:24:00
RUN_01756,MACHINE_L,L48935,298.0,307.3,1424,46.5,185,False,2024-01-08T07:30:00
RUN_01757,MACHINE_M,M16616,298.1,307.4,1363,60.1,187,False,2024-01-08T07:36:00
RUN_01758,MACHINE_M,M16617,298.1,307.4,1335,56.2,190,False,2024-01-08T07:42:00
RUN_01759,MACHINE_L,L48938,298.1,307.4,1608,33.9,193,False,2024-01-08T07:48:00
RUN_01760,MACHINE_H,H31173,298.0,307.4,1606,35.2,195,False,2024-01-08T07:54:00
RUN_01761,MACHINE_L,L48940,298.1,307.5,1684,33.1,200,False,2024-01-08T08:00:00
RUN_01762,MACHINE_L,L48941,298.1,307.6,1950,20.3,202,False,2024-01-08T08:06:00
RUN_01763,MACHINE_H,H31176,298.2,307.6,1460,48.6,204,False,2024-01-08T08:12:00
RUN_01764,MACHINE_L,L48943,298.2,307.6,1511,31.0,209,True,2024-01-08T08:18:00
RUN_01765,MACHINE_H,H31178,298.2,307.6,1318,55.7,0,False,2024-01-08T08:24:00
RUN_01766,MACHINE_L,L48945,298.2,307.6,1368,51.8,5,False,2024-01-08T08:30:00
RUN_01767,MACHINE_M,M16626,298.3,307.7,1717,27.1,7,False,2024-01-08T08:36:00
RUN_01768,MACHINE_M,M16627,298.3,307.7,1520,41.4,10,False,2024-01-08T08:42:00
RUN_01769,MACHINE_M,M16628,298.3,307.8,1485,42.0,13,False,2024-01-08T08:48:00
RUN_01770,MACHINE_L,L48949,298.4,307.9,1981,23.2,16,False,2024-01-08T08:54:00
RUN_01771,MACHINE_H,H31184,298.4,307.9,1605,31.0,18,False,2024-01-08T09:00:00
RUN_01772,MACHINE_L,L48951,298.4,307.9,1446,45.3,23,False,2024-01-08T09:06:00
RUN_01773,MACHINE_L,L48952,298.4,308.0,1508,47.9,25,False,2024-01-08T09:12:00
RUN_01774,MACHINE_L,L48953,298.5,308.0,1384,59.5,27,False,2024-01-08T09:18:00
RUN_01775,MACHINE_M,M16634,298.5,308.0,1519,37.3,29,False,2024-01-08T09:24:00
RUN_01776,MACHINE_L,L48955,298.5,308.0,1404,48.1,32,False,2024-01-08T09:30:00
RUN_01777,MACHINE_L,L48956,298.5,308.1,1564,31.1,34,False,2024-01-08T09:36:00
RUN_01778,MACHINE_H,H31191,298.6,308.2,1555,36.8,36,False,2024-01-08T09:42:00
RUN_01779,MACHINE_L,L48958,298.6,308.2,1325,54.0,41,False,2024-01-08T09:48:00
RUN_01780,MACHINE_M,M16639,298.6,308.2,1488,44.0,43,False,2024-01-08T09:54:00
RUN_01781,MACHINE_L,L48960,298.5,308.2,1595,32.3,46,False,2024-01-08T10:00:00
RUN_01782,MACHINE_L,L48961,298.5,308.1,1662,28.6,48,False,2024-01-08T10:06:00
RUN_01783,MACHINE_L,L48962,298.4,308.0,1571,37.4,50,False,2024-01-08T10:12:00
RUN_01784,MACHINE_H,H31197,298.3,308.0,1553,41.0,52,False,2024-01-08T10:18:00
RUN_01785,MACHINE_L,L48964,298.3,308.0,2886,3.8,57,True,2024-01-08T10:24:00
RUN_01786,MACHINE_L,L48965,298.2,308.0,1538,38.2,59,False,2024-01-08T10:30:00
RUN_01787,MACHINE_L,L48966,298.4,308.2,1618,33.0,61,False,2024-01-08T10:36:00
RUN_01788,MACHINE_L,L48967,298.4,308.2,1364,45.9,63,False,2024-01-08T10:42:00
RUN_01789,MACHINE_L,L48968,298.3,308.0,1442,47.3,65,False,2024-01-08T10:48:00
RUN_01790,MACHINE_L,L48969,298.2,307.9,1313,67.3,67,True,2024-01-08T10:54:00
RUN_01791,MACHINE_L,L48970,298.2,307.9,1847,23.6,69,False,2024-01-08T11:00:00
RUN_01792,MACHINE_L,L48971,298.1,307.8,1524,40.8,71,False,2024-01-08T11:06:00
RUN_01793,MACHINE_M,M16652,298.1,307.7,1445,48.0,73,False,2024-01-08T11:12:00
RUN_01794,MACHINE_L,L48973,298.1,307.8,1761,28.2,76,False,2024-01-08T11:18:00
RUN_01795,MACHINE_M,M16654,298.1,307.8,1514,43.5,78,False,2024-01-08T11:24:00
RUN_01796,MACHINE_M,M16655,298.1,307.7,1498,38.3,81,False,2024-01-08T11:30:00
RUN_01797,MACHINE_H,H31210,298.1,307.6,1542,37.1,84,False,2024-01-08T11:36:00
RUN_01798,MACHINE_M,M16657,298.0,307.6,1508,41.8,89,False,2024-01-08T11:42:00
RUN_01799,MACHINE_M,M16658,298.0,307.5,1431,52.9,92,False,2024-01-08T11:48:00
RUN_01800,MACHINE_M,M16659,298.0,307.5,1427,45.1,95,False,2024-01-08T11:54:00
RUN_01801,MACHINE_M,M16660,298.0,307.5,1524,36.3,98,False,2024-01-08T12:00:00
RUN_01802,MACHINE_M,M16661,298.0,307.5,1427,43.6,101,False,2024-01-08T12:06:00
RUN_01803,MACHINE_H,H31216,298.1,307.6,1496,44.1,104,False,2024-01-08T12:12:00
RUN_01804,MACHINE_L,L48983,298.1,307.7,1388,40.3,109,False,2024-01-08T12:18:00
RUN_01805,MACHINE_L,L48984,298.1,307.7,1495,48.1,111,False,2024-01-08T12:24:00
RUN_01806,MACHINE_H,H31219,298.1,307.7,1376,56.2,113,False,2024-01-08T12:30:00
RUN_01807,MACHINE_H,H31220,298.0,307.6,1593,32.2,118,False,2024-01-08T12:36:00
RUN_01808,MACHINE_L,L48987,298.0,307.6,1654,28.9,123,False,2024-01-08T12:42:00
RUN_01809,MACHINE_L,L48988,298.1,307.7,2567,12.8,125,True,2024-01-08T12:48:00
RUN_01810,MACHINE_L,L48989,298.1,307.7,1767,27.0,127,False,2024-01-08T12:54:00
RUN_01811,MACHINE_L,L48990,298.1,307.6,1364,53.8,129,False,2024-01-08T13:00:00
RUN_01812,MACHINE_M,M16671,298.1,307.8,1569,31.2,131,False,2024-01-08T13:06:00
RUN_01813,MACHINE_L,L48992,298.2,307.8,1476,36.8,134,False,2024-01-08T13:12:00
RUN_01814,MACHINE_L,L48993,298.1,307.7,1479,45.0,136,False,2024-01-08T13:18:00
RUN_01815,MACHINE_L,L48994,298.1,307.7,1650,34.1,138,False,2024-01-08T13:24:00
RUN_01816,MACHINE_M,M16675,298.1,307.6,1565,36.3,140,False,2024-01-08T13:30:00
RUN_01817,MACHINE_L,L48996,298.1,307.6,1460,46.5,143,False,2024-01-08T13:36:00
RUN_01818,MACHINE_L,L48997,298.1,307.7,1664,27.6,145,False,2024-01-08T13:42:00
RUN_01819,MACHINE_M,M16678,298.1,307.7,1435,40.9,147,False,2024-01-08T13:48:00
RUN_01820,MACHINE_M,M16679,298.1,307.6,2066,19.2,150,False,2024-01-08T13:54:00
RUN_01821,MACHINE_L,L49000,298.1,307.5,1493,43.7,153,False,2024-01-08T14:00:00
RUN_01822,MACHINE_L,L49001,298.1,307.6,1354,43.3,155,False,2024-01-08T14:06:00
RUN_01823,MACHINE_L,L49002,298.1,307.6,1488,39.4,157,False,2024-01-08T14:12:00
RUN_01824,MACHINE_L,L49003,298.1,307.7,1414,48.7,159,False,2024-01-08T14:18:00
RUN_01825,MACHINE_L,L49004,298.1,307.5,1391,57.4,161,False,2024-01-08T14:24:00
RUN_01826,MACHINE_M,M16685,298.0,307.5,1784,27.8,163,False,2024-01-08T14:30:00
RUN_01827,MACHINE_H,H31240,297.8,307.3,1516,40.1,166,False,2024-01-08T14:36:00
RUN_01828,MACHINE_M,M16687,297.9,307.3,1420,47.8,171,False,2024-01-08T14:42:00
RUN_01829,MACHINE_L,L49008,297.8,307.2,1351,56.3,174,False,2024-01-08T14:48:00
RUN_01830,MACHINE_L,L49009,297.8,307.2,1880,23.0,176,False,2024-01-08T14:54:00
RUN_01831,MACHINE_L,L49010,297.8,307.3,1859,24.0,178,False,2024-01-08T15:00:00
RUN_01832,MACHINE_M,M16691,297.8,307.3,1315,54.0,180,False,2024-01-08T15:06:00
RUN_01833,MACHINE_M,M16692,297.8,307.4,1330,51.7,183,False,2024-01-08T15:12:00
RUN_01834,MACHINE_L,L49013,297.8,307.3,1327,61.0,186,True,2024-01-08T15:18:00
RUN_01835,MACHINE_L,L49014,297.8,307.2,1498,38.1,188,False,2024-01-08T15:24:00
RUN_01836,MACHINE_H,H31249,297.8,307.3,1555,35.8,190,False,2024-01-08T15:30:00
RUN_01837,MACHINE_L,L49016,297.7,307.2,1518,35.8,195,False,2024-01-08T15:36:00
RUN_01838,MACHINE_L,L49017,297.7,307.2,1392,43.0,197,False,2024-01-08T15:42:00
RUN_01839,MACHINE_M,M16698,297.8,307.2,1456,39.6,199,False,2024-01-08T15:48:00
RUN_01840,MACHINE_L,L49019,297.7,307.1,1715,30.2,0,False,2024-01-08T15:54:00
RUN_01841,MACHINE_M,M16700,297.7,307.2,1405,43.7,2,False,2024-01-08T16:00:00
RUN_01842,MACHINE_L,L49021,297.7,307.2,1668,37.8,5,False,2024-01-08T16:06:00
RUN_01843,MACHINE_H,H31256,297.7,307.1,1855,22.5,7,False,2024-01-08T16:12:00
RUN_01844,MACHINE_L,L49023,297.6,307.1,1496,39.2,12,False,2024-01-08T16:18:00
RUN_01845,MACHINE_M,M16704,297.6,307.1,1471,44.9,14,False,2024-01-08T16:24:00
RUN_01846,MACHINE_L,L49025,297.7,307.2,1444,40.0,17,False,2024-01-08T16:30:00
RUN_01847,MACHINE_H,H31260,297.7,307.3,1514,38.6,19,False,2024-01-08T16:36:00
RUN_01848,MACHINE_L,L49027,297.8,307.3,1412,50.7,24,False,2024-01-08T16:42:00
RUN_01849,MACHINE_H,H31262,297.7,307.2,1429,44.1,26,False,2024-01-08T16:48:00
RUN_01850,MACHINE_L,L49029,297.7,307.2,1668,32.7,31,False,2024-01-08T16:54:00
RUN_01851,MACHINE_M,M16710,297.7,307.2,1372,52.8,33,False,2024-01-08T17:00:00
RUN_01852,MACHINE_M,M16711,297.7,307.3,1365,49.2,36,False,2024-01-08T17:06:00
RUN_01853,MACHINE_M,M16712,297.6,307.1,1526,39.1,39,False,2024-01-08T17:12:00
RUN_01854,MACHINE_L,L49033,297.6,307.2,1486,40.6,42,False,2024-01-08T17:18:00
RUN_01855,MACHINE_M,M16714,297.6,307.2,1470,42.6,44,False,2024-01-08T17:24:00
RUN_01856,MACHINE_H,H31269,297.7,307.3,1249,62.8,47,False,2024-01-08T17:30:00
RUN_01857,MACHINE_M,M16716,297.8,307.4,1752,26.1,52,False,2024-01-08T17:36:00
RUN_01858,MACHINE_L,L49037,297.7,307.4,1643,36.5,55,False,2024-01-08T17:42:00
RUN_01859,MACHINE_M,M16718,297.8,307.4,1488,36.1,57,False,2024-01-08T17:48:00
RUN_01860,MACHINE_L,L49039,297.8,307.4,1355,45.8,60,False,2024-01-08T17:54:00
RUN_01861,MACHINE_L,L49040,297.8,307.6,1607,30.3,62,False,2024-01-08T18:00:00
RUN_01862,MACHINE_M,M16721,297.9,307.6,1609,30.3,64,False,2024-01-08T18:06:00
RUN_01863,MACHINE_L,L49042,297.9,307.7,1517,44.4,67,False,2024-01-08T18:12:00
RUN_01864,MACHINE_M,M16723,297.9,307.7,1517,39.5,69,False,2024-01-08T18:18:00
RUN_01865,MACHINE_L,L49044,297.9,307.7,1546,37.6,72,False,2024-01-08T18:24:00
RUN_01866,MACHINE_L,L49045,297.9,307.7,1567,34.7,74,False,2024-01-08T18:30:00
RUN_01867,MACHINE_M,M16726,298.1,307.9,1662,28.9,76,False,2024-01-08T18:36:00
RUN_01868,MACHINE_L,L49047,298.1,307.9,1502,41.8,79,False,2024-01-08T18:42:00
RUN_01869,MACHINE_L,L49048,298.3,308.0,1361,56.9,81,False,2024-01-08T18:48:00
RUN_01870,MACHINE_M,M16729,298.3,308.1,1630,32.7,83,False,2024-01-08T18:54:00
RUN_01871,MACHINE_L,L49050,298.3,308.0,1486,42.3,86,False,2024-01-08T19:00:00
RUN_01872,MACHINE_L,L49051,298.3,308.1,1840,21.5,88,False,2024-01-08T19:06:00
RUN_01873,MACHINE_L,L49052,298.3,308.1,1326,58.4,90,False,2024-01-08T19:12:00
RUN_01874,MACHINE_L,L49053,298.4,308.1,1367,57.8,92,False,2024-01-08T19:18:00
RUN_01875,MACHINE_L,L49054,298.4,308.1,1598,32.7,94,False,2024-01-08T19:24:00
RUN_01876,MACHINE_L,L49055,298.3,308.0,1363,50.1,96,False,2024-01-08T19:30:00
RUN_01877,MACHINE_L,L49056,298.3,308.0,1242,62.0,98,False,2024-01-08T19:36:00
RUN_01878,MACHINE_M,M16737,298.2,307.8,1566,33.8,100,False,2024-01-08T19:42:00
RUN_01879,MACHINE_M,M16738,298.1,307.7,1424,47.7,103,False,2024-01-08T19:48:00
RUN_01880,MACHINE_M,M16739,298.2,307.7,1608,33.8,106,False,2024-01-08T19:54:00
RUN_01881,MACHINE_L,L49060,298.1,307.7,1705,29.1,109,False,2024-01-08T20:00:00
RUN_01882,MACHINE_L,L49061,298.0,307.6,1548,45.8,111,False,2024-01-08T20:06:00
RUN_01883,MACHINE_M,M16742,298.0,307.6,1581,43.4,113,False,2024-01-08T20:12:00
RUN_01884,MACHINE_M,M16743,298.0,307.6,1472,46.7,116,False,2024-01-08T20:18:00
RUN_01885,MACHINE_M,M16744,298.0,307.6,1792,26.0,119,False,2024-01-08T20:24:00
RUN_01886,MACHINE_L,L49065,298.0,307.6,1683,32.8,122,False,2024-01-08T20:30:00
RUN_01887,MACHINE_L,L49066,297.9,307.6,1503,40.7,124,False,2024-01-08T20:36:00
RUN_01888,MACHINE_M,M16747,297.9,307.5,1642,32.4,126,False,2024-01-08T20:42:00
RUN_01889,MACHINE_M,M16748,297.8,307.4,1902,24.3,129,False,2024-01-08T20:48:00
RUN_01890,MACHINE_H,H31303,297.7,307.4,1432,40.2,132,False,2024-01-08T20:54:00
RUN_01891,MACHINE_L,L49070,297.8,307.4,1512,40.8,137,False,2024-01-08T21:00:00
RUN_01892,MACHINE_L,L49071,297.7,307.4,1764,29.0,139,False,2024-01-08T21:06:00
RUN_01893,MACHINE_M,M16752,297.8,307.4,1438,43.6,141,False,2024-01-08T21:12:00
RUN_01894,MACHINE_L,L49073,297.8,307.5,1631,29.9,144,False,2024-01-08T21:18:00
RUN_01895,MACHINE_H,H31308,297.9,307.5,1880,23.3,146,False,2024-01-08T21:24:00
RUN_01896,MACHINE_L,L49075,297.9,307.6,1344,54.3,151,False,2024-01-08T21:30:00
RUN_01897,MACHINE_L,L49076,297.9,307.5,1574,35.8,153,False,2024-01-08T21:36:00
RUN_01898,MACHINE_L,L49077,297.8,307.4,1418,41.2,155,False,2024-01-08T21:42:00
RUN_01899,MACHINE_L,L49078,297.8,307.5,1372,54.1,157,False,2024-01-08T21:48:00
RUN_01900,MACHINE_L,L49079,297.8,307.5,1388,40.0,159,False,2024-01-08T21:54:00
RUN_01901,MACHINE_H,H31314,297.9,307.6,1493,36.0,161,False,2024-01-08T22:00:00
RUN_01902,MACHINE_M,M16761,297.9,307.6,1505,40.1,166,False,2024-01-08T22:06:00
RUN_01903,MACHINE_L,L49082,298.0,307.6,1694,29.1,169,False,2024-01-08T22:12:00
RUN_01904,MACHINE_L,L49083,297.9,307.6,1968,20.4,171,False,2024-01-08T22:18:00
RUN_01905,MACHINE_M,M16764,298.0,307.6,1569,35.6,173,False,2024-01-08T22:24:00
RUN_01906,MACHINE_L,L49085,297.9,307.6,1687,29.1,176,False,2024-01-08T22:30:00
RUN_01907,MACHINE_L,L49086,297.9,307.6,1430,52.4,178,False,2024-01-08T22:36:00
RUN_01908,MACHINE_L,L49087,297.9,307.6,1504,42.4,180,False,2024-01-08T22:42:00
RUN_01909,MACHINE_L,L49088,297.9,307.6,1977,20.2,182,False,2024-01-08T22:48:00
RUN_01910,MACHINE_L,L49089,298.0,307.7,1435,45.6,184,False,2024-01-08T22:54:00
RUN_01911,MACHINE_H,H31324,298.0,307.7,1547,36.8,186,False,2024-01-08T23:00:00
RUN_01912,MACHINE_M,M16771,298.1,307.8,1316,57.2,191,False,2024-01-08T23:06:00
RUN_01913,MACHINE_M,M16772,298.0,307.7,1621,34.9,194,False,2024-01-08T23:12:00
RUN_01914,MACHINE_M,M16773,298.0,307.8,1492,40.2,197,False,2024-01-08T23:18:00
RUN_01915,MACHINE_L,L49094,298.0,307.7,1643,32.3,200,False,2024-01-08T23:24:00
RUN_01916,MACHINE_L,L49095,298.0,307.7,1492,38.7,202,False,2024-01-08T23:30:00
RUN_01917,MACHINE_L,L49096,298.0,307.7,1387,50.8,204,False,2024-01-08T23:36:00
RUN_01918,MACHINE_M,M16777,298.1,307.9,1463,47.3,206,False,2024-01-08T23:42:00
RUN_01919,MACHINE_M,M16778,298.1,307.9,1496,40.0,0,False,2024-01-08T23:48:00
RUN_01920,MACHINE_L,L49099,298.2,308.0,1658,30.0,3,False,2024-01-08T23:54:00
RUN_01921,MACHINE_L,L49100,298.1,307.9,2161,17.5,5,False,2024-01-09T00:00:00
RUN_01922,MACHINE_L,L49101,298.1,307.9,1665,32.0,7,False,2024-01-09T00:06:00
RUN_01923,MACHINE_L,L49102,298.0,307.8,1716,26.6,9,False,2024-01-09T00:12:00
RUN_01924,MACHINE_L,L49103,298.0,307.7,1529,34.1,11,False,2024-01-09T00:18:00
RUN_01925,MACHINE_L,L49104,297.9,307.7,1353,50.7,13,False,2024-01-09T00:24:00
RUN_01926,MACHINE_L,L49105,297.9,307.7,1537,37.7,15,False,2024-01-09T00:30:00
RUN_01927,MACHINE_L,L49106,298.0,307.7,1606,30.8,17,False,2024-01-09T00:36:00
RUN_01928,MACHINE_H,H31341,298.0,307.8,1314,47.8,19,False,2024-01-09T00:42:00
RUN_01929,MACHINE_L,L49108,298.0,307.8,1623,29.9,24,False,2024-01-09T00:48:00
RUN_01930,MACHINE_M,M16789,298.0,307.8,1483,50.9,26,False,2024-01-09T00:54:00
RUN_01931,MACHINE_M,M16790,298.1,307.9,1569,37.0,29,False,2024-01-09T01:00:00
RUN_01932,MACHINE_M,M16791,298.2,308.0,1969,21.7,32,False,2024-01-09T01:06:00
RUN_01933,MACHINE_M,M16792,298.1,308.0,1686,29.3,35,False,2024-01-09T01:12:00
RUN_01934,MACHINE_L,L49113,298.1,308.0,1638,35.1,38,False,2024-01-09T01:18:00
RUN_01935,MACHINE_L,L49114,298.1,307.9,1698,33.3,40,False,2024-01-09T01:24:00
RUN_01936,MACHINE_M,M16795,298.1,307.9,1377,55.1,42,False,2024-01-09T01:30:00
RUN_01937,MACHINE_M,M16796,298.1,308.0,2129,18.4,45,False,2024-01-09T01:36:00
RUN_01938,MACHINE_L,L49117,298.2,308.0,1411,42.4,48,False,2024-01-09T01:42:00
RUN_01939,MACHINE_L,L49118,298.1,307.9,1517,40.8,50,False,2024-01-09T01:48:00
RUN_01940,MACHINE_M,M16799,298.1,307.9,1303,53.9,52,False,2024-01-09T01:54:00
RUN_01941,MACHINE_L,L49120,298.1,307.9,1578,35.6,55,False,2024-01-09T02:00:00
RUN_01942,MACHINE_L,L49121,298.1,307.9,1425,58.2,57,False,2024-01-09T02:06:00
RUN_01943,MACHINE_L,L49122,298.1,308.0,1456,42.4,59,False,2024-01-09T02:12:00
RUN_01944,MACHINE_L,L49123,298.1,308.0,1704,30.9,61,False,2024-01-09T02:18:00
RUN_01945,MACHINE_L,L49124,298.1,308.1,1791,27.3,63,False,2024-01-09T02:24:00
RUN_01946,MACHINE_L,L49125,298.1,308.1,1616,32.8,65,False,2024-01-09T02:30:00
RUN_01947,MACHINE_L,L49126,298.2,308.1,1622,34.9,67,False,2024-01-09T02:36:00
RUN_01948,MACHINE_L,L49127,298.2,308.1,1462,49.9,69,False,2024-01-09T02:42:00
RUN_01949,MACHINE_L,L49128,298.1,308.1,1410,45.8,71,False,2024-01-09T02:48:00
RUN_01950,MACHINE_M,M16809,298.1,308.0,1543,41.9,73,False,2024-01-09T02:54:00
RUN_01951,MACHINE_M,M16810,298.0,307.9,1479,47.6,76,False,2024-01-09T03:00:00
RUN_01952,MACHINE_L,L49131,298.0,307.8,1839,22.7,79,False,2024-01-09T03:06:00
RUN_01953,MACHINE_L,L49132,298.0,307.8,1266,60.5,81,False,2024-01-09T03:12:00
RUN_01954,MACHINE_L,L49133,297.9,307.7,1593,34.9,83,False,2024-01-09T03:18:00
RUN_01955,MACHINE_L,L49134,297.9,307.8,1459,46.9,85,False,2024-01-09T03:24:00
RUN_01956,MACHINE_L,L49135,297.9,307.7,1308,55.2,87,False,2024-01-09T03:30:00
RUN_01957,MACHINE_M,M16816,297.9,307.7,1364,46.8,89,False,2024-01-09T03:36:00
RUN_01958,MACHINE_H,H31371,297.9,307.7,1618,35.9,92,False,2024-01-09T03:42:00
RUN_01959,MACHINE_H,H31372,297.9,307.7,1464,43.2,97,False,2024-01-09T03:48:00
RUN_01960,MACHINE_M,M16819,297.8,307.6,1352,49.4,102,False,2024-01-09T03:54:00
RUN_01961,MACHINE_L,L49140,297.8,307.6,1446,51.4,105,False,2024-01-09T04:00:00
RUN_01962,MACHINE_L,L49141,297.8,307.5,1448,51.2,107,False,2024-01-09T04:06:00
RUN_01963,MACHINE_L,L49142,297.8,307.5,1391,48.6,109,False,2024-01-09T04:12:00
RUN_01964,MACHINE_L,L49143,297.7,307.5,1379,43.3,111,False,2024-01-09T04:18:00
RUN_01965,MACHINE_M,M16824,297.8,307.5,1405,46.9,113,False,2024-01-09T04:24:00
RUN_01966,MACHINE_L,L49145,297.8,307.5,1581,33.1,116,False,2024-01-09T04:30:00
RUN_01967,MACHINE_L,L49146,297.9,307.6,1515,40.5,118,False,2024-01-09T04:36:00
RUN_01968,MACHINE_L,L49147,297.9,307.6,1589,37.8,120,False,2024-01-09T04:42:00
RUN_01969,MACHINE_L,L49148,298.0,307.6,1281,50.8,122,False,2024-01-09T04:48:00
RUN_01970,MACHINE_H,H31383,297.8,307.5,1631,31.3,124,False,2024-01-09T04:54:00
RUN_01971,MACHINE_M,M16830,297.9,307.6,1202,67.0,129,False,2024-01-09T05:00:00
RUN_01972,MACHINE_L,L49151,297.9,307.6,1298,52.7,132,False,2024-01-09T05:06:00
RUN_01973,MACHINE_L,L49152,297.9,307.6,1612,30.7,134,False,2024-01-09T05:12:00
RUN_01974,MACHINE_L,L49153,297.9,307.6,1747,25.3,136,False,2024-01-09T05:18:00
RUN_01975,MACHINE_L,L49154,298.0,307.6,1450,48.7,138,False,2024-01-09T05:24:00
RUN_01976,MACHINE_L,L49155,298.0,307.7,1422,45.6,140,False,2024-01-09T05:30:00
RUN_01977,MACHINE_M,M16836,298.1,307.7,1419,47.4,142,False,2024-01-09T05:36:00
RUN_01978,MACHINE_M,M16837,298.1,307.7,1633,30.7,145,False,2024-01-09T05:42:00
RUN_01979,MACHINE_L,L49158,298.0,307.7,1442,43.6,148,False,2024-01-09T05:48:00
RUN_01980,MACHINE_H,H31393,298.0,307.6,1420,45.8,150,False,2024-01-09T05:54:00
RUN_01981,MACHINE_M,M16840,298.0,307.6,1301,58.5,155,False,2024-01-09T06:00:00
RUN_01982,MACHINE_L,L49161,298.0,307.6,1385,45.0,158,False,2024-01-09T06:06:00
RUN_01983,MACHINE_M,M16842,298.0,307.7,1487,41.3,160,False,2024-01-09T06:12:00
RUN_01984,MACHINE_M,M16843,298.0,307.6,1459,44.4,163,False,2024-01-09T06:18:00
RUN_01985,MACHINE_M,M16844,298.0,307.5,1387,45.5,166,False,2024-01-09T06:24:00
RUN_01986,MACHINE_L,L49165,298.1,307.7,1537,40.8,169,False,2024-01-09T06:30:00
RUN_01987,MACHINE_L,L49166,298.1,307.6,1498,42.9,171,False,2024-01-09T06:36:00
RUN_01988,MACHINE_M,M16847,298.2,307.8,1599,31.2,173,False,2024-01-09T06:42:00
RUN_01989,MACHINE_H,H31402,298.3,307.9,1420,39.2,176,False,2024-01-09T06:48:00
RUN_01990,MACHINE_L,L49169,298.2,307.9,1785,23.4,181,False,2024-01-09T06:54:00
RUN_01991,MACHINE_L,L49170,298.2,307.8,1423,48.1,183,False,2024-01-09T07:00:00
RUN_01992,MACHINE_M,M16851,298.2,307.8,1583,36.6,185,False,2024-01-09T07:06:00
RUN_01993,MACHINE_L,L49172,298.2,307.8,1375,46.6,188,False,2024-01-09T07:12:00
RUN_01994,MACHINE_M,M16853,298.3,308.0,1463,42.5,190,False,2024-01-09T07:18:00
RUN_01995,MACHINE_M,M16854,298.2,307.9,1403,45.1,193,False,2024-01-09T07:24:00
RUN_01996,MACHINE_L,L49175,298.3,308.0,1451,47.1,196,False,2024-01-09T07:30:00
RUN_01997,MACHINE_M,M16856,298.4,308.0,1416,38.2,198,True,2024-01-09T07:36:00
RUN_01998,MACHINE_L,L49177,298.3,308.1,1672,41.3,0,False,2024-01-09T07:42:00
RUN_01999,MACHINE_H,H31412,298.3,308.0,1637,30.8,2,False,2024-01-09T07:48:00
RUN_02000,MACHINE_L,L49179,298.4,308.0,1540,37.8,7,False,2024-01-09T07:54:00
RUN_02001,MACHINE_L,L49180,298.4,308.1,1279,53.1,9,False,2024-01-09T08:00:00
RUN_02002,MACHINE_L,L49181,298.4,308.2,1604,34.9,11,False,2024-01-09T08:06:00
RUN_02003,MACHINE_L,L49182,298.5,308.2,1654,27.1,13,False,2024-01-09T08:12:00
RUN_02004,MACHINE_M,M16863,298.5,308.2,1564,37.5,15,False,2024-01-09T08:18:00
RUN_02005,MACHINE_L,L49184,298.5,308.2,1451,47.5,18,False,2024-01-09T08:24:00
RUN_02006,MACHINE_L,L49185,298.5,308.3,1504,38.0,20,False,2024-01-09T08:30:00
RUN_02007,MACHINE_M,M16866,298.5,308.3,1381,50.5,22,False,2024-01-09T08:36:00
RUN_02008,MACHINE_L,L49187,298.6,308.4,1562,34.4,25,False,2024-01-09T08:42:00
RUN_02009,MACHINE_L,L49188,298.5,308.3,1811,24.7,27,False,2024-01-09T08:48:00
RUN_02010,MACHINE_M,M16869,298.6,308.3,1717,28.7,29,False,2024-01-09T08:54:00
RUN_02011,MACHINE_L,L49190,298.6,308.3,1278,60.5,32,False,2024-01-09T09:00:00
RUN_02012,MACHINE_L,L49191,298.7,308.5,1616,30.2,34,False,2024-01-09T09:06:00
RUN_02013,MACHINE_L,L49192,298.6,308.4,1397,46.4,36,False,2024-01-09T09:12:00
RUN_02014,MACHINE_L,L49193,298.6,308.4,1485,42.9,38,False,2024-01-09T09:18:00
RUN_02015,MACHINE_L,L49194,298.6,308.4,1310,59.7,40,False,2024-01-09T09:24:00
RUN_02016,MACHINE_L,L49195,298.5,308.2,1301,66.3,42,True,2024-01-09T09:30:00
RUN_02017,MACHINE_L,L49196,298.5,308.3,1458,44.0,44,False,2024-01-09T09:36:00
RUN_02018,MACHINE_L,L49197,298.7,308.5,1483,42.5,46,False,2024-01-09T09:42:00
RUN_02019,MACHINE_L,L49198,298.7,308.5,1375,46.4,48,False,2024-01-09T09:48:00
RUN_02020,MACHINE_M,M16879,298.7,308.5,1660,27.0,50,False,2024-01-09T09:54:00
RUN_02021,MACHINE_H,H31434,298.7,308.4,1560,33.3,53,False,2024-01-09T10:00:00
RUN_02022,MACHINE_L,L49201,298.7,308.5,1480,42.2,58,False,2024-01-09T10:06:00
RUN_02023,MACHINE_L,L49202,298.7,308.4,1373,46.9,60,False,2024-01-09T10:12:00
RUN_02024,MACHINE_L,L49203,298.7,308.5,1444,54.2,62,False,2024-01-09T10:18:00
RUN_02025,MACHINE_M,M16884,298.7,308.6,1722,24.7,64,False,2024-01-09T10:24:00
RUN_02026,MACHINE_L,L49205,298.7,308.5,1469,39.9,67,False,2024-01-09T10:30:00
RUN_02027,MACHINE_M,M16886,298.7,308.5,1360,52.9,69,False,2024-01-09T10:36:00
RUN_02028,MACHINE_L,L49207,298.7,308.4,1750,25.8,72,False,2024-01-09T10:42:00
RUN_02029,MACHINE_M,M16888,298.7,308.3,1349,46.6,74,False,2024-01-09T10:48:00
RUN_02030,MACHINE_L,L49209,298.7,308.5,1668,35.2,77,False,2024-01-09T10:54:00
RUN_02031,MACHINE_L,L49210,298.9,308.6,1400,49.5,79,False,2024-01-09T11:00:00
RUN_02032,MACHINE_L,L49211,298.8,308.6,1331,62.8,81,False,2024-01-09T11:06:00
RUN_02033,MACHINE_L,L49212,298.8,308.5,1444,42.2,83,False,2024-01-09T11:12:00
RUN_02034,MACHINE_H,H31447,298.8,308.5,1359,47.6,85,False,2024-01-09T11:18:00
RUN_02035,MACHINE_M,M16894,298.8,308.5,1425,47.4,90,False,2024-01-09T11:24:00
RUN_02036,MACHINE_M,M16895,298.9,308.6,1469,34.2,93,False,2024-01-09T11:30:00
RUN_02037,MACHINE_L,L49216,299.0,308.7,1892,22.8,96,False,2024-01-09T11:36:00
RUN_02038,MACHINE_H,H31451,299.0,308.7,1940,19.9,98,False,2024-01-09T11:42:00
RUN_02039,MACHINE_L,L49218,299.0,308.8,1405,55.2,103,False,2024-01-09T11:48:00
RUN_02040,MACHINE_M,M16899,299.0,308.9,1449,39.6,105,False,2024-01-09T11:54:00
RUN_02041,MACHINE_L,L49220,299.1,308.9,1686,29.6,108,False,2024-01-09T12:00:00
RUN_02042,MACHINE_L,L49221,299.1,308.9,1680,27.2,110,False,2024-01-09T12:06:00
RUN_02043,MACHINE_M,M16902,299.1,308.9,1397,52.4,112,False,2024-01-09T12:12:00
RUN_02044,MACHINE_M,M16903,299.2,309.0,1597,30.3,115,False,2024-01-09T12:18:00
RUN_02045,MACHINE_L,L49224,299.3,309.1,1470,41.1,118,False,2024-01-09T12:24:00
RUN_02046,MACHINE_M,M16905,299.3,309.1,1703,31.3,120,False,2024-01-09T12:30:00
RUN_02047,MACHINE_L,L49226,299.3,309.1,1388,45.5,123,False,2024-01-09T12:36:00
RUN_02048,MACHINE_L,L49227,299.3,309.2,1775,24.2,125,False,2024-01-09T12:42:00
RUN_02049,MACHINE_L,L49228,299.3,309.2,1465,41.5,127,False,2024-01-09T12:48:00
RUN_02050,MACHINE_M,M16909,299.3,309.2,1586,37.9,129,False,2024-01-09T12:54:00
RUN_02051,MACHINE_M,M16910,299.5,309.3,1675,29.2,132,False,2024-01-09T13:00:00
RUN_02052,MACHINE_M,M16911,299.4,309.2,1470,44.4,135,False,2024-01-09T13:06:00
RUN_02053,MACHINE_L,L49232,299.5,309.3,1477,40.4,138,False,2024-01-09T13:12:00
RUN_02054,MACHINE_L,L49233,299.5,309.3,1382,61.0,140,False,2024-01-09T13:18:00
RUN_02055,MACHINE_M,M16914,299.6,309.4,1605,29.8,142,False,2024-01-09T13:24:00
RUN_02056,MACHINE_L,L49235,299.6,309.4,1643,32.9,145,False,2024-01-09T13:30:00
RUN_02057,MACHINE_L,L49236,299.5,309.3,1333,54.1,147,False,2024-01-09T13:36:00
RUN_02058,MACHINE_L,L49237,299.5,309.3,1520,42.3,149,False,2024-01-09T13:42:00
RUN_02059,MACHINE_M,M16918,299.5,309.3,1902,24.0,151,False,2024-01-09T13:48:00
RUN_02060,MACHINE_H,H31473,299.5,309.4,1386,44.4,154,False,2024-01-09T13:54:00
RUN_02061,MACHINE_L,L49240,299.6,309.5,1803,27.7,159,False,2024-01-09T14:00:00
RUN_02062,MACHINE_L,L49241,299.7,309.6,1359,50.7,161,False,2024-01-09T14:06:00
RUN_02063,MACHINE_M,M16922,299.7,309.6,1477,42.7,163,False,2024-01-09T14:12:00
RUN_02064,MACHINE_L,L49243,299.7,309.6,1321,53.4,166,False,2024-01-09T14:18:00
RUN_02065,MACHINE_L,L49244,299.6,309.5,1453,41.4,168,False,2024-01-09T14:24:00
RUN_02066,MACHINE_L,L49245,299.7,309.6,1419,45.1,170,False,2024-01-09T14:30:00
RUN_02067,MACHINE_L,L49246,299.7,309.6,1512,36.2,172,False,2024-01-09T14:36:00
RUN_02068,MACHINE_L,L49247,299.7,309.6,1553,36.8,174,False,2024-01-09T14:42:00
RUN_02069,MACHINE_M,M16928,299.7,309.6,1534,39.1,176,False,2024-01-09T14:48:00
RUN_02070,MACHINE_H,H31483,299.7,309.6,1553,41.0,179,False,2024-01-09T14:54:00
RUN_02071,MACHINE_L,L49250,299.7,309.5,1352,49.7,184,False,2024-01-09T15:00:00
RUN_02072,MACHINE_M,M16931,299.7,309.6,1313,60.0,186,False,2024-01-09T15:06:00
RUN_02073,MACHINE_L,L49252,299.6,309.5,1570,35.5,189,False,2024-01-09T15:12:00
RUN_02074,MACHINE_L,L49253,299.6,309.4,1677,31.1,191,False,2024-01-09T15:18:00
RUN_02075,MACHINE_L,L49254,299.5,309.4,1602,31.5,193,False,2024-01-09T15:24:00
RUN_02076,MACHINE_L,L49255,299.5,309.4,1390,58.8,195,True,2024-01-09T15:30:00
RUN_02077,MACHINE_L,L49256,299.4,309.3,1544,36.0,197,False,2024-01-09T15:36:00
RUN_02078,MACHINE_L,L49257,299.4,309.4,1701,31.2,199,False,2024-01-09T15:42:00
RUN_02079,MACHINE_M,M16938,299.4,309.3,1692,28.4,201,False,2024-01-09T15:48:00
RUN_02080,MACHINE_M,M16939,299.3,309.3,1523,37.9,204,False,2024-01-09T15:54:00
RUN_02081,MACHINE_L,L49260,299.3,309.2,2280,15.4,207,False,2024-01-09T16:00:00
RUN_02082,MACHINE_M,M16941,299.4,309.3,1485,47.1,209,False,2024-01-09T16:06:00
RUN_02083,MACHINE_H,H31496,299.4,309.2,1513,36.1,212,False,2024-01-09T16:12:00
RUN_02084,MACHINE_H,H31497,299.4,309.3,1743,28.2,0,False,2024-01-09T16:18:00
RUN_02085,MACHINE_L,L49264,299.5,309.3,1442,46.2,5,False,2024-01-09T16:24:00
RUN_02086,MACHINE_L,L49265,299.5,309.3,1462,46.7,7,False,2024-01-09T16:30:00
RUN_02087,MACHINE_H,H31500,299.4,309.3,1439,49.7,9,False,2024-01-09T16:36:00
RUN_02088,MACHINE_L,L49267,299.5,309.3,1577,36.6,14,False,2024-01-09T16:42:00
RUN_02089,MACHINE_L,L49268,299.6,309.4,1331,46.4,16,False,2024-01-09T16:48:00
RUN_02090,MACHINE_L,L49269,299.5,309.3,1941,22.5,18,False,2024-01-09T16:54:00
RUN_02091,MACHINE_L,L49270,299.5,309.2,1393,47.3,20,False,2024-01-09T17:00:00
RUN_02092,MACHINE_L,L49271,299.4,309.2,1433,42.1,22,False,2024-01-09T17:06:00
RUN_02093,MACHINE_L,L49272,299.4,309.2,1444,48.2,24,False,2024-01-09T17:12:00
RUN_02094,MACHINE_L,L49273,299.4,309.2,1564,39.0,26,False,2024-01-09T17:18:00
RUN_02095,MACHINE_L,L49274,299.4,309.3,1377,43.6,28,False,2024-01-09T17:24:00
RUN_02096,MACHINE_L,L49275,299.4,309.3,1525,41.5,30,False,2024-01-09T17:30:00
RUN_02097,MACHINE_M,M16956,299.5,309.4,1387,56.2,32,False,2024-01-09T17:36:00
RUN_02098,MACHINE_M,M16957,299.4,309.4,1326,47.5,35,False,2024-01-09T17:42:00
RUN_02099,MACHINE_L,L49278,299.4,309.3,1401,59.0,38,False,2024-01-09T17:48:00
RUN_02100,MACHINE_L,L49279,299.4,309.3,1596,31.8,40,False,2024-01-09T17:54:00
RUN_02101,MACHINE_M,M16960,299.3,309.3,1471,46.0,42,False,2024-01-09T18:00:00
RUN_02102,MACHINE_L,L49281,299.3,309.3,1528,37.8,45,False,2024-01-09T18:06:00
RUN_02103,MACHINE_L,L49282,299.3,309.3,1325,62.0,47,False,2024-01-09T18:12:00
RUN_02104,MACHINE_M,M16963,299.3,309.1,1376,46.7,49,False,2024-01-09T18:18:00
RUN_02105,MACHINE_M,M16964,299.3,309.1,1600,35.3,52,False,2024-01-09T18:24:00
RUN_02106,MACHINE_L,L49285,299.3,309.1,1495,44.0,55,False,2024-01-09T18:30:00
RUN_02107,MACHINE_L,L49286,299.4,309.1,1645,28.6,57,False,2024-01-09T18:36:00
RUN_02108,MACHINE_M,M16967,299.4,309.1,1417,47.3,59,False,2024-01-09T18:42:00
RUN_02109,MACHINE_H,H31522,299.4,309.0,1415,51.7,62,False,2024-01-09T18:48:00
RUN_02110,MACHINE_M,M16969,299.3,309.0,1496,43.4,67,False,2024-01-09T18:54:00
RUN_02111,MACHINE_H,H31524,299.3,309.0,1508,35.0,70,False,2024-01-09T19:00:00
RUN_02112,MACHINE_L,L49291,299.4,309.0,1436,47.9,75,False,2024-01-09T19:06:00
RUN_02113,MACHINE_L,L49292,299.5,309.1,1852,22.6,77,False,2024-01-09T19:12:00
RUN_02114,MACHINE_L,L49293,299.5,309.1,1863,22.5,79,False,2024-01-09T19:18:00
RUN_02115,MACHINE_H,H31528,299.4,309.1,1373,44.1,81,False,2024-01-09T19:24:00
RUN_02116,MACHINE_L,L49295,299.4,309.0,1404,47.3,86,False,2024-01-09T19:30:00
RUN_02117,MACHINE_M,M16976,299.4,309.0,1381,44.9,88,False,2024-01-09T19:36:00
RUN_02118,MACHINE_H,H31531,299.4,308.9,1762,29.3,91,False,2024-01-09T19:42:00
RUN_02119,MACHINE_H,H31532,299.3,308.9,1429,43.0,96,False,2024-01-09T19:48:00
RUN_02120,MACHINE_M,M16979,299.3,308.9,1858,24.7,101,False,2024-01-09T19:54:00
RUN_02121,MACHINE_H,H31534,299.2,308.8,1908,21.3,104,False,2024-01-09T20:00:00
RUN_02122,MACHINE_M,M16981,299.2,308.8,1503,37.4,109,False,2024-01-09T20:06:00
RUN_02123,MACHINE_M,M16982,299.2,308.8,1523,38.9,112,False,2024-01-09T20:12:00
RUN_02124,MACHINE_L,L49303,299.3,309.0,1491,38.4,115,False,2024-01-09T20:18:00
RUN_02125,MACHINE_L,L49304,299.2,308.9,1430,39.1,117,False,2024-01-09T20:24:00
RUN_02126,MACHINE_L,L49305,299.3,308.9,1258,69.4,119,True,2024-01-09T20:30:00
RUN_02127,MACHINE_L,L49306,299.3,309.0,1449,46.5,121,False,2024-01-09T20:36:00
RUN_02128,MACHINE_H,H31541,299.3,309.0,1425,40.6,123,False,2024-01-09T20:42:00
RUN_02129,MACHINE_L,L49308,299.4,309.0,1800,24.3,128,False,2024-01-09T20:48:00
RUN_02130,MACHINE_H,H31543,299.4,309.0,1607,33.7,130,False,2024-01-09T20:54:00
RUN_02131,MACHINE_L,L49310,299.4,309.0,1391,58.2,135,False,2024-01-09T21:00:00
RUN_02132,MACHINE_L,L49311,299.4,309.1,1432,45.4,137,False,2024-01-09T21:06:00
RUN_02133,MACHINE_L,L49312,299.4,309.0,1660,28.4,139,False,2024-01-09T21:12:00
RUN_02134,MACHINE_H,H31547,299.3,309.0,1732,29.7,141,False,2024-01-09T21:18:00
RUN_02135,MACHINE_L,L49314,299.3,309.0,1473,46.3,146,False,2024-01-09T21:24:00
RUN_02136,MACHINE_L,L49315,299.3,309.0,1511,47.8,148,False,2024-01-09T21:30:00
RUN_02137,MACHINE_L,L49316,299.2,308.9,1588,41.5,150,False,2024-01-09T21:36:00
RUN_02138,MACHINE_L,L49317,299.3,308.9,1623,31.1,152,False,2024-01-09T21:42:00
RUN_02139,MACHINE_L,L49318,299.3,309.0,1734,30.6,154,False,2024-01-09T21:48:00
RUN_02140,MACHINE_L,L49319,299.3,309.0,1415,47.6,156,False,2024-01-09T21:54:00
RUN_02141,MACHINE_L,L49320,299.3,309.0,1419,46.6,158,False,2024-01-09T22:00:00
RUN_02142,MACHINE_M,M17001,299.3,308.9,1577,34.9,160,False,2024-01-09T22:06:00
RUN_02143,MACHINE_L,L49322,299.3,308.9,1376,60.3,163,False,2024-01-09T22:12:00
RUN_02144,MACHINE_M,M17003,299.3,308.8,1442,49.0,165,False,2024-01-09T22:18:00
RUN_02145,MACHINE_L,L49324,299.4,308.9,1451,40.5,168,False,2024-01-09T22:24:00
RUN_02146,MACHINE_L,L49325,299.3,308.8,1550,45.8,170,False,2024-01-09T22:30:00
RUN_02147,MACHINE_L,L49326,299.3,308.8,1647,32.9,172,False,2024-01-09T22:36:00
RUN_02148,MACHINE_L,L49327,299.4,308.9,1550,33.7,174,False,2024-01-09T22:42:00
RUN_02149,MACHINE_L,L49328,299.4,308.9,1583,34.1,176,False,2024-01-09T22:48:00
RUN_02150,MACHINE_L,L49329,299.4,309.0,1613,32.2,178,False,2024-01-09T22:54:00
RUN_02151,MACHINE_H,H31564,299.3,308.8,1636,35.5,180,False,2024-01-09T23:00:00
RUN_02152,MACHINE_M,M17011,299.3,308.7,1289,51.5,185,False,2024-01-09T23:06:00
RUN_02153,MACHINE_M,M17012,299.3,308.8,1648,28.4,188,False,2024-01-09T23:12:00
RUN_02154,MACHINE_H,H31567,299.3,308.8,1397,45.4,191,False,2024-01-09T23:18:00
RUN_02155,MACHINE_M,M17014,299.3,308.9,1767,24.8,196,False,2024-01-09T23:24:00
RUN_02156,MACHINE_L,L49335,299.3,308.8,1341,47.7,199,False,2024-01-09T23:30:00
RUN_02157,MACHINE_M,M17016,299.4,308.9,1457,41.5,201,False,2024-01-09T23:36:00
RUN_02158,MACHINE_M,M17017,299.4,309.0,1939,19.8,204,False,2024-01-09T23:42:00
RUN_02159,MACHINE_M,M17018,299.5,309.0,1399,49.7,207,False,2024-01-09T23:48:00
RUN_02160,MACHINE_M,M17019,299.5,309.0,1602,31.3,210,False,2024-01-09T23:54:00
RUN_02161,MACHINE_L,L49340,299.4,309.0,1507,41.0,213,False,2024-01-10T00:00:00
RUN_02162,MACHINE_L,L49341,299.4,309.1,1464,40.5,215,False,2024-01-10T00:06:00
RUN_02163,MACHINE_L,L49342,299.5,309.1,1336,42.1,217,False,2024-01-10T00:12:00
RUN_02164,MACHINE_L,L49343,299.6,309.2,1422,39.8,219,False,2024-01-10T00:18:00
RUN_02165,MACHINE_L,L49344,299.6,309.2,1540,36.7,221,False,2024-01-10T00:24:00
RUN_02166,MACHINE_L,L49345,299.5,309.1,1476,47.8,223,False,2024-01-10T00:30:00
RUN_02167,MACHINE_M,M17026,299.6,309.2,1867,23.4,225,True,2024-01-10T00:36:00
RUN_02168,MACHINE_H,H31581,299.6,309.1,1588,41.3,0,False,2024-01-10T00:42:00
RUN_02169,MACHINE_M,M17028,299.5,309.1,1420,49.5,5,False,2024-01-10T00:48:00
RUN_02170,MACHINE_L,L49349,299.5,309.1,1415,49.2,8,False,2024-01-10T00:54:00
RUN_02171,MACHINE_M,M17030,299.4,309.1,1500,43.3,10,False,2024-01-10T01:00:00
RUN_02172,MACHINE_L,L49351,299.5,309.1,1502,44.6,13,False,2024-01-10T01:06:00
RUN_02173,MACHINE_L,L49352,299.5,309.2,1816,23.0,15,False,2024-01-10T01:12:00
RUN_02174,MACHINE_M,M17033,299.5,309.2,1495,41.6,17,False,2024-01-10T01:18:00
RUN_02175,MACHINE_L,L49354,299.6,309.2,1572,33.4,20,False,2024-01-10T01:24:00
RUN_02176,MACHINE_M,M17035,299.5,309.2,1590,35.9,22,False,2024-01-10T01:30:00
RUN_02177,MACHINE_M,M17036,299.6,309.3,1387,48.3,25,False,2024-01-10T01:36:00
RUN_02178,MACHINE_M,M17037,299.6,309.2,1393,47.7,28,False,2024-01-10T01:42:00
RUN_02179,MACHINE_L,L49358,299.6,309.2,1602,37.3,31,False,2024-01-10T01:48:00
RUN_02180,MACHINE_L,L49359,299.6,309.2,1601,33.3,33,False,2024-01-10T01:54:00
RUN_02181,MACHINE_H,H31594,299.6,309.2,1597,36.3,35,False,2024-01-10T02:00:00
RUN_02182,MACHINE_H,H31595,299.5,309.1,1548,44.3,40,False,2024-01-10T02:06:00
RUN_02183,MACHINE_M,M17042,299.5,309.2,1314,61.8,45,False,2024-01-10T02:12:00
RUN_02184,MACHINE_M,M17043,299.6,309.3,1577,39.8,48,False,2024-01-10T02:18:00
RUN_02185,MACHINE_L,L49364,299.8,309.4,1475,43.4,51,False,2024-01-10T02:24:00
RUN_02186,MACHINE_L,L49365,299.8,309.4,1630,32.4,53,False,2024-01-10T02:30:00
RUN_02187,MACHINE_L,L49366,299.7,309.4,1445,42.9,55,False,2024-01-10T02:36:00
RUN_02188,MACHINE_M,M17047,299.8,309.4,1439,47.4,57,False,2024-01-10T02:42:00
RUN_02189,MACHINE_L,L49368,299.7,309.3,1420,44.1,60,False,2024-01-10T02:48:00
RUN_02190,MACHINE_H,H31603,299.7,309.2,1554,41.6,62,False,2024-01-10T02:54:00
RUN_02191,MACHINE_M,M17050,299.6,309.1,1471,44.3,67,False,2024-01-10T03:00:00
RUN_02192,MACHINE_L,L49371,299.6,309.0,1648,33.6,70,False,2024-01-10T03:06:00
RUN_02193,MACHINE_L,L49372,299.6,309.0,1472,48.8,72,False,2024-01-10T03:12:00
RUN_02194,MACHINE_M,M17053,299.5,308.9,1448,42.9,74,False,2024-01-10T03:18:00
RUN_02195,MACHINE_M,M17054,299.6,308.9,1568,35.3,77,False,2024-01-10T03:24:00
RUN_02196,MACHINE_L,L49375,299.6,308.9,1613,30.8,80,False,2024-01-10T03:30:00
RUN_02197,MACHINE_M,M17056,299.7,308.9,1551,35.4,82,False,2024-01-10T03:36:00
RUN_02198,MACHINE_L,L49377,299.7,309.0,1412,49.2,85,False,2024-01-10T03:42:00
RUN_02199,MACHINE_M,M17058,299.7,308.9,1478,41.0,87,False,2024-01-10T03:48:00
RUN_02200,MACHINE_M,M17059,299.8,309.1,1268,58.0,90,False,2024-01-10T03:54:00
RUN_02201,MACHINE_L,L49380,299.8,309.1,1546,35.6,93,False,2024-01-10T04:00:00
RUN_02202,MACHINE_L,L49381,299.8,309.0,1567,36.1,95,False,2024-01-10T04:06:00
RUN_02203,MACHINE_M,M17062,299.9,309.2,1548,35.7,97,False,2024-01-10T04:12:00
RUN_02204,MACHINE_L,L49383,299.8,309.0,1614,30.8,100,False,2024-01-10T04:18:00
RUN_02205,MACHINE_M,M17064,299.7,309.1,1352,46.1,102,False,2024-01-10T04:24:00
RUN_02206,MACHINE_L,L49385,299.9,309.2,1624,34.6,105,False,2024-01-10T04:30:00
RUN_02207,MACHINE_L,L49386,299.9,309.2,1436,52.0,107,False,2024-01-10T04:36:00
RUN_02208,MACHINE_L,L49387,299.8,309.2,1591,37.5,109,False,2024-01-10T04:42:00
RUN_02209,MACHINE_H,H31622,299.8,309.2,1435,42.6,111,False,2024-01-10T04:48:00
RUN_02210,MACHINE_L,L49389,299.8,309.3,1386,49.4,116,False,2024-01-10T04:54:00
RUN_02211,MACHINE_L,L49390,299.7,309.2,1401,54.1,118,False,2024-01-10T05:00:00
RUN_02212,MACHINE_M,M17071,299.6,309.0,1245,64.0,120,False,2024-01-10T05:06:00
RUN_02213,MACHINE_L,L49392,299.7,309.1,1475,40.0,123,False,2024-01-10T05:12:00
RUN_02214,MACHINE_L,L49393,299.7,309.1,1473,39.4,125,False,2024-01-10T05:18:00
RUN_02215,MACHINE_H,H31628,299.7,309.2,1355,44.8,127,False,2024-01-10T05:24:00
RUN_02216,MACHINE_H,H31629,299.7,309.2,1468,49.6,132,False,2024-01-10T05:30:00
RUN_02217,MACHINE_L,L49396,299.7,309.2,1645,30.8,137,False,2024-01-10T05:36:00
RUN_02218,MACHINE_L,L49397,299.7,309.1,1347,55.3,139,False,2024-01-10T05:42:00
RUN_02219,MACHINE_L,L49398,299.7,309.1,1713,33.5,141,False,2024-01-10T05:48:00
RUN_02220,MACHINE_M,M17079,299.6,309.1,1435,48.4,143,False,2024-01-10T05:54:00
RUN_02221,MACHINE_M,M17080,299.6,309.0,1736,26.1,146,False,2024-01-10T06:00:00
RUN_02222,MACHINE_L,L49401,299.6,309.0,1372,60.4,149,False,2024-01-10T06:06:00
RUN_02223,MACHINE_L,L49402,299.7,309.0,1605,33.0,151,False,2024-01-10T06:12:00
RUN_02224,MACHINE_L,L49403,299.6,309.0,1413,48.5,153,False,2024-01-10T06:18:00
RUN_02225,MACHINE_M,M17084,299.7,309.0,1645,31.9,155,False,2024-01-10T06:24:00
RUN_02226,MACHINE_M,M17085,299.7,309.0,1465,49.0,158,False,2024-01-10T06:30:00
RUN_02227,MACHINE_M,M17086,299.6,308.9,1685,27.8,161,False,2024-01-10T06:36:00
RUN_02228,MACHINE_L,L49407,299.5,308.8,1965,20.4,164,False,2024-01-10T06:42:00
RUN_02229,MACHINE_H,H31642,299.4,308.6,1542,41.8,166,False,2024-01-10T06:48:00
RUN_02230,MACHINE_L,L49409,299.4,308.7,1681,30.8,171,False,2024-01-10T06:54:00
RUN_02231,MACHINE_L,L49410,299.5,308.7,1446,45.7,173,False,2024-01-10T07:00:00
RUN_02232,MACHINE_L,L49411,299.4,308.6,1415,56.4,175,False,2024-01-10T07:06:00
RUN_02233,MACHINE_L,L49412,299.5,308.6,1672,30.5,177,False,2024-01-10T07:12:00
RUN_02234,MACHINE_L,L49413,299.5,308.7,2549,13.0,179,True,2024-01-10T07:18:00
RUN_02235,MACHINE_L,L49414,299.4,308.6,1492,40.5,181,False,2024-01-10T07:24:00
RUN_02236,MACHINE_M,M17095,299.4,308.6,1455,42.7,183,False,2024-01-10T07:30:00
RUN_02237,MACHINE_M,M17096,299.3,308.5,1422,43.1,186,False,2024-01-10T07:36:00
RUN_02238,MACHINE_L,L49417,299.3,308.6,1403,50.6,189,False,2024-01-10T07:42:00
RUN_02239,MACHINE_L,L49418,299.3,308.6,1474,49.6,191,False,2024-01-10T07:48:00
RUN_02240,MACHINE_L,L49419,299.2,308.6,1381,50.0,193,False,2024-01-10T07:54:00
RUN_02241,MACHINE_L,L49420,299.2,308.5,1457,44.7,195,False,2024-01-10T08:00:00
RUN_02242,MACHINE_L,L49421,299.2,308.4,1711,28.9,197,False,2024-01-10T08:06:00
RUN_02243,MACHINE_L,L49422,299.2,308.4,1667,29.0,199,False,2024-01-10T08:12:00
RUN_02244,MACHINE_L,L49423,299.2,308.4,1465,35.0,201,False,2024-01-10T08:18:00
RUN_02245,MACHINE_M,M17104,299.3,308.4,1542,37.5,203,True,2024-01-10T08:24:00
RUN_02246,MACHINE_M,M17105,299.3,308.4,1438,42.3,0,False,2024-01-10T08:30:00
RUN_02247,MACHINE_L,L49426,299.3,308.4,1406,47.4,3,False,2024-01-10T08:36:00
RUN_02248,MACHINE_M,M17107,299.2,308.4,1396,48.5,5,False,2024-01-10T08:42:00
RUN_02249,MACHINE_M,M17108,299.3,308.5,1304,60.6,8,False,2024-01-10T08:48:00
RUN_02250,MACHINE_L,L49429,299.2,308.5,1442,46.5,11,False,2024-01-10T08:54:00
RUN_02251,MACHINE_M,M17110,299.2,308.4,1396,48.7,13,False,2024-01-10T09:00:00
RUN_02252,MACHINE_H,H31665,299.1,308.3,1424,43.4,16,False,2024-01-10T09:06:00
RUN_02253,MACHINE_H,H31666,299.1,308.3,1451,42.8,21,False,2024-01-10T09:12:00
RUN_02254,MACHINE_L,L49433,299.2,308.4,1386,54.1,26,False,2024-01-10T09:18:00
RUN_02255,MACHINE_L,L49434,299.1,308.3,1325,46.9,28,False,2024-01-10T09:24:00
RUN_02256,MACHINE_L,L49435,299.1,308.3,1559,33.7,30,False,2024-01-10T09:30:00
RUN_02257,MACHINE_L,L49436,299.1,308.3,1489,38.1,32,False,2024-01-10T09:36:00
RUN_02258,MACHINE_L,L49437,299.1,308.3,1892,25.2,34,False,2024-01-10T09:42:00
RUN_02259,MACHINE_L,L49438,299.1,308.2,1319,60.3,36,False,2024-01-10T09:48:00
RUN_02260,MACHINE_L,L49439,299.1,308.3,1431,52.3,38,False,2024-01-10T09:54:00
RUN_02261,MACHINE_H,H31674,299.1,308.3,1521,36.5,40,False,2024-01-10T10:00:00
RUN_02262,MACHINE_M,M17121,299.1,308.2,1435,45.2,45,False,2024-01-10T10:06:00
RUN_02263,MACHINE_L,L49442,299.1,308.3,1533,42.4,48,False,2024-01-10T10:12:00
RUN_02264,MACHINE_M,M17123,299.2,308.4,1529,43.0,50,False,2024-01-10T10:18:00
RUN_02265,MACHINE_M,M17124,299.2,308.4,1415,43.5,53,False,2024-01-10T10:24:00
RUN_02266,MACHINE_M,M17125,299.2,308.4,1330,51.2,56,False,2024-01-10T10:30:00
RUN_02267,MACHINE_L,L49446,299.2,308.5,1381,60.6,59,False,2024-01-10T10:36:00
RUN_02268,MACHINE_L,L49447,299.2,308.5,1370,52.4,61,False,2024-01-10T10:42:00
RUN_02269,MACHINE_L,L49448,299.2,308.5,1438,46.6,63,False,2024-01-10T10:48:00
RUN_02270,MACHINE_L,L49449,299.3,308.6,1314,48.2,65,False,2024-01-10T10:54:00
RUN_02271,MACHINE_L,L49450,299.3,308.6,1437,48.1,67,False,2024-01-10T11:00:00
RUN_02272,MACHINE_L,L49451,299.2,308.5,1821,26.1,69,False,2024-01-10T11:06:00
RUN_02273,MACHINE_M,M17132,299.3,308.6,1448,52.1,71,False,2024-01-10T11:12:00
RUN_02274,MACHINE_L,L49453,299.3,308.5,1589,32.7,74,False,2024-01-10T11:18:00
RUN_02275,MACHINE_L,L49454,299.3,308.6,1520,33.7,76,False,2024-01-10T11:24:00
RUN_02276,MACHINE_L,L49455,299.3,308.6,1605,37.0,78,False,2024-01-10T11:30:00
RUN_02277,MACHINE_L,L49456,299.3,308.7,1393,54.2,80,False,2024-01-10T11:36:00
RUN_02278,MACHINE_H,H31691,299.3,308.7,1408,44.4,82,False,2024-01-10T11:42:00
RUN_02279,MACHINE_M,M17138,299.3,308.7,1459,35.6,87,False,2024-01-10T11:48:00
RUN_02280,MACHINE_L,L49459,299.4,308.7,1525,39.0,90,False,2024-01-10T11:54:00
RUN_02281,MACHINE_L,L49460,299.4,308.8,1390,57.0,92,False,2024-01-10T12:00:00
RUN_02282,MACHINE_L,L49461,299.3,308.7,1536,38.9,94,False,2024-01-10T12:06:00
RUN_02283,MACHINE_L,L49462,299.4,308.7,1459,47.6,96,False,2024-01-10T12:12:00
RUN_02284,MACHINE_L,L49463,299.2,308.5,1387,51.1,98,False,2024-01-10T12:18:00
RUN_02285,MACHINE_L,L49464,299.2,308.5,1378,53.4,100,False,2024-01-10T12:24:00
RUN_02286,MACHINE_L,L49465,299.4,308.7,1381,56.7,102,False,2024-01-10T12:30:00
RUN_02287,MACHINE_M,M17146,299.4,308.7,1289,60.5,104,False,2024-01-10T12:36:00
RUN_02288,MACHINE_L,L49467,299.4,308.6,1746,26.8,107,False,2024-01-10T12:42:00
RUN_02289,MACHINE_M,M17148,299.4,308.6,1541,39.1,109,False,2024-01-10T12:48:00
RUN_02290,MACHINE_L,L49469,299.4,308.7,1504,37.8,112,False,2024-01-10T12:54:00
RUN_02291,MACHINE_M,M17150,299.5,308.7,1321,51.9,114,False,2024-01-10T13:00:00
RUN_02292,MACHINE_M,M17151,299.5,308.8,1886,20.9,117,False,2024-01-10T13:06:00
RUN_02293,MACHINE_L,L49472,299.6,308.9,1422,53.2,120,False,2024-01-10T13:12:00
RUN_02294,MACHINE_L,L49473,299.5,308.9,1520,38.3,122,False,2024-01-10T13:18:00
RUN_02295,MACHINE_L,L49474,299.4,308.8,1627,32.6,124,False,2024-01-10T13:24:00
RUN_02296,MACHINE_L,L49475,299.4,308.7,1512,37.2,126,False,2024-01-10T13:30:00
RUN_02297,MACHINE_L,L49476,299.4,308.7,1553,42.7,128,False,2024-01-10T13:36:00
RUN_02298,MACHINE_L,L49477,299.3,308.7,1802,26.0,130,False,2024-01-10T13:42:00
RUN_02299,MACHINE_L,L49478,299.3,308.6,1482,37.6,132,False,2024-01-10T13:48:00
RUN_02300,MACHINE_L,L49479,299.4,308.7,1446,62.9,134,True,2024-01-10T13:54:00
RUN_02301,MACHINE_L,L49480,299.3,308.6,1371,50.5,136,False,2024-01-10T14:00:00
RUN_02302,MACHINE_M,M17161,299.2,308.6,1586,35.7,138,False,2024-01-10T14:06:00
RUN_02303,MACHINE_L,L49482,299.2,308.5,1515,39.8,141,False,2024-01-10T14:12:00
RUN_02304,MACHINE_L,L49483,299.2,308.5,1374,53.6,143,False,2024-01-10T14:18:00
RUN_02305,MACHINE_L,L49484,299.1,308.5,1455,39.8,145,False,2024-01-10T14:24:00
RUN_02306,MACHINE_H,H31719,299.2,308.5,1342,47.5,147,False,2024-01-10T14:30:00
RUN_02307,MACHINE_L,L49486,299.1,308.6,1260,57.8,152,False,2024-01-10T14:36:00
RUN_02308,MACHINE_H,H31721,299.0,308.5,1623,33.5,154,False,2024-01-10T14:42:00
RUN_02309,MACHINE_L,L49488,299.1,308.5,1371,55.5,159,False,2024-01-10T14:48:00
RUN_02310,MACHINE_L,L49489,299.1,308.6,1611,31.4,161,False,2024-01-10T14:54:00
RUN_02311,MACHINE_M,M17170,299.0,308.4,1535,47.5,163,False,2024-01-10T15:00:00
RUN_02312,MACHINE_M,M17171,299.1,308.6,1491,38.5,166,False,2024-01-10T15:06:00
RUN_02313,MACHINE_M,M17172,299.1,308.6,1441,36.2,169,False,2024-01-10T15:12:00
RUN_02314,MACHINE_M,M17173,299.1,308.8,1725,26.6,172,False,2024-01-10T15:18:00
RUN_02315,MACHINE_L,L49494,299.2,308.9,1368,47.2,175,False,2024-01-10T15:24:00
RUN_02316,MACHINE_L,L49495,299.2,308.9,1526,37.9,177,False,2024-01-10T15:30:00
RUN_02317,MACHINE_L,L49496,299.2,308.8,1542,39.2,179,False,2024-01-10T15:36:00
RUN_02318,MACHINE_L,L49497,299.2,308.8,1605,31.1,181,False,2024-01-10T15:42:00
RUN_02319,MACHINE_L,L49498,299.2,308.8,1405,51.4,183,False,2024-01-10T15:48:00
RUN_02320,MACHINE_M,M17179,299.2,308.8,1700,33.5,185,False,2024-01-10T15:54:00
RUN_02321,MACHINE_H,H31734,299.2,308.8,1440,39.1,188,False,2024-01-10T16:00:00
RUN_02322,MACHINE_M,M17181,299.2,308.8,1314,52.5,193,False,2024-01-10T16:06:00
RUN_02323,MACHINE_L,L49502,299.2,308.7,1514,41.9,196,False,2024-01-10T16:12:00
RUN_02324,MACHINE_M,M17183,299.2,308.7,1401,47.0,198,False,2024-01-10T16:18:00
RUN_02325,MACHINE_L,L49504,299.3,308.8,1636,29.9,201,False,2024-01-10T16:24:00
RUN_02326,MACHINE_L,L49505,299.3,308.8,1603,33.9,203,False,2024-01-10T16:30:00
RUN_02327,MACHINE_M,M17186,299.4,308.7,1487,52.6,205,False,2024-01-10T16:36:00
RUN_02328,MACHINE_M,M17187,299.3,308.7,1420,50.3,208,False,2024-01-10T16:42:00
RUN_02329,MACHINE_L,L49508,299.3,308.7,1579,36.3,211,False,2024-01-10T16:48:00
RUN_02330,MACHINE_L,L49509,299.3,308.7,1484,40.5,213,False,2024-01-10T16:54:00
RUN_02331,MACHINE_M,M17190,299.3,308.7,1390,49.3,215,False,2024-01-10T17:00:00
RUN_02332,MACHINE_L,L49511,299.3,308.6,1384,53.6,218,True,2024-01-10T17:06:00
RUN_02333,MACHINE_L,L49512,299.2,308.5,1378,50.4,220,True,2024-01-10T17:12:00
RUN_02334,MACHINE_L,L49513,299.2,308.5,1445,45.2,222,False,2024-01-10T17:18:00
RUN_02335,MACHINE_L,L49514,299.2,308.4,1445,43.5,224,False,2024-01-10T17:24:00
RUN_02336,MACHINE_L,L49515,299.2,308.4,1509,39.4,0,False,2024-01-10T17:30:00
RUN_02337,MACHINE_L,L49516,299.2,308.4,1434,46.8,2,False,2024-01-10T17:36:00
RUN_02338,MACHINE_L,L49517,299.2,308.4,1877,23.9,4,False,2024-01-10T17:42:00
RUN_02339,MACHINE_L,L49518,299.3,308.3,1651,28.0,6,False,2024-01-10T17:48:00
RUN_02340,MACHINE_L,L49519,299.2,308.2,1466,41.3,8,False,2024-01-10T17:54:00
RUN_02341,MACHINE_L,L49520,299.1,308.1,1479,40.7,10,False,2024-01-10T18:00:00
RUN_02342,MACHINE_L,L49521,299.1,308.2,1409,46.4,12,False,2024-01-10T18:06:00
RUN_02343,MACHINE_M,M17202,299.2,308.2,1674,28.2,14,False,2024-01-10T18:12:00
RUN_02344,MACHINE_L,L49523,299.1,308.3,1305,61.4,17,False,2024-01-10T18:18:00
RUN_02345,MACHINE_M,M17204,299.2,308.3,1755,26.4,19,False,2024-01-10T18:24:00
RUN_02346,MACHINE_L,L49525,299.2,308.4,1475,38.7,22,False,2024-01-10T18:30:00
RUN_02347,MACHINE_L,L49526,299.2,308.4,1402,47.7,24,False,2024-01-10T18:36:00
RUN_02348,MACHINE_L,L49527,299.2,308.3,1410,43.0,26,False,2024-01-10T18:42:00
RUN_02349,MACHINE_L,L49528,299.2,308.4,1436,41.8,28,False,2024-01-10T18:48:00
RUN_02350,MACHINE_M,M17209,299.3,308.5,1386,42.2,30,False,2024-01-10T18:54:00
RUN_02351,MACHINE_L,L49530,299.3,308.6,1744,26.4,33,False,2024-01-10T19:00:00
RUN_02352,MACHINE_L,L49531,299.2,308.4,1393,48.4,35,False,2024-01-10T19:06:00
RUN_02353,MACHINE_M,M17212,299.3,308.5,1422,45.4,37,False,2024-01-10T19:12:00
RUN_02354,MACHINE_L,L49533,299.2,308.4,1841,22.8,40,False,2024-01-10T19:18:00
RUN_02355,MACHINE_L,L49534,299.3,308.6,1433,37.7,42,False,2024-01-10T19:24:00
RUN_02356,MACHINE_M,M17215,299.3,308.5,1305,60.6,44,False,2024-01-10T19:30:00
RUN_02357,MACHINE_H,H31770,299.3,308.6,1498,39.5,47,False,2024-01-10T19:36:00
RUN_02358,MACHINE_L,L49537,299.3,308.5,1772,26.1,52,False,2024-01-10T19:42:00
RUN_02359,MACHINE_M,M17218,299.2,308.4,1381,42.5,54,False,2024-01-10T19:48:00
RUN_02360,MACHINE_L,L49539,299.3,308.5,1413,38.5,57,False,2024-01-10T19:54:00
RUN_02361,MACHINE_H,H31774,299.2,308.4,1388,53.2,59,False,2024-01-10T20:00:00
RUN_02362,MACHINE_M,M17221,299.2,308.6,1631,35.4,64,False,2024-01-10T20:06:00
RUN_02363,MACHINE_H,H31776,299.3,308.6,1520,41.4,67,False,2024-01-10T20:12:00
RUN_02364,MACHINE_L,L49543,299.3,308.5,1510,45.4,72,False,2024-01-10T20:18:00
RUN_02365,MACHINE_L,L49544,299.2,308.5,1366,49.7,74,False,2024-01-10T20:24:00
RUN_02366,MACHINE_L,L49545,299.4,308.5,1845,22.9,76,False,2024-01-10T20:30:00
RUN_02367,MACHINE_L,L49546,299.3,308.5,1485,44.7,78,False,2024-01-10T20:36:00
RUN_02368,MACHINE_M,M17227,299.3,308.5,1496,39.4,80,False,2024-01-10T20:42:00
RUN_02369,MACHINE_M,M17228,299.3,308.4,1468,42.2,83,False,2024-01-10T20:48:00
RUN_02370,MACHINE_M,M17229,299.2,308.4,1856,22.7,86,False,2024-01-10T20:54:00
RUN_02371,MACHINE_L,L49550,299.2,308.4,1620,34.1,89,False,2024-01-10T21:00:00
RUN_02372,MACHINE_L,L49551,299.3,308.5,1409,44.8,91,False,2024-01-10T21:06:00
RUN_02373,MACHINE_M,M17232,299.3,308.5,1404,49.4,93,False,2024-01-10T21:12:00
RUN_02374,MACHINE_L,L49553,299.2,308.4,1350,51.3,96,False,2024-01-10T21:18:00
RUN_02375,MACHINE_M,M17234,299.2,308.4,1538,38.0,98,False,2024-01-10T21:24:00
RUN_02376,MACHINE_M,M17235,299.2,308.4,1476,32.7,101,False,2024-01-10T21:30:00
RUN_02377,MACHINE_M,M17236,299.2,308.3,1364,51.8,104,False,2024-01-10T21:36:00
RUN_02378,MACHINE_M,M17237,299.2,308.3,1582,45.5,107,False,2024-01-10T21:42:00
RUN_02379,MACHINE_L,L49558,299.1,308.2,1348,56.1,110,False,2024-01-10T21:48:00
RUN_02380,MACHINE_H,H31793,299.1,308.2,1450,46.1,112,False,2024-01-10T21:54:00
RUN_02381,MACHINE_L,L49560,299.0,308.1,1242,60.9,117,False,2024-01-10T22:00:00
RUN_02382,MACHINE_L,L49561,299.1,308.2,1493,34.9,119,False,2024-01-10T22:06:00
RUN_02383,MACHINE_L,L49562,299.1,308.3,1601,31.4,121,False,2024-01-10T22:12:00
RUN_02384,MACHINE_L,L49563,299.1,308.2,1568,33.3,123,False,2024-01-10T22:18:00
RUN_02385,MACHINE_M,M17244,299.1,308.3,1506,38.0,125,False,2024-01-10T22:24:00
RUN_02386,MACHINE_L,L49565,299.1,308.3,1524,34.1,128,False,2024-01-10T22:30:00
RUN_02387,MACHINE_L,L49566,299.1,308.4,1543,37.9,130,False,2024-01-10T22:36:00
RUN_02388,MACHINE_M,M17247,299.2,308.5,1474,47.2,132,False,2024-01-10T22:42:00
RUN_02389,MACHINE_M,M17248,299.2,308.5,1526,37.3,135,False,2024-01-10T22:48:00
RUN_02390,MACHINE_L,L49569,299.2,308.5,1867,27.0,138,False,2024-01-10T22:54:00
RUN_02391,MACHINE_L,L49570,299.2,308.5,1487,41.2,140,False,2024-01-10T23:00:00
RUN_02392,MACHINE_L,L49571,299.2,308.4,1580,32.6,142,False,2024-01-10T23:06:00
RUN_02393,MACHINE_L,L49572,299.2,308.5,1340,50.0,144,False,2024-01-10T23:12:00
RUN_02394,MACHINE_L,L49573,299.2,308.5,1544,41.6,146,False,2024-01-10T23:18:00
RUN_02395,MACHINE_L,L49574,299.2,308.5,1488,40.3,148,False,2024-01-10T23:24:00
RUN_02396,MACHINE_M,M17255,299.2,308.5,1742,28.9,150,False,2024-01-10T23:30:00
RUN_02397,MACHINE_M,M17256,299.1,308.5,1592,34.2,153,False,2024-01-10T23:36:00
RUN_02398,MACHINE_L,L49577,299.2,308.6,1582,38.8,156,False,2024-01-10T23:42:00
RUN_02399,MACHINE_L,L49578,299.2,308.5,1490,43.2,158,False,2024-01-10T23:48:00
RUN_02400,MACHINE_M,M17259,299.2,308.5,1594,35.8,160,False,2024-01-10T23:54:00
RUN_02401,MACHINE_H,H31814,299.2,308.6,1462,55.0,163,False,2024-01-11T00:00:00
RUN_02402,MACHINE_M,M17261,299.2,308.6,1367,47.6,168,False,2024-01-11T00:06:00
RUN_02403,MACHINE_L,L49582,299.2,308.7,1325,51.0,171,False,2024-01-11T00:12:00
RUN_02404,MACHINE_H,H31817,299.2,308.7,1448,51.4,173,False,2024-01-11T00:18:00
RUN_02405,MACHINE_M,M17264,299.1,308.7,2008,20.3,178,False,2024-01-11T00:24:00
RUN_02406,MACHINE_L,L49585,299.1,308.7,1498,38.9,181,False,2024-01-11T00:30:00
RUN_02407,MACHINE_L,L49586,299.1,308.6,1437,41.6,183,False,2024-01-11T00:36:00
RUN_02408,MACHINE_M,M17267,299.1,308.6,1499,45.1,185,False,2024-01-11T00:42:00
RUN_02409,MACHINE_L,L49588,299.0,308.4,1356,52.6,188,False,2024-01-11T00:48:00
RUN_02410,MACHINE_L,L49589,299.1,308.5,1539,46.8,190,False,2024-01-11T00:54:00
RUN_02411,MACHINE_L,L49590,299.1,308.5,1689,32.1,192,False,2024-01-11T01:00:00
RUN_02412,MACHINE_L,L49591,299.0,308.5,1559,38.1,194,False,2024-01-11T01:06:00
RUN_02413,MACHINE_L,L49592,299.1,308.6,1408,46.7,196,False,2024-01-11T01:12:00
RUN_02414,MACHINE_L,L49593,299.0,308.5,1886,23.0,198,False,2024-01-11T01:18:00
RUN_02415,MACHINE_L,L49594,299.1,308.5,1415,43.4,0,False,2024-01-11T01:24:00
RUN_02416,MACHINE_M,M17275,299.1,308.5,1587,35.6,2,False,2024-01-11T01:30:00
RUN_02417,MACHINE_L,L49596,299.0,308.4,1571,38.6,5,False,2024-01-11T01:36:00
RUN_02418,MACHINE_L,L49597,298.9,308.3,1576,36.6,7,False,2024-01-11T01:42:00
RUN_02419,MACHINE_L,L49598,298.9,308.3,1660,34.4,9,False,2024-01-11T01:48:00
RUN_02420,MACHINE_M,M17279,298.9,308.2,1328,49.2,11,False,2024-01-11T01:54:00
RUN_02421,MACHINE_H,H31834,298.8,308.2,1450,44.7,14,False,2024-01-11T02:00:00
RUN_02422,MACHINE_L,L49601,298.9,308.2,2384,15.0,19,False,2024-01-11T02:06:00
RUN_02423,MACHINE_L,L49602,298.8,308.2,1443,53.4,21,False,2024-01-11T02:12:00
RUN_02424,MACHINE_M,M17283,298.9,308.2,2022,20.0,23,False,2024-01-11T02:18:00
RUN_02425,MACHINE_L,L49604,298.9,308.2,1828,23.8,26,False,2024-01-11T02:24:00
RUN_02426,MACHINE_L,L49605,298.8,308.1,1472,53.5,28,False,2024-01-11T02:30:00
RUN_02427,MACHINE_M,M17286,298.9,308.2,1372,63.6,30,True,2024-01-11T02:36:00
RUN_02428,MACHINE_L,L49607,298.9,308.3,1855,23.8,33,False,2024-01-11T02:42:00
RUN_02429,MACHINE_M,M17288,299.0,308.3,1377,47.2,35,False,2024-01-11T02:48:00
RUN_02430,MACHINE_L,L49609,298.9,308.3,1432,48.9,38,False,2024-01-11T02:54:00
RUN_02431,MACHINE_M,M17290,298.9,308.2,1335,47.8,40,False,2024-01-11T03:00:00
RUN_02432,MACHINE_M,M17291,298.9,308.2,1411,51.3,43,False,2024-01-11T03:06:00
RUN_02433,MACHINE_L,L49612,298.9,308.2,1510,43.5,46,False,2024-01-11T03:12:00
RUN_02434,MACHINE_L,L49613,299.0,308.3,1441,44.0,48,False,2024-01-11T03:18:00
RUN_02435,MACHINE_M,M17294,299.0,308.2,1358,42.7,50,False,2024-01-11T03:24:00
RUN_02436,MACHINE_L,L49615,298.9,308.2,1686,30.4,53,False,2024-01-11T03:30:00
RUN_02437,MACHINE_H,H31850,299.0,308.2,1662,30.4,55,False,2024-01-11T03:36:00
RUN_02438,MACHINE_L,L49617,299.1,308.3,1426,40.1,60,False,2024-01-11T03:42:00
RUN_02439,MACHINE_M,M17298,299.1,308.4,1330,53.6,62,False,2024-01-11T03:48:00
RUN_02440,MACHINE_L,L49619,299.1,308.4,1693,31.6,65,False,2024-01-11T03:54:00
RUN_02441,MACHINE_L,L49620,299.1,308.4,1426,47.9,67,False,2024-01-11T04:00:00
RUN_02442,MACHINE_L,L49621,299.1,308.5,1676,31.0,69,False,2024-01-11T04:06:00
RUN_02443,MACHINE_M,M17302,299.1,308.4,1332,51.7,71,False,2024-01-11T04:12:00
RUN_02444,MACHINE_L,L49623,299.1,308.5,1647,35.0,74,False,2024-01-11T04:18:00
RUN_02445,MACHINE_L,L49624,299.2,308.6,1267,68.2,76,True,2024-01-11T04:24:00
RUN_02446,MACHINE_H,H31859,299.2,308.7,1375,55.1,78,False,2024-01-11T04:30:00
RUN_02447,MACHINE_L,L49626,299.3,308.6,1422,48.9,83,False,2024-01-11T04:36:00
RUN_02448,MACHINE_L,L49627,299.3,308.7,1408,48.7,85,False,2024-01-11T04:42:00
RUN_02449,MACHINE_L,L49628,299.4,308.9,1440,42.5,87,False,2024-01-11T04:48:00
RUN_02450,MACHINE_L,L49629,299.3,308.8,1772,25.2,89,False,2024-01-11T04:54:00
RUN_02451,MACHINE_L,L49630,299.2,308.7,1492,37.8,91,False,2024-01-11T05:00:00
RUN_02452,MACHINE_L,L49631,299.2,308.7,1650,30.5,93,False,2024-01-11T05:06:00
RUN_02453,MACHINE_M,M17312,299.1,308.6,2329,14.6,95,False,2024-01-11T05:12:00
RUN_02454,MACHINE_L,L49633,299.0,308.6,1648,30.8,98,False,2024-01-11T05:18:00
RUN_02455,MACHINE_L,L49634,299.0,308.6,1653,31.7,100,False,2024-01-11T05:24:00
RUN_02456,MACHINE_L,L49635,299.0,308.6,1946,22.3,102,False,2024-01-11T05:30:00
RUN_02457,MACHINE_L,L49636,299.1,308.6,1555,36.6,104,False,2024-01-11T05:36:00
RUN_02458,MACHINE_L,L49637,299.0,308.6,1661,32.2,106,False,2024-01-11T05:42:00
RUN_02459,MACHINE_L,L49638,299.0,308.6,1434,45.9,108,False,2024-01-11T05:48:00
RUN_02460,MACHINE_L,L49639,299.0,308.6,1297,54.2,110,False,2024-01-11T05:54:00
RUN_02461,MACHINE_L,L49640,299.0,308.6,1466,46.4,112,False,2024-01-11T06:00:00
RUN_02462,MACHINE_M,M17321,298.9,308.6,1517,39.8,114,False,2024-01-11T06:06:00
RUN_02463,MACHINE_L,L49642,298.9,308.5,1742,34.5,117,False,2024-01-11T06:12:00
RUN_02464,MACHINE_L,L49643,298.9,308.5,1580,39.1,119,False,2024-01-11T06:18:00
RUN_02465,MACHINE_M,M17324,298.9,308.5,1534,42.9,121,False,2024-01-11T06:24:00
RUN_02466,MACHINE_L,L49645,298.9,308.6,1481,40.7,124,False,2024-01-11T06:30:00
RUN_02467,MACHINE_L,L49646,299.0,308.6,1429,37.7,126,False,2024-01-11T06:36:00
RUN_02468,MACHINE_M,M17327,298.9,308.6,1574,33.5,128,False,2024-01-11T06:42:00
RUN_02469,MACHINE_M,M17328,298.9,308.6,1524,40.4,131,False,2024-01-11T06:48:00
RUN_02470,MACHINE_L,L49649,299.0,308.7,1507,37.5,134,False,2024-01-11T06:54:00
RUN_02471,MACHINE_L,L49650,298.9,308.5,1467,44.7,136,False,2024-01-11T07:00:00
RUN_02472,MACHINE_L,L49651,298.9,308.4,1301,51.1,138,False,2024-01-11T07:06:00
RUN_02473,MACHINE_L,L49652,298.9,308.5,1429,55.1,140,False,2024-01-11T07:12:00
RUN_02474,MACHINE_M,M17333,298.9,308.5,1555,37.6,142,False,2024-01-11T07:18:00
RUN_02475,MACHINE_L,L49654,298.9,308.5,1503,40.6,145,False,2024-01-11T07:24:00
RUN_02476,MACHINE_L,L49655,298.9,308.5,1459,43.1,147,False,2024-01-11T07:30:00
RUN_02477,MACHINE_H,H31890,298.9,308.4,1449,42.4,149,False,2024-01-11T07:36:00
RUN_02478,MACHINE_L,L49657,298.9,308.5,1387,57.3,154,False,2024-01-11T07:42:00
RUN_02479,MACHINE_M,M17338,298.9,308.5,1456,50.0,156,False,2024-01-11T07:48:00
RUN_02480,MACHINE_L,L49659,299.0,308.5,1604,34.7,159,False,2024-01-11T07:54:00
RUN_02481,MACHINE_L,L49660,299.0,308.6,1734,32.4,161,False,2024-01-11T08:00:00
RUN_02482,MACHINE_L,L49661,299.0,308.6,1378,47.8,163,False,2024-01-11T08:06:00
RUN_02483,MACHINE_L,L49662,298.9,308.7,1504,41.8,165,False,2024-01-11T08:12:00
RUN_02484,MACHINE_M,M17343,298.9,308.7,1402,49.8,167,False,2024-01-11T08:18:00
RUN_02485,MACHINE_H,H31898,298.8,308.6,1524,37.7,170,False,2024-01-11T08:24:00
RUN_02486,MACHINE_L,L49665,298.8,308.6,1593,35.5,175,False,2024-01-11T08:30:00
RUN_02487,MACHINE_M,M17346,298.9,308.7,1772,28.4,177,False,2024-01-11T08:36:00
RUN_02488,MACHINE_H,H31901,298.9,308.6,1623,31.0,180,False,2024-01-11T08:42:00
RUN_02489,MACHINE_L,L49668,298.9,308.7,1356,50.7,185,False,2024-01-11T08:48:00
RUN_02490,MACHINE_H,H31903,298.9,308.7,1500,41.6,187,False,2024-01-11T08:54:00
RUN_02491,MACHINE_H,H31904,299.1,308.8,1566,46.6,192,False,2024-01-11T09:00:00
RUN_02492,MACHINE_L,L49671,299.1,308.9,1445,43.4,197,False,2024-01-11T09:06:00
RUN_02493,MACHINE_H,H31906,299.0,308.8,1382,58.5,199,False,2024-01-11T09:12:00
RUN_02494,MACHINE_M,M17353,299.0,308.8,1418,45.7,204,False,2024-01-11T09:18:00
RUN_02495,MACHINE_L,L49674,299.1,308.8,1329,53.6,207,True,2024-01-11T09:24:00
RUN_02496,MACHINE_M,M17355,299.1,308.8,1491,41.0,209,False,2024-01-11T09:30:00
RUN_02497,MACHINE_M,M17356,299.2,308.9,1573,37.4,212,False,2024-01-11T09:36:00
RUN_02498,MACHINE_M,M17357,299.2,308.9,1521,42.3,215,False,2024-01-11T09:42:00
RUN_02499,MACHINE_L,L49678,299.1,308.9,1467,47.2,218,False,2024-01-11T09:48:00
RUN_02500,MACHINE_M,M17359,299.1,308.9,1325,48.4,220,False,2024-01-11T09:54:00
RUN_02501,MACHINE_L,L49680,299.1,308.9,1617,32.3,223,False,2024-01-11T10:00:00
RUN_02502,MACHINE_M,M17361,299.1,308.9,1476,42.7,225,False,2024-01-11T10:06:00
RUN_02503,MACHINE_L,L49682,299.2,309.0,1515,48.9,228,True,2024-01-11T10:12:00
RUN_02504,MACHINE_L,L49683,299.2,309.0,1408,47.2,0,False,2024-01-11T10:18:00
RUN_02505,MACHINE_L,L49684,299.2,309.1,1468,45.6,2,False,2024-01-11T10:24:00
RUN_02506,MACHINE_L,L49685,299.2,309.1,1387,48.7,4,False,2024-01-11T10:30:00
RUN_02507,MACHINE_M,M17366,299.2,309.1,1503,34.7,6,False,2024-01-11T10:36:00
RUN_02508,MACHINE_H,H31921,299.2,309.1,1410,47.1,9,False,2024-01-11T10:42:00
RUN_02509,MACHINE_L,L49688,299.0,308.9,1615,30.6,14,False,2024-01-11T10:48:00
RUN_02510,MACHINE_L,L49689,299.0,308.9,1511,35.9,16,False,2024-01-11T10:54:00
RUN_02511,MACHINE_L,L49690,299.1,309.0,1405,53.8,18,False,2024-01-11T11:00:00
RUN_02512,MACHINE_M,M17371,299.0,308.9,1526,41.1,20,False,2024-01-11T11:06:00
RUN_02513,MACHINE_L,L49692,298.9,308.8,1530,38.3,23,False,2024-01-11T11:12:00
RUN_02514,MACHINE_L,L49693,299.0,308.7,1583,32.5,25,False,2024-01-11T11:18:00
RUN_02515,MACHINE_L,L49694,298.9,308.6,2069,18.7,27,False,2024-01-11T11:24:00
RUN_02516,MACHINE_L,L49695,298.8,308.5,1490,35.0,29,False,2024-01-11T11:30:00
RUN_02517,MACHINE_L,L49696,298.8,308.5,1736,29.0,31,False,2024-01-11T11:36:00
RUN_02518,MACHINE_L,L49697,298.8,308.5,1395,44.4,33,False,2024-01-11T11:42:00
RUN_02519,MACHINE_M,M17378,298.9,308.6,1425,49.6,35,False,2024-01-11T11:48:00
RUN_02520,MACHINE_L,L49699,298.8,308.6,1631,32.4,38,False,2024-01-11T11:54:00
RUN_02521,MACHINE_L,L49700,298.8,308.6,1535,41.2,40,False,2024-01-11T12:00:00
RUN_02522,MACHINE_L,L49701,298.8,308.6,1584,34.4,42,False,2024-01-11T12:06:00
RUN_02523,MACHINE_M,M17382,298.8,308.7,1543,38.2,44,False,2024-01-11T12:12:00
RUN_02524,MACHINE_L,L49703,298.8,308.7,1635,35.2,47,False,2024-01-11T12:18:00
RUN_02525,MACHINE_M,M17384,298.8,308.7,1446,45.5,49,False,2024-01-11T12:24:00
RUN_02526,MACHINE_M,M17385,298.8,308.6,1598,35.1,52,False,2024-01-11T12:30:00
RUN_02527,MACHINE_L,L49706,298.8,308.6,1501,35.0,55,False,2024-01-11T12:36:00
RUN_02528,MACHINE_L,L49707,298.8,308.5,1450,50.8,57,False,2024-01-11T12:42:00
RUN_02529,MACHINE_L,L49708,298.8,308.6,1730,25.9,59,False,2024-01-11T12:48:00
RUN_02530,MACHINE_M,M17389,298.8,308.6,1571,33.7,61,False,2024-01-11T12:54:00
RUN_02531,MACHINE_L,L49710,298.9,308.7,1438,51.7,64,False,2024-01-11T13:00:00
RUN_02532,MACHINE_M,M17391,298.8,308.5,1510,38.7,66,False,2024-01-11T13:06:00
RUN_02533,MACHINE_L,L49712,298.9,308.7,1389,44.9,69,False,2024-01-11T13:12:00
RUN_02534,MACHINE_L,L49713,298.8,308.7,1490,33.6,71,False,2024-01-11T13:18:00
RUN_02535,MACHINE_L,L49714,298.9,308.7,1729,26.6,73,False,2024-01-11T13:24:00
RUN_02536,MACHINE_L,L49715,299.0,308.8,1495,38.4,75,False,2024-01-11T13:30:00
RUN_02537,MACHINE_L,L49716,298.9,308.8,1281,53.9,77,False,2024-01-11T13:36:00
RUN_02538,MACHINE_H,H31951,298.9,308.7,1353,48.1,79,False,2024-01-11T13:42:00
RUN_02539,MACHINE_L,L49718,299.1,308.8,1429,50.1,84,False,2024-01-11T13:48:00
RUN_02540,MACHINE_L,L49719,299.1,308.8,1413,42.1,86,False,2024-01-11T13:54:00
RUN_02541,MACHINE_L,L49720,299.1,308.8,1502,38.3,88,False,2024-01-11T14:00:00
RUN_02542,MACHINE_H,H31955,299.1,308.8,1553,32.6,90,False,2024-01-11T14:06:00
RUN_02543,MACHINE_H,H31956,299.2,308.9,1712,26.4,95,False,2024-01-11T14:12:00
RUN_02544,MACHINE_L,L49723,299.3,309.0,1786,23.5,100,False,2024-01-11T14:18:00
RUN_02545,MACHINE_L,L49724,299.2,309.0,1951,21.4,102,False,2024-01-11T14:24:00
RUN_02546,MACHINE_M,M17405,299.2,309.0,1541,36.3,104,False,2024-01-11T14:30:00
RUN_02547,MACHINE_L,L49726,299.2,309.1,1605,34.3,107,False,2024-01-11T14:36:00
RUN_02548,MACHINE_L,L49727,299.2,309.1,1578,38.1,109,False,2024-01-11T14:42:00
RUN_02549,MACHINE_M,M17408,299.3,309.2,1440,37.5,111,False,2024-01-11T14:48:00
RUN_02550,MACHINE_L,L49729,299.4,309.2,1489,42.3,114,False,2024-01-11T14:54:00
RUN_02551,MACHINE_L,L49730,299.4,309.3,1366,48.4,116,False,2024-01-11T15:00:00
RUN_02552,MACHINE_L,L49731,299.3,309.2,1541,37.2,118,False,2024-01-11T15:06:00
RUN_02553,MACHINE_H,H31966,299.3,309.1,1552,40.7,120,False,2024-01-11T15:12:00
RUN_02554,MACHINE_L,L49733,299.3,309.1,1473,40.3,125,False,2024-01-11T15:18:00
RUN_02555,MACHINE_L,L49734,299.3,309.1,1531,37.9,127,False,2024-01-11T15:24:00
RUN_02556,MACHINE_L,L49735,299.3,309.2,1511,37.2,129,False,2024-01-11T15:30:00
RUN_02557,MACHINE_M,M17416,299.3,309.1,1449,47.9,131,False,2024-01-11T15:36:00
RUN_02558,MACHINE_M,M17417,299.4,309.1,1440,50.0,134,False,2024-01-11T15:42:00
RUN_02559,MACHINE_M,M17418,299.2,309.0,1881,23.9,137,False,2024-01-11T15:48:00
RUN_02560,MACHINE_L,L49739,299.3,309.0,1447,50.4,140,False,2024-01-11T15:54:00
RUN_02561,MACHINE_M,M17420,299.4,309.1,1326,62.0,142,False,2024-01-11T16:00:00
RUN_02562,MACHINE_L,L49741,299.4,309.2,1607,31.7,145,False,2024-01-11T16:06:00
RUN_02563,MACHINE_L,L49742,299.3,309.1,1551,39.1,147,False,2024-01-11T16:12:00
RUN_02564,MACHINE_L,L49743,299.3,309.1,1496,37.2,149,False,2024-01-11T16:18:00
RUN_02565,MACHINE_L,L49744,299.3,309.1,1493,38.0,151,False,2024-01-11T16:24:00
RUN_02566,MACHINE_L,L49745,299.4,309.1,1304,50.5,153,False,2024-01-11T16:30:00
RUN_02567,MACHINE_M,M17426,299.3,309.0,1420,41.6,155,False,2024-01-11T16:36:00
RUN_02568,MACHINE_L,L49747,299.4,309.1,1766,24.6,158,False,2024-01-11T16:42:00
RUN_02569,MACHINE_L,L49748,299.6,309.2,1450,43.1,160,False,2024-01-11T16:48:00
RUN_02570,MACHINE_H,H31983,299.5,309.2,1872,22.6,162,False,2024-01-11T16:54:00
RUN_02571,MACHINE_L,L49750,299.6,309.2,1713,26.5,167,False,2024-01-11T17:00:00
RUN_02572,MACHINE_M,M17431,299.5,309.2,1497,40.9,169,False,2024-01-11T17:06:00
RUN_02573,MACHINE_M,M17432,299.4,309.1,1352,44.7,172,False,2024-01-11T17:12:00
RUN_02574,MACHINE_L,L49753,299.5,309.2,1499,41.5,175,False,2024-01-11T17:18:00
RUN_02575,MACHINE_L,L49754,299.5,309.3,1972,19.3,177,False,2024-01-11T17:24:00
RUN_02576,MACHINE_L,L49755,299.5,309.3,1422,49.2,179,False,2024-01-11T17:30:00
RUN_02577,MACHINE_L,L49756,299.5,309.3,1523,41.5,181,False,2024-01-11T17:36:00
RUN_02578,MACHINE_L,L49757,299.5,309.4,1563,41.5,183,False,2024-01-11T17:42:00
RUN_02579,MACHINE_L,L49758,299.4,309.3,1391,46.6,185,False,2024-01-11T17:48:00
RUN_02580,MACHINE_L,L49759,299.3,309.1,1795,24.7,187,False,2024-01-11T17:54:00
RUN_02581,MACHINE_L,L49760,299.3,309.1,1293,53.7,189,False,2024-01-11T18:00:00
RUN_02582,MACHINE_L,L49761,299.2,309.1,1345,60.7,191,True,2024-01-11T18:06:00
RUN_02583,MACHINE_L,L49762,299.2,309.0,1615,33.7,193,False,2024-01-11T18:12:00
RUN_02584,MACHINE_L,L49763,299.2,308.9,1342,50.8,195,False,2024-01-11T18:18:00
RUN_02585,MACHINE_L,L49764,299.1,308.8,1502,46.7,197,False,2024-01-11T18:24:00
RUN_02586,MACHINE_M,M17445,299.0,308.7,1620,35.4,199,False,2024-01-11T18:30:00
RUN_02587,MACHINE_L,L49766,299.0,308.7,1537,42.8,202,False,2024-01-11T18:36:00
RUN_02588,MACHINE_L,L49767,299.0,308.7,2248,16.8,204,False,2024-01-11T18:42:00
RUN_02589,MACHINE_L,L49768,299.0,308.7,1706,28.6,206,False,2024-01-11T18:48:00
RUN_02590,MACHINE_L,L49769,299.0,308.7,2250,16.6,208,False,2024-01-11T18:54:00
RUN_02591,MACHINE_L,L49770,299.0,308.7,1396,48.6,0,False,2024-01-11T19:00:00
RUN_02592,MACHINE_L,L49771,298.9,308.6,1522,46.4,2,False,2024-01-11T19:06:00
RUN_02593,MACHINE_L,L49772,298.9,308.6,1539,45.4,4,False,2024-01-11T19:12:00
RUN_02594,MACHINE_H,H32007,298.9,308.5,1415,54.0,6,False,2024-01-11T19:18:00
RUN_02595,MACHINE_L,L49774,298.8,308.5,1446,37.0,11,False,2024-01-11T19:24:00
RUN_02596,MACHINE_M,M17455,298.8,308.6,1486,41.1,13,False,2024-01-11T19:30:00
RUN_02597,MACHINE_L,L49776,299.0,308.7,1426,38.6,16,False,2024-01-11T19:36:00
RUN_02598,MACHINE_L,L49777,299.0,308.7,1449,38.9,18,False,2024-01-11T19:42:00
RUN_02599,MACHINE_L,L49778,299.1,308.8,1320,67.5,20,True,2024-01-11T19:48:00
RUN_02600,MACHINE_M,M17459,299.2,308.9,1447,39.6,22,False,2024-01-11T19:54:00
RUN_02601,MACHINE_L,L49780,299.3,309.0,1422,47.3,25,False,2024-01-11T20:00:00
RUN_02602,MACHINE_L,L49781,299.3,309.1,1399,52.1,27,False,2024-01-11T20:06:00
RUN_02603,MACHINE_L,L49782,299.4,309.2,1427,41.5,29,False,2024-01-11T20:12:00
RUN_02604,MACHINE_M,M17463,299.3,309.2,1334,46.3,31,False,2024-01-11T20:18:00
RUN_02605,MACHINE_M,M17464,299.3,309.1,1385,45.6,34,False,2024-01-11T20:24:00
RUN_02606,MACHINE_L,L49785,299.4,309.2,1552,37.4,37,False,2024-01-11T20:30:00
RUN_02607,MACHINE_H,H32020,299.4,309.3,1534,37.5,39,False,2024-01-11T20:36:00
RUN_02608,MACHINE_L,L49787,299.4,309.3,1448,48.6,44,False,2024-01-11T20:42:00
RUN_02609,MACHINE_L,L49788,299.5,309.3,1409,44.7,46,False,2024-01-11T20:48:00
RUN_02610,MACHINE_L,L49789,299.4,309.2,1621,34.5,48,False,2024-01-11T20:54:00
RUN_02611,MACHINE_H,H32024,299.4,309.1,1547,40.9,50,False,2024-01-11T21:00:00
RUN_02612,MACHINE_L,L49791,299.4,309.1,1957,22.1,55,False,2024-01-11T21:06:00
RUN_02613,MACHINE_L,L49792,299.4,309.1,2421,14.2,57,False,2024-01-11T21:12:00
RUN_02614,MACHINE_M,M17473,299.3,309.1,1571,38.3,59,False,2024-01-11T21:18:00
RUN_02615,MACHINE_L,L49794,299.3,309.1,1634,36.8,62,False,2024-01-11T21:24:00
RUN_02616,MACHINE_L,L49795,299.3,309.0,1516,38.7,64,False,2024-01-11T21:30:00
RUN_02617,MACHINE_L,L49796,299.4,309.1,1207,66.5,66,False,2024-01-11T21:36:00
RUN_02618,MACHINE_L,L49797,299.4,309.1,1670,35.9,68,False,2024-01-11T21:42:00
RUN_02619,MACHINE_M,M17478,299.4,309.1,1461,48.6,70,False,2024-01-11T21:48:00
RUN_02620,MACHINE_L,L49799,299.4,309.2,1569,40.8,73,False,2024-01-11T21:54:00
RUN_02621,MACHINE_L,L49800,299.4,309.2,1556,35.7,75,False,2024-01-11T22:00:00
RUN_02622,MACHINE_M,M17481,299.5,309.3,1506,41.5,77,False,2024-01-11T22:06:00
RUN_02623,MACHINE_M,M17482,299.6,309.4,1642,30.3,80,False,2024-01-11T22:12:00
RUN_02624,MACHINE_M,M17483,299.6,309.4,1283,62.1,83,False,2024-01-11T22:18:00
RUN_02625,MACHINE_H,H32038,299.7,309.5,1375,46.8,86,False,2024-01-11T22:24:00
RUN_02626,MACHINE_L,L49805,299.7,309.4,1399,39.9,91,False,2024-01-11T22:30:00
RUN_02627,MACHINE_L,L49806,299.7,309.4,1650,29.8,93,False,2024-01-11T22:36:00
RUN_02628,MACHINE_M,M17487,299.8,309.6,1346,53.2,95,False,2024-01-11T22:42:00
RUN_02629,MACHINE_H,H32042,299.9,309.6,1410,51.2,98,False,2024-01-11T22:48:00
RUN_02630,MACHINE_L,L49809,300.0,309.7,1586,37.8,103,False,2024-01-11T22:54:00
RUN_02631,MACHINE_L,L49810,300.0,309.8,1372,39.6,105,False,2024-01-11T23:00:00
RUN_02632,MACHINE_H,H32045,300.0,309.7,1529,42.4,107,False,2024-01-11T23:06:00
RUN_02633,MACHINE_M,M17492,300.0,309.7,1652,28.6,112,False,2024-01-11T23:12:00
RUN_02634,MACHINE_L,L49813,300.1,309.8,1532,39.8,115,False,2024-01-11T23:18:00
RUN_02635,MACHINE_L,L49814,300.0,309.7,1554,32.0,117,False,2024-01-11T23:24:00
RUN_02636,MACHINE_H,H32049,299.9,309.6,1462,51.0,119,False,2024-01-11T23:30:00
RUN_02637,MACHINE_L,L49816,299.9,309.6,1254,61.3,124,False,2024-01-11T23:36:00
RUN_02638,MACHINE_L,L49817,299.9,309.6,1294,49.7,126,False,2024-01-11T23:42:00
RUN_02639,MACHINE_L,L49818,299.8,309.5,1739,27.5,128,False,2024-01-11T23:48:00
RUN_02640,MACHINE_M,M17499,299.8,309.4,1412,47.8,130,False,2024-01-11T23:54:00
RUN_02641,MACHINE_M,M17500,299.9,309.5,1372,56.2,133,False,2024-01-12T00:00:00
RUN_02642,MACHINE_H,H32055,299.8,309.5,1420,46.7,136,False,2024-01-12T00:06:00
RUN_02643,MACHINE_L,L49822,299.8,309.5,1542,40.3,141,False,2024-01-12T00:12:00
RUN_02644,MACHINE_M,M17503,299.8,309.4,1401,48.1,143,False,2024-01-12T00:18:00
RUN_02645,MACHINE_L,L49824,299.8,309.4,1510,42.5,146,False,2024-01-12T00:24:00
RUN_02646,MACHINE_H,H32059,299.9,309.5,1547,38.5,148,False,2024-01-12T00:30:00
RUN_02647,MACHINE_M,M17506,299.8,309.5,1453,43.2,153,False,2024-01-12T00:36:00
RUN_02648,MACHINE_L,L49827,299.8,309.4,1408,45.6,156,False,2024-01-12T00:42:00
RUN_02649,MACHINE_L,L49828,299.8,309.4,1436,51.6,158,False,2024-01-12T00:48:00
RUN_02650,MACHINE_M,M17509,299.9,309.5,1582,38.2,160,False,2024-01-12T00:54:00
RUN_02651,MACHINE_L,L49830,299.9,309.6,1280,59.3,163,False,2024-01-12T01:00:00
RUN_02652,MACHINE_L,L49831,299.9,309.5,2008,20.4,165,False,2024-01-12T01:06:00
RUN_02653,MACHINE_L,L49832,299.9,309.5,1772,23.5,167,False,2024-01-12T01:12:00
RUN_02654,MACHINE_L,L49833,299.9,309.5,1779,26.1,169,False,2024-01-12T01:18:00
RUN_02655,MACHINE_L,L49834,299.9,309.5,1567,35.5,171,False,2024-01-12T01:24:00
RUN_02656,MACHINE_M,M17515,299.8,309.4,1751,27.0,173,False,2024-01-12T01:30:00
RUN_02657,MACHINE_L,L49836,299.9,309.5,1349,51.3,176,False,2024-01-12T01:36:00
RUN_02658,MACHINE_M,M17517,300.0,309.5,1425,40.8,178,False,2024-01-12T01:42:00
RUN_02659,MACHINE_L,L49838,300.0,309.4,1395,44.5,181,False,2024-01-12T01:48:00
RUN_02660,MACHINE_H,H32073,299.8,309.3,1595,32.1,183,False,2024-01-12T01:54:00
RUN_02661,MACHINE_L,L49840,299.8,309.3,1291,56.4,188,False,2024-01-12T02:00:00
RUN_02662,MACHINE_M,M17521,299.9,309.4,1509,42.8,190,False,2024-01-12T02:06:00
RUN_02663,MACHINE_M,M17522,299.9,309.4,1483,38.1,193,False,2024-01-12T02:12:00
RUN_02664,MACHINE_L,L49843,299.9,309.3,1620,31.1,196,False,2024-01-12T02:18:00
RUN_02665,MACHINE_M,M17524,299.9,309.4,1487,42.2,198,False,2024-01-12T02:24:00
RUN_02666,MACHINE_L,L49845,299.8,309.4,2256,15.9,201,False,2024-01-12T02:30:00
RUN_02667,MACHINE_H,H32080,299.7,309.2,1691,27.7,203,False,2024-01-12T02:36:00
RUN_02668,MACHINE_M,M17527,299.8,309.3,1663,35.2,208,False,2024-01-12T02:42:00
RUN_02669,MACHINE_M,M17528,299.8,309.3,1640,31.1,211,False,2024-01-12T02:48:00
RUN_02670,MACHINE_H,H32083,299.7,309.3,1494,37.8,214,False,2024-01-12T02:54:00
RUN_02671,MACHINE_L,L49850,299.8,309.4,1467,46.2,219,False,2024-01-12T03:00:00
RUN_02672,MACHINE_M,M17531,299.7,309.3,1399,41.9,221,True,2024-01-12T03:06:00
RUN_02673,MACHINE_L,L49852,299.7,309.3,1445,42.6,0,False,2024-01-12T03:12:00
RUN_02674,MACHINE_L,L49853,299.8,309.4,1480,40.9,2,False,2024-01-12T03:18:00
RUN_02675,MACHINE_L,L49854,299.7,309.3,1546,37.2,4,False,2024-01-12T03:24:00
RUN_02676,MACHINE_L,L49855,299.7,309.3,1574,35.8,6,False,2024-01-12T03:30:00
RUN_02677,MACHINE_L,L49856,299.7,309.3,1592,34.2,8,False,2024-01-12T03:36:00
RUN_02678,MACHINE_L,L49857,299.8,309.5,1495,39.6,10,False,2024-01-12T03:42:00
RUN_02679,MACHINE_L,L49858,299.8,309.6,1447,43.1,12,False,2024-01-12T03:48:00
RUN_02680,MACHINE_L,L49859,299.8,309.5,1476,44.4,14,False,2024-01-12T03:54:00
RUN_02681,MACHINE_L,L49860,299.8,309.5,1641,27.1,16,False,2024-01-12T04:00:00
RUN_02682,MACHINE_L,L49861,299.8,309.5,1545,32.2,18,False,2024-01-12T04:06:00
RUN_02683,MACHINE_M,M17542,299.9,309.6,1364,44.4,20,False,2024-01-12T04:12:00
RUN_02684,MACHINE_L,L49863,299.8,309.5,1590,28.5,23,False,2024-01-12T04:18:00
RUN_02685,MACHINE_L,L49864,299.8,309.4,1460,37.4,25,False,2024-01-12T04:24:00
RUN_02686,MACHINE_L,L49865,299.8,309.4,1609,32.5,27,False,2024-01-12T04:30:00
RUN_02687,MACHINE_L,L49866,299.8,309.4,1633,27.5,29,False,2024-01-12T04:36:00
RUN_02688,MACHINE_L,L49867,299.9,309.4,1348,52.8,31,False,2024-01-12T04:42:00
RUN_02689,MACHINE_L,L49868,299.9,309.4,1322,53.9,33,False,2024-01-12T04:48:00
RUN_02690,MACHINE_L,L49869,300.0,309.5,1641,30.1,35,False,2024-01-12T04:54:00
RUN_02691,MACHINE_L,L49870,300.0,309.5,1728,26.0,37,False,2024-01-12T05:00:00
RUN_02692,MACHINE_L,L49871,300.0,309.6,1431,47.7,39,False,2024-01-12T05:06:00
RUN_02693,MACHINE_L,L49872,300.1,309.7,1641,30.4,41,False,2024-01-12T05:12:00
RUN_02694,MACHINE_M,M17553,300.1,309.6,1622,36.1,43,False,2024-01-12T05:18:00
RUN_02695,MACHINE_M,M17554,300.1,309.6,1625,38.0,46,False,2024-01-12T05:24:00
RUN_02696,MACHINE_L,L49875,300.0,309.5,1869,22.7,49,False,2024-01-12T05:30:00
RUN_02697,MACHINE_L,L49876,300.0,309.6,1452,46.0,51,False,2024-01-12T05:36:00
RUN_02698,MACHINE_L,L49877,300.0,309.6,1618,28.7,53,False,2024-01-12T05:42:00
RUN_02699,MACHINE_L,L49878,300.0,309.4,2010,20.0,55,False,2024-01-12T05:48:00
RUN_02700,MACHINE_L,L49879,299.9,309.4,1363,60.9,57,False,2024-01-12T05:54:00
RUN_02701,MACHINE_L,L49880,299.9,309.3,1473,40.4,59,False,2024-01-12T06:00:00
RUN_02702,MACHINE_L,L49881,299.9,309.2,1333,50.8,61,False,2024-01-12T06:06:00
RUN_02703,MACHINE_L,L49882,299.8,309.2,1760,25.9,63,False,2024-01-12T06:12:00
RUN_02704,MACHINE_M,M17563,299.8,309.2,1372,58.2,65,False,2024-01-12T06:18:00
RUN_02705,MACHINE_M,M17564,299.7,309.2,1608,34.4,68,False,2024-01-12T06:24:00
RUN_02706,MACHINE_L,L49885,299.7,309.2,1326,64.8,71,False,2024-01-12T06:30:00
RUN_02707,MACHINE_M,M17566,299.6,309.1,1560,37.1,73,False,2024-01-12T06:36:00
RUN_02708,MACHINE_M,M17567,299.6,309.0,1539,36.1,76,False,2024-01-12T06:42:00
RUN_02709,MACHINE_L,L49888,299.6,309.1,2266,15.3,79,False,2024-01-12T06:48:00
RUN_02710,MACHINE_L,L49889,299.6,309.1,1641,35.8,81,False,2024-01-12T06:54:00
RUN_02711,MACHINE_L,L49890,299.6,309.1,1574,39.2,83,False,2024-01-12T07:00:00
RUN_02712,MACHINE_L,L49891,299.6,309.1,1407,50.6,85,False,2024-01-12T07:06:00
RUN_02713,MACHINE_H,H32126,299.7,309.2,1302,55.5,87,False,2024-01-12T07:12:00
RUN_02714,MACHINE_M,M17573,299.6,309.2,1651,30.8,92,False,2024-01-12T07:18:00
RUN_02715,MACHINE_M,M17574,299.6,309.1,1366,55.2,95,False,2024-01-12T07:24:00
RUN_02716,MACHINE_M,M17575,299.5,309.0,1701,28.6,98,False,2024-01-12T07:30:00
RUN_02717,MACHINE_L,L49896,299.5,309.0,1498,44.6,101,False,2024-01-12T07:36:00
RUN_02718,MACHINE_M,M17577,299.5,309.1,1422,45.3,103,False,2024-01-12T07:42:00
RUN_02719,MACHINE_L,L49898,299.5,309.1,1357,47.3,106,False,2024-01-12T07:48:00
RUN_02720,MACHINE_L,L49899,299.5,309.2,1690,29.2,108,False,2024-01-12T07:54:00
RUN_02721,MACHINE_L,L49900,299.6,309.2,1559,39.1,110,False,2024-01-12T08:00:00
RUN_02722,MACHINE_M,M17581,299.6,309.3,1553,32.4,112,False,2024-01-12T08:06:00
RUN_02723,MACHINE_L,L49902,299.6,309.3,1558,34.8,115,False,2024-01-12T08:12:00
RUN_02724,MACHINE_L,L49903,299.7,309.4,1362,51.9,117,False,2024-01-12T08:18:00
RUN_02725,MACHINE_M,M17584,299.8,309.3,1470,42.7,119,False,2024-01-12T08:24:00
RUN_02726,MACHINE_L,L49905,299.8,309.4,1555,34.8,122,False,2024-01-12T08:30:00
RUN_02727,MACHINE_M,M17586,299.8,309.4,1423,42.9,124,False,2024-01-12T08:36:00
RUN_02728,MACHINE_L,L49907,299.7,309.3,1434,38.5,127,False,2024-01-12T08:42:00
RUN_02729,MACHINE_L,L49908,299.7,309.3,1779,25.5,129,False,2024-01-12T08:48:00
RUN_02730,MACHINE_L,L49909,299.7,309.3,1417,54.6,131,False,2024-01-12T08:54:00
RUN_02731,MACHINE_L,L49910,299.6,309.2,1425,45.9,133,False,2024-01-12T09:00:00
RUN_02732,MACHINE_M,M17591,299.7,309.2,1597,32.9,135,False,2024-01-12T09:06:00
RUN_02733,MACHINE_L,L49912,299.7,309.2,1346,57.4,138,False,2024-01-12T09:12:00
RUN_02734,MACHINE_L,L49913,299.7,309.2,1422,40.4,140,False,2024-01-12T09:18:00
RUN_02735,MACHINE_H,H32148,299.7,309.2,1572,32.8,142,False,2024-01-12T09:24:00
RUN_02736,MACHINE_L,L49915,299.7,309.2,1412,45.4,147,False,2024-01-12T09:30:00
RUN_02737,MACHINE_M,M17596,299.7,309.1,1576,36.4,149,False,2024-01-12T09:36:00
RUN_02738,MACHINE_M,M17597,299.7,309.1,1508,41.2,152,False,2024-01-12T09:42:00
RUN_02739,MACHINE_M,M17598,299.8,309.1,1496,44.4,155,False,2024-01-12T09:48:00
RUN_02740,MACHINE_L,L49919,299.8,309.2,1572,35.4,158,False,2024-01-12T09:54:00
RUN_02741,MACHINE_L,L49920,299.6,309.0,1525,42.8,160,False,2024-01-12T10:00:00
RUN_02742,MACHINE_L,L49921,299.6,309.0,1378,51.9,162,False,2024-01-12T10:06:00
RUN_02743,MACHINE_L,L49922,299.6,309.1,1369,51.4,164,False,2024-01-12T10:12:00
RUN_02744,MACHINE_L,L49923,299.6,309.1,1476,45.3,166,False,2024-01-12T10:18:00
RUN_02745,MACHINE_L,L49924,299.7,309.2,1620,30.0,168,False,2024-01-12T10:24:00
RUN_02746,MACHINE_M,M17605,299.7,309.1,1603,38.5,170,False,2024-01-12T10:30:00
RUN_02747,MACHINE_L,L49926,299.7,309.2,1411,46.1,173,False,2024-01-12T10:36:00
RUN_02748,MACHINE_L,L49927,299.7,309.2,1616,31.6,175,False,2024-01-12T10:42:00
RUN_02749,MACHINE_L,L49928,299.7,309.2,1631,35.1,177,False,2024-01-12T10:48:00
RUN_02750,MACHINE_M,M17609,299.7,309.2,1685,28.9,179,True,2024-01-12T10:54:00
RUN_02751,MACHINE_H,H32164,299.7,309.2,1456,40.6,182,False,2024-01-12T11:00:00
RUN_02752,MACHINE_L,L49931,299.7,309.1,1417,50.1,187,False,2024-01-12T11:06:00
RUN_02753,MACHINE_M,M17612,299.7,309.1,1851,24.7,189,False,2024-01-12T11:12:00
RUN_02754,MACHINE_L,L49933,299.7,309.1,1715,27.8,192,False,2024-01-12T11:18:00
RUN_02755,MACHINE_H,H32168,299.6,309.1,1630,32.3,194,False,2024-01-12T11:24:00
RUN_02756,MACHINE_L,L49935,299.7,309.2,1478,38.8,199,False,2024-01-12T11:30:00
RUN_02757,MACHINE_L,L49936,299.7,309.2,1781,29.6,201,False,2024-01-12T11:36:00
RUN_02758,MACHINE_L,L49937,299.8,309.2,1439,36.1,203,False,2024-01-12T11:42:00
RUN_02759,MACHINE_M,M17618,299.7,309.2,1412,45.3,205,False,2024-01-12T11:48:00
RUN_02760,MACHINE_L,L49939,299.7,309.1,1483,41.1,208,False,2024-01-12T11:54:00
RUN_02761,MACHINE_L,L49940,299.8,309.2,1400,42.6,210,False,2024-01-12T12:00:00
RUN_02762,MACHINE_L,L49941,299.8,309.3,1299,65.1,212,True,2024-01-12T12:06:00
RUN_02763,MACHINE_L,L49942,299.8,309.2,1479,44.4,214,False,2024-01-12T12:12:00
RUN_02764,MACHINE_L,L49943,299.8,309.2,1491,47.5,216,False,2024-01-12T12:18:00
RUN_02765,MACHINE_M,M17624,299.9,309.3,1389,52.8,0,False,2024-01-12T12:24:00
RUN_02766,MACHINE_M,M17625,299.9,309.4,1399,54.8,3,False,2024-01-12T12:30:00
RUN_02767,MACHINE_M,M17626,299.9,309.4,1889,26.0,6,False,2024-01-12T12:36:00
RUN_02768,MACHINE_L,L49947,300.0,309.5,1925,21.9,9,False,2024-01-12T12:42:00
RUN_02769,MACHINE_L,L49948,300.0,309.5,1675,30.2,11,False,2024-01-12T12:48:00
RUN_02770,MACHINE_M,M17629,300.0,309.6,1477,38.1,13,False,2024-01-12T12:54:00
RUN_02771,MACHINE_L,L49950,300.0,309.6,1364,45.9,16,False,2024-01-12T13:00:00
RUN_02772,MACHINE_L,L49951,299.9,309.5,1451,39.4,18,False,2024-01-12T13:06:00
RUN_02773,MACHINE_L,L49952,299.9,309.4,1467,41.2,20,False,2024-01-12T13:12:00
RUN_02774,MACHINE_L,L49953,299.9,309.4,1858,22.5,22,False,2024-01-12T13:18:00
RUN_02775,MACHINE_L,L49954,300.1,309.4,1559,39.7,24,False,2024-01-12T13:24:00
RUN_02776,MACHINE_L,L49955,300.1,309.4,1560,47.7,26,False,2024-01-12T13:30:00
RUN_02777,MACHINE_L,L49956,300.1,309.4,1453,47.6,28,False,2024-01-12T13:36:00
RUN_02778,MACHINE_L,L49957,300.1,309.4,1464,41.7,30,False,2024-01-12T13:42:00
RUN_02779,MACHINE_L,L49958,300.0,309.4,1308,50.2,32,False,2024-01-12T13:48:00
RUN_02780,MACHINE_L,L49959,300.1,309.5,1353,50.9,34,False,2024-01-12T13:54:00
RUN_02781,MACHINE_M,M17640,300.2,309.6,1556,35.8,36,False,2024-01-12T14:00:00
RUN_02782,MACHINE_L,L49961,300.2,309.5,2183,17.8,39,False,2024-01-12T14:06:00
RUN_02783,MACHINE_M,M17642,300.2,309.6,1491,41.8,41,False,2024-01-12T14:12:00
RUN_02784,MACHINE_M,M17643,300.2,309.6,1528,35.1,44,False,2024-01-12T14:18:00
RUN_02785,MACHINE_L,L49964,300.2,309.6,1430,52.7,47,False,2024-01-12T14:24:00
RUN_02786,MACHINE_L,L49965,300.2,309.5,1495,32.6,49,False,2024-01-12T14:30:00
RUN_02787,MACHINE_M,M17646,300.2,309.5,1630,28.3,51,False,2024-01-12T14:36:00
RUN_02788,MACHINE_M,M17647,300.3,309.6,1524,38.4,54,False,2024-01-12T14:42:00
RUN_02789,MACHINE_L,L49968,300.3,309.6,1326,52.4,57,False,2024-01-12T14:48:00
RUN_02790,MACHINE_H,H32203,300.3,309.5,1438,44.0,59,False,2024-01-12T14:54:00
RUN_02791,MACHINE_L,L49970,300.4,309.6,1356,45.9,64,False,2024-01-12T15:00:00
RUN_02792,MACHINE_H,H32205,300.4,309.6,1416,43.3,66,False,2024-01-12T15:06:00
RUN_02793,MACHINE_L,L49972,300.4,309.7,1584,32.6,71,False,2024-01-12T15:12:00
RUN_02794,MACHINE_L,L49973,300.3,309.6,1597,31.8,73,False,2024-01-12T15:18:00
RUN_02795,MACHINE_L,L49974,300.4,309.6,1553,43.9,75,False,2024-01-12T15:24:00
RUN_02796,MACHINE_M,M17655,300.3,309.5,1405,49.4,77,False,2024-01-12T15:30:00
RUN_02797,MACHINE_L,L49976,300.2,309.5,1539,35.3,80,False,2024-01-12T15:36:00
RUN_02798,MACHINE_M,M17657,300.3,309.6,1398,53.7,82,False,2024-01-12T15:42:00
RUN_02799,MACHINE_L,L49978,300.3,309.6,1568,39.6,85,False,2024-01-12T15:48:00
RUN_02800,MACHINE_L,L49979,300.3,309.6,1404,44.6,87,False,2024-01-12T15:54:00
RUN_02801,MACHINE_M,M17660,300.2,309.5,1500,45.7,89,False,2024-01-12T16:00:00
RUN_02802,MACHINE_M,M17661,300.2,309.5,1642,28.8,92,False,2024-01-12T16:06:00
RUN_02803,MACHINE_M,M17662,300.3,309.6,1509,46.6,95,False,2024-01-12T16:12:00
RUN_02804,MACHINE_L,L49983,300.2,309.5,1343,50.2,98,False,2024-01-12T16:18:00
RUN_02805,MACHINE_L,L49984,300.1,309.5,1450,40.1,100,False,2024-01-12T16:24:00
RUN_02806,MACHINE_L,L49985,300.0,309.4,1460,43.5,102,False,2024-01-12T16:30:00
RUN_02807,MACHINE_L,L49986,300.0,309.3,1364,41.2,104,False,2024-01-12T16:36:00
RUN_02808,MACHINE_M,M17667,299.9,309.3,1452,41.9,106,False,2024-01-12T16:42:00
RUN_02809,MACHINE_L,L49988,299.9,309.3,1471,41.8,109,False,2024-01-12T16:48:00
RUN_02810,MACHINE_L,L49989,299.9,309.2,1598,34.6,111,False,2024-01-12T16:54:00
RUN_02811,MACHINE_L,L49990,299.8,309.1,1772,24.8,113,False,2024-01-12T17:00:00
RUN_02812,MACHINE_L,L49991,299.9,309.2,1761,25.6,115,False,2024-01-12T17:06:00
RUN_02813,MACHINE_M,M17672,300.0,309.3,1413,40.7,117,False,2024-01-12T17:12:00
RUN_02814,MACHINE_L,L49993,300.0,309.3,1887,22.6,120,False,2024-01-12T17:18:00
RUN_02815,MACHINE_L,L49994,300.0,309.3,1395,56.5,122,False,2024-01-12T17:24:00
RUN_02816,MACHINE_M,M17675,300.1,309.4,1569,31.6,124,False,2024-01-12T17:30:00
RUN_02817,MACHINE_L,L49996,300.1,309.4,1434,47.3,127,False,2024-01-12T17:36:00
RUN_02818,MACHINE_L,L49997,300.2,309.5,1417,41.1,129,False,2024-01-12T17:42:00
RUN_02819,MACHINE_L,L49998,300.2,309.5,1729,28.4,131,False,2024-01-12T17:48:00
RUN_02820,MACHINE_L,L49999,300.2,309.5,1356,51.1,133,False,2024-01-12T17:54:00
RUN_02821,MACHINE_L,L50000,300.2,309.5,1436,48.8,135,False,2024-01-12T18:00:00
RUN_02822,MACHINE_M,M17681,300.3,309.6,1419,42.5,137,False,2024-01-12T18:06:00
RUN_02823,MACHINE_L,L50002,300.3,309.6,1593,38.1,140,False,2024-01-12T18:12:00
RUN_02824,MACHINE_M,M17683,300.3,309.5,1320,62.2,142,False,2024-01-12T18:18:00
RUN_02825,MACHINE_M,M17684,300.3,309.5,1448,42.4,145,False,2024-01-12T18:24:00
RUN_02826,MACHINE_L,L50005,300.3,309.4,1470,33.5,148,False,2024-01-12T18:30:00
RUN_02827,MACHINE_M,M17686,300.3,309.4,1612,33.1,150,False,2024-01-12T18:36:00
RUN_02828,MACHINE_L,L50007,300.4,309.4,1412,51.6,153,False,2024-01-12T18:42:00
RUN_02829,MACHINE_M,M17688,300.4,309.4,1875,23.9,155,False,2024-01-12T18:48:00
RUN_02830,MACHINE_L,L50009,300.3,309.3,1612,36.0,158,False,2024-01-12T18:54:00
RUN_02831,MACHINE_M,M17690,300.4,309.3,1411,41.6,160,False,2024-01-12T19:00:00
RUN_02832,MACHINE_M,M17691,300.3,309.2,1490,47.9,163,False,2024-01-12T19:06:00
RUN_02833,MACHINE_M,M17692,300.4,309.3,1467,40.3,166,False,2024-01-12T19:12:00
RUN_02834,MACHINE_L,L50013,300.3,309.2,1807,26.4,169,False,2024-01-12T19:18:00
RUN_02835,MACHINE_L,L50014,300.3,309.1,1368,46.0,171,False,2024-01-12T19:24:00
RUN_02836,MACHINE_L,L50015,300.3,309.2,1572,32.0,173,False,2024-01-12T19:30:00
RUN_02837,MACHINE_M,M17696,300.3,309.1,1458,44.3,175,False,2024-01-12T19:36:00
RUN_02838,MACHINE_L,L50017,300.3,309.1,1699,30.3,178,False,2024-01-12T19:42:00
RUN_02839,MACHINE_L,L50018,300.3,309.3,1478,39.5,180,False,2024-01-12T19:48:00
RUN_02840,MACHINE_M,M17699,300.4,309.4,1362,42.1,182,False,2024-01-12T19:54:00
RUN_02841,MACHINE_H,H32254,300.4,309.4,1487,38.9,185,False,2024-01-12T20:00:00
RUN_02842,MACHINE_L,L50021,300.3,309.4,1705,29.4,190,False,2024-01-12T20:06:00
RUN_02843,MACHINE_L,L50022,300.3,309.3,1345,53.5,192,False,2024-01-12T20:12:00
RUN_02844,MACHINE_L,L50023,300.3,309.2,1532,40.2,194,False,2024-01-12T20:18:00
RUN_02845,MACHINE_L,L50024,300.3,309.2,1650,35.2,196,False,2024-01-12T20:24:00
RUN_02846,MACHINE_L,L50025,300.3,309.2,1398,54.4,198,False,2024-01-12T20:30:00
RUN_02847,MACHINE_L,L50026,300.3,309.2,1412,44.8,200,False,2024-01-12T20:36:00
RUN_02848,MACHINE_L,L50027,300.4,309.3,1525,39.6,202,False,2024-01-12T20:42:00
RUN_02849,MACHINE_M,M17708,300.3,309.3,1391,57.9,204,False,2024-01-12T20:48:00
RUN_02850,MACHINE_L,L50029,300.4,309.3,1766,28.2,207,False,2024-01-12T20:54:00
RUN_02851,MACHINE_L,L50030,300.4,309.3,1671,35.0,209,False,2024-01-12T21:00:00
RUN_02852,MACHINE_L,L50031,300.5,309.3,1373,48.8,211,False,2024-01-12T21:06:00
RUN_02853,MACHINE_M,M17712,300.5,309.4,1347,50.1,213,False,2024-01-12T21:12:00
RUN_02854,MACHINE_M,M17713,300.5,309.3,1539,39.1,216,False,2024-01-12T21:18:00
RUN_02855,MACHINE_L,L50034,300.5,309.3,1470,40.8,219,False,2024-01-12T21:24:00
RUN_02856,MACHINE_L,L50035,300.5,309.3,1528,37.0,221,False,2024-01-12T21:30:00
RUN_02857,MACHINE_H,H32270,300.5,309.3,1471,45.2,223,False,2024-01-12T21:36:00
RUN_02858,MACHINE_M,M17717,300.4,309.2,1528,37.2,228,False,2024-01-12T21:42:00
RUN_02859,MACHINE_L,L50038,300.5,309.3,1417,51.5,231,True,2024-01-12T21:48:00
RUN_02860,MACHINE_L,L50039,300.6,309.4,1549,43.4,233,False,2024-01-12T21:54:00
RUN_02861,MACHINE_H,H32274,300.6,309.4,1463,49.2,235,False,2024-01-12T22:00:00
RUN_02862,MACHINE_L,L50041,300.7,309.5,1479,43.6,240,False,2024-01-12T22:06:00
RUN_02863,MACHINE_L,L50042,300.6,309.5,1867,23.0,242,False,2024-01-12T22:12:00
RUN_02864,MACHINE_L,L50043,300.6,309.4,1471,44.1,244,False,2024-01-12T22:18:00
RUN_02865,MACHINE_H,H32278,300.6,309.4,1380,47.6,246,True,2024-01-12T22:24:00
RUN_02866,MACHINE_H,H32279,300.7,309.7,1623,32.7,0,False,2024-01-12T22:30:00
RUN_02867,MACHINE_L,L50046,300.8,309.7,1997,20.7,5,False,2024-01-12T22:36:00
RUN_02868,MACHINE_H,H32281,300.7,309.6,1390,48.5,7,False,2024-01-12T22:42:00
RUN_02869,MACHINE_L,L50048,300.8,309.7,1418,46.6,12,False,2024-01-12T22:48:00
RUN_02870,MACHINE_L,L50049,300.8,309.7,1519,35.8,14,False,2024-01-12T22:54:00
RUN_02871,MACHINE_M,M17730,300.8,309.7,1519,39.7,16,False,2024-01-12T23:00:00
RUN_02872,MACHINE_M,M17731,300.7,309.6,1536,37.2,19,False,2024-01-12T23:06:00
RUN_02873,MACHINE_L,L50052,300.8,309.6,1680,28.7,22,False,2024-01-12T23:12:00
RUN_02874,MACHINE_H,H32287,300.6,309.4,1555,37.9,24,False,2024-01-12T23:18:00
RUN_02875,MACHINE_L,L50054,300.6,309.5,1471,49.6,29,False,2024-01-12T23:24:00
RUN_02876,MACHINE_M,M17735,300.5,309.4,1877,23.8,31,False,2024-01-12T23:30:00
RUN_02877,MACHINE_M,M17736,300.5,309.3,1578,30.5,34,False,2024-01-12T23:36:00
RUN_02878,MACHINE_M,M17737,300.5,309.4,1655,32.1,37,False,2024-01-12T23:42:00
RUN_02879,MACHINE_H,H32292,300.5,309.4,1502,34.3,40,False,2024-01-12T23:48:00
RUN_02880,MACHINE_M,M17739,300.6,309.4,1367,63.2,45,True,2024-01-12T23:54:00
RUN_02881,MACHINE_L,L50060,300.7,309.5,1541,37.2,48,False,2024-01-13T00:00:00
RUN_02882,MACHINE_M,M17741,300.6,309.6,1588,37.0,50,False,2024-01-13T00:06:00
RUN_02883,MACHINE_L,L50062,300.6,309.6,1684,32.8,53,False,2024-01-13T00:12:00
RUN_02884,MACHINE_L,L50063,300.6,309.5,1437,40.0,55,False,2024-01-13T00:18:00
RUN_02885,MACHINE_L,L50064,300.6,309.6,1409,42.4,57,False,2024-01-13T00:24:00
RUN_02886,MACHINE_M,M17745,300.5,309.5,1320,49.9,59,False,2024-01-13T00:30:00
RUN_02887,MACHINE_H,H32300,300.5,309.5,1635,34.2,62,False,2024-01-13T00:36:00
RUN_02888,MACHINE_M,M17747,300.5,309.5,1691,27.6,67,False,2024-01-13T00:42:00
RUN_02889,MACHINE_M,M17748,300.6,309.6,1365,50.0,70,False,2024-01-13T00:48:00
RUN_02890,MACHINE_M,M17749,300.7,309.7,1523,38.2,73,False,2024-01-13T00:54:00
RUN_02891,MACHINE_L,L50070,300.6,309.7,1593,32.4,76,False,2024-01-13T01:00:00
RUN_02892,MACHINE_L,L50071,300.6,309.6,1682,30.7,78,False,2024-01-13T01:06:00
RUN_02893,MACHINE_L,L50072,300.7,309.6,1329,54.3,80,False,2024-01-13T01:12:00
RUN_02894,MACHINE_M,M17753,300.7,309.6,1568,35.2,82,False,2024-01-13T01:18:00
RUN_02895,MACHINE_L,L50074,300.7,309.6,1733,24.8,85,False,2024-01-13T01:24:00
RUN_02896,MACHINE_M,M17755,300.7,309.6,1473,48.1,87,False,2024-01-13T01:30:00
RUN_02897,MACHINE_M,M17756,300.7,309.5,1633,31.3,90,False,2024-01-13T01:36:00
RUN_02898,MACHINE_M,M17757,300.6,309.5,1530,40.2,93,False,2024-01-13T01:42:00
RUN_02899,MACHINE_M,M17758,300.6,309.5,1550,40.2,96,False,2024-01-13T01:48:00
RUN_02900,MACHINE_L,L50079,300.6,309.4,1410,40.6,99,False,2024-01-13T01:54:00
RUN_02901,MACHINE_L,L50080,300.5,309.3,1574,33.5,101,False,2024-01-13T02:00:00
RUN_02902,MACHINE_L,L50081,300.6,309.4,1425,40.3,103,False,2024-01-13T02:06:00
RUN_02903,MACHINE_M,M17762,300.6,309.4,1541,35.2,105,False,2024-01-13T02:12:00
RUN_02904,MACHINE_M,M17763,300.7,309.5,1733,26.7,108,False,2024-01-13T02:18:00
RUN_02905,MACHINE_L,L50084,300.6,309.4,2496,13.5,111,False,2024-01-13T02:24:00
RUN_02906,MACHINE_L,L50085,300.6,309.4,1552,36.4,113,False,2024-01-13T02:30:00
RUN_02907,MACHINE_L,L50086,300.6,309.3,1409,38.7,115,False,2024-01-13T02:36:00
RUN_02908,MACHINE_M,M17767,300.6,309.4,1581,35.7,117,False,2024-01-13T02:42:00
RUN_02909,MACHINE_L,L50088,300.7,309.5,1251,59.9,120,False,2024-01-13T02:48:00
RUN_02910,MACHINE_L,L50089,300.7,309.6,1500,44.1,122,False,2024-01-13T02:54:00
RUN_02911,MACHINE_L,L50090,300.6,309.5,1576,38.8,124,False,2024-01-13T03:00:00
RUN_02912,MACHINE_M,M17771,300.7,309.5,1352,44.0,126,False,2024-01-13T03:06:00
RUN_02913,MACHINE_L,L50092,300.7,309.6,1661,30.3,129,False,2024-01-13T03:12:00
RUN_02914,MACHINE_L,L50093,300.7,309.6,1541,34.6,131,False,2024-01-13T03:18:00
RUN_02915,MACHINE_H,H32328,300.6,309.6,1888,20.5,133,False,2024-01-13T03:24:00
RUN_02916,MACHINE_L,L50095,300.5,309.5,1255,62.1,138,False,2024-01-13T03:30:00
RUN_02917,MACHINE_L,L50096,300.6,309.6,1411,41.6,140,False,2024-01-13T03:36:00
RUN_02918,MACHINE_L,L50097,300.6,309.5,1516,39.0,142,False,2024-01-13T03:42:00
RUN_02919,MACHINE_M,M17778,300.6,309.5,1492,34.0,144,False,2024-01-13T03:48:00
RUN_02920,MACHINE_L,L50099,300.6,309.6,1726,30.0,147,False,2024-01-13T03:54:00
RUN_02921,MACHINE_L,L50100,300.7,309.7,1598,33.7,149,False,2024-01-13T04:00:00
RUN_02922,MACHINE_L,L50101,300.8,309.8,1657,31.1,151,False,2024-01-13T04:06:00
RUN_02923,MACHINE_L,L50102,300.8,309.7,1481,38.1,153,False,2024-01-13T04:12:00
RUN_02924,MACHINE_M,M17783,300.7,309.7,1397,51.3,155,False,2024-01-13T04:18:00
RUN_02925,MACHINE_L,L50104,300.8,309.7,1461,44.3,158,False,2024-01-13T04:24:00
RUN_02926,MACHINE_M,M17785,300.7,309.6,1388,51.1,160,False,2024-01-13T04:30:00
RUN_02927,MACHINE_L,L50106,300.7,309.7,1507,52.4,163,False,2024-01-13T04:36:00
RUN_02928,MACHINE_M,M17787,300.7,309.6,1421,49.8,165,False,2024-01-13T04:42:00
RUN_02929,MACHINE_M,M17788,300.8,309.7,1258,54.9,168,False,2024-01-13T04:48:00
RUN_02930,MACHINE_M,M17789,300.8,309.7,1482,39.0,171,False,2024-01-13T04:54:00
RUN_02931,MACHINE_H,H32344,300.7,309.6,1403,51.3,174,False,2024-01-13T05:00:00
RUN_02932,MACHINE_L,L50111,300.8,309.7,1373,45.4,179,False,2024-01-13T05:06:00
RUN_02933,MACHINE_L,L50112,300.9,309.7,1460,42.1,181,False,2024-01-13T05:12:00
RUN_02934,MACHINE_M,M17793,300.8,309.7,1751,27.9,183,False,2024-01-13T05:18:00
RUN_02935,MACHINE_M,M17794,300.8,309.6,1546,42.3,186,False,2024-01-13T05:24:00
RUN_02936,MACHINE_M,M17795,300.8,309.7,1680,28.2,189,False,2024-01-13T05:30:00
RUN_02937,MACHINE_M,M17796,300.9,309.7,1394,48.8,192,False,2024-01-13T05:36:00
RUN_02938,MACHINE_L,L50117,300.7,309.6,1810,26.0,195,False,2024-01-13T05:42:00
RUN_02939,MACHINE_L,L50118,300.7,309.5,1479,34.5,197,False,2024-01-13T05:48:00
RUN_02940,MACHINE_L,L50119,300.9,309.7,1431,41.4,199,False,2024-01-13T05:54:00
RUN_02941,MACHINE_L,L50120,300.9,309.7,2355,14.4,201,False,2024-01-13T06:00:00
RUN_02942,MACHINE_M,M17801,300.7,309.6,1996,19.8,203,True,2024-01-13T06:06:00
RUN_02943,MACHINE_L,L50122,300.7,309.5,1461,49.9,0,False,2024-01-13T06:12:00
RUN_02944,MACHINE_H,H32357,300.7,309.5,2007,19.7,2,False,2024-01-13T06:18:00
RUN_02945,MACHINE_L,L50124,300.7,309.6,1505,34.9,7,False,2024-01-13T06:24:00
RUN_02946,MACHINE_H,H32359,300.7,309.6,1925,20.5,9,False,2024-01-13T06:30:00
RUN_02947,MACHINE_M,M17806,300.7,309.5,1622,30.5,14,False,2024-01-13T06:36:00
RUN_02948,MACHINE_L,L50127,300.7,309.5,1592,29.0,17,False,2024-01-13T06:42:00
RUN_02949,MACHINE_L,L50128,300.7,309.5,1850,24.5,19,False,2024-01-13T06:48:00
RUN_02950,MACHINE_M,M17809,300.7,309.5,1470,48.7,21,False,2024-01-13T06:54:00
RUN_02951,MACHINE_M,M17810,300.7,309.5,1445,46.4,24,False,2024-01-13T07:00:00
RUN_02952,MACHINE_L,L50131,300.7,309.5,1685,31.1,27,False,2024-01-13T07:06:00
RUN_02953,MACHINE_H,H32366,300.7,309.5,1667,30.5,29,False,2024-01-13T07:12:00
RUN_02954,MACHINE_L,L50133,300.7,309.5,1578,35.4,34,False,2024-01-13T07:18:00
RUN_02955,MACHINE_H,H32368,300.6,309.4,1691,28.0,36,False,2024-01-13T07:24:00
RUN_02956,MACHINE_M,M17815,300.7,309.5,1439,43.8,41,False,2024-01-13T07:30:00
RUN_02957,MACHINE_M,M17816,300.8,309.6,1404,38.7,44,False,2024-01-13T07:36:00
RUN_02958,MACHINE_L,L50137,300.8,309.6,1498,45.8,47,False,2024-01-13T07:42:00
RUN_02959,MACHINE_M,M17818,300.8,309.5,1481,44.5,49,False,2024-01-13T07:48:00
RUN_02960,MACHINE_M,M17819,300.7,309.4,1589,35.0,52,False,2024-01-13T07:54:00
RUN_02961,MACHINE_L,L50140,300.7,309.5,1467,44.3,55,False,2024-01-13T08:00:00
RUN_02962,MACHINE_L,L50141,300.6,309.4,1654,32.8,57,False,2024-01-13T08:06:00
RUN_02963,MACHINE_L,L50142,300.7,309.5,1508,39.9,59,False,2024-01-13T08:12:00
RUN_02964,MACHINE_M,M17823,300.7,309.6,1439,43.0,61,False,2024-01-13T08:18:00
RUN_02965,MACHINE_L,L50144,300.7,309.5,1692,30.3,64,False,2024-01-13T08:24:00
RUN_02966,MACHINE_M,M17825,300.7,309.5,1838,24.9,66,False,2024-01-13T08:30:00
RUN_02967,MACHINE_L,L50146,300.6,309.3,1601,40.2,69,False,2024-01-13T08:36:00
RUN_02968,MACHINE_L,L50147,300.6,309.4,1369,51.6,71,False,2024-01-13T08:42:00
RUN_02969,MACHINE_M,M17828,300.6,309.4,1312,45.2,73,False,2024-01-13T08:48:00
RUN_02970,MACHINE_L,L50149,300.6,309.4,1468,44.1,76,False,2024-01-13T08:54:00
RUN_02971,MACHINE_M,M17830,300.6,309.4,1452,39.4,78,False,2024-01-13T09:00:00
RUN_02972,MACHINE_M,M17831,300.7,309.5,1393,43.9,81,False,2024-01-13T09:06:00
RUN_02973,MACHINE_M,M17832,300.6,309.4,1432,44.2,84,False,2024-01-13T09:12:00
RUN_02974,MACHINE_M,M17833,300.6,309.3,1510,46.0,87,False,2024-01-13T09:18:00
RUN_02975,MACHINE_M,M17834,300.6,309.4,1521,37.2,90,False,2024-01-13T09:24:00
RUN_02976,MACHINE_H,H32389,300.5,309.4,1360,46.2,93,False,2024-01-13T09:30:00
RUN_02977,MACHINE_M,M17836,300.5,309.3,1881,25.5,98,False,2024-01-13T09:36:00
RUN_02978,MACHINE_L,L50157,300.4,309.3,1413,50.3,101,False,2024-01-13T09:42:00
RUN_02979,MACHINE_H,H32392,300.5,309.4,1642,36.2,103,False,2024-01-13T09:48:00
RUN_02980,MACHINE_L,L50159,300.5,309.5,1542,38.5,108,False,2024-01-13T09:54:00
RUN_02981,MACHINE_L,L50160,300.4,309.5,1447,39.3,110,False,2024-01-13T10:00:00
RUN_02982,MACHINE_H,H32395,300.4,309.4,1530,40.4,112,False,2024-01-13T10:06:00
RUN_02983,MACHINE_L,L50162,300.5,309.5,1795,27.7,117,False,2024-01-13T10:12:00
RUN_02984,MACHINE_L,L50163,300.6,309.6,1290,57.4,119,False,2024-01-13T10:18:00
RUN_02985,MACHINE_L,L50164,300.6,309.7,1639,30.4,121,False,2024-01-13T10:24:00
RUN_02986,MACHINE_L,L50165,300.7,309.8,1596,31.5,123,False,2024-01-13T10:30:00
RUN_02987,MACHINE_L,L50166,300.6,309.8,1455,48.0,125,False,2024-01-13T10:36:00
RUN_02988,MACHINE_M,M17847,300.6,309.8,1659,28.9,127,False,2024-01-13T10:42:00
RUN_02989,MACHINE_M,M17848,300.6,309.8,1532,42.5,130,False,2024-01-13T10:48:00
RUN_02990,MACHINE_L,L50169,300.6,309.8,1502,42.4,133,False,2024-01-13T10:54:00
RUN_02991,MACHINE_L,L50170,300.6,309.8,1688,28.6,135,False,2024-01-13T11:00:00
RUN_02992,MACHINE_M,M17851,300.5,309.7,1341,50.9,137,False,2024-01-13T11:06:00
RUN_02993,MACHINE_M,M17852,300.5,309.7,1685,29.4,140,False,2024-01-13T11:12:00
RUN_02994,MACHINE_M,M17853,300.5,309.8,1370,55.9,143,False,2024-01-13T11:18:00
RUN_02995,MACHINE_L,L50174,300.5,309.8,1461,52.5,146,False,2024-01-13T11:24:00
RUN_02996,MACHINE_L,L50175,300.5,309.8,1550,37.4,148,False,2024-01-13T11:30:00
RUN_02997,MACHINE_M,M17856,300.5,309.8,1508,37.8,150,False,2024-01-13T11:36:00
RUN_02998,MACHINE_L,L50177,300.5,309.8,1345,62.7,153,False,2024-01-13T11:42:00
RUN_02999,MACHINE_L,L50178,300.5,309.7,1616,34.5,155,False,2024-01-13T11:48:00
RUN_03000,MACHINE_L,L50179,300.5,309.7,1395,61.0,157,False,2024-01-13T11:54:00
RUN_03001,MACHINE_H,H32414,300.5,309.8,1324,72.8,159,True,2024-01-13T12:00:00
RUN_03002,MACHINE_L,L50181,300.5,309.8,1445,43.9,164,False,2024-01-13T12:06:00
RUN_03003,MACHINE_M,M17862,300.5,309.8,1555,38.9,166,False,2024-01-13T12:12:00
RUN_03004,MACHINE_M,M17863,300.6,309.9,1449,42.4,169,False,2024-01-13T12:18:00
RUN_03005,MACHINE_M,M17864,300.5,309.9,1466,53.2,172,False,2024-01-13T12:24:00
RUN_03006,MACHINE_L,L50185,300.5,309.9,1503,37.4,175,False,2024-01-13T12:30:00
RUN_03007,MACHINE_L,L50186,300.4,309.7,1488,35.7,177,False,2024-01-13T12:36:00
RUN_03008,MACHINE_L,L50187,300.4,309.7,1314,50.2,179,False,2024-01-13T12:42:00
RUN_03009,MACHINE_M,M17868,300.4,309.7,1547,38.0,181,False,2024-01-13T12:48:00
RUN_03010,MACHINE_M,M17869,300.4,309.7,1466,39.8,184,False,2024-01-13T12:54:00
RUN_03011,MACHINE_L,L50190,300.3,309.6,1537,37.1,187,False,2024-01-13T13:00:00
RUN_03012,MACHINE_M,M17871,300.2,309.5,1434,51.5,189,False,2024-01-13T13:06:00
RUN_03013,MACHINE_L,L50192,300.4,309.6,1432,44.7,192,False,2024-01-13T13:12:00
RUN_03014,MACHINE_L,L50193,300.5,309.6,1390,48.4,194,False,2024-01-13T13:18:00
RUN_03015,MACHINE_L,L50194,300.5,309.7,1580,42.8,196,False,2024-01-13T13:24:00
RUN_03016,MACHINE_L,L50195,300.5,309.7,1589,30.5,198,False,2024-01-13T13:30:00
RUN_03017,MACHINE_L,L50196,300.5,309.8,1441,48.8,200,False,2024-01-13T13:36:00
RUN_03018,MACHINE_L,L50197,300.5,309.8,1305,51.7,202,False,2024-01-13T13:42:00
RUN_03019,MACHINE_M,M17878,300.5,309.8,1566,35.9,204,False,2024-01-13T13:48:00
RUN_03020,MACHINE_L,L50199,300.5,309.8,1379,54.2,207,True,2024-01-13T13:54:00
RUN_03021,MACHINE_L,L50200,300.4,309.6,1543,38.1,209,False,2024-01-13T14:00:00
RUN_03022,MACHINE_L,L50201,300.5,309.8,1421,49.6,211,False,2024-01-13T14:06:00
RUN_03023,MACHINE_L,L50202,300.5,309.6,1760,30.6,213,False,2024-01-13T14:12:00
RUN_03024,MACHINE_L,L50203,300.4,309.5,1711,29.2,215,False,2024-01-13T14:18:00
RUN_03025,MACHINE_L,L50204,300.5,309.6,1465,41.6,217,False,2024-01-13T14:24:00
RUN_03026,MACHINE_L,L50205,300.5,309.6,1366,50.2,219,False,2024-01-13T14:30:00
RUN_03027,MACHINE_M,M17886,300.4,309.5,1888,21.9,221,False,2024-01-13T14:36:00
RUN_03028,MACHINE_L,L50207,300.5,309.5,1777,23.6,0,False,2024-01-13T14:42:00
RUN_03029,MACHINE_L,L50208,300.5,309.5,1379,55.6,2,False,2024-01-13T14:48:00
RUN_03030,MACHINE_L,L50209,300.4,309.5,1525,51.3,4,False,2024-01-13T14:54:00
RUN_03031,MACHINE_M,M17890,300.4,309.6,1563,34.0,6,False,2024-01-13T15:00:00
RUN_03032,MACHINE_M,M17891,300.5,309.7,1389,43.3,9,False,2024-01-13T15:06:00
RUN_03033,MACHINE_M,M17892,300.6,309.8,1447,42.9,12,False,2024-01-13T15:12:00
RUN_03034,MACHINE_M,M17893,300.6,309.7,1934,22.8,15,False,2024-01-13T15:18:00
RUN_03035,MACHINE_H,H32448,300.6,309.7,1470,43.8,18,False,2024-01-13T15:24:00
RUN_03036,MACHINE_M,M17895,300.6,309.7,1428,42.6,23,False,2024-01-13T15:30:00
RUN_03037,MACHINE_L,L50216,300.4,309.6,1319,48.1,26,False,2024-01-13T15:36:00
RUN_03038,MACHINE_L,L50217,300.5,309.7,1887,24.3,28,False,2024-01-13T15:42:00
RUN_03039,MACHINE_L,L50218,300.4,309.5,1349,50.4,30,False,2024-01-13T15:48:00
RUN_03040,MACHINE_M,M17899,300.3,309.5,1665,31.4,32,False,2024-01-13T15:54:00
RUN_03041,MACHINE_L,L50220,300.3,309.5,1474,38.7,35,False,2024-01-13T16:00:00
RUN_03042,MACHINE_L,L50221,300.4,309.5,1543,38.9,37,False,2024-01-13T16:06:00
RUN_03043,MACHINE_M,M17902,300.2,309.4,1459,43.9,39,False,2024-01-13T16:12:00
RUN_03044,MACHINE_L,L50223,300.3,309.5,1551,37.9,42,False,2024-01-13T16:18:00
RUN_03045,MACHINE_L,L50224,300.2,309.4,1981,21.4,44,False,2024-01-13T16:24:00
RUN_03046,MACHINE_L,L50225,300.2,309.4,1526,35.3,46,False,2024-01-13T16:30:00
RUN_03047,MACHINE_M,M17906,300.2,309.4,1501,40.0,48,False,2024-01-13T16:36:00
RUN_03048,MACHINE_L,L50227,300.2,309.4,1558,38.3,51,False,2024-01-13T16:42:00
RUN_03049,MACHINE_L,L50228,300.2,309.3,1532,43.2,53,False,2024-01-13T16:48:00
RUN_03050,MACHINE_L,L50229,300.1,309.2,1326,55.9,55,False,2024-01-13T16:54:00
RUN_03051,MACHINE_L,L50230,300.2,309.2,1431,51.3,57,False,2024-01-13T17:00:00
RUN_03052,MACHINE_L,L50231,300.2,309.3,1366,49.3,59,False,2024-01-13T17:06:00
RUN_03053,MACHINE_L,L50232,300.1,309.2,1421,42.5,61,False,2024-01-13T17:12:00
RUN_03054,MACHINE_H,H32467,300.2,309.3,1506,35.6,63,False,2024-01-13T17:18:00
RUN_03055,MACHINE_H,H32468,300.2,309.3,1342,48.7,68,False,2024-01-13T17:24:00
RUN_03056,MACHINE_L,L50235,300.1,309.2,1427,37.6,73,False,2024-01-13T17:30:00
RUN_03057,MACHINE_L,L50236,300.2,309.2,1667,29.9,75,False,2024-01-13T17:36:00
RUN_03058,MACHINE_L,L50237,300.1,309.1,1400,46.7,77,False,2024-01-13T17:42:00
RUN_03059,MACHINE_L,L50238,300.0,309.0,1709,32.1,79,False,2024-01-13T17:48:00
RUN_03060,MACHINE_M,M17919,300.0,309.0,1368,45.8,81,False,2024-01-13T17:54:00
RUN_03061,MACHINE_L,L50240,300.0,309.1,1882,23.8,84,False,2024-01-13T18:00:00
RUN_03062,MACHINE_L,L50241,300.1,309.1,1353,58.7,86,False,2024-01-13T18:06:00
RUN_03063,MACHINE_L,L50242,299.9,309.0,1553,40.0,88,False,2024-01-13T18:12:00
RUN_03064,MACHINE_L,L50243,300.0,309.1,1431,45.4,90,False,2024-01-13T18:18:00
RUN_03065,MACHINE_M,M17924,300.1,309.1,1731,30.4,92,False,2024-01-13T18:24:00
RUN_03066,MACHINE_M,M17925,300.1,309.2,1687,27.7,95,False,2024-01-13T18:30:00
RUN_03067,MACHINE_M,M17926,300.1,309.2,1457,44.3,98,False,2024-01-13T18:36:00
RUN_03068,MACHINE_L,L50247,300.1,309.2,1533,37.0,101,False,2024-01-13T18:42:00
RUN_03069,MACHINE_H,H32482,300.0,309.0,1622,31.8,103,False,2024-01-13T18:48:00
RUN_03070,MACHINE_L,L50249,300.0,309.1,1791,28.2,108,False,2024-01-13T18:54:00
RUN_03071,MACHINE_L,L50250,300.0,309.1,1631,28.3,110,False,2024-01-13T19:00:00
RUN_03072,MACHINE_L,L50251,300.0,309.0,2174,16.9,112,False,2024-01-13T19:06:00
RUN_03073,MACHINE_L,L50252,300.1,309.0,1314,58.2,114,False,2024-01-13T19:12:00
RUN_03074,MACHINE_L,L50253,300.1,309.1,1478,46.9,116,False,2024-01-13T19:18:00
RUN_03075,MACHINE_L,L50254,300.1,309.2,1783,27.3,118,False,2024-01-13T19:24:00
RUN_03076,MACHINE_M,M17935,300.1,309.2,1385,46.1,120,False,2024-01-13T19:30:00
RUN_03077,MACHINE_L,L50256,300.0,309.2,1444,43.6,123,False,2024-01-13T19:36:00
RUN_03078,MACHINE_L,L50257,300.1,309.3,1841,23.0,125,False,2024-01-13T19:42:00
RUN_03079,MACHINE_M,M17938,300.1,309.4,1349,56.2,127,False,2024-01-13T19:48:00
RUN_03080,MACHINE_L,L50259,300.1,309.3,1340,56.0,130,False,2024-01-13T19:54:00
RUN_03081,MACHINE_M,M17940,299.9,309.2,1539,43.2,132,False,2024-01-13T20:00:00
RUN_03082,MACHINE_M,M17941,300.0,309.3,1932,21.8,135,False,2024-01-13T20:06:00
RUN_03083,MACHINE_M,M17942,300.0,309.3,1407,43.9,138,False,2024-01-13T20:12:00
RUN_03084,MACHINE_L,L50263,300.1,309.3,1712,28.5,141,False,2024-01-13T20:18:00
RUN_03085,MACHINE_H,H32498,300.1,309.4,1329,55.2,143,False,2024-01-13T20:24:00
RUN_03086,MACHINE_L,L50265,300.1,309.2,1441,42.9,148,False,2024-01-13T20:30:00
RUN_03087,MACHINE_L,L50266,300.0,309.2,1610,32.1,150,False,2024-01-13T20:36:00
RUN_03088,MACHINE_M,M17947,300.0,309.1,1474,45.2,152,False,2024-01-13T20:42:00
RUN_03089,MACHINE_M,M17948,300.0,309.1,1624,30.8,155,False,2024-01-13T20:48:00
RUN_03090,MACHINE_H,H32503,300.1,309.3,1520,38.2,158,False,2024-01-13T20:54:00
RUN_03091,MACHINE_H,H32504,300.1,309.3,1448,45.8,163,False,2024-01-13T21:00:00
RUN_03092,MACHINE_L,L50271,300.0,309.3,1558,29.7,168,False,2024-01-13T21:06:00
RUN_03093,MACHINE_M,M17952,300.0,309.3,2293,16.3,170,False,2024-01-13T21:12:00
RUN_03094,MACHINE_L,L50273,300.0,309.3,1397,51.2,173,False,2024-01-13T21:18:00
RUN_03095,MACHINE_L,L50274,300.0,309.3,1972,22.0,175,False,2024-01-13T21:24:00
RUN_03096,MACHINE_M,M17955,299.9,309.2,1574,36.5,177,False,2024-01-13T21:30:00
RUN_03097,MACHINE_L,L50276,299.9,309.2,1560,38.9,180,False,2024-01-13T21:36:00
RUN_03098,MACHINE_M,M17957,299.9,309.2,1353,49.8,182,False,2024-01-13T21:42:00
RUN_03099,MACHINE_M,M17958,299.9,309.2,1389,51.2,185,False,2024-01-13T21:48:00
RUN_03100,MACHINE_M,M17959,299.9,309.1,1513,43.8,188,False,2024-01-13T21:54:00
RUN_03101,MACHINE_L,L50280,299.8,309.1,1578,42.1,191,False,2024-01-13T22:00:00
RUN_03102,MACHINE_H,H32515,299.8,309.0,1467,37.3,193,False,2024-01-13T22:06:00
RUN_03103,MACHINE_L,L50282,299.9,309.1,1412,48.3,198,False,2024-01-13T22:12:00
RUN_03104,MACHINE_L,L50283,299.8,309.1,1668,30.3,200,False,2024-01-13T22:18:00
RUN_03105,MACHINE_M,M17964,299.8,309.2,1678,29.8,202,False,2024-01-13T22:24:00
RUN_03106,MACHINE_L,L50285,299.8,309.1,1612,35.4,205,False,2024-01-13T22:30:00
RUN_03107,MACHINE_L,L50286,299.8,309.1,1485,39.9,207,False,2024-01-13T22:36:00
RUN_03108,MACHINE_M,M17967,299.8,309.1,1456,39.4,209,False,2024-01-13T22:42:00
RUN_03109,MACHINE_L,L50288,299.8,309.2,1504,38.7,212,False,2024-01-13T22:48:00
RUN_03110,MACHINE_L,L50289,299.9,309.2,1491,44.3,214,False,2024-01-13T22:54:00
RUN_03111,MACHINE_H,H32524,299.9,309.2,1525,33.2,0,False,2024-01-13T23:00:00
RUN_03112,MACHINE_L,L50291,300.0,309.2,1759,27.9,5,False,2024-01-13T23:06:00
RUN_03113,MACHINE_M,M17972,299.8,309.1,1355,56.7,7,False,2024-01-13T23:12:00
RUN_03114,MACHINE_M,M17973,299.9,309.1,1345,56.8,10,False,2024-01-13T23:18:00
RUN_03115,MACHINE_M,M17974,299.9,309.2,1683,30.5,13,False,2024-01-13T23:24:00
RUN_03116,MACHINE_L,L50295,299.9,309.2,1658,34.8,16,False,2024-01-13T23:30:00
RUN_03117,MACHINE_L,L50296,300.0,309.2,1566,34.4,18,False,2024-01-13T23:36:00
RUN_03118,MACHINE_M,M17977,300.1,309.3,1469,43.9,20,False,2024-01-13T23:42:00
RUN_03119,MACHINE_M,M17978,300.2,309.5,1458,46.9,23,False,2024-01-13T23:48:00
RUN_03120,MACHINE_L,L50299,300.1,309.4,1858,23.6,26,False,2024-01-13T23:54:00
RUN_03121,MACHINE_H,H32534,300.1,309.4,1563,40.8,28,False,2024-01-14T00:00:00
RUN_03122,MACHINE_L,L50301,300.1,309.4,2141,17.9,33,False,2024-01-14T00:06:00
RUN_03123,MACHINE_L,L50302,300.0,309.3,1473,46.0,35,False,2024-01-14T00:12:00
RUN_03124,MACHINE_H,H32537,300.0,309.4,1498,38.5,37,False,2024-01-14T00:18:00
RUN_03125,MACHINE_L,L50304,300.1,309.4,1568,39.7,42,False,2024-01-14T00:24:00
RUN_03126,MACHINE_L,L50305,300.1,309.4,1694,27.4,44,False,2024-01-14T00:30:00
RUN_03127,MACHINE_L,L50306,300.0,309.4,1499,35.7,46,False,2024-01-14T00:36:00
RUN_03128,MACHINE_L,L50307,300.0,309.5,1717,28.3,48,False,2024-01-14T00:42:00
RUN_03129,MACHINE_M,M17988,300.1,309.5,1462,42.8,50,False,2024-01-14T00:48:00
RUN_03130,MACHINE_L,L50309,300.1,309.6,1642,34.5,53,False,2024-01-14T00:54:00
RUN_03131,MACHINE_L,L50310,300.1,309.6,1760,25.4,55,False,2024-01-14T01:00:00
RUN_03132,MACHINE_L,L50311,300.1,309.5,1660,32.7,57,False,2024-01-14T01:06:00
RUN_03133,MACHINE_L,L50312,300.1,309.5,1557,40.6,59,False,2024-01-14T01:12:00
RUN_03134,MACHINE_H,H32547,300.2,309.6,1442,49.2,61,False,2024-01-14T01:18:00
RUN_03135,MACHINE_L,L50314,300.2,309.6,1359,51.5,66,False,2024-01-14T01:24:00
RUN_03136,MACHINE_L,L50315,300.4,309.8,1342,52.5,68,False,2024-01-14T01:30:00
RUN_03137,MACHINE_L,L50316,300.4,309.9,1435,54.8,70,False,2024-01-14T01:36:00
RUN_03138,MACHINE_L,L50317,300.4,309.9,1567,36.5,72,False,2024-01-14T01:42:00
RUN_03139,MACHINE_L,L50318,300.4,309.9,1376,43.5,74,False,2024-01-14T01:48:00
RUN_03140,MACHINE_H,H32553,300.4,309.9,1513,38.7,76,False,2024-01-14T01:54:00
RUN_03141,MACHINE_H,H32554,300.4,309.9,2563,12.8,81,True,2024-01-14T02:00:00
RUN_03142,MACHINE_L,L50321,300.5,310.0,1521,45.1,86,False,2024-01-14T02:06:00
RUN_03143,MACHINE_L,L50322,300.6,310.0,1658,34.7,88,False,2024-01-14T02:12:00
RUN_03144,MACHINE_H,H32557,300.6,310.0,1419,42.4,90,False,2024-01-14T02:18:00
RUN_03145,MACHINE_M,M18004,300.6,310.0,1478,36.3,95,False,2024-01-14T02:24:00
RUN_03146,MACHINE_M,M18005,300.5,310.0,1415,43.5,98,False,2024-01-14T02:30:00
RUN_03147,MACHINE_M,M18006,300.5,309.9,1780,26.5,101,False,2024-01-14T02:36:00
RUN_03148,MACHINE_M,M18007,300.4,309.7,1440,42.8,104,False,2024-01-14T02:42:00
RUN_03149,MACHINE_H,H32562,300.4,309.8,1448,39.7,107,False,2024-01-14T02:48:00
RUN_03150,MACHINE_H,H32563,300.4,309.7,1500,35.2,112,False,2024-01-14T02:54:00
RUN_03151,MACHINE_L,L50330,300.4,309.8,1513,32.9,117,False,2024-01-14T03:00:00
RUN_03152,MACHINE_L,L50331,300.5,309.8,1428,43.8,119,False,2024-01-14T03:06:00
RUN_03153,MACHINE_M,M18012,300.5,309.8,1473,42.3,121,False,2024-01-14T03:12:00
RUN_03154,MACHINE_M,M18013,300.5,309.9,1483,49.3,124,False,2024-01-14T03:18:00
RUN_03155,MACHINE_L,L50334,300.4,309.7,1534,42.5,127,False,2024-01-14T03:24:00
RUN_03156,MACHINE_L,L50335,300.5,309.8,1367,54.0,129,False,2024-01-14T03:30:00
RUN_03157,MACHINE_L,L50336,300.4,309.7,1467,36.9,131,False,2024-01-14T03:36:00
RUN_03158,MACHINE_M,M18017,300.4,309.7,1488,42.2,133,False,2024-01-14T03:42:00
RUN_03159,MACHINE_L,L50338,300.4,309.7,1679,30.1,136,False,2024-01-14T03:48:00
RUN_03160,MACHINE_H,H32573,300.4,309.8,1409,47.5,138,False,2024-01-14T03:54:00
RUN_03161,MACHINE_M,M18020,300.4,309.7,1367,51.2,143,False,2024-01-14T04:00:00
RUN_03162,MACHINE_L,L50341,300.4,309.8,1314,63.1,146,False,2024-01-14T04:06:00
RUN_03163,MACHINE_L,L50342,300.5,309.9,1480,40.0,148,False,2024-01-14T04:12:00
RUN_03164,MACHINE_L,L50343,300.4,309.8,1549,38.9,150,False,2024-01-14T04:18:00
RUN_03165,MACHINE_L,L50344,300.4,309.7,1685,31.3,152,False,2024-01-14T04:24:00
RUN_03166,MACHINE_L,L50345,300.4,309.6,1536,34.5,154,False,2024-01-14T04:30:00
RUN_03167,MACHINE_M,M18026,300.4,309.7,1539,37.7,156,False,2024-01-14T04:36:00
RUN_03168,MACHINE_L,L50347,300.4,309.7,1384,45.1,159,False,2024-01-14T04:42:00
RUN_03169,MACHINE_M,M18028,300.4,309.6,1614,30.3,161,False,2024-01-14T04:48:00
RUN_03170,MACHINE_M,M18029,300.4,309.6,1675,35.5,164,False,2024-01-14T04:54:00
RUN_03171,MACHINE_M,M18030,300.4,309.7,1685,32.3,167,False,2024-01-14T05:00:00
RUN_03172,MACHINE_L,L50351,300.4,309.6,1386,56.9,170,False,2024-01-14T05:06:00
RUN_03173,MACHINE_M,M18032,300.3,309.6,1488,41.3,172,False,2024-01-14T05:12:00
RUN_03174,MACHINE_L,L50353,300.3,309.6,1624,32.6,175,False,2024-01-14T05:18:00
RUN_03175,MACHINE_L,L50354,300.3,309.6,1600,34.6,177,False,2024-01-14T05:24:00
RUN_03176,MACHINE_L,L50355,300.3,309.6,1468,44.7,179,False,2024-01-14T05:30:00
RUN_03177,MACHINE_L,L50356,300.3,309.6,1435,45.4,181,False,2024-01-14T05:36:00
RUN_03178,MACHINE_M,M18037,300.2,309.5,1564,33.4,183,False,2024-01-14T05:42:00
RUN_03179,MACHINE_M,M18038,300.2,309.4,1329,53.6,186,False,2024-01-14T05:48:00
RUN_03180,MACHINE_L,L50359,300.1,309.3,1570,36.8,189,False,2024-01-14T05:54:00
RUN_03181,MACHINE_M,M18040,300.2,309.4,1433,48.8,191,False,2024-01-14T06:00:00
RUN_03182,MACHINE_L,L50361,300.2,309.4,1527,37.0,194,False,2024-01-14T06:06:00
RUN_03183,MACHINE_M,M18042,300.1,309.3,1443,50.3,196,False,2024-01-14T06:12:00
RUN_03184,MACHINE_L,L50363,300.1,309.3,1616,32.0,199,False,2024-01-14T06:18:00
RUN_03185,MACHINE_L,L50364,300.1,309.3,1654,31.0,201,False,2024-01-14T06:24:00
RUN_03186,MACHINE_L,L50365,300.1,309.3,1685,27.1,203,False,2024-01-14T06:30:00
RUN_03187,MACHINE_M,M18046,300.2,309.4,1456,48.8,205,False,2024-01-14T06:36:00
RUN_03188,MACHINE_M,M18047,300.2,309.4,1752,27.8,208,False,2024-01-14T06:42:00
RUN_03189,MACHINE_M,M18048,300.1,309.2,1438,51.0,211,False,2024-01-14T06:48:00
RUN_03190,MACHINE_L,L50369,300.1,309.1,1551,33.7,214,False,2024-01-14T06:54:00
RUN_03191,MACHINE_L,L50370,300.1,309.2,1599,30.1,216,False,2024-01-14T07:00:00
RUN_03192,MACHINE_M,M18051,300.1,309.2,1732,33.7,218,False,2024-01-14T07:06:00
RUN_03193,MACHINE_M,M18052,300.1,309.2,1418,39.8,221,False,2024-01-14T07:12:00
RUN_03194,MACHINE_L,L50373,300.0,309.1,1401,44.5,0,False,2024-01-14T07:18:00
RUN_03195,MACHINE_L,L50374,300.0,309.0,1454,51.7,2,False,2024-01-14T07:24:00
RUN_03196,MACHINE_M,M18055,300.0,309.2,1635,32.4,4,False,2024-01-14T07:30:00
RUN_03197,MACHINE_L,L50376,300.0,309.1,1489,40.3,7,False,2024-01-14T07:36:00
RUN_03198,MACHINE_L,L50377,300.0,309.1,1465,40.6,9,False,2024-01-14T07:42:00
RUN_03199,MACHINE_M,M18058,300.0,309.1,1463,45.7,11,False,2024-01-14T07:48:00
RUN_03200,MACHINE_H,H32613,300.1,309.1,1560,35.4,14,False,2024-01-14T07:54:00
RUN_03201,MACHINE_M,M18060,300.1,309.2,1454,44.4,19,False,2024-01-14T08:00:00
RUN_03202,MACHINE_L,L50381,300.2,309.1,1479,47.0,22,False,2024-01-14T08:06:00
RUN_03203,MACHINE_L,L50382,300.2,309.2,1430,43.4,24,False,2024-01-14T08:12:00
RUN_03204,MACHINE_M,M18063,300.1,309.1,1533,38.0,26,False,2024-01-14T08:18:00
RUN_03205,MACHINE_L,L50384,300.1,309.0,1404,54.8,29,False,2024-01-14T08:24:00
RUN_03206,MACHINE_M,M18065,300.1,308.9,1548,38.4,31,False,2024-01-14T08:30:00
RUN_03207,MACHINE_M,M18066,300.1,309.0,1612,33.0,34,False,2024-01-14T08:36:00
RUN_03208,MACHINE_M,M18067,300.2,309.0,1642,31.2,37,False,2024-01-14T08:42:00
RUN_03209,MACHINE_M,M18068,300.2,309.1,1406,42.2,40,False,2024-01-14T08:48:00
RUN_03210,MACHINE_L,L50389,300.3,309.2,1587,31.4,43,False,2024-01-14T08:54:00
RUN_03211,MACHINE_M,M18070,300.3,309.2,1364,47.6,45,False,2024-01-14T09:00:00
RUN_03212,MACHINE_L,L50391,300.3,309.2,1462,51.4,48,False,2024-01-14T09:06:00
RUN_03213,MACHINE_L,L50392,300.3,309.2,1649,32.4,50,False,2024-01-14T09:12:00
RUN_03214,MACHINE_L,L50393,300.4,309.2,1752,29.0,52,False,2024-01-14T09:18:00
RUN_03215,MACHINE_H,H32628,300.4,309.3,1396,51.2,54,False,2024-01-14T09:24:00
RUN_03216,MACHINE_M,M18075,300.5,309.4,2179,16.3,59,False,2024-01-14T09:30:00
RUN_03217,MACHINE_L,L50396,300.5,309.5,1653,27.6,62,False,2024-01-14T09:36:00
RUN_03218,MACHINE_L,L50397,300.6,309.5,2025,21.4,64,False,2024-01-14T09:42:00
RUN_03219,MACHINE_L,L50398,300.6,309.6,1426,53.6,66,False,2024-01-14T09:48:00
RUN_03220,MACHINE_M,M18079,300.6,309.6,1503,38.4,68,False,2024-01-14T09:54:00
RUN_03221,MACHINE_M,M18080,300.7,309.6,1525,36.5,71,False,2024-01-14T10:00:00
RUN_03222,MACHINE_L,L50401,300.6,309.6,1423,49.1,74,False,2024-01-14T10:06:00
RUN_03223,MACHINE_M,M18082,300.7,309.7,1435,44.7,76,False,2024-01-14T10:12:00
RUN_03224,MACHINE_H,H32637,300.6,309.5,1495,36.5,79,False,2024-01-14T10:18:00
RUN_03225,MACHINE_M,M18084,300.6,309.5,1557,33.8,84,False,2024-01-14T10:24:00
RUN_03226,MACHINE_L,L50405,300.6,309.4,1474,40.7,87,False,2024-01-14T10:30:00
RUN_03227,MACHINE_L,L50406,300.5,309.3,1465,46.0,89,False,2024-01-14T10:36:00
RUN_03228,MACHINE_M,M18087,300.5,309.3,1589,34.9,91,False,2024-01-14T10:42:00
RUN_03229,MACHINE_L,L50408,300.5,309.3,1475,46.8,94,False,2024-01-14T10:48:00
RUN_03230,MACHINE_L,L50409,300.6,309.4,1442,43.2,96,False,2024-01-14T10:54:00
RUN_03231,MACHINE_L,L50410,300.6,309.4,1556,36.0,98,False,2024-01-14T11:00:00
RUN_03232,MACHINE_L,L50411,300.7,309.3,1425,45.3,100,False,2024-01-14T11:06:00
RUN_03233,MACHINE_L,L50412,300.7,309.3,1580,38.3,102,False,2024-01-14T11:12:00
RUN_03234,MACHINE_H,H32647,300.8,309.4,1474,40.7,104,False,2024-01-14T11:18:00
RUN_03235,MACHINE_L,L50414,300.8,309.4,1489,38.4,109,False,2024-01-14T11:24:00
RUN_03236,MACHINE_L,L50415,300.8,309.4,1946,20.5,111,False,2024-01-14T11:30:00
RUN_03237,MACHINE_M,M18096,300.8,309.4,1342,62.4,113,True,2024-01-14T11:36:00
RUN_03238,MACHINE_M,M18097,300.9,309.5,1758,26.8,116,False,2024-01-14T11:42:00
RUN_03239,MACHINE_M,M18098,300.9,309.4,1724,25.6,119,False,2024-01-14T11:48:00
RUN_03240,MACHINE_L,L50419,301.0,309.5,1430,48.5,122,False,2024-01-14T11:54:00
RUN_03241,MACHINE_L,L50420,300.9,309.5,1612,35.2,124,False,2024-01-14T12:00:00
RUN_03242,MACHINE_H,H32655,300.9,309.5,1469,43.4,126,False,2024-01-14T12:06:00
RUN_03243,MACHINE_L,L50422,300.9,309.6,1384,42.4,131,False,2024-01-14T12:12:00
RUN_03244,MACHINE_L,L50423,301.0,309.6,1724,28.1,133,False,2024-01-14T12:18:00
RUN_03245,MACHINE_M,M18104,301.0,309.6,1397,48.0,135,False,2024-01-14T12:24:00
RUN_03246,MACHINE_M,M18105,301.0,309.6,1588,32.7,138,False,2024-01-14T12:30:00
RUN_03247,MACHINE_L,L50426,301.0,309.7,1468,42.0,141,False,2024-01-14T12:36:00
RUN_03248,MACHINE_M,M18107,301.0,309.8,1594,31.1,143,False,2024-01-14T12:42:00
RUN_03249,MACHINE_M,M18108,301.0,309.7,1511,39.3,146,False,2024-01-14T12:48:00
RUN_03250,MACHINE_L,L50429,301.1,309.8,1493,38.9,149,False,2024-01-14T12:54:00
RUN_03251,MACHINE_H,H32664,301.2,309.8,1709,27.0,151,False,2024-01-14T13:00:00
RUN_03252,MACHINE_L,L50431,301.1,309.6,1501,36.1,156,False,2024-01-14T13:06:00
RUN_03253,MACHINE_L,L50432,301.1,309.7,1668,30.8,158,False,2024-01-14T13:12:00
RUN_03254,MACHINE_L,L50433,301.1,309.6,1502,48.9,160,False,2024-01-14T13:18:00
RUN_03255,MACHINE_M,M18114,301.0,309.7,1288,58.4,162,False,2024-01-14T13:24:00
RUN_03256,MACHINE_L,L50435,301.0,309.7,1491,42.9,165,False,2024-01-14T13:30:00
RUN_03257,MACHINE_L,L50436,301.1,309.8,1519,39.6,167,False,2024-01-14T13:36:00
RUN_03258,MACHINE_L,L50437,301.2,309.9,1984,19.7,169,False,2024-01-14T13:42:00
RUN_03259,MACHINE_L,L50438,301.2,309.9,1643,32.9,171,False,2024-01-14T13:48:00
RUN_03260,MACHINE_M,M18119,301.2,310.0,1625,31.6,173,False,2024-01-14T13:54:00
RUN_03261,MACHINE_M,M18120,301.3,310.0,2068,17.8,176,False,2024-01-14T14:00:00
RUN_03262,MACHINE_H,H32675,301.3,310.1,1469,39.7,179,False,2024-01-14T14:06:00
RUN_03263,MACHINE_L,L50442,301.3,310.1,1558,36.3,184,False,2024-01-14T14:12:00
RUN_03264,MACHINE_L,L50443,301.3,310.0,1344,54.8,186,False,2024-01-14T14:18:00
RUN_03265,MACHINE_H,H32678,301.3,310.1,1455,44.1,188,False,2024-01-14T14:24:00
RUN_03266,MACHINE_L,L50445,301.3,310.1,1355,53.6,193,False,2024-01-14T14:30:00
RUN_03267,MACHINE_L,L50446,301.3,310.1,1269,56.8,195,True,2024-01-14T14:36:00
RUN_03268,MACHINE_L,L50447,301.3,310.0,1550,41.5,197,False,2024-01-14T14:42:00
RUN_03269,MACHINE_M,M18128,301.3,310.1,1525,37.8,199,False,2024-01-14T14:48:00
RUN_03270,MACHINE_M,M18129,301.3,310.0,1696,32.4,202,False,2024-01-14T14:54:00
RUN_03271,MACHINE_L,L50450,301.4,310.1,1937,21.8,205,False,2024-01-14T15:00:00
RUN_03272,MACHINE_M,M18131,301.4,310.0,1689,32.1,207,False,2024-01-14T15:06:00
RUN_03273,MACHINE_M,M18132,301.3,310.0,1593,30.8,210,False,2024-01-14T15:12:00
RUN_03274,MACHINE_M,M18133,301.3,309.9,1565,36.0,213,False,2024-01-14T15:18:00
RUN_03275,MACHINE_L,L50454,301.3,310.0,1665,31.4,0,False,2024-01-14T15:24:00
RUN_03276,MACHINE_H,H32689,301.3,310.0,1532,36.3,2,False,2024-01-14T15:30:00
RUN_03277,MACHINE_L,L50456,301.3,310.0,1438,40.9,7,False,2024-01-14T15:36:00
RUN_03278,MACHINE_L,L50457,301.3,310.1,1531,41.6,9,False,2024-01-14T15:42:00
RUN_03279,MACHINE_L,L50458,301.3,310.0,1506,40.8,11,False,2024-01-14T15:48:00
RUN_03280,MACHINE_L,L50459,301.2,309.9,1382,52.4,13,False,2024-01-14T15:54:00
RUN_03281,MACHINE_M,M18140,301.2,309.9,1456,50.8,15,False,2024-01-14T16:00:00
RUN_03282,MACHINE_M,M18141,301.2,310.0,1445,45.6,18,False,2024-01-14T16:06:00
RUN_03283,MACHINE_L,L50462,301.2,309.9,1515,40.9,21,False,2024-01-14T16:12:00
RUN_03284,MACHINE_L,L50463,301.2,309.9,1449,45.5,23,False,2024-01-14T16:18:00
RUN_03285,MACHINE_H,H32698,301.2,309.9,1362,50.7,25,False,2024-01-14T16:24:00
RUN_03286,MACHINE_L,L50465,301.2,309.9,1687,29.7,30,False,2024-01-14T16:30:00
RUN_03287,MACHINE_L,L50466,301.2,310.0,1618,37.6,32,False,2024-01-14T16:36:00
RUN_03288,MACHINE_M,M18147,301.2,310.1,1558,32.6,34,False,2024-01-14T16:42:00
RUN_03289,MACHINE_L,L50468,301.3,310.1,1662,31.0,37,False,2024-01-14T16:48:00
RUN_03290,MACHINE_M,M18149,301.2,310.1,1295,56.6,39,False,2024-01-14T16:54:00
RUN_03291,MACHINE_L,L50470,301.2,310.2,1385,42.3,42,False,2024-01-14T17:00:00
RUN_03292,MACHINE_M,M18151,301.2,310.1,1479,45.5,44,False,2024-01-14T17:06:00
RUN_03293,MACHINE_L,L50472,301.3,310.3,1400,44.3,47,False,2024-01-14T17:12:00
RUN_03294,MACHINE_M,M18153,301.2,310.3,1357,54.5,49,False,2024-01-14T17:18:00
RUN_03295,MACHINE_L,L50474,301.1,310.2,1657,34.1,52,False,2024-01-14T17:24:00
RUN_03296,MACHINE_L,L50475,301.1,310.2,1496,43.4,54,False,2024-01-14T17:30:00
RUN_03297,MACHINE_M,M18156,301.2,310.3,1379,43.2,56,False,2024-01-14T17:36:00
RUN_03298,MACHINE_L,L50477,301.2,310.3,1548,38.6,59,False,2024-01-14T17:42:00
RUN_03299,MACHINE_L,L50478,301.2,310.3,1499,38.1,61,False,2024-01-14T17:48:00
RUN_03300,MACHINE_L,L50479,301.3,310.5,1390,45.8,63,False,2024-01-14T17:54:00
RUN_03301,MACHINE_H,H32714,301.3,310.4,1538,38.4,65,False,2024-01-14T18:00:00
RUN_03302,MACHINE_L,L50481,301.3,310.5,1365,47.7,70,False,2024-01-14T18:06:00
RUN_03303,MACHINE_L,L50482,301.3,310.5,1503,48.6,72,False,2024-01-14T18:12:00
RUN_03304,MACHINE_L,L50483,301.2,310.4,1390,49.9,74,False,2024-01-14T18:18:00
RUN_03305,MACHINE_L,L50484,301.2,310.3,1497,45.7,76,False,2024-01-14T18:24:00
RUN_03306,MACHINE_M,M18165,301.3,310.4,1577,48.3,78,False,2024-01-14T18:30:00
RUN_03307,MACHINE_L,L50486,301.4,310.5,1432,54.3,81,False,2024-01-14T18:36:00
RUN_03308,MACHINE_M,M18167,301.4,310.5,1563,39.9,83,False,2024-01-14T18:42:00
RUN_03309,MACHINE_L,L50488,301.4,310.4,1433,43.4,86,False,2024-01-14T18:48:00
RUN_03310,MACHINE_L,L50489,301.3,310.4,1384,50.1,88,False,2024-01-14T18:54:00
RUN_03311,MACHINE_L,L50490,301.3,310.4,1346,46.7,90,False,2024-01-14T19:00:00
RUN_03312,MACHINE_L,L50491,301.3,310.4,1459,44.7,92,False,2024-01-14T19:06:00
RUN_03313,MACHINE_L,L50492,301.4,310.4,1639,28.9,94,False,2024-01-14T19:12:00
RUN_03314,MACHINE_L,L50493,301.4,310.4,1737,31.9,96,False,2024-01-14T19:18:00
RUN_03315,MACHINE_L,L50494,301.4,310.5,1489,43.5,98,False,2024-01-14T19:24:00
RUN_03316,MACHINE_M,M18175,301.5,310.6,1492,43.0,100,False,2024-01-14T19:30:00
RUN_03317,MACHINE_M,M18176,301.4,310.5,1217,60.6,103,False,2024-01-14T19:36:00
RUN_03318,MACHINE_L,L50497,301.5,310.5,1636,28.7,106,False,2024-01-14T19:42:00
RUN_03319,MACHINE_L,L50498,301.4,310.4,1436,49.7,108,False,2024-01-14T19:48:00
RUN_03320,MACHINE_L,L50499,301.4,310.4,1689,30.6,110,False,2024-01-14T19:54:00
RUN_03321,MACHINE_L,L50500,301.5,310.5,2289,16.4,112,False,2024-01-14T20:00:00
RUN_03322,MACHINE_L,L50501,301.5,310.6,1522,41.0,114,False,2024-01-14T20:06:00
RUN_03323,MACHINE_L,L50502,301.5,310.5,1351,52.9,116,False,2024-01-14T20:12:00
RUN_03324,MACHINE_L,L50503,301.5,310.5,1589,36.7,118,False,2024-01-14T20:18:00
RUN_03325,MACHINE_L,L50504,301.5,310.6,1578,34.1,120,False,2024-01-14T20:24:00
RUN_03326,MACHINE_L,L50505,301.5,310.6,1587,33.7,122,False,2024-01-14T20:30:00
RUN_03327,MACHINE_L,L50506,301.5,310.6,1962,20.2,124,False,2024-01-14T20:36:00
RUN_03328,MACHINE_M,M18187,301.5,310.6,2432,14.2,126,False,2024-01-14T20:42:00
RUN_03329,MACHINE_L,L50508,301.6,310.6,1418,43.9,129,False,2024-01-14T20:48:00
RUN_03330,MACHINE_L,L50509,301.6,310.7,1683,29.7,131,False,2024-01-14T20:54:00
RUN_03331,MACHINE_L,L50510,301.7,310.8,1385,50.7,133,False,2024-01-14T21:00:00
RUN_03332,MACHINE_L,L50511,301.7,310.8,1559,44.5,135,False,2024-01-14T21:06:00
RUN_03333,MACHINE_M,M18192,301.7,310.8,1671,31.6,137,False,2024-01-14T21:12:00
RUN_03334,MACHINE_M,M18193,301.6,310.8,1343,49.5,140,False,2024-01-14T21:18:00
RUN_03335,MACHINE_M,M18194,301.6,310.8,1548,34.2,143,False,2024-01-14T21:24:00
RUN_03336,MACHINE_L,L50515,301.7,310.9,1705,31.2,146,False,2024-01-14T21:30:00
RUN_03337,MACHINE_L,L50516,301.6,310.8,1535,35.4,148,False,2024-01-14T21:36:00
RUN_03338,MACHINE_L,L50517,301.6,310.8,1564,34.1,150,False,2024-01-14T21:42:00
RUN_03339,MACHINE_M,M18198,301.6,310.9,1510,40.9,152,False,2024-01-14T21:48:00
RUN_03340,MACHINE_L,L50519,301.6,310.9,1492,45.2,155,False,2024-01-14T21:54:00
RUN_03341,MACHINE_M,M18200,301.5,310.8,1452,44.1,157,False,2024-01-14T22:00:00
RUN_03342,MACHINE_H,H32755,301.4,310.7,1329,52.0,160,False,2024-01-14T22:06:00
RUN_03343,MACHINE_L,L50522,301.5,310.8,1382,52.4,165,False,2024-01-14T22:12:00
RUN_03344,MACHINE_M,M18203,301.5,310.8,1628,36.4,167,False,2024-01-14T22:18:00
RUN_03345,MACHINE_L,L50524,301.4,310.7,1706,27.9,170,False,2024-01-14T22:24:00
RUN_03346,MACHINE_L,L50525,301.3,310.7,1594,34.1,172,False,2024-01-14T22:30:00
RUN_03347,MACHINE_L,L50526,301.3,310.7,1761,24.3,174,False,2024-01-14T22:36:00
RUN_03348,MACHINE_L,L50527,301.3,310.6,1529,41.8,176,False,2024-01-14T22:42:00
RUN_03349,MACHINE_M,M18208,301.3,310.7,1532,40.7,178,False,2024-01-14T22:48:00
RUN_03350,MACHINE_L,L50529,301.4,310.7,1673,27.8,181,False,2024-01-14T22:54:00
RUN_03351,MACHINE_L,L50530,301.4,310.8,1285,62.6,183,True,2024-01-14T23:00:00
RUN_03352,MACHINE_L,L50531,301.4,310.8,1680,31.4,185,False,2024-01-14T23:06:00
RUN_03353,MACHINE_L,L50532,301.4,310.8,1610,34.6,187,False,2024-01-14T23:12:00
RUN_03354,MACHINE_L,L50533,301.6,310.9,1632,31.6,189,False,2024-01-14T23:18:00
RUN_03355,MACHINE_L,L50534,301.6,310.9,1559,40.2,191,False,2024-01-14T23:24:00
RUN_03356,MACHINE_L,L50535,301.5,310.8,1367,49.0,193,False,2024-01-14T23:30:00
RUN_03357,MACHINE_L,L50536,301.6,310.8,1355,57.8,195,True,2024-01-14T23:36:00
RUN_03358,MACHINE_H,H32771,301.6,310.7,1414,51.7,197,False,2024-01-14T23:42:00
RUN_03359,MACHINE_L,L50538,301.5,310.6,1522,36.6,202,False,2024-01-14T23:48:00
RUN_03360,MACHINE_L,L50539,301.5,310.6,1525,41.9,204,False,2024-01-14T23:54:00
RUN_03361,MACHINE_L,L50540,301.5,310.6,1394,46.5,206,False,2024-01-15T00:00:00
RUN_03362,MACHINE_L,L50541,301.5,310.6,1519,40.7,208,False,2024-01-15T00:06:00
RUN_03363,MACHINE_L,L50542,301.4,310.6,1445,43.9,210,False,2024-01-15T00:12:00
RUN_03364,MACHINE_L,L50543,301.4,310.6,1555,43.3,212,False,2024-01-15T00:18:00
RUN_03365,MACHINE_L,L50544,301.4,310.5,1633,39.5,0,False,2024-01-15T00:24:00
RUN_03366,MACHINE_M,M18225,301.4,310.6,1630,30.3,2,False,2024-01-15T00:30:00
RUN_03367,MACHINE_M,M18226,301.4,310.7,1692,32.3,5,False,2024-01-15T00:36:00
RUN_03368,MACHINE_H,H32781,301.5,310.7,1790,26.2,8,False,2024-01-15T00:42:00
RUN_03369,MACHINE_L,L50548,301.5,310.8,1350,58.5,13,False,2024-01-15T00:48:00
RUN_03370,MACHINE_L,L50549,301.5,310.9,2760,8.0,15,True,2024-01-15T00:54:00
RUN_03371,MACHINE_L,L50550,301.4,310.7,1584,32.2,17,False,2024-01-15T01:00:00
RUN_03372,MACHINE_L,L50551,301.4,310.7,1989,21.8,19,False,2024-01-15T01:06:00
RUN_03373,MACHINE_L,L50552,301.4,310.8,1431,44.3,21,False,2024-01-15T01:12:00
RUN_03374,MACHINE_L,L50553,301.4,310.7,1568,35.2,23,False,2024-01-15T01:18:00
RUN_03375,MACHINE_L,L50554,301.4,310.7,1376,50.6,25,False,2024-01-15T01:24:00
RUN_03376,MACHINE_M,M18235,301.4,310.6,1459,46.9,27,False,2024-01-15T01:30:00
RUN_03377,MACHINE_M,M18236,301.5,310.8,1385,47.5,30,False,2024-01-15T01:36:00
RUN_03378,MACHINE_H,H32791,301.5,310.8,1591,29.6,33,False,2024-01-15T01:42:00
RUN_03379,MACHINE_L,L50558,301.5,310.7,1568,33.1,38,False,2024-01-15T01:48:00
RUN_03380,MACHINE_M,M18239,301.4,310.7,1459,37.7,40,False,2024-01-15T01:54:00
RUN_03381,MACHINE_L,L50560,301.4,310.7,1590,36.3,43,False,2024-01-15T02:00:00
RUN_03382,MACHINE_L,L50561,301.3,310.6,1376,47.6,45,False,2024-01-15T02:06:00
RUN_03383,MACHINE_L,L50562,301.3,310.6,1510,38.5,47,False,2024-01-15T02:12:00
RUN_03384,MACHINE_H,H32797,301.4,310.6,1674,33.6,49,False,2024-01-15T02:18:00
RUN_03385,MACHINE_L,L50564,301.3,310.6,1426,40.7,54,False,2024-01-15T02:24:00
RUN_03386,MACHINE_L,L50565,301.5,310.7,1466,43.6,56,False,2024-01-15T02:30:00
RUN_03387,MACHINE_H,H32800,301.5,310.8,1474,38.7,58,False,2024-01-15T02:36:00
RUN_03388,MACHINE_M,M18247,301.6,310.8,1290,65.3,63,False,2024-01-15T02:42:00
RUN_03389,MACHINE_M,M18248,301.7,310.9,1435,48.0,66,False,2024-01-15T02:48:00
RUN_03390,MACHINE_M,M18249,301.5,310.7,1416,53.2,69,False,2024-01-15T02:54:00
RUN_03391,MACHINE_H,H32804,301.5,310.7,1599,40.4,72,False,2024-01-15T03:00:00
RUN_03392,MACHINE_L,L50571,301.5,310.7,1466,47.3,77,False,2024-01-15T03:06:00
RUN_03393,MACHINE_L,L50572,301.5,310.7,1408,47.3,79,False,2024-01-15T03:12:00
RUN_03394,MACHINE_L,L50573,301.5,310.6,1490,48.1,81,False,2024-01-15T03:18:00
RUN_03395,MACHINE_L,L50574,301.5,310.6,1405,42.3,83,False,2024-01-15T03:24:00
RUN_03396,MACHINE_L,L50575,301.4,310.5,1647,33.3,85,False,2024-01-15T03:30:00
RUN_03397,MACHINE_M,M18256,301.4,310.6,1459,35.0,87,False,2024-01-15T03:36:00
RUN_03398,MACHINE_L,L50577,301.4,310.6,1648,30.7,90,False,2024-01-15T03:42:00
RUN_03399,MACHINE_L,L50578,301.4,310.7,1675,30.7,92,False,2024-01-15T03:48:00
RUN_03400,MACHINE_L,L50579,301.4,310.7,1605,34.2,94,False,2024-01-15T03:54:00
RUN_03401,MACHINE_H,H32814,301.4,310.7,1536,44.4,96,False,2024-01-15T04:00:00
RUN_03402,MACHINE_M,M18261,301.4,310.7,1617,34.3,101,False,2024-01-15T04:06:00
RUN_03403,MACHINE_L,L50582,301.4,310.6,1347,53.3,104,False,2024-01-15T04:12:00
RUN_03404,MACHINE_L,L50583,301.3,310.5,1337,52.7,106,False,2024-01-15T04:18:00
RUN_03405,MACHINE_L,L50584,301.3,310.4,1695,30.9,108,False,2024-01-15T04:24:00
RUN_03406,MACHINE_M,M18265,301.3,310.4,1635,32.5,110,False,2024-01-15T04:30:00
RUN_03407,MACHINE_L,L50586,301.2,310.4,1470,44.0,113,False,2024-01-15T04:36:00
RUN_03408,MACHINE_L,L50587,301.2,310.4,1381,49.8,115,False,2024-01-15T04:42:00
RUN_03409,MACHINE_M,M18268,301.2,310.4,1382,41.6,117,False,2024-01-15T04:48:00
RUN_03410,MACHINE_M,M18269,301.2,310.4,1697,30.0,120,False,2024-01-15T04:54:00
RUN_03411,MACHINE_L,L50590,301.2,310.3,1451,39.7,123,False,2024-01-15T05:00:00
RUN_03412,MACHINE_L,L50591,301.3,310.3,1419,55.7,125,False,2024-01-15T05:06:00
RUN_03413,MACHINE_L,L50592,301.3,310.3,1313,55.6,127,False,2024-01-15T05:12:00
RUN_03414,MACHINE_L,L50593,301.3,310.3,1560,36.3,129,False,2024-01-15T05:18:00
RUN_03415,MACHINE_L,L50594,301.3,310.3,1555,41.2,131,False,2024-01-15T05:24:00
RUN_03416,MACHINE_L,L50595,301.4,310.4,1579,36.9,133,False,2024-01-15T05:30:00
RUN_03417,MACHINE_L,L50596,301.5,310.5,1435,44.6,135,False,2024-01-15T05:36:00
RUN_03418,MACHINE_L,L50597,301.6,310.6,1621,33.7,137,False,2024-01-15T05:42:00
RUN_03419,MACHINE_H,H32832,301.6,310.6,1555,40.4,139,False,2024-01-15T05:48:00
RUN_03420,MACHINE_L,L50599,301.5,310.5,1611,33.8,144,False,2024-01-15T05:54:00
RUN_03421,MACHINE_L,L50600,301.6,310.6,1834,23.5,146,False,2024-01-15T06:00:00
RUN_03422,MACHINE_M,M18281,301.5,310.5,1612,29.8,148,False,2024-01-15T06:06:00
RUN_03423,MACHINE_L,L50602,301.5,310.4,1629,34.1,151,False,2024-01-15T06:12:00
RUN_03424,MACHINE_L,L50603,301.4,310.4,1496,35.2,153,False,2024-01-15T06:18:00
RUN_03425,MACHINE_L,L50604,301.5,310.5,1593,32.9,155,False,2024-01-15T06:24:00
RUN_03426,MACHINE_M,M18285,301.5,310.5,1623,33.5,157,False,2024-01-15T06:30:00
RUN_03427,MACHINE_L,L50606,301.5,310.5,1380,48.7,160,False,2024-01-15T06:36:00
RUN_03428,MACHINE_L,L50607,301.6,310.6,1562,34.4,162,False,2024-01-15T06:42:00
RUN_03429,MACHINE_L,L50608,301.6,310.6,1391,49.4,164,False,2024-01-15T06:48:00
RUN_03430,MACHINE_H,H32843,301.5,310.5,1551,34.3,166,False,2024-01-15T06:54:00
RUN_03431,MACHINE_H,H32844,301.6,310.6,1821,26.2,171,False,2024-01-15T07:00:00
RUN_03432,MACHINE_L,L50611,301.6,310.7,1429,43.6,176,False,2024-01-15T07:06:00
RUN_03433,MACHINE_M,M18292,301.6,310.7,2012,20.7,178,False,2024-01-15T07:12:00
RUN_03434,MACHINE_M,M18293,301.6,310.6,1924,23.6,181,False,2024-01-15T07:18:00
RUN_03435,MACHINE_M,M18294,301.5,310.5,1412,44.1,184,False,2024-01-15T07:24:00
RUN_03436,MACHINE_L,L50615,301.5,310.5,1389,54.9,187,False,2024-01-15T07:30:00
RUN_03437,MACHINE_L,L50616,301.5,310.5,1466,48.1,189,False,2024-01-15T07:36:00
RUN_03438,MACHINE_L,L50617,301.5,310.5,2297,15.8,191,False,2024-01-15T07:42:00
RUN_03439,MACHINE_L,L50618,301.4,310.4,1471,37.5,193,False,2024-01-15T07:48:00
RUN_03440,MACHINE_L,L50619,301.4,310.3,1492,41.4,195,False,2024-01-15T07:54:00
RUN_03441,MACHINE_L,L50620,301.3,310.3,1460,41.5,197,False,2024-01-15T08:00:00
RUN_03442,MACHINE_L,L50621,301.4,310.4,1559,39.4,199,False,2024-01-15T08:06:00
RUN_03443,MACHINE_M,M18302,301.4,310.5,1495,52.5,201,False,2024-01-15T08:12:00
RUN_03444,MACHINE_L,L50623,301.5,310.5,1535,39.0,204,False,2024-01-15T08:18:00
RUN_03445,MACHINE_L,L50624,301.5,310.6,1381,50.7,206,False,2024-01-15T08:24:00
RUN_03446,MACHINE_M,M18305,301.6,310.6,1599,36.1,208,False,2024-01-15T08:30:00
RUN_03447,MACHINE_H,H32860,301.6,310.6,1400,49.5,211,False,2024-01-15T08:36:00
RUN_03448,MACHINE_L,L50627,301.7,310.6,1624,34.5,216,False,2024-01-15T08:42:00
RUN_03449,MACHINE_L,L50628,301.6,310.6,1478,36.6,218,False,2024-01-15T08:48:00
RUN_03450,MACHINE_L,L50629,301.7,310.7,1605,33.3,220,False,2024-01-15T08:54:00
RUN_03451,MACHINE_L,L50630,301.6,310.6,1506,43.4,222,False,2024-01-15T09:00:00
RUN_03452,MACHINE_L,L50631,301.6,310.6,1455,43.9,0,False,2024-01-15T09:06:00
RUN_03453,MACHINE_H,H32866,301.6,310.5,1602,32.3,2,False,2024-01-15T09:12:00
RUN_03454,MACHINE_L,L50633,301.5,310.4,1425,54.4,7,False,2024-01-15T09:18:00
RUN_03455,MACHINE_L,L50634,301.5,310.4,1918,21.8,9,False,2024-01-15T09:24:00
RUN_03456,MACHINE_H,H32869,301.4,310.3,1611,41.5,11,False,2024-01-15T09:30:00
RUN_03457,MACHINE_H,H32870,301.4,310.4,1610,38.6,16,False,2024-01-15T09:36:00
RUN_03458,MACHINE_M,M18317,301.5,310.4,2639,12.0,21,True,2024-01-15T09:42:00
RUN_03459,MACHINE_L,L50638,301.5,310.4,1329,46.6,24,False,2024-01-15T09:48:00
RUN_03460,MACHINE_L,L50639,301.5,310.4,1270,54.2,26,False,2024-01-15T09:54:00
RUN_03461,MACHINE_L,L50640,301.5,310.3,1415,41.6,28,False,2024-01-15T10:00:00
RUN_03462,MACHINE_H,H32875,301.6,310.4,1330,49.5,30,False,2024-01-15T10:06:00
RUN_03463,MACHINE_H,H32876,301.6,310.5,1786,27.1,35,False,2024-01-15T10:12:00
RUN_03464,MACHINE_L,L50643,301.6,310.5,1809,25.5,40,False,2024-01-15T10:18:00
RUN_03465,MACHINE_L,L50644,301.7,310.6,1303,59.7,42,False,2024-01-15T10:24:00
RUN_03466,MACHINE_M,M18325,301.8,310.7,1383,45.7,44,False,2024-01-15T10:30:00
RUN_03467,MACHINE_L,L50646,301.7,310.6,1447,56.9,47,False,2024-01-15T10:36:00
RUN_03468,MACHINE_L,L50647,301.8,310.7,1461,44.2,49,False,2024-01-15T10:42:00
RUN_03469,MACHINE_L,L50648,301.8,310.7,2092,18.6,51,False,2024-01-15T10:48:00
RUN_03470,MACHINE_M,M18329,301.8,310.7,1429,47.9,53,False,2024-01-15T10:54:00
RUN_03471,MACHINE_L,L50650,301.8,310.8,1736,26.5,56,False,2024-01-15T11:00:00
RUN_03472,MACHINE_L,L50651,301.8,310.7,1441,49.3,58,False,2024-01-15T11:06:00
RUN_03473,MACHINE_L,L50652,301.8,310.7,1523,43.3,60,False,2024-01-15T11:12:00
RUN_03474,MACHINE_M,M18333,301.8,310.8,1691,33.4,62,False,2024-01-15T11:18:00
RUN_03475,MACHINE_M,M18334,301.9,310.8,1557,35.3,65,False,2024-01-15T11:24:00
RUN_03476,MACHINE_L,L50655,301.8,310.7,1644,33.4,68,False,2024-01-15T11:30:00
RUN_03477,MACHINE_L,L50656,301.8,310.6,1522,43.8,70,False,2024-01-15T11:36:00
RUN_03478,MACHINE_L,L50657,301.8,310.7,1547,41.7,72,False,2024-01-15T11:42:00
RUN_03479,MACHINE_L,L50658,301.8,310.7,1597,30.8,74,False,2024-01-15T11:48:00
RUN_03480,MACHINE_M,M18339,301.8,310.8,1619,31.0,76,False,2024-01-15T11:54:00
RUN_03481,MACHINE_L,L50660,301.9,310.8,1400,58.2,79,False,2024-01-15T12:00:00
RUN_03482,MACHINE_L,L50661,302.0,310.9,1663,31.5,81,False,2024-01-15T12:06:00
RUN_03483,MACHINE_L,L50662,301.9,310.8,1540,37.6,83,False,2024-01-15T12:12:00
RUN_03484,MACHINE_H,H32897,301.9,310.8,1455,42.7,85,False,2024-01-15T12:18:00
RUN_03485,MACHINE_L,L50664,301.9,310.8,1519,39.0,90,False,2024-01-15T12:24:00
RUN_03486,MACHINE_L,L50665,301.9,310.8,1427,47.7,92,False,2024-01-15T12:30:00
RUN_03487,MACHINE_L,L50666,301.9,310.8,1650,29.8,94,False,2024-01-15T12:36:00
RUN_03488,MACHINE_M,M18347,301.8,310.8,1508,38.8,96,False,2024-01-15T12:42:00
RUN_03489,MACHINE_L,L50668,301.9,310.9,1379,54.8,99,False,2024-01-15T12:48:00
RUN_03490,MACHINE_L,L50669,301.9,310.9,1542,36.7,101,False,2024-01-15T12:54:00
RUN_03491,MACHINE_M,M18350,301.9,310.9,1763,28.4,103,False,2024-01-15T13:00:00
RUN_03492,MACHINE_H,H32905,301.9,310.9,1590,34.3,106,False,2024-01-15T13:06:00
RUN_03493,MACHINE_H,H32906,301.9,311.0,1336,63.6,111,False,2024-01-15T13:12:00
RUN_03494,MACHINE_M,M18353,301.9,311.0,1638,35.4,116,False,2024-01-15T13:18:00
RUN_03495,MACHINE_L,L50674,301.9,311.0,1356,45.7,119,False,2024-01-15T13:24:00
RUN_03496,MACHINE_M,M18355,301.9,311.0,1384,47.4,121,False,2024-01-15T13:30:00
RUN_03497,MACHINE_L,L50676,301.9,310.9,1309,48.0,124,False,2024-01-15T13:36:00
RUN_03498,MACHINE_L,L50677,301.9,311.0,1642,33.1,126,False,2024-01-15T13:42:00
RUN_03499,MACHINE_L,L50678,301.9,311.0,1289,54.9,128,False,2024-01-15T13:48:00
RUN_03500,MACHINE_L,L50679,301.9,311.0,1353,43.8,130,False,2024-01-15T13:54:00
RUN_03501,MACHINE_H,H32914,301.9,311.0,1871,26.0,132,False,2024-01-15T14:00:00
RUN_03502,MACHINE_H,H32915,301.9,311.0,1291,63.6,137,False,2024-01-15T14:06:00
RUN_03503,MACHINE_M,M18362,301.8,310.9,1346,44.6,142,False,2024-01-15T14:12:00
RUN_03504,MACHINE_L,L50683,301.7,310.8,1493,47.6,145,False,2024-01-15T14:18:00
RUN_03505,MACHINE_M,M18364,301.7,310.8,1524,41.3,147,False,2024-01-15T14:24:00
RUN_03506,MACHINE_L,L50685,301.6,310.8,1726,26.7,150,False,2024-01-15T14:30:00
RUN_03507,MACHINE_H,H32920,301.6,310.8,1435,47.2,152,False,2024-01-15T14:36:00
RUN_03508,MACHINE_M,M18367,301.7,310.8,1502,34.4,157,False,2024-01-15T14:42:00
RUN_03509,MACHINE_L,L50688,301.7,310.9,1608,33.0,160,False,2024-01-15T14:48:00
RUN_03510,MACHINE_L,L50689,301.8,311.0,1771,27.2,162,False,2024-01-15T14:54:00
RUN_03511,MACHINE_L,L50690,301.7,311.0,1474,42.6,164,False,2024-01-15T15:00:00
RUN_03512,MACHINE_L,L50691,301.8,311.0,1322,53.0,166,False,2024-01-15T15:06:00
RUN_03513,MACHINE_M,M18372,301.8,311.0,1393,49.5,168,False,2024-01-15T15:12:00
RUN_03514,MACHINE_M,M18373,301.9,311.1,1417,52.5,171,False,2024-01-15T15:18:00
RUN_03515,MACHINE_H,H32928,301.9,311.0,1430,49.8,174,False,2024-01-15T15:24:00
RUN_03516,MACHINE_M,M18375,301.9,311.1,1605,40.0,179,False,2024-01-15T15:30:00
RUN_03517,MACHINE_L,L50696,302.0,311.1,1402,47.8,182,False,2024-01-15T15:36:00
RUN_03518,MACHINE_L,L50697,302.0,311.0,1550,35.2,184,False,2024-01-15T15:42:00
RUN_03519,MACHINE_L,L50698,301.9,311.0,1376,44.9,186,False,2024-01-15T15:48:00
RUN_03520,MACHINE_M,M18379,301.9,310.9,1569,32.5,188,False,2024-01-15T15:54:00
RUN_03521,MACHINE_L,L50700,301.9,311.0,1669,32.2,191,False,2024-01-15T16:00:00
RUN_03522,MACHINE_L,L50701,301.9,311.0,1541,38.9,193,False,2024-01-15T16:06:00
RUN_03523,MACHINE_L,L50702,301.8,311.0,1651,32.5,195,False,2024-01-15T16:12:00
RUN_03524,MACHINE_L,L50703,301.8,310.9,1521,39.3,197,False,2024-01-15T16:18:00
RUN_03525,MACHINE_M,M18384,301.8,310.8,1365,48.2,199,False,2024-01-15T16:24:00
RUN_03526,MACHINE_L,L50705,301.8,310.9,1609,31.7,202,False,2024-01-15T16:30:00
RUN_03527,MACHINE_H,H32940,301.8,310.8,1470,37.6,204,False,2024-01-15T16:36:00
RUN_03528,MACHINE_M,M18387,301.9,310.9,1573,38.9,209,False,2024-01-15T16:42:00
RUN_03529,MACHINE_L,L50708,302.0,310.9,1378,53.1,212,True,2024-01-15T16:48:00
RUN_03530,MACHINE_L,L50709,301.9,310.9,1567,39.0,214,True,2024-01-15T16:54:00
RUN_03531,MACHINE_M,M18390,301.9,310.9,1441,43.7,0,False,2024-01-15T17:00:00
RUN_03532,MACHINE_M,M18391,301.9,310.9,1641,33.2,3,False,2024-01-15T17:06:00
RUN_03533,MACHINE_L,L50712,301.9,310.9,1486,40.3,6,False,2024-01-15T17:12:00
RUN_03534,MACHINE_L,L50713,302.0,311.0,1563,36.2,8,False,2024-01-15T17:18:00
RUN_03535,MACHINE_M,M18394,302.0,311.1,1769,26.0,10,False,2024-01-15T17:24:00
RUN_03536,MACHINE_H,H32949,301.9,311.0,1672,29.9,13,False,2024-01-15T17:30:00
RUN_03537,MACHINE_L,L50716,302.0,311.0,1632,34.2,18,False,2024-01-15T17:36:00
RUN_03538,MACHINE_M,M18397,302.0,311.0,1980,21.5,20,False,2024-01-15T17:42:00
RUN_03539,MACHINE_L,L50718,302.0,311.1,1635,36.0,23,False,2024-01-15T17:48:00
RUN_03540,MACHINE_L,L50719,302.0,311.0,1686,32.5,25,False,2024-01-15T17:54:00
RUN_03541,MACHINE_L,L50720,301.9,310.9,1574,31.4,27,False,2024-01-15T18:00:00
RUN_03542,MACHINE_L,L50721,301.8,310.8,1546,43.4,29,False,2024-01-15T18:06:00
RUN_03543,MACHINE_L,L50722,301.8,310.9,1899,24.7,31,False,2024-01-15T18:12:00
RUN_03544,MACHINE_L,L50723,301.8,310.9,1449,36.5,33,False,2024-01-15T18:18:00
RUN_03545,MACHINE_M,M18404,301.9,310.9,1483,37.0,35,False,2024-01-15T18:24:00
RUN_03546,MACHINE_L,L50725,301.8,310.8,1576,38.6,38,False,2024-01-15T18:30:00
RUN_03547,MACHINE_M,M18406,301.9,310.9,1317,51.9,40,False,2024-01-15T18:36:00
RUN_03548,MACHINE_M,M18407,301.9,311.0,1467,48.1,43,False,2024-01-15T18:42:00
RUN_03549,MACHINE_L,L50728,301.9,310.9,1616,34.5,46,False,2024-01-15T18:48:00
RUN_03550,MACHINE_M,M18409,301.8,310.9,1299,60.4,48,False,2024-01-15T18:54:00
RUN_03551,MACHINE_M,M18410,301.9,311.0,1432,41.5,51,False,2024-01-15T19:00:00
RUN_03552,MACHINE_L,L50731,301.9,310.9,1799,24.2,54,False,2024-01-15T19:06:00
RUN_03553,MACHINE_M,M18412,301.8,310.9,1358,52.3,56,False,2024-01-15T19:12:00
RUN_03554,MACHINE_M,M18413,301.8,310.8,1618,37.8,59,False,2024-01-15T19:18:00
RUN_03555,MACHINE_L,L50734,301.9,310.8,1525,43.2,62,False,2024-01-15T19:24:00
RUN_03556,MACHINE_L,L50735,301.8,310.7,1551,37.7,64,False,2024-01-15T19:30:00
RUN_03557,MACHINE_L,L50736,301.9,310.8,1735,31.5,66,False,2024-01-15T19:36:00
RUN_03558,MACHINE_M,M18417,301.8,310.7,1309,43.3,68,False,2024-01-15T19:42:00
RUN_03559,MACHINE_L,L50738,301.7,310.6,1743,26.2,71,False,2024-01-15T19:48:00
RUN_03560,MACHINE_M,M18419,301.7,310.7,1659,29.9,73,False,2024-01-15T19:54:00
RUN_03561,MACHINE_L,L50740,301.8,310.7,1680,32.4,76,False,2024-01-15T20:00:00
RUN_03562,MACHINE_L,L50741,301.7,310.6,1486,38.5,78,False,2024-01-15T20:06:00
RUN_03563,MACHINE_L,L50742,301.7,310.6,1471,43.8,80,False,2024-01-15T20:12:00
RUN_03564,MACHINE_M,M18423,301.8,310.7,1465,35.8,82,False,2024-01-15T20:18:00
RUN_03565,MACHINE_M,M18424,301.7,310.6,1492,42.2,85,False,2024-01-15T20:24:00
RUN_03566,MACHINE_M,M18425,301.8,310.7,1420,52.0,88,False,2024-01-15T20:30:00
RUN_03567,MACHINE_L,L50746,301.8,310.6,1295,62.3,91,False,2024-01-15T20:36:00
RUN_03568,MACHINE_L,L50747,301.8,310.5,1548,34.1,93,False,2024-01-15T20:42:00
RUN_03569,MACHINE_L,L50748,301.8,310.6,1372,54.7,95,False,2024-01-15T20:48:00
RUN_03570,MACHINE_M,M18429,301.8,310.6,1552,35.9,97,False,2024-01-15T20:54:00
RUN_03571,MACHINE_H,H32984,301.8,310.6,1441,46.3,100,False,2024-01-15T21:00:00
RUN_03572,MACHINE_M,M18431,301.7,310.6,1691,27.7,105,False,2024-01-15T21:06:00
RUN_03573,MACHINE_L,L50752,301.8,310.6,1451,50.7,108,False,2024-01-15T21:12:00
RUN_03574,MACHINE_L,L50753,301.8,310.6,1452,48.4,110,False,2024-01-15T21:18:00
RUN_03575,MACHINE_L,L50754,301.7,310.6,1406,46.0,112,False,2024-01-15T21:24:00
RUN_03576,MACHINE_L,L50755,301.7,310.5,1567,39.1,114,False,2024-01-15T21:30:00
RUN_03577,MACHINE_L,L50756,301.6,310.4,1599,41.7,116,False,2024-01-15T21:36:00
RUN_03578,MACHINE_M,M18437,301.6,310.4,1455,39.0,118,False,2024-01-15T21:42:00
RUN_03579,MACHINE_M,M18438,301.7,310.5,1625,35.9,121,False,2024-01-15T21:48:00
RUN_03580,MACHINE_L,L50759,301.8,310.6,2672,11.8,124,True,2024-01-15T21:54:00
RUN_03581,MACHINE_L,L50760,301.8,310.6,1650,31.9,126,False,2024-01-15T22:00:00
RUN_03582,MACHINE_M,M18441,301.8,310.6,1459,40.2,128,False,2024-01-15T22:06:00
RUN_03583,MACHINE_L,L50762,301.8,310.6,1395,50.5,131,False,2024-01-15T22:12:00
RUN_03584,MACHINE_L,L50763,301.8,310.7,1751,29.3,133,False,2024-01-15T22:18:00
RUN_03585,MACHINE_L,L50764,301.8,310.6,1192,68.9,135,False,2024-01-15T22:24:00
RUN_03586,MACHINE_L,L50765,301.9,310.7,1947,25.0,137,False,2024-01-15T22:30:00
RUN_03587,MACHINE_L,L50766,301.8,310.5,1593,34.9,139,False,2024-01-15T22:36:00
RUN_03588,MACHINE_H,H33001,301.8,310.5,1478,38.6,141,False,2024-01-15T22:42:00
RUN_03589,MACHINE_M,M18448,301.7,310.6,1505,44.5,146,False,2024-01-15T22:48:00
RUN_03590,MACHINE_L,L50769,301.7,310.5,2465,13.7,149,False,2024-01-15T22:54:00
RUN_03591,MACHINE_L,L50770,301.8,310.6,1403,46.8,151,False,2024-01-15T23:00:00
RUN_03592,MACHINE_M,M18451,301.7,310.5,1458,41.4,153,False,2024-01-15T23:06:00
RUN_03593,MACHINE_H,H33006,301.6,310.4,1369,45.4,156,False,2024-01-15T23:12:00
RUN_03594,MACHINE_M,M18453,301.6,310.4,1377,44.9,161,False,2024-01-15T23:18:00
RUN_03595,MACHINE_M,M18454,301.6,310.4,1452,45.7,164,False,2024-01-15T23:24:00
RUN_03596,MACHINE_L,L50775,301.6,310.4,1517,41.1,167,False,2024-01-15T23:30:00
RUN_03597,MACHINE_L,L50776,301.7,310.5,1354,50.0,169,False,2024-01-15T23:36:00
RUN_03598,MACHINE_M,M18457,301.7,310.5,1724,33.0,171,False,2024-01-15T23:42:00
RUN_03599,MACHINE_L,L50778,301.7,310.5,1399,53.2,174,False,2024-01-15T23:48:00
RUN_03600,MACHINE_H,H33013,301.7,310.5,1388,50.5,176,False,2024-01-15T23:54:00
RUN_03601,MACHINE_L,L50780,301.7,310.5,1523,34.7,181,False,2024-01-16T00:00:00
RUN_03602,MACHINE_L,L50781,301.7,310.5,1377,43.1,183,False,2024-01-16T00:06:00
RUN_03603,MACHINE_M,M18462,301.7,310.6,1417,45.2,185,False,2024-01-16T00:12:00
RUN_03604,MACHINE_L,L50783,301.7,310.7,1542,40.0,188,False,2024-01-16T00:18:00
RUN_03605,MACHINE_L,L50784,301.8,310.8,1557,33.3,190,False,2024-01-16T00:24:00
RUN_03606,MACHINE_L,L50785,301.7,310.7,1641,31.9,192,False,2024-01-16T00:30:00
RUN_03607,MACHINE_L,L50786,301.7,310.7,1318,55.0,194,False,2024-01-16T00:36:00
RUN_03608,MACHINE_L,L50787,301.6,310.7,1638,33.8,196,False,2024-01-16T00:42:00
RUN_03609,MACHINE_M,M18468,301.7,310.8,1954,21.6,198,False,2024-01-16T00:48:00
RUN_03610,MACHINE_M,M18469,301.7,310.9,1644,32.5,201,False,2024-01-16T00:54:00
RUN_03611,MACHINE_M,M18470,301.7,310.8,1594,32.4,204,False,2024-01-16T01:00:00
RUN_03612,MACHINE_L,L50791,301.7,310.9,1405,46.4,207,True,2024-01-16T01:06:00
RUN_03613,MACHINE_L,L50792,301.7,310.8,1622,37.8,0,False,2024-01-16T01:12:00
RUN_03614,MACHINE_L,L50793,301.7,310.9,1557,39.4,2,False,2024-01-16T01:18:00
RUN_03615,MACHINE_L,L50794,301.8,311.0,1606,33.3,4,False,2024-01-16T01:24:00
RUN_03616,MACHINE_M,M18475,301.8,311.1,1647,31.6,6,False,2024-01-16T01:30:00
RUN_03617,MACHINE_M,M18476,301.8,311.1,1413,42.2,9,False,2024-01-16T01:36:00
RUN_03618,MACHINE_L,L50797,301.8,311.0,1529,41.6,12,False,2024-01-16T01:42:00
RUN_03619,MACHINE_L,L50798,301.9,311.1,1448,46.3,14,False,2024-01-16T01:48:00
RUN_03620,MACHINE_L,L50799,301.9,311.2,1435,44.2,16,False,2024-01-16T01:54:00
RUN_03621,MACHINE_H,H33034,301.9,311.2,1474,41.8,18,False,2024-01-16T02:00:00
RUN_03622,MACHINE_L,L50801,301.9,311.2,1657,29.1,23,False,2024-01-16T02:06:00
RUN_03623,MACHINE_L,L50802,302.0,311.3,1509,39.9,25,False,2024-01-16T02:12:00
RUN_03624,MACHINE_M,M18483,302.0,311.3,1530,36.4,27,False,2024-01-16T02:18:00
RUN_03625,MACHINE_M,M18484,302.0,311.4,1587,35.9,30,False,2024-01-16T02:24:00
RUN_03626,MACHINE_M,M18485,302.1,311.4,1467,43.4,33,False,2024-01-16T02:30:00
RUN_03627,MACHINE_M,M18486,302.2,311.5,1360,53.0,36,False,2024-01-16T02:36:00
RUN_03628,MACHINE_L,L50807,302.2,311.5,1588,30.6,39,False,2024-01-16T02:42:00
RUN_03629,MACHINE_L,L50808,302.2,311.4,1609,32.1,41,False,2024-01-16T02:48:00
RUN_03630,MACHINE_L,L50809,302.1,311.3,1415,44.1,43,False,2024-01-16T02:54:00
RUN_03631,MACHINE_L,L50810,302.0,311.2,1845,27.3,45,False,2024-01-16T03:00:00
RUN_03632,MACHINE_M,M18491,302.1,311.4,1419,36.2,47,False,2024-01-16T03:06:00
RUN_03633,MACHINE_L,L50812,302.1,311.3,1634,30.6,50,False,2024-01-16T03:12:00
RUN_03634,MACHINE_M,M18493,302.2,311.3,1521,40.6,52,False,2024-01-16T03:18:00
RUN_03635,MACHINE_L,L50814,302.2,311.4,1499,37.7,55,False,2024-01-16T03:24:00
RUN_03636,MACHINE_M,M18495,302.1,311.2,1616,35.1,57,False,2024-01-16T03:30:00
RUN_03637,MACHINE_L,L50816,302.2,311.4,1449,46.5,60,False,2024-01-16T03:36:00
RUN_03638,MACHINE_M,M18497,302.2,311.4,1626,31.6,62,False,2024-01-16T03:42:00
RUN_03639,MACHINE_M,M18498,302.3,311.5,1445,44.8,65,False,2024-01-16T03:48:00
RUN_03640,MACHINE_L,L50819,302.4,311.6,1622,35.0,68,False,2024-01-16T03:54:00
RUN_03641,MACHINE_H,H33054,302.4,311.6,1544,39.1,70,False,2024-01-16T04:00:00
RUN_03642,MACHINE_L,L50821,302.3,311.6,1488,41.8,75,False,2024-01-16T04:06:00
RUN_03643,MACHINE_L,L50822,302.3,311.6,1309,57.6,77,False,2024-01-16T04:12:00
RUN_03644,MACHINE_L,L50823,302.3,311.6,1784,26.4,79,False,2024-01-16T04:18:00
RUN_03645,MACHINE_L,L50824,302.2,311.5,1548,32.4,81,False,2024-01-16T04:24:00
RUN_03646,MACHINE_L,L50825,302.2,311.5,1413,43.5,83,False,2024-01-16T04:30:00
RUN_03647,MACHINE_M,M18506,302.2,311.5,1863,25.7,85,False,2024-01-16T04:36:00
RUN_03648,MACHINE_L,L50827,302.2,311.5,1427,43.8,88,False,2024-01-16T04:42:00
RUN_03649,MACHINE_M,M18508,302.2,311.5,1443,47.0,90,False,2024-01-16T04:48:00
RUN_03650,MACHINE_L,L50829,302.2,311.5,1481,40.4,93,False,2024-01-16T04:54:00
RUN_03651,MACHINE_L,L50830,302.1,311.4,1446,39.7,95,False,2024-01-16T05:00:00
RUN_03652,MACHINE_L,L50831,302.1,311.5,1444,44.9,97,False,2024-01-16T05:06:00
RUN_03653,MACHINE_M,M18512,302.1,311.5,1341,50.8,99,False,2024-01-16T05:12:00
RUN_03654,MACHINE_L,L50833,302.1,311.4,1518,37.4,102,False,2024-01-16T05:18:00
RUN_03655,MACHINE_L,L50834,302.1,311.4,1603,35.9,104,False,2024-01-16T05:24:00
RUN_03656,MACHINE_L,L50835,302.1,311.4,1686,30.9,106,False,2024-01-16T05:30:00
RUN_03657,MACHINE_M,M18516,302.1,311.5,1383,53.6,108,False,2024-01-16T05:36:00
RUN_03658,MACHINE_L,L50837,302.1,311.5,1477,45.4,111,False,2024-01-16T05:42:00
RUN_03659,MACHINE_M,M18518,302.2,311.5,1449,44.5,113,False,2024-01-16T05:48:00
RUN_03660,MACHINE_M,M18519,302.2,311.5,1734,25.0,116,False,2024-01-16T05:54:00
RUN_03661,MACHINE_L,L50840,302.3,311.6,1398,49.1,119,False,2024-01-16T06:00:00
RUN_03662,MACHINE_M,M18521,302.3,311.7,1639,36.6,121,False,2024-01-16T06:06:00
RUN_03663,MACHINE_M,M18522,302.3,311.7,1517,37.6,124,False,2024-01-16T06:12:00
RUN_03664,MACHINE_M,M18523,302.3,311.7,1442,41.7,127,False,2024-01-16T06:18:00
RUN_03665,MACHINE_M,M18524,302.3,311.7,1685,30.8,130,False,2024-01-16T06:24:00
RUN_03666,MACHINE_M,M18525,302.4,311.8,1358,50.6,133,False,2024-01-16T06:30:00
RUN_03667,MACHINE_M,M18526,302.3,311.6,1608,39.9,136,False,2024-01-16T06:36:00
RUN_03668,MACHINE_L,L50847,302.3,311.6,1665,34.3,139,False,2024-01-16T06:42:00
RUN_03669,MACHINE_L,L50848,302.3,311.7,1510,38.7,141,False,2024-01-16T06:48:00
RUN_03670,MACHINE_L,L50849,302.4,311.8,1465,40.2,143,False,2024-01-16T06:54:00
RUN_03671,MACHINE_L,L50850,302.3,311.7,1701,27.5,145,False,2024-01-16T07:00:00
RUN_03672,MACHINE_M,M18531,302.3,311.7,1486,39.6,147,False,2024-01-16T07:06:00
RUN_03673,MACHINE_L,L50852,302.3,311.6,1658,32.3,150,False,2024-01-16T07:12:00
RUN_03674,MACHINE_H,H33087,302.3,311.7,1449,44.5,152,False,2024-01-16T07:18:00
RUN_03675,MACHINE_L,L50854,302.2,311.5,1346,52.4,157,False,2024-01-16T07:24:00
RUN_03676,MACHINE_M,M18535,302.1,311.5,1866,23.1,159,False,2024-01-16T07:30:00
RUN_03677,MACHINE_M,M18536,302.2,311.5,1562,38.0,162,False,2024-01-16T07:36:00
RUN_03678,MACHINE_M,M18537,302.3,311.7,1368,53.6,165,False,2024-01-16T07:42:00
RUN_03679,MACHINE_L,L50858,302.2,311.5,1567,33.1,168,False,2024-01-16T07:48:00
RUN_03680,MACHINE_L,L50859,302.2,311.5,1725,34.0,170,False,2024-01-16T07:54:00
RUN_03681,MACHINE_L,L50860,302.2,311.5,1744,31.2,172,False,2024-01-16T08:00:00
RUN_03682,MACHINE_M,M18541,302.1,311.3,1453,45.1,174,False,2024-01-16T08:06:00
RUN_03683,MACHINE_L,L50862,302.1,311.2,1550,34.8,177,False,2024-01-16T08:12:00
RUN_03684,MACHINE_M,M18543,302.0,311.2,1558,39.1,179,False,2024-01-16T08:18:00
RUN_03685,MACHINE_L,L50864,302.0,311.2,1270,65.3,182,True,2024-01-16T08:24:00
RUN_03686,MACHINE_M,M18545,301.9,311.1,1380,51.6,184,False,2024-01-16T08:30:00
RUN_03687,MACHINE_L,L50866,302.0,311.1,1406,50.5,187,False,2024-01-16T08:36:00
RUN_03688,MACHINE_M,M18547,302.0,311.2,1625,30.7,189,False,2024-01-16T08:42:00
RUN_03689,MACHINE_L,L50868,302.0,311.2,1420,45.8,192,False,2024-01-16T08:48:00
RUN_03690,MACHINE_L,L50869,302.1,311.4,1889,22.7,194,False,2024-01-16T08:54:00
RUN_03691,MACHINE_L,L50870,302.1,311.3,1477,43.6,196,False,2024-01-16T09:00:00
RUN_03692,MACHINE_L,L50871,302.1,311.2,1460,46.9,198,False,2024-01-16T09:06:00
RUN_03693,MACHINE_L,L50872,302.1,311.3,1758,24.4,200,False,2024-01-16T09:12:00
RUN_03694,MACHINE_L,L50873,302.1,311.3,1521,31.5,202,False,2024-01-16T09:18:00
RUN_03695,MACHINE_M,M18554,302.1,311.3,1511,45.0,204,False,2024-01-16T09:24:00
RUN_03696,MACHINE_L,L50875,302.2,311.3,1530,37.3,207,True,2024-01-16T09:30:00
RUN_03697,MACHINE_L,L50876,302.1,311.2,1454,46.8,0,False,2024-01-16T09:36:00
RUN_03698,MACHINE_L,L50877,302.2,311.2,1928,23.1,2,False,2024-01-16T09:42:00
RUN_03699,MACHINE_H,H33112,302.2,311.3,1758,26.4,4,False,2024-01-16T09:48:00
RUN_03700,MACHINE_L,L50879,302.2,311.2,1649,33.2,9,False,2024-01-16T09:54:00
RUN_03701,MACHINE_L,L50880,302.1,311.2,1447,50.3,11,False,2024-01-16T10:00:00
RUN_03702,MACHINE_L,L50881,302.1,311.2,1417,48.0,13,False,2024-01-16T10:06:00
RUN_03703,MACHINE_L,L50882,302.0,311.2,1434,44.9,15,False,2024-01-16T10:12:00
RUN_03704,MACHINE_M,M18563,302.0,311.2,1418,49.5,17,False,2024-01-16T10:18:00
RUN_03705,MACHINE_M,M18564,302.0,311.2,1400,49.5,20,False,2024-01-16T10:24:00
RUN_03706,MACHINE_M,M18565,302.0,311.3,1725,27.7,23,False,2024-01-16T10:30:00
RUN_03707,MACHINE_L,L50886,302.0,311.3,1567,41.1,26,False,2024-01-16T10:36:00
RUN_03708,MACHINE_M,M18567,302.1,311.3,1497,38.4,28,False,2024-01-16T10:42:00
RUN_03709,MACHINE_L,L50888,302.1,311.4,1549,44.6,31,False,2024-01-16T10:48:00
RUN_03710,MACHINE_L,L50889,302.2,311.4,1754,26.9,33,False,2024-01-16T10:54:00
RUN_03711,MACHINE_L,L50890,302.2,311.5,1489,38.3,35,False,2024-01-16T11:00:00
RUN_03712,MACHINE_L,L50891,302.2,311.5,1543,38.5,37,False,2024-01-16T11:06:00
RUN_03713,MACHINE_L,L50892,302.3,311.5,1543,33.1,39,False,2024-01-16T11:12:00
RUN_03714,MACHINE_L,L50893,302.3,311.5,1565,35.6,41,False,2024-01-16T11:18:00
RUN_03715,MACHINE_M,M18574,302.3,311.4,1855,23.9,43,False,2024-01-16T11:24:00
RUN_03716,MACHINE_M,M18575,302.4,311.4,1475,45.2,46,False,2024-01-16T11:30:00
RUN_03717,MACHINE_L,L50896,302.3,311.4,1609,32.3,49,False,2024-01-16T11:36:00
RUN_03718,MACHINE_H,H33131,302.3,311.4,1443,44.1,51,False,2024-01-16T11:42:00
RUN_03719,MACHINE_L,L50898,302.4,311.4,1450,44.1,56,False,2024-01-16T11:48:00
RUN_03720,MACHINE_L,L50899,302.4,311.5,1590,39.9,58,False,2024-01-16T11:54:00
RUN_03721,MACHINE_M,M18580,302.4,311.4,1508,41.2,60,False,2024-01-16T12:00:00
RUN_03722,MACHINE_M,M18581,302.2,311.2,1544,43.6,63,False,2024-01-16T12:06:00
RUN_03723,MACHINE_L,L50902,302.2,311.2,1451,41.8,66,False,2024-01-16T12:12:00
RUN_03724,MACHINE_L,L50903,302.3,311.2,1758,24.4,68,False,2024-01-16T12:18:00
RUN_03725,MACHINE_M,M18584,302.3,311.2,1507,47.7,70,False,2024-01-16T12:24:00
RUN_03726,MACHINE_H,H33139,302.3,311.1,1543,37.5,73,False,2024-01-16T12:30:00
RUN_03727,MACHINE_M,M18586,302.3,311.2,1505,36.7,78,False,2024-01-16T12:36:00
RUN_03728,MACHINE_L,L50907,302.3,311.2,1786,24.3,81,False,2024-01-16T12:42:00
RUN_03729,MACHINE_L,L50908,302.3,311.3,1457,44.5,83,False,2024-01-16T12:48:00
RUN_03730,MACHINE_M,M18589,302.4,311.3,1312,61.5,85,False,2024-01-16T12:54:00
RUN_03731,MACHINE_M,M18590,302.3,311.2,1405,47.7,88,False,2024-01-16T13:00:00
RUN_03732,MACHINE_M,M18591,302.2,311.2,1377,43.0,91,False,2024-01-16T13:06:00
RUN_03733,MACHINE_M,M18592,302.2,311.2,1347,49.8,94,False,2024-01-16T13:12:00
RUN_03734,MACHINE_L,L50913,302.2,311.1,1470,39.6,97,False,2024-01-16T13:18:00
RUN_03735,MACHINE_M,M18594,302.2,311.2,1873,24.0,99,False,2024-01-16T13:24:00
RUN_03736,MACHINE_M,M18595,302.2,311.1,1434,58.6,102,False,2024-01-16T13:30:00
RUN_03737,MACHINE_H,H33150,302.2,311.1,1628,30.6,105,False,2024-01-16T13:36:00
RUN_03738,MACHINE_L,L50917,302.2,311.1,1351,48.6,110,False,2024-01-16T13:42:00
RUN_03739,MACHINE_M,M18598,302.3,311.2,1454,43.8,112,False,2024-01-16T13:48:00
RUN_03740,MACHINE_M,M18599,302.2,311.2,1663,29.6,115,False,2024-01-16T13:54:00
RUN_03741,MACHINE_L,L50920,302.3,311.2,1401,49.7,118,False,2024-01-16T14:00:00
RUN_03742,MACHINE_L,L50921,302.4,311.3,1503,38.2,120,False,2024-01-16T14:06:00
RUN_03743,MACHINE_L,L50922,302.4,311.4,1564,35.0,122,False,2024-01-16T14:12:00
RUN_03744,MACHINE_L,L50923,302.5,311.4,1759,24.6,124,False,2024-01-16T14:18:00
RUN_03745,MACHINE_L,L50924,302.5,311.4,1409,53.1,126,False,2024-01-16T14:24:00
RUN_03746,MACHINE_L,L50925,302.6,311.4,1738,25.8,128,False,2024-01-16T14:30:00
RUN_03747,MACHINE_H,H33160,302.5,311.3,1393,47.5,130,False,2024-01-16T14:36:00
RUN_03748,MACHINE_L,L50927,302.5,311.1,1499,38.8,135,False,2024-01-16T14:42:00
RUN_03749,MACHINE_L,L50928,302.5,311.1,1493,39.0,137,False,2024-01-16T14:48:00
RUN_03750,MACHINE_L,L50929,302.4,311.1,1652,33.9,139,False,2024-01-16T14:54:00
RUN_03751,MACHINE_L,L50930,302.3,311.1,1589,29.9,141,False,2024-01-16T15:00:00
RUN_03752,MACHINE_L,L50931,302.4,311.1,1520,42.2,143,False,2024-01-16T15:06:00
RUN_03753,MACHINE_H,H33166,302.3,311.1,1455,40.3,145,False,2024-01-16T15:12:00
RUN_03754,MACHINE_L,L50933,302.2,311.0,1463,46.8,150,False,2024-01-16T15:18:00
RUN_03755,MACHINE_L,L50934,302.3,311.0,1442,43.7,152,False,2024-01-16T15:24:00
RUN_03756,MACHINE_L,L50935,302.3,311.0,1329,51.5,154,False,2024-01-16T15:30:00
RUN_03757,MACHINE_L,L50936,302.3,311.1,1546,33.1,156,False,2024-01-16T15:36:00
RUN_03758,MACHINE_M,M18617,302.2,311.1,1516,33.7,158,False,2024-01-16T15:42:00
RUN_03759,MACHINE_M,M18618,302.2,311.0,1476,47.4,161,False,2024-01-16T15:48:00
RUN_03760,MACHINE_L,L50939,302.3,311.0,1412,47.0,164,False,2024-01-16T15:54:00
RUN_03761,MACHINE_L,L50940,302.3,310.9,1377,46.8,166,True,2024-01-16T16:00:00
RUN_03762,MACHINE_M,M18621,302.4,311.0,1490,37.1,168,False,2024-01-16T16:06:00
RUN_03763,MACHINE_M,M18622,302.3,311.0,1526,37.7,171,False,2024-01-16T16:12:00
RUN_03764,MACHINE_L,L50943,302.3,311.0,1428,47.9,174,False,2024-01-16T16:18:00
RUN_03765,MACHINE_L,L50944,302.4,311.0,1329,54.6,176,False,2024-01-16T16:24:00
RUN_03766,MACHINE_M,M18625,302.4,311.1,1443,51.8,178,False,2024-01-16T16:30:00
RUN_03767,MACHINE_L,L50946,302.3,311.1,1373,53.0,181,False,2024-01-16T16:36:00
RUN_03768,MACHINE_L,L50947,302.3,311.1,1630,35.6,183,False,2024-01-16T16:42:00
RUN_03769,MACHINE_L,L50948,302.2,311.0,1555,34.2,185,False,2024-01-16T16:48:00
RUN_03770,MACHINE_M,M18629,302.2,311.0,1436,47.0,187,False,2024-01-16T16:54:00
RUN_03771,MACHINE_L,L50950,302.3,311.0,1609,31.0,190,False,2024-01-16T17:00:00
RUN_03772,MACHINE_M,M18631,302.3,311.0,1384,49.7,192,False,2024-01-16T17:06:00
RUN_03773,MACHINE_L,L50952,302.4,311.1,1448,44.8,195,False,2024-01-16T17:12:00
RUN_03774,MACHINE_M,M18633,302.4,311.1,1887,22.4,197,False,2024-01-16T17:18:00
RUN_03775,MACHINE_M,M18634,302.4,311.1,1480,45.7,200,False,2024-01-16T17:24:00
RUN_03776,MACHINE_H,H33189,302.5,311.1,1850,23.3,203,False,2024-01-16T17:30:00
RUN_03777,MACHINE_L,L50956,302.5,311.1,1538,36.8,208,False,2024-01-16T17:36:00
RUN_03778,MACHINE_M,M18637,302.4,311.1,1721,30.1,210,False,2024-01-16T17:42:00
RUN_03779,MACHINE_M,M18638,302.4,311.1,1366,54.4,0,False,2024-01-16T17:48:00
RUN_03780,MACHINE_L,L50959,302.3,311.0,1657,31.1,3,False,2024-01-16T17:54:00
RUN_03781,MACHINE_L,L50960,302.4,311.1,1446,42.9,5,False,2024-01-16T18:00:00
RUN_03782,MACHINE_L,L50961,302.3,310.8,1465,43.8,7,False,2024-01-16T18:06:00
RUN_03783,MACHINE_L,L50962,302.2,310.8,1827,23.8,9,False,2024-01-16T18:12:00
RUN_03784,MACHINE_H,H33197,302.2,310.8,1397,47.6,11,False,2024-01-16T18:18:00
RUN_03785,MACHINE_L,L50964,302.2,310.8,1744,29.7,16,False,2024-01-16T18:24:00
RUN_03786,MACHINE_L,L50965,302.3,310.9,1545,36.7,18,False,2024-01-16T18:30:00
RUN_03787,MACHINE_L,L50966,302.3,310.9,1587,36.6,20,False,2024-01-16T18:36:00
RUN_03788,MACHINE_L,L50967,302.3,310.8,1377,47.3,22,True,2024-01-16T18:42:00
RUN_03789,MACHINE_L,L50968,302.3,310.8,1511,48.1,24,False,2024-01-16T18:48:00
RUN_03790,MACHINE_L,L50969,302.3,310.8,1650,32.4,26,False,2024-01-16T18:54:00
RUN_03791,MACHINE_L,L50970,302.3,310.9,1412,48.9,28,False,2024-01-16T19:00:00
RUN_03792,MACHINE_L,L50971,302.3,311.0,1528,43.1,30,False,2024-01-16T19:06:00
RUN_03793,MACHINE_L,L50972,302.3,310.9,1459,35.0,32,False,2024-01-16T19:12:00
RUN_03794,MACHINE_L,L50973,302.3,310.9,1379,49.3,34,True,2024-01-16T19:18:00
RUN_03795,MACHINE_M,M18654,302.2,310.8,1356,48.3,36,False,2024-01-16T19:24:00
RUN_03796,MACHINE_M,M18655,302.1,310.8,1409,41.3,39,False,2024-01-16T19:30:00
RUN_03797,MACHINE_M,M18656,302.1,310.8,1504,37.5,42,False,2024-01-16T19:36:00
RUN_03798,MACHINE_L,L50977,302.1,310.8,1622,36.8,45,False,2024-01-16T19:42:00
RUN_03799,MACHINE_L,L50978,302.1,310.8,1786,25.7,47,False,2024-01-16T19:48:00
RUN_03800,MACHINE_L,L50979,302.2,310.9,1506,34.0,49,False,2024-01-16T19:54:00
RUN_03801,MACHINE_M,M18660,302.1,310.9,1916,23.1,51,False,2024-01-16T20:00:00
RUN_03802,MACHINE_M,M18661,302.2,310.9,1771,27.6,54,False,2024-01-16T20:06:00
RUN_03803,MACHINE_M,M18662,302.2,310.9,1488,44.2,57,False,2024-01-16T20:12:00
RUN_03804,MACHINE_L,L50983,302.2,310.9,1531,37.5,60,False,2024-01-16T20:18:00
RUN_03805,MACHINE_L,L50984,302.3,310.9,1529,33.4,62,False,2024-01-16T20:24:00
RUN_03806,MACHINE_M,M18665,302.4,311.0,1580,36.5,64,False,2024-01-16T20:30:00
RUN_03807,MACHINE_M,M18666,302.3,310.9,1360,44.0,67,True,2024-01-16T20:36:00
RUN_03808,MACHINE_M,M18667,302.3,311.0,1546,35.5,70,False,2024-01-16T20:42:00
RUN_03809,MACHINE_M,M18668,302.3,310.9,1762,24.5,73,False,2024-01-16T20:48:00
RUN_03810,MACHINE_L,L50989,302.2,310.8,1350,56.6,76,False,2024-01-16T20:54:00
RUN_03811,MACHINE_M,M18670,302.2,310.8,1562,38.1,78,False,2024-01-16T21:00:00
RUN_03812,MACHINE_M,M18671,302.1,310.7,1608,30.3,81,False,2024-01-16T21:06:00
RUN_03813,MACHINE_L,L50992,302.0,310.6,1392,50.0,84,False,2024-01-16T21:12:00
RUN_03814,MACHINE_L,L50993,302.0,310.6,1467,44.9,86,False,2024-01-16T21:18:00
RUN_03815,MACHINE_M,M18674,302.1,310.6,1326,59.1,88,True,2024-01-16T21:24:00
RUN_03816,MACHINE_L,L50995,302.2,310.7,1769,24.9,91,False,2024-01-16T21:30:00
RUN_03817,MACHINE_L,L50996,302.1,310.6,1459,47.6,93,False,2024-01-16T21:36:00
RUN_03818,MACHINE_M,M18677,302.1,310.6,1421,52.0,95,False,2024-01-16T21:42:00
RUN_03819,MACHINE_L,L50998,302.1,310.7,1491,42.8,98,False,2024-01-16T21:48:00
RUN_03820,MACHINE_L,L50999,302.2,310.7,1567,36.4,100,False,2024-01-16T21:54:00
RUN_03821,MACHINE_L,L51000,302.3,310.8,1421,41.4,102,False,2024-01-16T22:00:00
RUN_03822,MACHINE_L,L51001,302.3,310.9,1596,33.5,104,False,2024-01-16T22:06:00
RUN_03823,MACHINE_M,M18682,302.4,311.0,1464,44.2,106,False,2024-01-16T22:12:00
RUN_03824,MACHINE_M,M18683,302.3,310.9,1581,36.1,109,False,2024-01-16T22:18:00
RUN_03825,MACHINE_L,L51004,302.3,310.9,1620,30.3,112,False,2024-01-16T22:24:00
RUN_03826,MACHINE_H,H33239,302.2,310.7,1413,48.9,114,False,2024-01-16T22:30:00
RUN_03827,MACHINE_H,H33240,302.3,310.8,1438,43.8,119,False,2024-01-16T22:36:00
RUN_03828,MACHINE_M,M18687,302.4,310.9,1469,41.6,124,False,2024-01-16T22:42:00
RUN_03829,MACHINE_M,M18688,302.3,310.8,1762,27.8,127,False,2024-01-16T22:48:00
RUN_03830,MACHINE_H,H33243,302.3,310.9,1366,48.4,130,True,2024-01-16T22:54:00
RUN_03831,MACHINE_L,L51010,302.3,310.9,1891,22.7,135,False,2024-01-16T23:00:00
RUN_03832,MACHINE_M,M18691,302.3,310.9,1742,29.7,137,False,2024-01-16T23:06:00
RUN_03833,MACHINE_M,M18692,302.2,310.9,1465,43.5,140,False,2024-01-16T23:12:00
RUN_03834,MACHINE_M,M18693,302.3,311.0,1541,36.6,143,False,2024-01-16T23:18:00
RUN_03835,MACHINE_M,M18694,302.3,311.1,1295,57.1,146,False,2024-01-16T23:24:00
RUN_03836,MACHINE_M,M18695,302.3,311.1,1435,43.1,149,False,2024-01-16T23:30:00
RUN_03837,MACHINE_L,L51016,302.4,311.2,1466,43.9,152,False,2024-01-16T23:36:00
RUN_03838,MACHINE_L,L51017,302.4,311.2,1450,47.9,154,False,2024-01-16T23:42:00
RUN_03839,MACHINE_L,L51018,302.4,311.1,1880,24.5,156,False,2024-01-16T23:48:00
RUN_03840,MACHINE_M,M18699,302.3,311.0,1578,33.5,158,False,2024-01-16T23:54:00
RUN_03841,MACHINE_L,L51020,302.4,311.0,1610,33.1,161,False,2024-01-17T00:00:00
RUN_03842,MACHINE_L,L51021,302.4,311.1,1565,42.8,163,False,2024-01-17T00:06:00
RUN_03843,MACHINE_L,L51022,302.5,311.2,1545,40.1,165,False,2024-01-17T00:12:00
RUN_03844,MACHINE_L,L51023,302.5,311.2,1227,60.1,167,False,2024-01-17T00:18:00
RUN_03845,MACHINE_L,L51024,302.4,311.1,1484,45.9,169,False,2024-01-17T00:24:00
RUN_03846,MACHINE_L,L51025,302.3,311.0,1591,32.7,171,False,2024-01-17T00:30:00
RUN_03847,MACHINE_L,L51026,302.3,310.9,1403,47.2,173,False,2024-01-17T00:36:00
RUN_03848,MACHINE_M,M18707,302.3,311.0,1450,45.7,175,False,2024-01-17T00:42:00
RUN_03849,MACHINE_L,L51028,302.3,310.9,1720,28.1,178,False,2024-01-17T00:48:00
RUN_03850,MACHINE_L,L51029,302.3,311.0,1561,37.2,180,False,2024-01-17T00:54:00
RUN_03851,MACHINE_M,M18710,302.3,311.0,1421,41.3,182,False,2024-01-17T01:00:00
RUN_03852,MACHINE_H,H33265,302.2,310.9,1415,48.4,185,False,2024-01-17T01:06:00
RUN_03853,MACHINE_L,L51032,302.3,310.9,2034,19.7,190,False,2024-01-17T01:12:00
RUN_03854,MACHINE_L,L51033,302.4,311.0,1486,40.4,192,False,2024-01-17T01:18:00
RUN_03855,MACHINE_L,L51034,302.4,311.0,1338,67.6,194,True,2024-01-17T01:24:00
RUN_03856,MACHINE_H,H33269,302.4,311.1,1578,32.3,196,False,2024-01-17T01:30:00
RUN_03857,MACHINE_M,M18716,302.4,311.2,1330,58.6,201,False,2024-01-17T01:36:00
RUN_03858,MACHINE_H,H33271,302.4,311.2,1506,40.8,204,False,2024-01-17T01:42:00
RUN_03859,MACHINE_L,L51038,302.5,311.4,1559,37.6,209,False,2024-01-17T01:48:00
RUN_03860,MACHINE_L,L51039,302.6,311.5,1599,37.0,211,False,2024-01-17T01:54:00
RUN_03861,MACHINE_L,L51040,302.6,311.5,1427,38.9,213,False,2024-01-17T02:00:00
RUN_03862,MACHINE_M,M18721,302.5,311.5,1481,41.1,215,False,2024-01-17T02:06:00
RUN_03863,MACHINE_H,H33276,302.5,311.5,1496,43.8,218,False,2024-01-17T02:12:00
RUN_03864,MACHINE_L,L51043,302.5,311.4,1674,27.0,223,False,2024-01-17T02:18:00
RUN_03865,MACHINE_M,M18724,302.5,311.4,1629,31.7,225,False,2024-01-17T02:24:00
RUN_03866,MACHINE_H,H33279,302.6,311.5,1629,34.4,228,True,2024-01-17T02:30:00
RUN_03867,MACHINE_L,L51046,302.6,311.6,1311,53.2,0,False,2024-01-17T02:36:00
RUN_03868,MACHINE_M,M18727,302.7,311.6,2709,9.7,2,True,2024-01-17T02:42:00
RUN_03869,MACHINE_M,M18728,302.7,311.7,1759,29.9,5,False,2024-01-17T02:48:00
RUN_03870,MACHINE_L,L51049,302.7,311.7,1480,45.2,8,False,2024-01-17T02:54:00
RUN_03871,MACHINE_L,L51050,302.7,311.8,1461,46.1,10,False,2024-01-17T03:00:00
RUN_03872,MACHINE_M,M18731,302.7,311.8,1728,30.0,12,False,2024-01-17T03:06:00
RUN_03873,MACHINE_L,L51052,302.7,311.9,1389,46.5,15,False,2024-01-17T03:12:00
RUN_03874,MACHINE_L,L51053,302.6,311.8,1638,35.1,17,False,2024-01-17T03:18:00
RUN_03875,MACHINE_L,L51054,302.6,311.7,1254,54.1,19,False,2024-01-17T03:24:00
RUN_03876,MACHINE_L,L51055,302.6,311.8,1427,50.1,21,False,2024-01-17T03:30:00
RUN_03877,MACHINE_L,L51056,302.6,311.8,1627,31.8,23,False,2024-01-17T03:36:00
RUN_03878,MACHINE_H,H33291,302.6,311.7,1471,48.3,25,False,2024-01-17T03:42:00
RUN_03879,MACHINE_L,L51058,302.6,311.7,1773,27.1,30,False,2024-01-17T03:48:00
RUN_03880,MACHINE_M,M18739,302.6,311.7,1430,51.7,32,False,2024-01-17T03:54:00
RUN_03881,MACHINE_L,L51060,302.5,311.6,1595,29.5,35,False,2024-01-17T04:00:00
RUN_03882,MACHINE_L,L51061,302.5,311.5,1521,44.1,37,False,2024-01-17T04:06:00
RUN_03883,MACHINE_L,L51062,302.5,311.6,1419,43.7,39,False,2024-01-17T04:12:00
RUN_03884,MACHINE_M,M18743,302.4,311.4,1534,40.1,41,False,2024-01-17T04:18:00
RUN_03885,MACHINE_H,H33298,302.5,311.5,1626,36.0,44,False,2024-01-17T04:24:00
RUN_03886,MACHINE_L,L51065,302.5,311.5,1677,29.2,49,False,2024-01-17T04:30:00
RUN_03887,MACHINE_L,L51066,302.4,311.3,1392,50.5,51,False,2024-01-17T04:36:00
RUN_03888,MACHINE_L,L51067,302.4,311.2,1448,50.5,53,False,2024-01-17T04:42:00
RUN_03889,MACHINE_L,L51068,302.3,311.2,1903,22.9,55,False,2024-01-17T04:48:00
RUN_03890,MACHINE_L,L51069,302.4,311.2,1404,52.0,57,False,2024-01-17T04:54:00
RUN_03891,MACHINE_L,L51070,302.3,311.2,1386,53.5,59,False,2024-01-17T05:00:00
RUN_03892,MACHINE_L,L51071,302.2,311.1,1418,47.0,61,False,2024-01-17T05:06:00
RUN_03893,MACHINE_M,M18752,302.3,311.1,1338,53.3,63,False,2024-01-17T05:12:00
RUN_03894,MACHINE_L,L51073,302.3,311.2,1549,40.6,66,False,2024-01-17T05:18:00
RUN_03895,MACHINE_M,M18754,302.3,311.2,1432,42.7,68,False,2024-01-17T05:24:00
RUN_03896,MACHINE_M,M18755,302.3,311.2,1546,40.0,71,False,2024-01-17T05:30:00
RUN_03897,MACHINE_M,M18756,302.2,311.2,1627,33.2,74,False,2024-01-17T05:36:00
RUN_03898,MACHINE_M,M18757,302.2,311.1,1640,32.8,77,False,2024-01-17T05:42:00
RUN_03899,MACHINE_M,M18758,302.1,311.1,1423,36.8,80,False,2024-01-17T05:48:00
RUN_03900,MACHINE_M,M18759,302.1,311.0,1711,28.7,83,False,2024-01-17T05:54:00
RUN_03901,MACHINE_M,M18760,302.1,311.1,1450,51.6,86,False,2024-01-17T06:00:00
RUN_03902,MACHINE_H,H33315,302.2,311.1,1553,34.1,89,False,2024-01-17T06:06:00
RUN_03903,MACHINE_L,L51082,302.2,311.1,1630,34.6,94,False,2024-01-17T06:12:00
RUN_03904,MACHINE_H,H33317,302.2,311.1,1476,39.6,96,False,2024-01-17T06:18:00
RUN_03905,MACHINE_H,H33318,302.2,311.1,1426,50.6,101,False,2024-01-17T06:24:00
RUN_03906,MACHINE_M,M18765,302.2,311.2,1561,34.9,106,False,2024-01-17T06:30:00
RUN_03907,MACHINE_L,L51086,302.3,311.2,1297,62.5,109,False,2024-01-17T06:36:00
RUN_03908,MACHINE_M,M18767,302.3,311.2,1842,23.9,111,False,2024-01-17T06:42:00
RUN_03909,MACHINE_L,L51088,302.3,311.2,1633,36.4,114,False,2024-01-17T06:48:00
RUN_03910,MACHINE_H,H33323,302.3,311.3,1744,30.3,116,False,2024-01-17T06:54:00
RUN_03911,MACHINE_L,L51090,302.4,311.4,1831,26.9,121,False,2024-01-17T07:00:00
RUN_03912,MACHINE_M,M18771,302.3,311.3,1339,50.8,123,False,2024-01-17T07:06:00
RUN_03913,MACHINE_L,L51092,302.4,311.4,1475,40.4,126,False,2024-01-17T07:12:00
RUN_03914,MACHINE_M,M18773,302.4,311.4,1675,29.6,128,False,2024-01-17T07:18:00
RUN_03915,MACHINE_L,L51094,302.5,311.5,1493,35.1,131,False,2024-01-17T07:24:00
RUN_03916,MACHINE_L,L51095,302.5,311.5,1700,29.5,133,False,2024-01-17T07:30:00
RUN_03917,MACHINE_L,L51096,302.6,311.6,1453,37.0,135,False,2024-01-17T07:36:00
RUN_03918,MACHINE_L,L51097,302.6,311.7,1542,34.1,137,False,2024-01-17T07:42:00
RUN_03919,MACHINE_M,M18778,302.5,311.5,1358,52.7,139,False,2024-01-17T07:48:00
RUN_03920,MACHINE_H,H33333,302.5,311.5,1655,32.3,142,False,2024-01-17T07:54:00
RUN_03921,MACHINE_L,L51100,302.6,311.5,1885,27.5,147,False,2024-01-17T08:00:00
RUN_03922,MACHINE_L,L51101,302.7,311.5,1494,41.4,149,False,2024-01-17T08:06:00
RUN_03923,MACHINE_M,M18782,302.6,311.4,1757,29.5,151,False,2024-01-17T08:12:00
RUN_03924,MACHINE_M,M18783,302.6,311.4,1718,31.2,154,False,2024-01-17T08:18:00
RUN_03925,MACHINE_M,M18784,302.5,311.4,1636,35.0,157,False,2024-01-17T08:24:00
RUN_03926,MACHINE_L,L51105,302.6,311.6,1638,29.6,160,False,2024-01-17T08:30:00
RUN_03927,MACHINE_L,L51106,302.6,311.5,1609,36.0,162,False,2024-01-17T08:36:00
RUN_03928,MACHINE_H,H33341,302.7,311.5,1556,35.0,164,False,2024-01-17T08:42:00
RUN_03929,MACHINE_L,L51108,302.6,311.5,1442,59.8,169,True,2024-01-17T08:48:00
RUN_03930,MACHINE_M,M18789,302.7,311.6,1501,38.8,171,False,2024-01-17T08:54:00
RUN_03931,MACHINE_M,M18790,302.6,311.6,2041,19.2,174,False,2024-01-17T09:00:00
RUN_03932,MACHINE_M,M18791,302.7,311.7,1784,25.1,177,False,2024-01-17T09:06:00
RUN_03933,MACHINE_L,L51112,302.6,311.6,1953,22.4,180,False,2024-01-17T09:12:00
RUN_03934,MACHINE_L,L51113,302.6,311.6,1576,34.7,182,False,2024-01-17T09:18:00
RUN_03935,MACHINE_M,M18794,302.6,311.6,1518,39.0,184,False,2024-01-17T09:24:00
RUN_03936,MACHINE_M,M18795,302.6,311.6,1227,68.2,187,True,2024-01-17T09:30:00
RUN_03937,MACHINE_L,L51116,302.5,311.5,1985,18.8,190,False,2024-01-17T09:36:00
RUN_03938,MACHINE_L,L51117,302.5,311.5,1802,26.4,192,False,2024-01-17T09:42:00
RUN_03939,MACHINE_L,L51118,302.5,311.5,1603,32.4,194,False,2024-01-17T09:48:00
RUN_03940,MACHINE_L,L51119,302.5,311.6,1400,54.0,196,False,2024-01-17T09:54:00
RUN_03941,MACHINE_L,L51120,302.3,311.5,1395,54.2,198,False,2024-01-17T10:00:00
RUN_03942,MACHINE_L,L51121,302.2,311.4,1987,19.9,200,False,2024-01-17T10:06:00
RUN_03943,MACHINE_M,M18802,302.2,311.4,1398,47.2,202,False,2024-01-17T10:12:00
RUN_03944,MACHINE_L,L51123,302.3,311.4,1333,66.7,205,True,2024-01-17T10:18:00
RUN_03945,MACHINE_L,L51124,302.2,311.2,1381,49.4,207,False,2024-01-17T10:24:00
RUN_03946,MACHINE_L,L51125,302.2,311.3,1570,36.1,0,False,2024-01-17T10:30:00
RUN_03947,MACHINE_M,M18806,302.2,311.3,1658,31.0,2,False,2024-01-17T10:36:00
RUN_03948,MACHINE_H,H33361,302.2,311.3,1749,29.2,5,False,2024-01-17T10:42:00
RUN_03949,MACHINE_M,M18808,302.2,311.3,1510,37.1,10,False,2024-01-17T10:48:00
RUN_03950,MACHINE_L,L51129,302.3,311.5,1384,50.8,13,False,2024-01-17T10:54:00
RUN_03951,MACHINE_L,L51130,302.3,311.4,1570,37.2,15,False,2024-01-17T11:00:00
RUN_03952,MACHINE_M,M18811,302.3,311.4,1571,32.7,17,False,2024-01-17T11:06:00
RUN_03953,MACHINE_L,L51132,302.3,311.4,1476,37.3,20,False,2024-01-17T11:12:00
RUN_03954,MACHINE_M,M18813,302.3,311.4,1484,39.5,22,False,2024-01-17T11:18:00
RUN_03955,MACHINE_M,M18814,302.3,311.4,1909,23.2,25,False,2024-01-17T11:24:00
RUN_03956,MACHINE_L,L51135,302.3,311.5,1448,49.6,28,False,2024-01-17T11:30:00
RUN_03957,MACHINE_M,M18816,302.3,311.4,1500,40.2,30,False,2024-01-17T11:36:00
RUN_03958,MACHINE_L,L51137,302.2,311.4,1510,44.9,33,False,2024-01-17T11:42:00
RUN_03959,MACHINE_L,L51138,302.2,311.3,1378,55.5,35,False,2024-01-17T11:48:00
RUN_03960,MACHINE_M,M18819,302.2,311.4,1538,37.4,37,False,2024-01-17T11:54:00
RUN_03961,MACHINE_L,L51140,302.2,311.4,1390,48.1,40,False,2024-01-17T12:00:00
RUN_03962,MACHINE_M,M18821,302.2,311.4,1642,32.1,42,False,2024-01-17T12:06:00
RUN_03963,MACHINE_L,L51142,302.4,311.5,1785,24.8,45,False,2024-01-17T12:12:00
RUN_03964,MACHINE_H,H33377,302.3,311.5,1526,38.2,47,False,2024-01-17T12:18:00
RUN_03965,MACHINE_M,M18824,302.3,311.6,1668,33.2,52,False,2024-01-17T12:24:00
RUN_03966,MACHINE_L,L51145,302.3,311.5,1507,37.5,55,False,2024-01-17T12:30:00
RUN_03967,MACHINE_L,L51146,302.3,311.5,1530,37.8,57,False,2024-01-17T12:36:00
RUN_03968,MACHINE_M,M18827,302.3,311.4,1479,45.6,59,False,2024-01-17T12:42:00
RUN_03969,MACHINE_M,M18828,302.3,311.4,1418,41.3,62,False,2024-01-17T12:48:00
RUN_03970,MACHINE_L,L51149,302.3,311.4,1504,38.7,65,False,2024-01-17T12:54:00
RUN_03971,MACHINE_M,M18830,302.3,311.4,1345,47.6,67,False,2024-01-17T13:00:00
RUN_03972,MACHINE_H,H33385,302.2,311.4,1625,35.4,70,False,2024-01-17T13:06:00
RUN_03973,MACHINE_L,L51152,302.3,311.4,1511,34.7,75,False,2024-01-17T13:12:00
RUN_03974,MACHINE_L,L51153,302.3,311.4,1535,41.8,77,False,2024-01-17T13:18:00
RUN_03975,MACHINE_L,L51154,302.4,311.5,1505,37.9,79,False,2024-01-17T13:24:00
RUN_03976,MACHINE_H,H33389,302.4,311.5,1540,43.7,81,False,2024-01-17T13:30:00
RUN_03977,MACHINE_H,H33390,302.3,311.4,1372,46.0,86,False,2024-01-17T13:36:00
RUN_03978,MACHINE_M,M18837,302.2,311.3,1510,36.6,91,False,2024-01-17T13:42:00
RUN_03979,MACHINE_L,L51158,302.2,311.3,1382,46.4,94,False,2024-01-17T13:48:00
RUN_03980,MACHINE_L,L51159,302.3,311.3,1439,41.8,96,False,2024-01-17T13:54:00
RUN_03981,MACHINE_M,M18840,302.2,311.3,1375,47.0,98,False,2024-01-17T14:00:00
RUN_03982,MACHINE_M,M18841,302.2,311.3,1931,21.9,101,False,2024-01-17T14:06:00
RUN_03983,MACHINE_L,L51162,302.2,311.3,1475,48.6,104,False,2024-01-17T14:12:00
RUN_03984,MACHINE_L,L51163,302.2,311.3,1389,46.9,106,False,2024-01-17T14:18:00
RUN_03985,MACHINE_L,L51164,302.3,311.3,1652,32.8,108,False,2024-01-17T14:24:00
RUN_03986,MACHINE_L,L51165,302.3,311.2,1386,50.3,110,False,2024-01-17T14:30:00
RUN_03987,MACHINE_M,M18846,302.2,311.3,1577,29.8,112,False,2024-01-17T14:36:00
RUN_03988,MACHINE_M,M18847,302.3,311.3,1444,43.1,115,False,2024-01-17T14:42:00
RUN_03989,MACHINE_L,L51168,302.2,311.3,1554,40.2,118,False,2024-01-17T14:48:00
RUN_03990,MACHINE_L,L51169,302.2,311.3,1602,32.8,120,False,2024-01-17T14:54:00
RUN_03991,MACHINE_H,H33404,302.2,311.2,1692,28.2,122,False,2024-01-17T15:00:00
RUN_03992,MACHINE_L,L51171,302.3,311.3,1682,34.4,127,False,2024-01-17T15:06:00
RUN_03993,MACHINE_L,L51172,302.3,311.3,1614,34.1,129,False,2024-01-17T15:12:00
RUN_03994,MACHINE_L,L51173,302.3,311.3,1324,47.8,131,False,2024-01-17T15:18:00
RUN_03995,MACHINE_L,L51174,302.3,311.4,1434,40.3,133,False,2024-01-17T15:24:00
RUN_03996,MACHINE_L,L51175,302.3,311.3,1621,31.6,135,False,2024-01-17T15:30:00
RUN_03997,MACHINE_M,M18856,302.3,311.3,1625,33.1,137,False,2024-01-17T15:36:00
RUN_03998,MACHINE_L,L51177,302.2,311.1,1394,53.7,140,False,2024-01-17T15:42:00
RUN_03999,MACHINE_L,L51178,302.1,311.0,1586,35.1,142,False,2024-01-17T15:48:00
RUN_04000,MACHINE_L,L51179,302.0,311.0,1420,45.9,144,False,2024-01-17T15:54:00
RUN_04001,MACHINE_L,L51180,302.1,311.2,1422,50.3,146,False,2024-01-17T16:00:00
RUN_04002,MACHINE_H,H33415,302.1,311.2,1598,37.9,148,False,2024-01-17T16:06:00
RUN_04003,MACHINE_L,L51182,302.1,311.2,1454,59.2,153,True,2024-01-17T16:12:00
RUN_04004,MACHINE_L,L51183,302.1,311.2,1519,39.3,155,False,2024-01-17T16:18:00
RUN_04005,MACHINE_L,L51184,302.0,311.1,1373,55.7,157,False,2024-01-17T16:24:00
RUN_04006,MACHINE_M,M18865,302.0,311.1,1406,48.8,159,False,2024-01-17T16:30:00
RUN_04007,MACHINE_L,L51186,302.1,311.2,1492,45.0,162,False,2024-01-17T16:36:00
RUN_04008,MACHINE_L,L51187,302.1,311.2,1369,50.8,164,False,2024-01-17T16:42:00
RUN_04009,MACHINE_M,M18868,302.2,311.2,1471,41.9,166,False,2024-01-17T16:48:00
RUN_04010,MACHINE_L,L51189,302.2,311.2,1630,36.0,169,False,2024-01-17T16:54:00
RUN_04011,MACHINE_M,M18870,302.1,311.1,1605,37.6,171,False,2024-01-17T17:00:00
RUN_04012,MACHINE_L,L51191,302.2,311.1,1447,52.1,174,False,2024-01-17T17:06:00
RUN_04013,MACHINE_M,M18872,302.2,311.2,1360,52.8,176,False,2024-01-17T17:12:00
RUN_04014,MACHINE_M,M18873,302.2,311.1,1728,34.0,179,False,2024-01-17T17:18:00
RUN_04015,MACHINE_L,L51194,302.1,311.0,1740,30.8,182,False,2024-01-17T17:24:00
RUN_04016,MACHINE_L,L51195,302.1,310.9,1477,41.4,184,False,2024-01-17T17:30:00
RUN_04017,MACHINE_L,L51196,302.1,310.9,1658,30.3,186,False,2024-01-17T17:36:00
RUN_04018,MACHINE_L,L51197,302.0,310.8,1902,23.4,188,False,2024-01-17T17:42:00
RUN_04019,MACHINE_M,M18878,302.0,310.8,1783,23.1,190,False,2024-01-17T17:48:00
RUN_04020,MACHINE_M,M18879,302.0,310.9,1558,45.3,193,False,2024-01-17T17:54:00
RUN_04021,MACHINE_L,L51200,302.1,311.0,1351,49.5,196,False,2024-01-17T18:00:00
RUN_04022,MACHINE_H,H33435,302.1,310.9,1452,42.5,198,False,2024-01-17T18:06:00
RUN_04023,MACHINE_L,L51202,302.1,310.9,1666,30.7,203,False,2024-01-17T18:12:00
RUN_04024,MACHINE_L,L51203,302.1,311.0,1364,50.0,205,False,2024-01-17T18:18:00
RUN_04025,MACHINE_M,M18884,302.1,311.0,1351,60.3,207,True,2024-01-17T18:24:00
RUN_04026,MACHINE_H,H33439,302.1,311.0,1729,26.1,210,False,2024-01-17T18:30:00
RUN_04027,MACHINE_M,M18886,302.1,311.0,1574,34.1,215,False,2024-01-17T18:36:00
RUN_04028,MACHINE_L,L51207,302.0,311.0,1566,37.8,218,False,2024-01-17T18:42:00
RUN_04029,MACHINE_L,L51208,302.0,310.9,1455,43.2,220,False,2024-01-17T18:48:00
RUN_04030,MACHINE_H,H33443,302.0,310.9,1679,29.0,222,False,2024-01-17T18:54:00
RUN_04031,MACHINE_L,L51210,302.0,310.8,2143,17.3,227,False,2024-01-17T19:00:00
RUN_04032,MACHINE_L,L51211,302.0,310.8,1447,42.7,229,False,2024-01-17T19:06:00
RUN_04033,MACHINE_L,L51212,302.0,310.8,1383,50.3,231,True,2024-01-17T19:12:00
RUN_04034,MACHINE_L,L51213,302.1,310.8,1772,27.1,233,False,2024-01-17T19:18:00
RUN_04035,MACHINE_L,L51214,302.0,310.8,1615,29.0,235,True,2024-01-17T19:24:00
RUN_04036,MACHINE_L,L51215,302.0,310.8,1454,36.6,0,False,2024-01-17T19:30:00
RUN_04037,MACHINE_L,L51216,302.0,310.8,1445,49.1,2,False,2024-01-17T19:36:00
RUN_04038,MACHINE_M,M18897,302.0,310.8,1609,35.2,4,False,2024-01-17T19:42:00
RUN_04039,MACHINE_L,L51218,302.0,310.9,1546,34.4,7,False,2024-01-17T19:48:00
RUN_04040,MACHINE_L,L51219,301.9,310.8,1567,39.3,9,False,2024-01-17T19:54:00
RUN_04041,MACHINE_L,L51220,302.0,310.8,1767,27.4,11,False,2024-01-17T20:00:00
RUN_04042,MACHINE_L,L51221,302.0,310.9,1539,34.2,13,False,2024-01-17T20:06:00
RUN_04043,MACHINE_L,L51222,302.0,310.9,1564,39.0,15,False,2024-01-17T20:12:00
RUN_04044,MACHINE_M,M18903,302.0,310.8,1445,46.3,17,False,2024-01-17T20:18:00
RUN_04045,MACHINE_M,M18904,301.9,310.9,1419,47.7,20,True,2024-01-17T20:24:00
RUN_04046,MACHINE_M,M18905,301.8,310.9,1881,20.9,23,False,2024-01-17T20:30:00
RUN_04047,MACHINE_M,M18906,301.9,310.9,1421,46.2,26,False,2024-01-17T20:36:00
RUN_04048,MACHINE_L,L51227,301.9,311.0,1455,46.0,29,False,2024-01-17T20:42:00
RUN_04049,MACHINE_L,L51228,301.9,311.0,2691,12.1,31,True,2024-01-17T20:48:00
RUN_04050,MACHINE_L,L51229,301.8,310.8,1505,41.2,33,False,2024-01-17T20:54:00
RUN_04051,MACHINE_L,L51230,301.8,310.8,1456,46.6,35,False,2024-01-17T21:00:00
RUN_04052,MACHINE_L,L51231,301.8,310.8,1383,46.4,37,False,2024-01-17T21:06:00
RUN_04053,MACHINE_M,M18912,301.9,310.8,1563,39.2,39,False,2024-01-17T21:12:00
RUN_04054,MACHINE_M,M18913,301.9,310.9,2305,16.1,42,False,2024-01-17T21:18:00
RUN_04055,MACHINE_M,M18914,301.9,310.9,1456,43.6,45,False,2024-01-17T21:24:00
RUN_04056,MACHINE_L,L51235,302.0,311.0,1865,22.7,48,False,2024-01-17T21:30:00
RUN_04057,MACHINE_L,L51236,301.9,310.9,1597,36.9,50,False,2024-01-17T21:36:00
RUN_04058,MACHINE_L,L51237,302.0,310.9,1495,38.6,52,False,2024-01-17T21:42:00
RUN_04059,MACHINE_M,M18918,302.0,310.9,1456,47.2,54,False,2024-01-17T21:48:00
RUN_04060,MACHINE_L,L51239,301.9,310.8,1465,44.3,57,False,2024-01-17T21:54:00
RUN_04061,MACHINE_M,M18920,302.0,310.9,1352,55.5,59,False,2024-01-17T22:00:00
RUN_04062,MACHINE_L,L51241,301.9,310.8,1906,21.7,62,False,2024-01-17T22:06:00
RUN_04063,MACHINE_L,L51242,302.0,310.9,1446,44.0,64,False,2024-01-17T22:12:00
RUN_04064,MACHINE_L,L51243,302.0,310.8,1948,19.7,66,False,2024-01-17T22:18:00
RUN_04065,MACHINE_L,L51244,301.9,310.7,1480,47.1,68,False,2024-01-17T22:24:00
RUN_04066,MACHINE_M,M18925,301.9,310.7,1511,37.6,70,False,2024-01-17T22:30:00
RUN_04067,MACHINE_M,M18926,301.9,310.7,1472,47.0,73,False,2024-01-17T22:36:00
RUN_04068,MACHINE_L,L51247,301.9,310.7,1429,51.0,76,False,2024-01-17T22:42:00
RUN_04069,MACHINE_L,L51248,301.9,310.7,1405,48.8,78,False,2024-01-17T22:48:00
RUN_04070,MACHINE_M,M18929,301.9,310.7,1405,47.9,80,False,2024-01-17T22:54:00
RUN_04071,MACHINE_L,L51250,302.0,310.7,1348,58.1,83,False,2024-01-17T23:00:00
RUN_04072,MACHINE_L,L51251,301.9,310.6,1331,68.6,85,True,2024-01-17T23:06:00
RUN_04073,MACHINE_L,L51252,301.9,310.6,1610,33.4,87,False,2024-01-17T23:12:00
RUN_04074,MACHINE_M,M18933,301.9,310.6,1412,46.5,89,False,2024-01-17T23:18:00
RUN_04075,MACHINE_L,L51254,302.0,310.7,1453,42.7,92,False,2024-01-17T23:24:00
RUN_04076,MACHINE_L,L51255,302.0,310.6,1583,38.9,94,False,2024-01-17T23:30:00
RUN_04077,MACHINE_M,M18936,302.0,310.6,1539,37.4,96,False,2024-01-17T23:36:00
RUN_04078,MACHINE_L,L51257,302.0,310.5,1635,39.8,99,False,2024-01-17T23:42:00
RUN_04079,MACHINE_H,H33492,302.1,310.7,1294,62.4,101,True,2024-01-17T23:48:00
RUN_04080,MACHINE_L,L51259,302.0,310.5,1978,22.0,106,False,2024-01-17T23:54:00
RUN_04081,MACHINE_L,L51260,302.0,310.4,1357,58.0,108,True,2024-01-18T00:00:00
RUN_04082,MACHINE_L,L51261,302.0,310.4,1336,58.2,110,True,2024-01-18T00:06:00
RUN_04083,MACHINE_L,L51262,302.0,310.4,1568,39.2,112,False,2024-01-18T00:12:00
RUN_04084,MACHINE_M,M18943,302.0,310.4,1567,36.4,114,False,2024-01-18T00:18:00
RUN_04085,MACHINE_L,L51264,302.0,310.4,1611,35.6,117,False,2024-01-18T00:24:00
RUN_04086,MACHINE_H,H33499,302.0,310.5,1841,23.6,119,False,2024-01-18T00:30:00
RUN_04087,MACHINE_L,L51266,302.0,310.5,1567,36.1,124,False,2024-01-18T00:36:00
RUN_04088,MACHINE_L,L51267,301.9,310.4,1376,54.9,126,True,2024-01-18T00:42:00
RUN_04089,MACHINE_L,L51268,301.9,310.5,1477,42.4,128,False,2024-01-18T00:48:00
RUN_04090,MACHINE_M,M18949,301.9,310.5,1590,40.3,130,False,2024-01-18T00:54:00
RUN_04091,MACHINE_L,L51270,302.0,310.5,2197,15.8,133,False,2024-01-18T01:00:00
RUN_04092,MACHINE_M,M18951,302.0,310.4,1595,32.9,135,False,2024-01-18T01:06:00
RUN_04093,MACHINE_H,H33506,302.0,310.5,1812,24.4,138,False,2024-01-18T01:12:00
RUN_04094,MACHINE_M,M18953,302.0,310.5,1573,32.1,143,False,2024-01-18T01:18:00
RUN_04095,MACHINE_L,L51274,302.0,310.5,1651,30.9,146,False,2024-01-18T01:24:00
RUN_04096,MACHINE_H,H33509,302.0,310.5,1459,43.2,148,False,2024-01-18T01:30:00
RUN_04097,MACHINE_L,L51276,301.9,310.4,1370,51.7,153,True,2024-01-18T01:36:00
RUN_04098,MACHINE_L,L51277,301.9,310.4,1518,34.1,155,False,2024-01-18T01:42:00
RUN_04099,MACHINE_L,L51278,302.0,310.3,1648,29.6,157,False,2024-01-18T01:48:00
RUN_04100,MACHINE_L,L51279,302.0,310.4,1464,47.2,159,False,2024-01-18T01:54:00
RUN_04101,MACHINE_L,L51280,302.0,310.4,1895,23.2,161,False,2024-01-18T02:00:00
RUN_04102,MACHINE_L,L51281,301.9,310.4,1884,23.4,163,False,2024-01-18T02:06:00
RUN_04103,MACHINE_L,L51282,302.0,310.4,1450,46.6,165,False,2024-01-18T02:12:00
RUN_04104,MACHINE_L,L51283,302.0,310.4,1448,43.4,167,False,2024-01-18T02:18:00
RUN_04105,MACHINE_L,L51284,302.1,310.5,1389,49.6,169,False,2024-01-18T02:24:00
RUN_04106,MACHINE_L,L51285,302.0,310.6,1583,35.2,171,False,2024-01-18T02:30:00
RUN_04107,MACHINE_L,L51286,301.9,310.5,1425,51.1,173,False,2024-01-18T02:36:00
RUN_04108,MACHINE_L,L51287,302.0,310.5,1809,27.1,175,False,2024-01-18T02:42:00
RUN_04109,MACHINE_L,L51288,301.9,310.5,1892,21.8,177,False,2024-01-18T02:48:00
RUN_04110,MACHINE_M,M18969,301.9,310.6,1475,47.8,179,False,2024-01-18T02:54:00
RUN_04111,MACHINE_L,L51290,302.0,310.6,1361,46.7,182,False,2024-01-18T03:00:00
RUN_04112,MACHINE_M,M18971,302.0,310.6,1563,41.0,184,False,2024-01-18T03:06:00
RUN_04113,MACHINE_H,H33526,301.9,310.5,1472,39.7,187,False,2024-01-18T03:12:00
RUN_04114,MACHINE_L,L51293,302.0,310.6,1325,55.3,192,False,2024-01-18T03:18:00
RUN_04115,MACHINE_L,L51294,302.0,310.6,1358,53.1,194,False,2024-01-18T03:24:00
RUN_04116,MACHINE_H,H33529,302.0,310.6,1346,54.7,196,False,2024-01-18T03:30:00
RUN_04117,MACHINE_M,M18976,302.0,310.5,1381,58.4,201,False,2024-01-18T03:36:00
RUN_04118,MACHINE_L,L51297,301.9,310.5,1340,55.7,204,True,2024-01-18T03:42:00
RUN_04119,MACHINE_L,L51298,302.0,310.6,1366,47.7,206,False,2024-01-18T03:48:00
RUN_04120,MACHINE_L,L51299,302.1,310.7,1325,45.1,208,True,2024-01-18T03:54:00
RUN_04121,MACHINE_M,M18980,302.1,310.7,1376,46.3,210,True,2024-01-18T04:00:00
RUN_04122,MACHINE_M,M18981,302.1,310.7,1364,47.8,213,True,2024-01-18T04:06:00
RUN_04123,MACHINE_L,L51302,302.2,310.6,1462,43.6,0,False,2024-01-18T04:12:00
RUN_04124,MACHINE_M,M18983,302.1,310.6,1517,38.9,2,False,2024-01-18T04:18:00
RUN_04125,MACHINE_L,L51304,302.1,310.6,1385,53.6,5,False,2024-01-18T04:24:00
RUN_04126,MACHINE_L,L51305,302.1,310.6,1439,40.0,7,False,2024-01-18T04:30:00
RUN_04127,MACHINE_M,M18986,302.0,310.6,1623,34.3,9,False,2024-01-18T04:36:00
RUN_04128,MACHINE_H,H33541,302.0,310.6,1438,43.2,12,False,2024-01-18T04:42:00
RUN_04129,MACHINE_L,L51308,301.9,310.4,1708,24.8,17,False,2024-01-18T04:48:00
RUN_04130,MACHINE_M,M18989,301.8,310.3,1666,32.7,19,False,2024-01-18T04:54:00
RUN_04131,MACHINE_L,L51310,301.9,310.4,1286,62.8,22,True,2024-01-18T05:00:00
RUN_04132,MACHINE_L,L51311,301.9,310.3,1485,46.3,24,False,2024-01-18T05:06:00
RUN_04133,MACHINE_M,M18992,301.8,310.3,1409,52.5,26,False,2024-01-18T05:12:00
RUN_04134,MACHINE_L,L51313,301.8,310.3,1765,27.3,29,False,2024-01-18T05:18:00
RUN_04135,MACHINE_L,L51314,301.8,310.3,1688,28.8,31,False,2024-01-18T05:24:00
RUN_04136,MACHINE_M,M18995,301.7,310.3,1787,26.7,33,False,2024-01-18T05:30:00
RUN_04137,MACHINE_L,L51316,301.7,310.1,1487,48.0,36,False,2024-01-18T05:36:00
RUN_04138,MACHINE_L,L51317,301.7,310.1,1384,50.5,38,False,2024-01-18T05:42:00
RUN_04139,MACHINE_L,L51318,301.7,310.2,1311,57.4,40,True,2024-01-18T05:48:00
RUN_04140,MACHINE_H,H33553,301.7,310.2,1620,30.8,42,False,2024-01-18T05:54:00
RUN_04141,MACHINE_L,L51320,301.7,310.2,1331,61.2,47,True,2024-01-18T06:00:00
RUN_04142,MACHINE_H,H33555,301.7,310.1,1462,38.3,49,False,2024-01-18T06:06:00
RUN_04143,MACHINE_L,L51322,301.7,310.1,1424,50.2,54,False,2024-01-18T06:12:00
RUN_04144,MACHINE_L,L51323,301.7,310.1,1500,39.6,56,False,2024-01-18T06:18:00
RUN_04145,MACHINE_L,L51324,301.8,310.1,1738,28.0,58,False,2024-01-18T06:24:00
RUN_04146,MACHINE_M,M19005,301.8,310.3,1465,46.5,60,False,2024-01-18T06:30:00
RUN_04147,MACHINE_L,L51326,301.8,310.3,1482,41.4,63,False,2024-01-18T06:36:00
RUN_04148,MACHINE_L,L51327,301.9,310.3,1398,44.0,65,False,2024-01-18T06:42:00
RUN_04149,MACHINE_L,L51328,301.9,310.3,1972,21.3,67,False,2024-01-18T06:48:00
RUN_04150,MACHINE_L,L51329,301.9,310.4,1603,37.6,69,False,2024-01-18T06:54:00
RUN_04151,MACHINE_L,L51330,301.9,310.4,1610,34.8,71,False,2024-01-18T07:00:00
RUN_04152,MACHINE_M,M19011,301.9,310.4,1373,48.0,73,True,2024-01-18T07:06:00
RUN_04153,MACHINE_M,M19012,302.0,310.5,1425,44.7,76,False,2024-01-18T07:12:00
RUN_04154,MACHINE_M,M19013,302.0,310.4,1212,55.6,79,True,2024-01-18T07:18:00
RUN_04155,MACHINE_M,M19014,302.0,310.4,1828,26.3,82,False,2024-01-18T07:24:00
RUN_04156,MACHINE_L,L51335,302.0,310.5,1370,44.4,85,True,2024-01-18T07:30:00
RUN_04157,MACHINE_M,M19016,302.0,310.5,1823,25.1,87,False,2024-01-18T07:36:00
RUN_04158,MACHINE_L,L51337,302.0,310.5,1263,60.6,90,True,2024-01-18T07:42:00
RUN_04159,MACHINE_L,L51338,301.9,310.4,1889,21.5,92,False,2024-01-18T07:48:00
RUN_04160,MACHINE_M,M19019,302.0,310.5,1639,32.9,94,False,2024-01-18T07:54:00
RUN_04161,MACHINE_M,M19020,302.0,310.4,1608,33.1,97,False,2024-01-18T08:00:00
RUN_04162,MACHINE_H,H33575,301.9,310.3,1653,32.4,100,False,2024-01-18T08:06:00
RUN_04163,MACHINE_L,L51342,302.0,310.4,1591,29.8,105,False,2024-01-18T08:12:00
RUN_04164,MACHINE_L,L51343,302.1,310.5,1696,30.9,107,False,2024-01-18T08:18:00
RUN_04165,MACHINE_L,L51344,302.2,310.6,1346,47.5,109,True,2024-01-18T08:24:00
RUN_04166,MACHINE_M,M19025,302.2,310.5,1507,40.4,111,False,2024-01-18T08:30:00
RUN_04167,MACHINE_H,H33580,302.3,310.6,1525,48.7,114,False,2024-01-18T08:36:00
RUN_04168,MACHINE_M,M19027,302.3,310.7,1559,33.9,119,False,2024-01-18T08:42:00
RUN_04169,MACHINE_L,L51348,302.2,310.6,1632,30.5,122,False,2024-01-18T08:48:00
RUN_04170,MACHINE_L,L51349,302.1,310.5,1559,36.0,124,False,2024-01-18T08:54:00
RUN_04171,MACHINE_M,M19030,302.2,310.6,1355,51.5,126,True,2024-01-18T09:00:00
RUN_04172,MACHINE_M,M19031,302.2,310.5,1832,23.7,129,False,2024-01-18T09:06:00
RUN_04173,MACHINE_L,L51352,302.2,310.6,1386,50.0,132,False,2024-01-18T09:12:00
RUN_04174,MACHINE_M,M19033,302.2,310.6,1346,49.2,134,True,2024-01-18T09:18:00
RUN_04175,MACHINE_L,L51354,302.3,310.7,1499,37.8,137,False,2024-01-18T09:24:00
RUN_04176,MACHINE_L,L51355,302.3,310.7,1612,33.4,139,False,2024-01-18T09:30:00
RUN_04177,MACHINE_M,M19036,302.3,310.7,1544,39.7,141,False,2024-01-18T09:36:00
RUN_04178,MACHINE_L,L51357,302.5,310.9,1477,39.2,144,False,2024-01-18T09:42:00
RUN_04179,MACHINE_L,L51358,302.5,310.9,1624,34.4,146,False,2024-01-18T09:48:00
RUN_04180,MACHINE_L,L51359,302.4,310.9,1349,46.1,148,True,2024-01-18T09:54:00
RUN_04181,MACHINE_L,L51360,302.4,310.8,1686,28.8,150,False,2024-01-18T10:00:00
RUN_04182,MACHINE_M,M19041,302.4,310.7,1521,40.4,152,False,2024-01-18T10:06:00
RUN_04183,MACHINE_L,L51362,302.4,310.7,1362,54.8,155,True,2024-01-18T10:12:00
RUN_04184,MACHINE_L,L51363,302.3,310.7,1402,50.9,157,False,2024-01-18T10:18:00
RUN_04185,MACHINE_L,L51364,302.2,310.6,1334,53.2,159,True,2024-01-18T10:24:00
RUN_04186,MACHINE_L,L51365,302.2,310.6,1348,48.4,161,True,2024-01-18T10:30:00
RUN_04187,MACHINE_M,M19046,302.2,310.6,1570,34.6,163,False,2024-01-18T10:36:00
RUN_04188,MACHINE_M,M19047,302.2,310.7,1601,33.0,166,False,2024-01-18T10:42:00
RUN_04189,MACHINE_M,M19048,302.3,310.8,1611,31.8,169,False,2024-01-18T10:48:00
RUN_04190,MACHINE_L,L51369,302.4,310.9,1560,31.8,172,False,2024-01-18T10:54:00
RUN_04191,MACHINE_H,H33604,302.4,310.9,1444,40.7,174,False,2024-01-18T11:00:00
RUN_04192,MACHINE_L,L51371,302.4,311.0,1317,59.4,179,False,2024-01-18T11:06:00
RUN_04193,MACHINE_M,M19052,302.5,311.0,1463,43.1,181,False,2024-01-18T11:12:00
RUN_04194,MACHINE_L,L51373,302.4,311.1,1634,34.2,184,False,2024-01-18T11:18:00
RUN_04195,MACHINE_L,L51374,302.4,311.0,1423,46.2,186,False,2024-01-18T11:24:00
RUN_04196,MACHINE_L,L51375,302.5,311.0,1548,38.4,188,False,2024-01-18T11:30:00
RUN_04197,MACHINE_M,M19056,302.5,311.0,1563,35.6,190,False,2024-01-18T11:36:00
RUN_04198,MACHINE_L,L51377,302.4,311.0,1573,36.5,193,False,2024-01-18T11:42:00
RUN_04199,MACHINE_M,M19058,302.4,311.1,1432,44.5,195,False,2024-01-18T11:48:00
RUN_04200,MACHINE_M,M19059,302.5,311.1,1638,32.0,198,False,2024-01-18T11:54:00
RUN_04201,MACHINE_L,L51380,302.5,311.1,1571,34.2,201,False,2024-01-18T12:00:00
RUN_04202,MACHINE_L,L51381,302.4,311.0,2211,15.4,203,False,2024-01-18T12:06:00
RUN_04203,MACHINE_L,L51382,302.4,311.0,1555,40.6,205,False,2024-01-18T12:12:00
RUN_04204,MACHINE_M,M19063,302.3,310.9,1558,31.9,207,False,2024-01-18T12:18:00
RUN_04205,MACHINE_M,M19064,302.3,310.9,1523,43.2,210,False,2024-01-18T12:24:00
RUN_04206,MACHINE_L,L51385,302.3,310.8,1723,26.3,213,False,2024-01-18T12:30:00
RUN_04207,MACHINE_M,M19066,302.3,310.8,1721,28.4,215,False,2024-01-18T12:36:00
RUN_04208,MACHINE_M,M19067,302.3,310.9,1710,30.4,218,True,2024-01-18T12:42:00
RUN_04209,MACHINE_M,M19068,302.3,310.9,1627,32.3,0,False,2024-01-18T12:48:00
RUN_04210,MACHINE_M,M19069,302.2,310.8,1422,47.0,3,False,2024-01-18T12:54:00
RUN_04211,MACHINE_L,L51390,302.1,310.8,1565,35.3,6,False,2024-01-18T13:00:00
RUN_04212,MACHINE_L,L51391,302.1,310.7,1314,52.8,8,True,2024-01-18T13:06:00
RUN_04213,MACHINE_M,M19072,302.0,310.6,1392,60.5,10,False,2024-01-18T13:12:00
RUN_04214,MACHINE_L,L51393,302.1,310.7,1465,40.7,13,False,2024-01-18T13:18:00
RUN_04215,MACHINE_L,L51394,301.9,310.6,1573,36.6,15,False,2024-01-18T13:24:00
RUN_04216,MACHINE_M,M19075,302.0,310.7,2157,17.8,17,False,2024-01-18T13:30:00
RUN_04217,MACHINE_L,L51396,301.9,310.7,1370,50.3,20,False,2024-01-18T13:36:00
RUN_04218,MACHINE_L,L51397,301.9,310.6,1462,38.8,22,False,2024-01-18T13:42:00
RUN_04219,MACHINE_M,M19078,302.0,310.6,1479,40.5,24,False,2024-01-18T13:48:00
RUN_04220,MACHINE_L,L51399,301.9,310.7,1717,26.8,27,False,2024-01-18T13:54:00
RUN_04221,MACHINE_M,M19080,301.9,310.6,1260,65.9,29,False,2024-01-18T14:00:00
RUN_04222,MACHINE_L,L51401,301.9,310.6,1467,39.3,32,False,2024-01-18T14:06:00
RUN_04223,MACHINE_M,M19082,302.0,310.6,1535,38.6,34,False,2024-01-18T14:12:00
RUN_04224,MACHINE_L,L51403,302.0,310.7,1657,31.9,37,False,2024-01-18T14:18:00
RUN_04225,MACHINE_L,L51404,302.0,310.7,1698,28.1,39,False,2024-01-18T14:24:00
RUN_04226,MACHINE_L,L51405,302.1,310.7,1359,49.3,41,True,2024-01-18T14:30:00
RUN_04227,MACHINE_L,L51406,302.1,310.8,1596,37.1,43,False,2024-01-18T14:36:00
RUN_04228,MACHINE_L,L51407,302.2,310.8,1383,46.9,45,False,2024-01-18T14:42:00
RUN_04229,MACHINE_L,L51408,302.2,310.8,2203,16.6,47,False,2024-01-18T14:48:00
RUN_04230,MACHINE_M,M19089,302.2,310.8,1408,46.8,49,False,2024-01-18T14:54:00
RUN_04231,MACHINE_L,L51410,302.2,310.8,1673,32.9,52,False,2024-01-18T15:00:00
RUN_04232,MACHINE_L,L51411,302.2,310.8,1340,47.8,54,False,2024-01-18T15:06:00
RUN_04233,MACHINE_L,L51412,302.2,310.9,1452,42.3,56,False,2024-01-18T15:12:00
RUN_04234,MACHINE_M,M19093,302.2,310.9,1302,53.4,58,False,2024-01-18T15:18:00
RUN_04235,MACHINE_H,H33648,302.2,310.9,1522,35.9,61,False,2024-01-18T15:24:00
RUN_04236,MACHINE_L,L51415,302.2,310.8,1438,41.4,66,False,2024-01-18T15:30:00
RUN_04237,MACHINE_L,L51416,302.2,310.9,1604,40.5,68,False,2024-01-18T15:36:00
RUN_04238,MACHINE_L,L51417,302.2,311.0,1832,23.2,70,False,2024-01-18T15:42:00
RUN_04239,MACHINE_M,M19098,302.3,311.0,1521,34.8,72,False,2024-01-18T15:48:00
RUN_04240,MACHINE_L,L51419,302.3,311.0,1446,37.6,75,False,2024-01-18T15:54:00
RUN_04241,MACHINE_L,L51420,302.4,311.1,1905,20.9,77,False,2024-01-18T16:00:00
RUN_04242,MACHINE_L,L51421,302.4,311.0,1475,47.9,79,False,2024-01-18T16:06:00
RUN_04243,MACHINE_L,L51422,302.4,311.0,1462,48.5,81,False,2024-01-18T16:12:00
RUN_04244,MACHINE_M,M19103,302.4,310.9,1435,42.3,83,False,2024-01-18T16:18:00
RUN_04245,MACHINE_L,L51424,302.4,310.9,1469,39.6,86,False,2024-01-18T16:24:00
RUN_04246,MACHINE_M,M19105,302.6,311.1,1520,43.0,88,False,2024-01-18T16:30:00
RUN_04247,MACHINE_L,L51426,302.6,311.0,1537,35.5,91,False,2024-01-18T16:36:00
RUN_04248,MACHINE_L,L51427,302.6,311.0,1369,60.0,93,True,2024-01-18T16:42:00
RUN_04249,MACHINE_L,L51428,302.6,311.0,1506,37.2,95,False,2024-01-18T16:48:00
RUN_04250,MACHINE_L,L51429,302.5,310.9,1330,56.9,97,True,2024-01-18T16:54:00
RUN_04251,MACHINE_L,L51430,302.6,311.0,1660,38.0,99,False,2024-01-18T17:00:00
RUN_04252,MACHINE_H,H33665,302.5,310.9,1356,55.5,101,True,2024-01-18T17:06:00
RUN_04253,MACHINE_H,H33666,302.6,311.0,1438,51.0,106,False,2024-01-18T17:12:00
RUN_04254,MACHINE_M,M19113,302.6,311.0,1329,48.6,111,True,2024-01-18T17:18:00
RUN_04255,MACHINE_L,L51434,302.6,311.0,1284,68.0,114,True,2024-01-18T17:24:00
RUN_04256,MACHINE_M,M19115,302.5,311.0,1387,52.1,116,False,2024-01-18T17:30:00
RUN_04257,MACHINE_M,M19116,302.6,311.0,1591,33.9,119,False,2024-01-18T17:36:00
RUN_04258,MACHINE_M,M19117,302.6,311.0,1589,39.0,122,False,2024-01-18T17:42:00
RUN_04259,MACHINE_M,M19118,302.7,311.1,1297,60.7,125,True,2024-01-18T17:48:00
RUN_04260,MACHINE_L,L51439,302.7,311.2,1545,35.1,128,False,2024-01-18T17:54:00
RUN_04261,MACHINE_H,H33674,302.7,311.1,1418,43.4,130,False,2024-01-18T18:00:00
RUN_04262,MACHINE_L,L51441,302.7,311.1,1730,28.1,135,False,2024-01-18T18:06:00
RUN_04263,MACHINE_L,L51442,302.6,311.0,2001,20.7,137,False,2024-01-18T18:12:00
RUN_04264,MACHINE_L,L51443,302.6,311.0,1620,36.2,139,False,2024-01-18T18:18:00
RUN_04265,MACHINE_M,M19124,302.6,311.0,1542,39.7,141,False,2024-01-18T18:24:00
RUN_04266,MACHINE_L,L51445,302.6,311.0,1424,38.0,144,False,2024-01-18T18:30:00
RUN_04267,MACHINE_L,L51446,302.7,311.1,1440,39.5,146,False,2024-01-18T18:36:00
RUN_04268,MACHINE_L,L51447,302.6,311.0,1520,42.8,148,False,2024-01-18T18:42:00
RUN_04269,MACHINE_L,L51448,302.7,311.0,1694,29.8,150,False,2024-01-18T18:48:00
RUN_04270,MACHINE_L,L51449,302.6,311.0,1610,39.2,152,False,2024-01-18T18:54:00
RUN_04271,MACHINE_L,L51450,302.6,310.9,1331,52.0,154,True,2024-01-18T19:00:00
RUN_04272,MACHINE_L,L51451,302.6,310.8,1470,41.2,156,False,2024-01-18T19:06:00
RUN_04273,MACHINE_L,L51452,302.5,310.8,1577,36.9,158,False,2024-01-18T19:12:00
RUN_04274,MACHINE_L,L51453,302.6,310.8,1486,36.4,160,False,2024-01-18T19:18:00
RUN_04275,MACHINE_L,L51454,302.4,310.6,1445,40.3,162,False,2024-01-18T19:24:00
RUN_04276,MACHINE_M,M19135,302.4,310.5,1500,36.7,164,False,2024-01-18T19:30:00
RUN_04277,MACHINE_M,M19136,302.2,310.4,1456,47.5,167,False,2024-01-18T19:36:00
RUN_04278,MACHINE_L,L51457,302.2,310.4,1743,28.1,170,False,2024-01-18T19:42:00
RUN_04279,MACHINE_L,L51458,302.0,310.1,1409,50.4,172,False,2024-01-18T19:48:00
RUN_04280,MACHINE_L,L51459,302.0,310.1,1361,45.4,174,True,2024-01-18T19:54:00
RUN_04281,MACHINE_L,L51460,302.1,310.1,1753,28.9,176,False,2024-01-18T20:00:00
RUN_04282,MACHINE_L,L51461,302.0,310.0,1832,22.9,178,False,2024-01-18T20:06:00
RUN_04283,MACHINE_L,L51462,301.9,309.9,1374,48.5,180,True,2024-01-18T20:12:00
RUN_04284,MACHINE_M,M19143,301.8,309.9,1334,61.0,182,True,2024-01-18T20:18:00
RUN_04285,MACHINE_L,L51464,301.8,310.0,1493,40.3,185,False,2024-01-18T20:24:00
RUN_04286,MACHINE_L,L51465,301.7,309.9,1317,49.0,187,True,2024-01-18T20:30:00
RUN_04287,MACHINE_M,M19146,301.7,309.9,1434,47.9,189,False,2024-01-18T20:36:00
RUN_04288,MACHINE_M,M19147,301.7,309.9,1457,39.2,192,False,2024-01-18T20:42:00
RUN_04289,MACHINE_M,M19148,301.7,310.0,1391,50.6,195,False,2024-01-18T20:48:00
RUN_04290,MACHINE_M,M19149,301.8,310.0,1781,23.9,198,False,2024-01-18T20:54:00
RUN_04291,MACHINE_L,L51470,301.8,310.0,1642,32.6,201,False,2024-01-18T21:00:00
RUN_04292,MACHINE_L,L51471,301.8,310.0,2032,19.0,203,False,2024-01-18T21:06:00
RUN_04293,MACHINE_M,M19152,301.8,310.1,2372,13.9,205,True,2024-01-18T21:12:00
RUN_04294,MACHINE_L,L51473,301.8,310.0,1393,44.9,208,False,2024-01-18T21:18:00
RUN_04295,MACHINE_M,M19154,301.7,310.1,1743,27.3,210,False,2024-01-18T21:24:00
RUN_04296,MACHINE_L,L51475,301.8,310.2,1457,40.4,213,False,2024-01-18T21:30:00
RUN_04297,MACHINE_L,L51476,301.8,310.2,2825,5.8,215,True,2024-01-18T21:36:00
RUN_04298,MACHINE_M,M19157,301.8,310.2,1609,34.2,217,False,2024-01-18T21:42:00
RUN_04299,MACHINE_M,M19158,301.8,310.2,1437,42.3,0,False,2024-01-18T21:48:00
RUN_04300,MACHINE_L,L51479,301.7,310.1,1402,50.1,3,False,2024-01-18T21:54:00
RUN_04301,MACHINE_M,M19160,301.7,310.1,1644,34.6,5,False,2024-01-18T22:00:00
RUN_04302,MACHINE_L,L51481,301.7,310.2,1471,51.1,8,False,2024-01-18T22:06:00
RUN_04303,MACHINE_L,L51482,301.7,310.1,2695,12.6,10,False,2024-01-18T22:12:00
RUN_04304,MACHINE_L,L51483,301.7,310.2,1435,48.1,12,False,2024-01-18T22:18:00
RUN_04305,MACHINE_L,L51484,301.6,310.1,1694,26.3,14,False,2024-01-18T22:24:00
RUN_04306,MACHINE_L,L51485,301.6,310.1,1687,26.6,16,False,2024-01-18T22:30:00
RUN_04307,MACHINE_L,L51486,301.6,310.0,1869,22.9,18,False,2024-01-18T22:36:00
RUN_04308,MACHINE_L,L51487,301.4,309.9,1259,63.9,20,True,2024-01-18T22:42:00
RUN_04309,MACHINE_H,H33722,301.4,309.9,1460,47.2,22,False,2024-01-18T22:48:00
RUN_04310,MACHINE_M,M19169,301.3,309.9,1501,39.5,27,False,2024-01-18T22:54:00
RUN_04311,MACHINE_L,L51490,301.4,310.0,1776,25.6,30,False,2024-01-18T23:00:00
RUN_04312,MACHINE_M,M19171,301.5,310.1,1468,40.8,32,False,2024-01-18T23:06:00
RUN_04313,MACHINE_L,L51492,301.5,310.1,1430,46.5,35,False,2024-01-18T23:12:00
RUN_04314,MACHINE_L,L51493,301.4,310.1,1502,46.6,37,False,2024-01-18T23:18:00
RUN_04315,MACHINE_H,H33728,301.4,310.1,1623,32.3,39,False,2024-01-18T23:24:00
RUN_04316,MACHINE_M,M19175,301.4,310.0,1651,29.8,44,False,2024-01-18T23:30:00
RUN_04317,MACHINE_L,L51496,301.5,310.1,1639,33.4,47,False,2024-01-18T23:36:00
RUN_04318,MACHINE_M,M19177,301.5,310.0,1417,44.6,49,False,2024-01-18T23:42:00
RUN_04319,MACHINE_L,L51498,301.5,310.1,1541,42.2,52,False,2024-01-18T23:48:00
RUN_04320,MACHINE_M,M19179,301.6,310.2,1411,45.1,54,False,2024-01-18T23:54:00
RUN_04321,MACHINE_L,L51500,301.7,310.3,1397,44.6,57,False,2024-01-19T00:00:00
RUN_04322,MACHINE_L,L51501,301.7,310.2,1686,28.9,59,False,2024-01-19T00:06:00
RUN_04323,MACHINE_M,M19182,301.7,310.1,1431,44.0,61,False,2024-01-19T00:12:00
RUN_04324,MACHINE_L,L51503,301.8,310.3,1341,50.5,64,True,2024-01-19T00:18:00
RUN_04325,MACHINE_L,L51504,301.7,310.2,1486,43.0,66,False,2024-01-19T00:24:00
RUN_04326,MACHINE_L,L51505,301.6,310.2,1384,57.1,68,False,2024-01-19T00:30:00
RUN_04327,MACHINE_L,L51506,301.6,310.1,1362,55.8,70,True,2024-01-19T00:36:00
RUN_04328,MACHINE_H,H33741,301.7,310.1,1660,29.3,72,False,2024-01-19T00:42:00
RUN_04329,MACHINE_L,L51508,301.6,310.1,1326,48.2,77,True,2024-01-19T00:48:00
RUN_04330,MACHINE_L,L51509,301.6,310.0,1566,30.3,79,False,2024-01-19T00:54:00
RUN_04331,MACHINE_L,L51510,301.5,309.8,1549,38.5,81,False,2024-01-19T01:00:00
RUN_04332,MACHINE_M,M19191,301.6,309.9,1746,31.1,83,False,2024-01-19T01:06:00
RUN_04333,MACHINE_M,M19192,301.7,309.9,1452,41.5,86,False,2024-01-19T01:12:00
RUN_04334,MACHINE_L,L51513,301.6,309.8,1588,33.9,89,False,2024-01-19T01:18:00
RUN_04335,MACHINE_L,L51514,301.6,309.8,1472,42.5,91,False,2024-01-19T01:24:00
RUN_04336,MACHINE_L,L51515,301.7,309.9,1607,37.7,93,False,2024-01-19T01:30:00
RUN_04337,MACHINE_H,H33750,301.6,309.9,1423,53.6,95,False,2024-01-19T01:36:00
RUN_04338,MACHINE_L,L51517,301.6,309.9,1440,43.4,100,False,2024-01-19T01:42:00
RUN_04339,MACHINE_L,L51518,301.6,309.9,1397,43.7,102,False,2024-01-19T01:48:00
RUN_04340,MACHINE_L,L51519,301.7,309.9,1524,46.6,104,False,2024-01-19T01:54:00
RUN_04341,MACHINE_M,M19200,301.7,309.9,1533,40.9,106,False,2024-01-19T02:00:00
RUN_04342,MACHINE_L,L51521,301.7,309.8,1398,46.0,109,False,2024-01-19T02:06:00
RUN_04343,MACHINE_M,M19202,301.7,309.8,1284,68.2,111,True,2024-01-19T02:12:00
RUN_04344,MACHINE_L,L51523,301.7,309.8,1491,39.3,114,False,2024-01-19T02:18:00
RUN_04345,MACHINE_H,H33758,301.8,309.9,1418,51.3,116,False,2024-01-19T02:24:00
RUN_04346,MACHINE_M,M19205,301.8,309.8,1546,39.8,121,False,2024-01-19T02:30:00
RUN_04347,MACHINE_L,L51526,301.8,309.7,1598,30.4,124,False,2024-01-19T02:36:00
RUN_04348,MACHINE_H,H33761,301.9,309.8,1724,27.5,126,False,2024-01-19T02:42:00
RUN_04349,MACHINE_L,L51528,301.9,309.8,1507,44.7,131,False,2024-01-19T02:48:00
RUN_04350,MACHINE_L,L51529,301.9,309.7,1595,31.4,133,False,2024-01-19T02:54:00
RUN_04351,MACHINE_M,M19210,301.9,309.7,1568,37.5,135,False,2024-01-19T03:00:00
RUN_04352,MACHINE_L,L51531,301.8,309.6,1432,43.7,138,False,2024-01-19T03:06:00
RUN_04353,MACHINE_L,L51532,301.9,309.7,1424,42.8,140,False,2024-01-19T03:12:00
RUN_04354,MACHINE_M,M19213,302.0,309.7,1386,62.7,142,True,2024-01-19T03:18:00
RUN_04355,MACHINE_L,L51534,302.0,309.8,1456,58.1,145,False,2024-01-19T03:24:00
RUN_04356,MACHINE_H,H33769,302.0,309.8,1280,57.3,147,True,2024-01-19T03:30:00
RUN_04357,MACHINE_L,L51536,302.0,309.8,1649,31.0,152,False,2024-01-19T03:36:00
RUN_04358,MACHINE_L,L51537,302.0,309.9,1407,52.8,154,False,2024-01-19T03:42:00
RUN_04359,MACHINE_H,H33772,302.0,309.9,1606,34.5,156,False,2024-01-19T03:48:00
RUN_04360,MACHINE_M,M19219,302.1,310.0,1531,38.0,161,False,2024-01-19T03:54:00
RUN_04361,MACHINE_L,L51540,302.1,310.1,1543,35.8,164,False,2024-01-19T04:00:00
RUN_04362,MACHINE_M,M19221,302.1,310.1,1379,48.2,166,True,2024-01-19T04:06:00
RUN_04363,MACHINE_L,L51542,302.1,310.1,1447,46.6,169,False,2024-01-19T04:12:00
RUN_04364,MACHINE_H,H33777,302.1,310.1,1844,24.6,171,False,2024-01-19T04:18:00
RUN_04365,MACHINE_H,H33778,302.1,310.1,1615,29.9,176,False,2024-01-19T04:24:00
RUN_04366,MACHINE_L,L51545,302.0,310.0,1449,48.8,181,False,2024-01-19T04:30:00
RUN_04367,MACHINE_L,L51546,302.0,309.9,1388,51.4,183,False,2024-01-19T04:36:00
RUN_04368,MACHINE_H,H33781,302.0,309.9,1447,42.8,185,False,2024-01-19T04:42:00
RUN_04369,MACHINE_L,L51548,302.0,310.0,1664,28.6,190,False,2024-01-19T04:48:00
RUN_04370,MACHINE_H,H33783,302.0,309.9,1735,27.2,192,False,2024-01-19T04:54:00
RUN_04371,MACHINE_L,L51550,302.0,309.9,1308,57.6,197,True,2024-01-19T05:00:00
RUN_04372,MACHINE_L,L51551,302.0,309.8,1480,40.0,199,False,2024-01-19T05:06:00
RUN_04373,MACHINE_M,M19232,301.9,309.6,1439,41.7,201,False,2024-01-19T05:12:00
RUN_04374,MACHINE_M,M19233,301.9,309.7,1533,35.9,204,False,2024-01-19T05:18:00
RUN_04375,MACHINE_L,L51554,302.0,309.7,1551,34.8,207,False,2024-01-19T05:24:00
RUN_04376,MACHINE_L,L51555,302.0,309.7,1414,36.3,209,False,2024-01-19T05:30:00
RUN_04377,MACHINE_M,M19236,301.9,309.6,1551,34.6,211,False,2024-01-19T05:36:00
RUN_04378,MACHINE_M,M19237,301.8,309.6,1436,49.0,214,False,2024-01-19T05:42:00
RUN_04379,MACHINE_M,M19238,301.9,309.6,1385,45.8,217,False,2024-01-19T05:48:00
RUN_04380,MACHINE_M,M19239,301.8,309.5,1732,30.1,220,False,2024-01-19T05:54:00
RUN_04381,MACHINE_L,L51560,301.9,309.6,1410,49.0,223,False,2024-01-19T06:00:00
RUN_04382,MACHINE_L,L51561,301.9,309.6,1446,43.2,225,False,2024-01-19T06:06:00
RUN_04383,MACHINE_L,L51562,301.8,309.5,1525,39.6,227,False,2024-01-19T06:12:00
RUN_04384,MACHINE_L,L51563,301.7,309.5,1298,65.5,229,True,2024-01-19T06:18:00
RUN_04385,MACHINE_L,L51564,301.8,309.6,1443,42.7,231,False,2024-01-19T06:24:00
RUN_04386,MACHINE_L,L51565,301.8,309.7,1442,45.3,233,True,2024-01-19T06:30:00
RUN_04387,MACHINE_L,L51566,301.9,309.7,1719,31.9,0,False,2024-01-19T06:36:00
RUN_04388,MACHINE_L,L51567,302.0,309.8,1532,39.4,2,False,2024-01-19T06:42:00
RUN_04389,MACHINE_L,L51568,302.0,309.8,1701,27.2,4,False,2024-01-19T06:48:00
RUN_04390,MACHINE_M,M19249,302.1,310.0,1355,45.1,6,True,2024-01-19T06:54:00
RUN_04391,MACHINE_M,M19250,302.2,310.1,1421,45.4,9,False,2024-01-19T07:00:00
RUN_04392,MACHINE_M,M19251,302.2,310.1,1368,51.6,12,True,2024-01-19T07:06:00
RUN_04393,MACHINE_L,L51572,302.2,310.1,1458,45.1,15,False,2024-01-19T07:12:00
RUN_04394,MACHINE_M,M19253,302.2,310.1,1572,34.6,17,False,2024-01-19T07:18:00
RUN_04395,MACHINE_L,L51574,302.2,310.0,1483,48.7,20,False,2024-01-19T07:24:00
RUN_04396,MACHINE_L,L51575,302.3,310.1,1513,40.4,22,False,2024-01-19T07:30:00
RUN_04397,MACHINE_H,H33810,302.3,310.1,1383,42.9,24,False,2024-01-19T07:36:00
RUN_04398,MACHINE_L,L51577,302.4,310.2,1539,37.7,29,False,2024-01-19T07:42:00
RUN_04399,MACHINE_M,M19258,302.3,310.1,1563,37.8,31,False,2024-01-19T07:48:00
RUN_04400,MACHINE_L,L51579,302.3,310.1,1653,29.7,34,False,2024-01-19T07:54:00
RUN_04401,MACHINE_L,L51580,302.3,310.1,1353,50.9,36,True,2024-01-19T08:00:00
RUN_04402,MACHINE_H,H33815,302.2,310.0,1468,43.6,38,False,2024-01-19T08:06:00
RUN_04403,MACHINE_H,H33816,302.3,310.2,1506,33.8,43,False,2024-01-19T08:12:00
RUN_04404,MACHINE_L,L51583,302.3,310.1,1388,49.9,48,False,2024-01-19T08:18:00
RUN_04405,MACHINE_M,M19264,302.4,310.2,1485,45.9,50,False,2024-01-19T08:24:00
RUN_04406,MACHINE_L,L51585,302.4,310.2,1331,45.5,53,True,2024-01-19T08:30:00
RUN_04407,MACHINE_L,L51586,302.5,310.3,1326,58.5,55,True,2024-01-19T08:36:00
RUN_04408,MACHINE_L,L51587,302.3,310.2,1394,55.4,57,False,2024-01-19T08:42:00
RUN_04409,MACHINE_L,L51588,302.4,310.1,2009,18.9,59,False,2024-01-19T08:48:00
RUN_04410,MACHINE_M,M19269,302.4,310.1,1358,54.6,61,True,2024-01-19T08:54:00
RUN_04411,MACHINE_L,L51590,302.5,310.2,1586,32.2,64,False,2024-01-19T09:00:00
RUN_04412,MACHINE_L,L51591,302.5,310.3,1688,31.6,66,False,2024-01-19T09:06:00
RUN_04413,MACHINE_L,L51592,302.6,310.5,1450,43.2,68,False,2024-01-19T09:12:00
RUN_04414,MACHINE_M,M19273,302.7,310.5,1398,47.3,70,False,2024-01-19T09:18:00
RUN_04415,MACHINE_L,L51594,302.7,310.5,1520,39.3,73,False,2024-01-19T09:24:00
RUN_04416,MACHINE_L,L51595,302.6,310.4,1514,42.7,75,False,2024-01-19T09:30:00
RUN_04417,MACHINE_M,M19276,302.6,310.4,1532,36.1,77,False,2024-01-19T09:36:00
RUN_04418,MACHINE_L,L51597,302.6,310.4,1365,66.8,80,True,2024-01-19T09:42:00
RUN_04419,MACHINE_L,L51598,302.6,310.3,1642,33.2,82,False,2024-01-19T09:48:00
RUN_04420,MACHINE_M,M19279,302.6,310.2,2676,10.8,84,True,2024-01-19T09:54:00
RUN_04421,MACHINE_H,H33834,302.6,310.2,1873,21.3,87,False,2024-01-19T10:00:00
RUN_04422,MACHINE_L,L51601,302.6,310.2,1325,62.4,92,True,2024-01-19T10:06:00
RUN_04423,MACHINE_M,M19282,302.6,310.2,2157,17.2,94,False,2024-01-19T10:12:00
RUN_04424,MACHINE_M,M19283,302.6,310.2,1563,39.0,97,False,2024-01-19T10:18:00
RUN_04425,MACHINE_M,M19284,302.6,310.2,1631,31.0,100,False,2024-01-19T10:24:00
RUN_04426,MACHINE_L,L51605,302.5,310.2,1547,36.9,103,False,2024-01-19T10:30:00
RUN_04427,MACHINE_L,L51606,302.6,310.3,1479,40.4,105,False,2024-01-19T10:36:00
RUN_04428,MACHINE_M,M19287,302.4,310.1,1379,48.9,107,True,2024-01-19T10:42:00
RUN_04429,MACHINE_L,L51608,302.4,310.1,1906,21.2,110,False,2024-01-19T10:48:00
RUN_04430,MACHINE_M,M19289,302.3,310.1,1731,33.4,112,False,2024-01-19T10:54:00
RUN_04431,MACHINE_H,H33844,302.3,310.1,1688,30.4,115,False,2024-01-19T11:00:00
RUN_04432,MACHINE_H,H33845,302.3,310.2,1443,54.6,120,False,2024-01-19T11:06:00
RUN_04433,MACHINE_L,L51612,302.4,310.2,1445,46.4,125,False,2024-01-19T11:12:00
RUN_04434,MACHINE_H,H33847,302.4,310.2,1435,44.9,127,False,2024-01-19T11:18:00
RUN_04435,MACHINE_L,L51614,302.4,310.1,1556,32.9,132,False,2024-01-19T11:24:00
RUN_04436,MACHINE_L,L51615,302.3,310.1,1321,52.7,134,True,2024-01-19T11:30:00
RUN_04437,MACHINE_M,M19296,302.4,310.1,1577,35.8,136,False,2024-01-19T11:36:00
RUN_04438,MACHINE_L,L51617,302.4,310.2,1578,31.2,139,False,2024-01-19T11:42:00
RUN_04439,MACHINE_L,L51618,302.4,310.1,1418,52.3,141,False,2024-01-19T11:48:00
RUN_04440,MACHINE_M,M19299,302.4,310.2,1392,55.8,143,False,2024-01-19T11:54:00
RUN_04441,MACHINE_L,L51620,302.5,310.3,1446,44.0,146,False,2024-01-19T12:00:00
RUN_04442,MACHINE_L,L51621,302.5,310.2,1329,50.6,148,True,2024-01-19T12:06:00
RUN_04443,MACHINE_L,L51622,302.5,310.2,1563,34.8,150,False,2024-01-19T12:12:00
RUN_04444,MACHINE_L,L51623,302.5,310.3,1405,57.4,152,False,2024-01-19T12:18:00
RUN_04445,MACHINE_L,L51624,302.4,310.2,2224,16.0,154,False,2024-01-19T12:24:00
RUN_04446,MACHINE_L,L51625,302.5,310.2,1716,29.9,156,False,2024-01-19T12:30:00
RUN_04447,MACHINE_L,L51626,302.5,310.3,1584,35.5,158,False,2024-01-19T12:36:00
RUN_04448,MACHINE_M,M19307,302.5,310.3,1488,41.8,160,False,2024-01-19T12:42:00
RUN_04449,MACHINE_L,L51628,302.4,310.3,1374,51.2,163,True,2024-01-19T12:48:00
RUN_04450,MACHINE_M,M19309,302.4,310.3,1378,54.3,165,True,2024-01-19T12:54:00
RUN_04451,MACHINE_L,L51630,302.5,310.3,1551,37.3,168,False,2024-01-19T13:00:00
RUN_04452,MACHINE_L,L51631,302.5,310.3,1549,40.9,170,False,2024-01-19T13:06:00
RUN_04453,MACHINE_M,M19312,302.5,310.3,1447,39.2,172,False,2024-01-19T13:12:00
RUN_04454,MACHINE_L,L51633,302.4,310.2,1400,53.7,175,False,2024-01-19T13:18:00
RUN_04455,MACHINE_L,L51634,302.4,310.1,1401,48.8,177,False,2024-01-19T13:24:00
RUN_04456,MACHINE_H,H33869,302.4,310.1,1597,28.9,179,False,2024-01-19T13:30:00
RUN_04457,MACHINE_L,L51636,302.3,310.1,1487,46.0,184,False,2024-01-19T13:36:00
RUN_04458,MACHINE_M,M19317,302.5,310.3,1710,27.3,186,False,2024-01-19T13:42:00
RUN_04459,MACHINE_L,L51638,302.6,310.4,1478,47.7,189,False,2024-01-19T13:48:00
RUN_04460,MACHINE_L,L51639,302.6,310.4,1743,26.3,191,False,2024-01-19T13:54:00
RUN_04461,MACHINE_L,L51640,302.6,310.5,1596,32.8,193,False,2024-01-19T14:00:00
RUN_04462,MACHINE_L,L51641,302.7,310.5,1642,30.8,195,False,2024-01-19T14:06:00
RUN_04463,MACHINE_L,L51642,302.7,310.5,1263,67.8,197,True,2024-01-19T14:12:00
RUN_04464,MACHINE_L,L51643,302.8,310.6,2016,19.9,199,False,2024-01-19T14:18:00
RUN_04465,MACHINE_L,L51644,302.8,310.6,1671,30.5,201,False,2024-01-19T14:24:00
RUN_04466,MACHINE_L,L51645,302.8,310.6,1404,43.2,203,False,2024-01-19T14:30:00
RUN_04467,MACHINE_L,L51646,302.8,310.6,1470,41.1,205,False,2024-01-19T14:36:00
RUN_04468,MACHINE_L,L51647,302.8,310.6,1617,37.9,207,False,2024-01-19T14:42:00
RUN_04469,MACHINE_L,L51648,302.7,310.5,1725,29.0,209,False,2024-01-19T14:48:00
RUN_04470,MACHINE_L,L51649,302.7,310.5,1446,40.9,211,True,2024-01-19T14:54:00
RUN_04471,MACHINE_L,L51650,302.7,310.6,1564,34.3,0,False,2024-01-19T15:00:00
RUN_04472,MACHINE_L,L51651,302.8,310.6,1670,29.1,2,False,2024-01-19T15:06:00
RUN_04473,MACHINE_L,L51652,302.7,310.6,1501,48.7,4,False,2024-01-19T15:12:00
RUN_04474,MACHINE_L,L51653,302.7,310.5,1551,35.9,6,False,2024-01-19T15:18:00
RUN_04475,MACHINE_L,L51654,302.7,310.5,1563,35.0,8,False,2024-01-19T15:24:00
RUN_04476,MACHINE_L,L51655,302.7,310.5,1351,41.8,10,True,2024-01-19T15:30:00
RUN_04477,MACHINE_L,L51656,302.6,310.4,1415,52.1,12,False,2024-01-19T15:36:00
RUN_04478,MACHINE_L,L51657,302.6,310.3,1647,34.2,14,False,2024-01-19T15:42:00
RUN_04479,MACHINE_L,L51658,302.5,310.2,1477,41.6,16,False,2024-01-19T15:48:00
RUN_04480,MACHINE_L,L51659,302.6,310.2,1923,21.5,18,False,2024-01-19T15:54:00
RUN_04481,MACHINE_H,H33894,302.7,310.4,1305,55.2,20,True,2024-01-19T16:00:00
RUN_04482,MACHINE_M,M19341,302.6,310.4,1544,35.1,25,False,2024-01-19T16:06:00
RUN_04483,MACHINE_H,H33896,302.7,310.5,1568,36.9,28,False,2024-01-19T16:12:00
RUN_04484,MACHINE_L,L51663,302.7,310.4,1489,42.7,33,False,2024-01-19T16:18:00
RUN_04485,MACHINE_M,M19344,302.6,310.4,1451,43.1,35,False,2024-01-19T16:24:00
RUN_04486,MACHINE_L,L51665,302.7,310.4,1542,35.7,38,False,2024-01-19T16:30:00
RUN_04487,MACHINE_M,M19346,302.6,310.5,1965,20.2,40,False,2024-01-19T16:36:00
RUN_04488,MACHINE_L,L51667,302.5,310.5,1436,36.5,43,False,2024-01-19T16:42:00
RUN_04489,MACHINE_M,M19348,302.5,310.4,1509,37.6,45,False,2024-01-19T16:48:00
RUN_04490,MACHINE_L,L51669,302.5,310.4,1487,40.2,48,False,2024-01-19T16:54:00
RUN_04491,MACHINE_L,L51670,302.5,310.4,1967,20.3,50,False,2024-01-19T17:00:00
RUN_04492,MACHINE_H,H33905,302.6,310.4,1409,53.3,52,False,2024-01-19T17:06:00
RUN_04493,MACHINE_M,M19352,302.6,310.5,1420,56.4,57,False,2024-01-19T17:12:00
RUN_04494,MACHINE_L,L51673,302.7,310.5,1511,37.7,60,False,2024-01-19T17:18:00
RUN_04495,MACHINE_H,H33908,302.6,310.4,1649,30.1,62,False,2024-01-19T17:24:00
RUN_04496,MACHINE_L,L51675,302.6,310.4,1359,57.2,67,True,2024-01-19T17:30:00
RUN_04497,MACHINE_M,M19356,302.5,310.4,1605,36.0,69,False,2024-01-19T17:36:00
RUN_04498,MACHINE_L,L51677,302.5,310.3,1523,36.0,72,False,2024-01-19T17:42:00
RUN_04499,MACHINE_H,H33912,302.6,310.4,1614,36.0,74,False,2024-01-19T17:48:00
RUN_04500,MACHINE_H,H33913,302.6,310.3,1721,27.4,79,False,2024-01-19T17:54:00
RUN_04501,MACHINE_L,L51680,302.6,310.4,1638,36.2,84,False,2024-01-19T18:00:00
RUN_04502,MACHINE_L,L51681,302.5,310.2,1307,54.0,86,True,2024-01-19T18:06:00
RUN_04503,MACHINE_L,L51682,302.4,310.2,1642,28.3,88,False,2024-01-19T18:12:00
RUN_04504,MACHINE_M,M19363,302.5,310.2,1751,30.5,90,False,2024-01-19T18:18:00
RUN_04505,MACHINE_L,L51684,302.4,310.1,1645,31.6,93,False,2024-01-19T18:24:00
RUN_04506,MACHINE_L,L51685,302.4,310.1,1426,46.8,95,False,2024-01-19T18:30:00
RUN_04507,MACHINE_M,M19366,302.4,310.1,1520,36.6,97,False,2024-01-19T18:36:00
RUN_04508,MACHINE_L,L51687,302.4,310.1,1709,31.8,100,False,2024-01-19T18:42:00
RUN_04509,MACHINE_L,L51688,302.4,310.0,1426,46.6,102,False,2024-01-19T18:48:00
RUN_04510,MACHINE_L,L51689,302.4,310.1,1429,43.7,104,False,2024-01-19T18:54:00
RUN_04511,MACHINE_L,L51690,302.4,310.2,1346,62.4,106,True,2024-01-19T19:00:00
RUN_04512,MACHINE_L,L51691,302.5,310.2,1454,43.0,108,False,2024-01-19T19:06:00
RUN_04513,MACHINE_M,M19372,302.5,310.3,1411,49.5,110,False,2024-01-19T19:12:00
RUN_04514,MACHINE_L,L51693,302.4,310.3,1900,24.4,113,False,2024-01-19T19:18:00
RUN_04515,MACHINE_L,L51694,302.4,310.3,1479,36.2,115,False,2024-01-19T19:24:00
RUN_04516,MACHINE_L,L51695,302.5,310.4,1415,48.2,117,False,2024-01-19T19:30:00
RUN_04517,MACHINE_L,L51696,302.5,310.3,1539,39.0,119,False,2024-01-19T19:36:00
RUN_04518,MACHINE_L,L51697,302.4,310.3,1520,31.6,121,False,2024-01-19T19:42:00
RUN_04519,MACHINE_L,L51698,302.4,310.3,1480,45.8,123,False,2024-01-19T19:48:00
RUN_04520,MACHINE_L,L51699,302.4,310.4,1666,29.7,125,False,2024-01-19T19:54:00
RUN_04521,MACHINE_L,L51700,302.4,310.4,1456,47.6,127,False,2024-01-19T20:00:00
RUN_04522,MACHINE_L,L51701,302.4,310.4,1865,23.9,129,False,2024-01-19T20:06:00
RUN_04523,MACHINE_M,M19382,302.5,310.5,1918,21.6,131,False,2024-01-19T20:12:00
RUN_04524,MACHINE_L,L51703,302.5,310.4,1488,48.4,134,False,2024-01-19T20:18:00
RUN_04525,MACHINE_M,M19384,302.5,310.5,1527,38.8,136,False,2024-01-19T20:24:00
RUN_04526,MACHINE_M,M19385,302.4,310.4,1463,42.2,139,False,2024-01-19T20:30:00
RUN_04527,MACHINE_L,L51706,302.4,310.4,1521,38.5,142,False,2024-01-19T20:36:00
RUN_04528,MACHINE_M,M19387,302.4,310.5,1372,45.7,144,True,2024-01-19T20:42:00
RUN_04529,MACHINE_L,L51708,302.5,310.5,1507,39.5,147,False,2024-01-19T20:48:00
RUN_04530,MACHINE_M,M19389,302.4,310.4,1586,34.3,149,False,2024-01-19T20:54:00
RUN_04531,MACHINE_L,L51710,302.5,310.4,1487,42.0,152,False,2024-01-19T21:00:00
RUN_04532,MACHINE_L,L51711,302.5,310.5,1520,41.2,154,False,2024-01-19T21:06:00
RUN_04533,MACHINE_H,H33946,302.5,310.4,1422,41.9,156,False,2024-01-19T21:12:00
RUN_04534,MACHINE_M,M19393,302.4,310.3,1375,52.5,161,True,2024-01-19T21:18:00
RUN_04535,MACHINE_L,L51714,302.4,310.2,1633,28.0,164,False,2024-01-19T21:24:00
RUN_04536,MACHINE_L,L51715,302.4,310.2,1503,36.2,166,False,2024-01-19T21:30:00
RUN_04537,MACHINE_L,L51716,302.4,310.2,1351,45.1,168,True,2024-01-19T21:36:00
RUN_04538,MACHINE_L,L51717,302.3,310.2,1548,35.3,170,False,2024-01-19T21:42:00
RUN_04539,MACHINE_L,L51718,302.4,310.3,1923,23.3,172,False,2024-01-19T21:48:00
RUN_04540,MACHINE_L,L51719,302.5,310.3,1592,32.6,174,False,2024-01-19T21:54:00
RUN_04541,MACHINE_M,M19400,302.5,310.4,1580,35.6,176,False,2024-01-19T22:00:00
RUN_04542,MACHINE_L,L51721,302.5,310.4,1427,46.8,179,False,2024-01-19T22:06:00
RUN_04543,MACHINE_M,M19402,302.5,310.4,1581,32.7,181,False,2024-01-19T22:12:00
RUN_04544,MACHINE_M,M19403,302.6,310.5,1542,39.9,184,False,2024-01-19T22:18:00
RUN_04545,MACHINE_L,L51724,302.5,310.4,1349,55.1,187,True,2024-01-19T22:24:00
RUN_04546,MACHINE_L,L51725,302.5,310.5,1463,43.0,189,False,2024-01-19T22:30:00
RUN_04547,MACHINE_M,M19406,302.5,310.4,1429,43.2,191,False,2024-01-19T22:36:00
RUN_04548,MACHINE_M,M19407,302.5,310.4,1451,53.6,194,False,2024-01-19T22:42:00
RUN_04549,MACHINE_L,L51728,302.6,310.5,1511,37.2,197,False,2024-01-19T22:48:00
RUN_04550,MACHINE_L,L51729,302.6,310.6,1549,37.5,199,False,2024-01-19T22:54:00
RUN_04551,MACHINE_M,M19410,302.5,310.5,1507,40.2,201,False,2024-01-19T23:00:00
RUN_04552,MACHINE_M,M19411,302.6,310.5,1524,33.7,204,False,2024-01-19T23:06:00
RUN_04553,MACHINE_M,M19412,302.7,310.5,1880,22.7,207,False,2024-01-19T23:12:00
RUN_04554,MACHINE_L,L51733,302.6,310.5,1461,45.4,0,False,2024-01-19T23:18:00
RUN_04555,MACHINE_L,L51734,302.6,310.5,1748,28.2,2,False,2024-01-19T23:24:00
RUN_04556,MACHINE_L,L51735,302.7,310.6,1690,26.7,4,False,2024-01-19T23:30:00
RUN_04557,MACHINE_M,M19416,302.7,310.6,1349,51.2,6,True,2024-01-19T23:36:00
RUN_04558,MACHINE_L,L51737,302.7,310.6,1686,26.3,9,False,2024-01-19T23:42:00
RUN_04559,MACHINE_L,L51738,302.7,310.7,1369,47.5,11,True,2024-01-19T23:48:00
RUN_04560,MACHINE_L,L51739,302.7,310.7,1433,43.7,13,False,2024-01-19T23:54:00
RUN_04561,MACHINE_L,L51740,302.7,310.7,1597,41.9,15,False,2024-01-20T00:00:00
RUN_04562,MACHINE_L,L51741,302.9,310.8,1610,32.2,17,False,2024-01-20T00:06:00
RUN_04563,MACHINE_L,L51742,302.7,310.7,1398,57.7,19,False,2024-01-20T00:12:00
RUN_04564,MACHINE_L,L51743,302.7,310.7,1977,20.0,21,False,2024-01-20T00:18:00
RUN_04565,MACHINE_L,L51744,302.8,310.8,1516,39.5,23,False,2024-01-20T00:24:00
RUN_04566,MACHINE_H,H33979,302.7,310.8,1275,55.0,25,True,2024-01-20T00:30:00
RUN_04567,MACHINE_L,L51746,302.8,310.8,1402,50.5,30,False,2024-01-20T00:36:00
RUN_04568,MACHINE_M,M19427,302.8,310.8,1451,44.7,32,False,2024-01-20T00:42:00
RUN_04569,MACHINE_M,M19428,302.7,310.8,1555,36.1,35,False,2024-01-20T00:48:00
RUN_04570,MACHINE_L,L51749,302.8,310.9,1636,35.0,38,False,2024-01-20T00:54:00
RUN_04571,MACHINE_L,L51750,302.8,310.9,1312,52.2,40,True,2024-01-20T01:00:00
RUN_04572,MACHINE_L,L51751,302.8,310.9,1708,29.8,42,False,2024-01-20T01:06:00
RUN_04573,MACHINE_M,M19432,302.9,311.0,1556,36.5,44,False,2024-01-20T01:12:00
RUN_04574,MACHINE_H,H33987,302.8,311.0,1436,43.5,47,False,2024-01-20T01:18:00
RUN_04575,MACHINE_M,M19434,302.9,311.0,1402,40.7,52,False,2024-01-20T01:24:00
RUN_04576,MACHINE_M,M19435,302.9,311.0,1437,49.9,55,False,2024-01-20T01:30:00
RUN_04577,MACHINE_M,M19436,302.9,311.1,1926,21.8,58,False,2024-01-20T01:36:00
RUN_04578,MACHINE_L,L51757,303.0,311.2,1800,23.7,61,False,2024-01-20T01:42:00
RUN_04579,MACHINE_L,L51758,303.0,311.2,1641,32.6,63,False,2024-01-20T01:48:00
RUN_04580,MACHINE_L,L51759,303.0,311.2,1374,48.2,65,True,2024-01-20T01:54:00
RUN_04581,MACHINE_L,L51760,303.0,311.2,1494,37.0,67,False,2024-01-20T02:00:00
RUN_04582,MACHINE_L,L51761,303.0,311.2,1601,32.9,69,False,2024-01-20T02:06:00
RUN_04583,MACHINE_L,L51762,302.9,311.2,1634,36.9,71,False,2024-01-20T02:12:00
RUN_04584,MACHINE_M,M19443,302.9,311.2,1467,37.7,73,False,2024-01-20T02:18:00
RUN_04585,MACHINE_L,L51764,302.8,311.1,1550,32.3,76,False,2024-01-20T02:24:00
RUN_04586,MACHINE_L,L51765,302.8,311.1,1563,32.2,78,False,2024-01-20T02:30:00
RUN_04587,MACHINE_L,L51766,302.7,310.9,1395,48.3,80,False,2024-01-20T02:36:00
RUN_04588,MACHINE_M,M19447,302.8,311.0,1507,33.4,82,False,2024-01-20T02:42:00
RUN_04589,MACHINE_L,L51768,302.8,311.0,1564,38.5,85,False,2024-01-20T02:48:00
RUN_04590,MACHINE_L,L51769,302.8,311.1,1721,30.0,87,False,2024-01-20T02:54:00
RUN_04591,MACHINE_L,L51770,302.8,311.1,1456,36.1,89,False,2024-01-20T03:00:00
RUN_04592,MACHINE_H,H34005,302.9,311.2,2102,17.8,91,False,2024-01-20T03:06:00
RUN_04593,MACHINE_L,L51772,302.9,311.1,1555,33.9,96,False,2024-01-20T03:12:00
RUN_04594,MACHINE_L,L51773,303.0,311.2,1409,41.9,98,False,2024-01-20T03:18:00
RUN_04595,MACHINE_M,M19454,303.0,311.2,1387,41.4,100,False,2024-01-20T03:24:00
RUN_04596,MACHINE_M,M19455,303.0,311.2,1460,43.9,103,False,2024-01-20T03:30:00
RUN_04597,MACHINE_L,L51776,303.0,311.2,1361,47.6,106,True,2024-01-20T03:36:00
RUN_04598,MACHINE_M,M19457,303.0,311.1,1490,43.0,108,False,2024-01-20T03:42:00
RUN_04599,MACHINE_L,L51778,303.1,311.2,1399,49.2,111,False,2024-01-20T03:48:00
RUN_04600,MACHINE_L,L51779,303.1,311.1,1420,55.8,113,False,2024-01-20T03:54:00
RUN_04601,MACHINE_L,L51780,303.0,311.0,1359,44.2,115,True,2024-01-20T04:00:00
RUN_04602,MACHINE_M,M19461,303.0,311.1,1372,54.3,117,True,2024-01-20T04:06:00
RUN_04603,MACHINE_M,M19462,303.0,311.0,1409,41.7,120,False,2024-01-20T04:12:00
RUN_04604,MACHINE_H,H34017,302.9,311.0,1452,58.3,123,False,2024-01-20T04:18:00
RUN_04605,MACHINE_L,L51784,302.9,311.0,1820,24.6,128,False,2024-01-20T04:24:00
RUN_04606,MACHINE_H,H34019,302.9,311.0,1469,48.7,130,False,2024-01-20T04:30:00
RUN_04607,MACHINE_L,L51786,302.9,311.1,1556,45.3,135,False,2024-01-20T04:36:00
RUN_04608,MACHINE_L,L51787,303.0,311.1,1980,20.2,137,False,2024-01-20T04:42:00
RUN_04609,MACHINE_M,M19468,303.0,311.2,1519,38.0,139,False,2024-01-20T04:48:00
RUN_04610,MACHINE_L,L51789,303.0,311.2,1456,44.0,142,False,2024-01-20T04:54:00
RUN_04611,MACHINE_L,L51790,303.1,311.2,1394,45.3,144,False,2024-01-20T05:00:00
RUN_04612,MACHINE_L,L51791,303.0,311.3,1365,56.2,146,True,2024-01-20T05:06:00
RUN_04613,MACHINE_L,L51792,303.0,311.3,2194,16.5,148,False,2024-01-20T05:12:00
RUN_04614,MACHINE_L,L51793,303.1,311.3,1403,55.6,150,False,2024-01-20T05:18:00
RUN_04615,MACHINE_H,H34028,303.0,311.2,1503,37.0,152,False,2024-01-20T05:24:00
RUN_04616,MACHINE_L,L51795,303.0,311.3,1793,29.3,157,False,2024-01-20T05:30:00
RUN_04617,MACHINE_L,L51796,303.1,311.4,1829,24.5,159,False,2024-01-20T05:36:00
RUN_04618,MACHINE_M,M19477,303.1,311.4,1831,23.3,161,False,2024-01-20T05:42:00
RUN_04619,MACHINE_M,M19478,303.0,311.3,1335,53.6,164,True,2024-01-20T05:48:00
RUN_04620,MACHINE_H,H34033,303.1,311.3,2056,19.7,167,False,2024-01-20T05:54:00
RUN_04621,MACHINE_L,L51800,303.1,311.3,1336,52.6,172,True,2024-01-20T06:00:00
RUN_04622,MACHINE_L,L51801,303.0,311.2,1341,51.0,174,True,2024-01-20T06:06:00
RUN_04623,MACHINE_M,M19482,303.0,311.1,1526,37.3,176,False,2024-01-20T06:12:00
RUN_04624,MACHINE_L,L51803,303.0,311.1,1525,40.7,179,False,2024-01-20T06:18:00
RUN_04625,MACHINE_M,M19484,303.0,311.1,1428,39.8,181,False,2024-01-20T06:24:00
RUN_04626,MACHINE_L,L51805,303.0,311.2,1511,45.7,184,False,2024-01-20T06:30:00
RUN_04627,MACHINE_L,L51806,303.0,311.2,1664,29.8,186,False,2024-01-20T06:36:00
RUN_04628,MACHINE_M,M19487,303.0,311.2,1592,38.9,188,False,2024-01-20T06:42:00
RUN_04629,MACHINE_M,M19488,303.0,311.1,1597,36.7,191,False,2024-01-20T06:48:00
RUN_04630,MACHINE_L,L51809,303.0,311.2,1735,26.1,194,False,2024-01-20T06:54:00
RUN_04631,MACHINE_L,L51810,302.9,311.2,1751,23.8,196,False,2024-01-20T07:00:00
RUN_04632,MACHINE_L,L51811,303.0,311.2,1383,44.6,198,False,2024-01-20T07:06:00
RUN_04633,MACHINE_M,M19492,302.9,311.2,1330,53.7,200,True,2024-01-20T07:12:00
RUN_04634,MACHINE_L,L51813,303.0,311.2,1382,50.5,203,False,2024-01-20T07:18:00
RUN_04635,MACHINE_L,L51814,303.0,311.2,1755,30.4,205,False,2024-01-20T07:24:00
RUN_04636,MACHINE_M,M19495,303.0,311.2,1614,35.7,207,False,2024-01-20T07:30:00
RUN_04637,MACHINE_L,L51816,303.0,311.3,1466,43.0,210,False,2024-01-20T07:36:00
RUN_04638,MACHINE_M,M19497,303.1,311.3,1847,24.7,212,False,2024-01-20T07:42:00
RUN_04639,MACHINE_L,L51818,303.1,311.3,1474,34.8,215,False,2024-01-20T07:48:00
RUN_04640,MACHINE_L,L51819,303.1,311.3,1657,31.8,217,False,2024-01-20T07:54:00
RUN_04641,MACHINE_L,L51820,303.1,311.2,1435,40.1,219,False,2024-01-20T08:00:00
RUN_04642,MACHINE_H,H34055,303.1,311.3,1494,42.7,221,False,2024-01-20T08:06:00
RUN_04643,MACHINE_L,L51822,303.2,311.4,1238,54.6,226,True,2024-01-20T08:12:00
RUN_04644,MACHINE_L,L51823,303.2,311.4,1324,54.2,228,True,2024-01-20T08:18:00
RUN_04645,MACHINE_L,L51824,303.2,311.4,1514,41.2,230,False,2024-01-20T08:24:00
RUN_04646,MACHINE_L,L51825,303.3,311.4,1732,25.6,232,False,2024-01-20T08:30:00
RUN_04647,MACHINE_L,L51826,303.3,311.4,1497,46.0,234,True,2024-01-20T08:36:00
RUN_04648,MACHINE_L,L51827,303.3,311.4,1958,21.5,0,False,2024-01-20T08:42:00
RUN_04649,MACHINE_L,L51828,303.3,311.4,1630,32.5,2,False,2024-01-20T08:48:00
RUN_04650,MACHINE_M,M19509,303.3,311.4,1395,59.1,4,False,2024-01-20T08:54:00
RUN_04651,MACHINE_L,L51830,303.3,311.4,1658,30.5,7,False,2024-01-20T09:00:00
RUN_04652,MACHINE_L,L51831,303.2,311.4,1349,51.1,9,True,2024-01-20T09:06:00
RUN_04653,MACHINE_L,L51832,303.1,311.2,1452,52.9,11,False,2024-01-20T09:12:00
RUN_04654,MACHINE_M,M19513,303.1,311.1,1594,35.5,13,False,2024-01-20T09:18:00
RUN_04655,MACHINE_M,M19514,303.1,311.0,1510,47.6,16,False,2024-01-20T09:24:00
RUN_04656,MACHINE_L,L51835,303.1,311.1,1854,22.6,19,False,2024-01-20T09:30:00
RUN_04657,MACHINE_L,L51836,303.1,311.2,1626,32.3,21,False,2024-01-20T09:36:00
RUN_04658,MACHINE_L,L51837,303.1,311.2,1628,35.2,23,False,2024-01-20T09:42:00
RUN_04659,MACHINE_L,L51838,303.1,311.2,1679,34.8,25,False,2024-01-20T09:48:00
RUN_04660,MACHINE_M,M19519,303.1,311.2,1489,44.5,27,False,2024-01-20T09:54:00
RUN_04661,MACHINE_L,L51840,303.2,311.2,1439,43.9,30,False,2024-01-20T10:00:00
RUN_04662,MACHINE_L,L51841,303.3,311.3,1350,48.1,32,True,2024-01-20T10:06:00
RUN_04663,MACHINE_H,H34076,303.3,311.2,1607,31.7,34,False,2024-01-20T10:12:00
RUN_04664,MACHINE_L,L51843,303.3,311.3,1389,53.9,39,False,2024-01-20T10:18:00
RUN_04665,MACHINE_M,M19524,303.3,311.3,1566,46.1,41,False,2024-01-20T10:24:00
RUN_04666,MACHINE_M,M19525,303.4,311.4,1307,54.0,44,True,2024-01-20T10:30:00
RUN_04667,MACHINE_M,M19526,303.3,311.5,1569,36.6,47,False,2024-01-20T10:36:00
RUN_04668,MACHINE_H,H34081,303.3,311.4,1651,30.6,50,False,2024-01-20T10:42:00
RUN_04669,MACHINE_H,H34082,303.3,311.4,1692,27.9,55,False,2024-01-20T10:48:00
RUN_04670,MACHINE_M,M19529,303.3,311.5,1373,47.3,60,True,2024-01-20T10:54:00
RUN_04671,MACHINE_L,L51850,303.2,311.4,1610,35.5,63,False,2024-01-20T11:00:00
RUN_04672,MACHINE_L,L51851,303.3,311.4,1511,43.4,65,False,2024-01-20T11:06:00
RUN_04673,MACHINE_L,L51852,303.3,311.5,1412,55.6,67,False,2024-01-20T11:12:00
RUN_04674,MACHINE_L,L51853,303.4,311.5,1501,36.2,69,False,2024-01-20T11:18:00
RUN_04675,MACHINE_L,L51854,303.4,311.5,1414,44.8,71,False,2024-01-20T11:24:00
RUN_04676,MACHINE_H,H34089,303.5,311.5,1629,33.5,73,False,2024-01-20T11:30:00
RUN_04677,MACHINE_L,L51856,303.4,311.5,1879,21.3,78,False,2024-01-20T11:36:00
RUN_04678,MACHINE_H,H34091,303.5,311.6,1466,47.0,80,False,2024-01-20T11:42:00
RUN_04679,MACHINE_H,H34092,303.6,311.7,1476,40.1,85,False,2024-01-20T11:48:00
RUN_04680,MACHINE_L,L51859,303.6,311.8,1695,30.7,90,False,2024-01-20T11:54:00
RUN_04681,MACHINE_L,L51860,303.6,311.7,1491,39.8,92,False,2024-01-20T12:00:00
RUN_04682,MACHINE_M,M19541,303.6,311.8,1659,34.7,94,False,2024-01-20T12:06:00
RUN_04683,MACHINE_L,L51862,303.6,311.8,1567,31.7,97,False,2024-01-20T12:12:00
RUN_04684,MACHINE_L,L51863,303.6,311.8,1736,32.9,99,False,2024-01-20T12:18:00
RUN_04685,MACHINE_M,M19544,303.6,311.8,1421,44.8,101,True,2024-01-20T12:24:00
RUN_04686,MACHINE_M,M19545,303.6,311.8,1627,30.8,104,False,2024-01-20T12:30:00
RUN_04687,MACHINE_M,M19546,303.5,311.6,1562,34.2,107,False,2024-01-20T12:36:00
RUN_04688,MACHINE_L,L51867,303.5,311.6,2183,17.0,110,False,2024-01-20T12:42:00
RUN_04689,MACHINE_L,L51868,303.5,311.6,1577,38.1,112,False,2024-01-20T12:48:00
RUN_04690,MACHINE_M,M19549,303.4,311.5,1560,36.4,114,False,2024-01-20T12:54:00
RUN_04691,MACHINE_M,M19550,303.4,311.5,1483,43.0,117,False,2024-01-20T13:00:00
RUN_04692,MACHINE_L,L51871,303.5,311.5,1535,33.3,120,False,2024-01-20T13:06:00
RUN_04693,MACHINE_M,M19552,303.4,311.4,1606,29.6,122,False,2024-01-20T13:12:00
RUN_04694,MACHINE_M,M19553,303.4,311.5,1817,24.7,125,False,2024-01-20T13:18:00
RUN_04695,MACHINE_L,L51874,303.4,311.5,1424,50.8,128,False,2024-01-20T13:24:00
RUN_04696,MACHINE_L,L51875,303.3,311.6,1514,34.7,130,False,2024-01-20T13:30:00
RUN_04697,MACHINE_L,L51876,303.4,311.6,1449,41.7,132,False,2024-01-20T13:36:00
RUN_04698,MACHINE_M,M19557,303.5,311.6,1573,34.0,134,False,2024-01-20T13:42:00
RUN_04699,MACHINE_L,L51878,303.4,311.6,1564,41.9,137,False,2024-01-20T13:48:00
RUN_04700,MACHINE_L,L51879,303.5,311.6,1428,46.2,139,False,2024-01-20T13:54:00
RUN_04701,MACHINE_L,L51880,303.5,311.7,1620,31.0,141,False,2024-01-20T14:00:00
RUN_04702,MACHINE_H,H34115,303.5,311.7,1584,32.7,143,False,2024-01-20T14:06:00
RUN_04703,MACHINE_L,L51882,303.6,311.8,1222,66.8,148,True,2024-01-20T14:12:00
RUN_04704,MACHINE_M,M19563,303.6,311.8,1432,42.5,150,False,2024-01-20T14:18:00
RUN_04705,MACHINE_L,L51884,303.7,311.9,1561,33.3,153,False,2024-01-20T14:24:00
RUN_04706,MACHINE_L,L51885,303.6,311.8,1614,33.2,155,False,2024-01-20T14:30:00
RUN_04707,MACHINE_L,L51886,303.5,311.7,1959,22.3,157,False,2024-01-20T14:36:00
RUN_04708,MACHINE_L,L51887,303.5,311.8,1944,23.5,159,False,2024-01-20T14:42:00
RUN_04709,MACHINE_L,L51888,303.4,311.7,1793,25.8,161,False,2024-01-20T14:48:00
RUN_04710,MACHINE_M,M19569,303.4,311.6,1446,50.0,163,False,2024-01-20T14:54:00
RUN_04711,MACHINE_L,L51890,303.4,311.7,1673,32.2,166,False,2024-01-20T15:00:00
RUN_04712,MACHINE_M,M19571,303.4,311.7,1515,44.2,168,False,2024-01-20T15:06:00
RUN_04713,MACHINE_L,L51892,303.4,311.8,1564,35.9,171,False,2024-01-20T15:12:00
RUN_04714,MACHINE_L,L51893,303.5,311.8,1451,45.2,173,False,2024-01-20T15:18:00
RUN_04715,MACHINE_H,H34128,303.4,311.8,1693,28.3,175,False,2024-01-20T15:24:00
RUN_04716,MACHINE_L,L51895,303.4,311.7,1476,42.3,180,False,2024-01-20T15:30:00
RUN_04717,MACHINE_L,L51896,303.4,311.6,1712,30.1,182,False,2024-01-20T15:36:00
RUN_04718,MACHINE_M,M19577,303.4,311.6,1425,45.4,184,False,2024-01-20T15:42:00
RUN_04719,MACHINE_L,L51898,303.3,311.6,1337,56.8,187,True,2024-01-20T15:48:00
RUN_04720,MACHINE_M,M19579,303.4,311.7,1690,34.9,189,False,2024-01-20T15:54:00
RUN_04721,MACHINE_M,M19580,303.4,311.7,1353,44.1,192,True,2024-01-20T16:00:00
RUN_04722,MACHINE_L,L51901,303.5,311.8,1927,21.9,195,False,2024-01-20T16:06:00
RUN_04723,MACHINE_M,M19582,303.4,311.8,1391,42.7,197,False,2024-01-20T16:12:00
RUN_04724,MACHINE_L,L51903,303.4,311.8,1366,50.9,200,True,2024-01-20T16:18:00
RUN_04725,MACHINE_L,L51904,303.4,311.9,1771,31.6,202,False,2024-01-20T16:24:00
RUN_04726,MACHINE_M,M19585,303.4,311.8,1515,42.6,204,False,2024-01-20T16:30:00
RUN_04727,MACHINE_M,M19586,303.4,311.8,2133,18.3,207,False,2024-01-20T16:36:00
RUN_04728,MACHINE_M,M19587,303.4,311.8,1341,47.0,210,True,2024-01-20T16:42:00
RUN_04729,MACHINE_L,L51908,303.4,311.7,1406,47.1,213,False,2024-01-20T16:48:00
RUN_04730,MACHINE_L,L51909,303.4,311.8,1306,61.0,215,True,2024-01-20T16:54:00
RUN_04731,MACHINE_L,L51910,303.3,311.7,1508,35.5,217,False,2024-01-20T17:00:00
RUN_04732,MACHINE_L,L51911,303.3,311.6,1301,45.1,219,True,2024-01-20T17:06:00
RUN_04733,MACHINE_L,L51912,303.3,311.7,1539,38.5,221,False,2024-01-20T17:12:00
RUN_04734,MACHINE_L,L51913,303.3,311.6,1484,44.6,223,False,2024-01-20T17:18:00
RUN_04735,MACHINE_L,L51914,303.2,311.5,1507,39.2,225,False,2024-01-20T17:24:00
RUN_04736,MACHINE_L,L51915,303.2,311.5,1544,42.5,227,False,2024-01-20T17:30:00
RUN_04737,MACHINE_L,L51916,303.2,311.5,1513,37.9,0,False,2024-01-20T17:36:00
RUN_04738,MACHINE_M,M19597,303.2,311.5,1336,58.2,2,True,2024-01-20T17:42:00
RUN_04739,MACHINE_M,M19598,303.2,311.4,2102,19.0,5,False,2024-01-20T17:48:00
RUN_04740,MACHINE_L,L51919,303.2,311.4,1351,53.8,8,True,2024-01-20T17:54:00
RUN_04741,MACHINE_L,L51920,303.3,311.5,1601,35.2,10,False,2024-01-20T18:00:00
RUN_04742,MACHINE_L,L51921,303.2,311.3,1393,52.9,12,False,2024-01-20T18:06:00
RUN_04743,MACHINE_L,L51922,303.3,311.3,1592,33.7,14,False,2024-01-20T18:12:00
RUN_04744,MACHINE_L,L51923,303.3,311.3,1409,51.8,16,False,2024-01-20T18:18:00
RUN_04745,MACHINE_L,L51924,303.3,311.3,1393,47.4,18,False,2024-01-20T18:24:00
RUN_04746,MACHINE_H,H34159,303.2,311.2,1475,43.1,20,False,2024-01-20T18:30:00
RUN_04747,MACHINE_L,L51926,303.2,311.2,1427,45.6,25,False,2024-01-20T18:36:00
RUN_04748,MACHINE_L,L51927,303.3,311.2,1763,27.3,27,False,2024-01-20T18:42:00
RUN_04749,MACHINE_L,L51928,303.2,311.2,1363,46.7,29,True,2024-01-20T18:48:00
RUN_04750,MACHINE_L,L51929,303.2,311.2,1404,50.9,31,False,2024-01-20T18:54:00
RUN_04751,MACHINE_M,M19610,303.2,311.2,1688,31.9,33,False,2024-01-20T19:00:00
RUN_04752,MACHINE_L,L51931,303.3,311.4,1510,37.3,36,False,2024-01-20T19:06:00
RUN_04753,MACHINE_H,H34166,303.3,311.3,1502,39.5,38,False,2024-01-20T19:12:00
RUN_04754,MACHINE_H,H34167,303.2,311.4,1607,36.6,43,False,2024-01-20T19:18:00
RUN_04755,MACHINE_M,M19614,303.3,311.5,1384,54.8,48,False,2024-01-20T19:24:00
RUN_04756,MACHINE_L,L51935,303.4,311.7,1295,51.3,51,True,2024-01-20T19:30:00
RUN_04757,MACHINE_H,H34170,303.4,311.7,1991,19.0,53,False,2024-01-20T19:36:00
RUN_04758,MACHINE_L,L51937,303.4,311.6,1497,42.8,58,False,2024-01-20T19:42:00
RUN_04759,MACHINE_L,L51938,303.5,311.6,1465,48.7,60,False,2024-01-20T19:48:00
RUN_04760,MACHINE_L,L51939,303.5,311.6,1361,46.5,62,True,2024-01-20T19:54:00
RUN_04761,MACHINE_L,L51940,303.6,311.7,1546,38.5,64,False,2024-01-20T20:00:00
RUN_04762,MACHINE_H,H34175,303.7,311.9,1332,52.7,66,True,2024-01-20T20:06:00
RUN_04763,MACHINE_M,M19622,303.7,312.0,2663,11.4,71,True,2024-01-20T20:12:00
RUN_04764,MACHINE_L,L51943,303.7,312.1,1443,45.9,74,False,2024-01-20T20:18:00
RUN_04765,MACHINE_M,M19624,303.7,312.0,1402,48.6,76,False,2024-01-20T20:24:00
RUN_04766,MACHINE_L,L51945,303.7,312.0,1892,22.5,79,False,2024-01-20T20:30:00
RUN_04767,MACHINE_M,M19626,303.6,312.0,1645,35.7,81,False,2024-01-20T20:36:00
RUN_04768,MACHINE_L,L51947,303.6,311.9,1473,50.1,84,False,2024-01-20T20:42:00
RUN_04769,MACHINE_L,L51948,303.6,312.0,1309,52.9,86,True,2024-01-20T20:48:00
RUN_04770,MACHINE_H,H34183,303.6,311.9,1544,37.1,88,False,2024-01-20T20:54:00
RUN_04771,MACHINE_L,L51950,303.5,311.9,1344,49.3,93,True,2024-01-20T21:00:00
RUN_04772,MACHINE_M,M19631,303.6,311.9,1617,36.0,95,False,2024-01-20T21:06:00
RUN_04773,MACHINE_M,M19632,303.6,312.0,1435,37.9,98,False,2024-01-20T21:12:00
RUN_04774,MACHINE_L,L51953,303.6,312.0,1391,50.3,101,False,2024-01-20T21:18:00
RUN_04775,MACHINE_L,L51954,303.6,312.0,1827,23.3,103,False,2024-01-20T21:24:00
RUN_04776,MACHINE_L,L51955,303.5,312.0,1761,25.8,105,False,2024-01-20T21:30:00
RUN_04777,MACHINE_L,L51956,303.5,312.1,1522,36.4,107,False,2024-01-20T21:36:00
RUN_04778,MACHINE_M,M19637,303.5,312.2,1818,23.6,109,False,2024-01-20T21:42:00
RUN_04779,MACHINE_H,H34192,303.6,312.2,1371,54.6,112,True,2024-01-20T21:48:00
RUN_04780,MACHINE_L,L51959,303.7,312.3,1511,38.9,117,False,2024-01-20T21:54:00
RUN_04781,MACHINE_L,L51960,303.7,312.4,1404,46.6,119,False,2024-01-20T22:00:00
RUN_04782,MACHINE_L,L51961,303.7,312.3,1384,45.9,121,False,2024-01-20T22:06:00
RUN_04783,MACHINE_L,L51962,303.8,312.5,1368,52.6,123,False,2024-01-20T22:12:00
RUN_04784,MACHINE_L,L51963,303.7,312.5,1641,36.0,125,False,2024-01-20T22:18:00
RUN_04785,MACHINE_L,L51964,303.9,312.6,1642,32.3,127,False,2024-01-20T22:24:00
RUN_04786,MACHINE_H,H34199,303.9,312.7,1401,50.0,129,False,2024-01-20T22:30:00
RUN_04787,MACHINE_L,L51966,303.8,312.6,1577,41.3,134,False,2024-01-20T22:36:00
RUN_04788,MACHINE_L,L51967,303.7,312.6,1396,44.1,136,False,2024-01-20T22:42:00
RUN_04789,MACHINE_H,H34202,303.7,312.6,1514,35.5,138,False,2024-01-20T22:48:00
RUN_04790,MACHINE_L,L51969,303.8,312.8,1646,35.8,143,False,2024-01-20T22:54:00
RUN_04791,MACHINE_L,L51970,303.8,312.8,1443,40.7,145,False,2024-01-20T23:00:00
RUN_04792,MACHINE_M,M19651,303.7,312.7,1469,48.5,147,False,2024-01-20T23:06:00
RUN_04793,MACHINE_H,H34206,303.7,312.7,1564,40.2,150,False,2024-01-20T23:12:00
RUN_04794,MACHINE_H,H34207,303.6,312.6,1498,40.2,155,False,2024-01-20T23:18:00
RUN_04795,MACHINE_L,L51974,303.6,312.6,1699,27.9,160,False,2024-01-20T23:24:00
RUN_04796,MACHINE_L,L51975,303.6,312.5,1431,49.0,162,False,2024-01-20T23:30:00
RUN_04797,MACHINE_L,L51976,303.5,312.4,1390,47.3,164,False,2024-01-20T23:36:00
RUN_04798,MACHINE_L,L51977,303.5,312.5,1380,46.1,166,False,2024-01-20T23:42:00
RUN_04799,MACHINE_L,L51978,303.5,312.5,1457,46.4,168,False,2024-01-20T23:48:00
RUN_04800,MACHINE_L,L51979,303.5,312.5,1418,42.2,170,False,2024-01-20T23:54:00
RUN_04801,MACHINE_M,M19660,303.5,312.5,1353,51.0,172,False,2024-01-21T00:00:00
RUN_04802,MACHINE_L,L51981,303.5,312.4,1574,32.7,175,False,2024-01-21T00:06:00
RUN_04803,MACHINE_M,M19662,303.5,312.4,1318,54.2,177,False,2024-01-21T00:12:00
RUN_04804,MACHINE_L,L51983,303.6,312.5,1710,31.4,180,False,2024-01-21T00:18:00
RUN_04805,MACHINE_L,L51984,303.7,312.6,1621,38.8,182,False,2024-01-21T00:24:00
RUN_04806,MACHINE_L,L51985,303.6,312.6,1606,33.6,184,False,2024-01-21T00:30:00
RUN_04807,MACHINE_H,H34220,303.6,312.5,1375,54.0,186,False,2024-01-21T00:36:00
RUN_04808,MACHINE_L,L51987,303.5,312.4,1503,36.5,191,False,2024-01-21T00:42:00
RUN_04809,MACHINE_L,L51988,303.5,312.3,1404,48.6,193,False,2024-01-21T00:48:00
RUN_04810,MACHINE_L,L51989,303.4,312.2,1656,32.7,195,False,2024-01-21T00:54:00
RUN_04811,MACHINE_M,M19670,303.4,312.1,1499,39.4,197,False,2024-01-21T01:00:00
RUN_04812,MACHINE_M,M19671,303.4,312.0,1748,28.4,200,False,2024-01-21T01:06:00
RUN_04813,MACHINE_L,L51992,303.4,311.9,1531,37.9,203,False,2024-01-21T01:12:00
RUN_04814,MACHINE_M,M19673,303.3,311.8,1536,40.6,205,False,2024-01-21T01:18:00
RUN_04815,MACHINE_L,L51994,303.4,311.8,1401,53.0,208,True,2024-01-21T01:24:00
RUN_04816,MACHINE_H,H34229,303.4,311.9,1534,33.2,210,False,2024-01-21T01:30:00
RUN_04817,MACHINE_L,L51996,303.4,312.0,1521,35.9,215,True,2024-01-21T01:36:00
RUN_04818,MACHINE_L,L51997,303.5,312.1,1674,30.8,0,False,2024-01-21T01:42:00
RUN_04819,MACHINE_M,M19678,303.6,312.1,1967,20.9,2,False,2024-01-21T01:48:00
RUN_04820,MACHINE_L,L51999,303.6,312.2,1696,30.7,5,False,2024-01-21T01:54:00
RUN_04821,MACHINE_M,M19680,303.6,312.1,1627,32.5,7,False,2024-01-21T02:00:00
RUN_04822,MACHINE_L,L52001,303.5,311.9,1405,45.6,10,False,2024-01-21T02:06:00
RUN_04823,MACHINE_L,L52002,303.5,311.9,1565,38.9,12,False,2024-01-21T02:12:00
RUN_04824,MACHINE_L,L52003,303.5,311.9,1493,38.7,14,False,2024-01-21T02:18:00
RUN_04825,MACHINE_L,L52004,303.4,311.8,1499,45.0,16,False,2024-01-21T02:24:00
RUN_04826,MACHINE_L,L52005,303.3,311.8,1692,30.6,18,False,2024-01-21T02:30:00
RUN_04827,MACHINE_L,L52006,303.4,311.8,2268,15.8,20,False,2024-01-21T02:36:00
RUN_04828,MACHINE_L,L52007,303.4,311.8,1438,58.9,22,False,2024-01-21T02:42:00
RUN_04829,MACHINE_L,L52008,303.5,311.9,1515,39.2,24,False,2024-01-21T02:48:00
RUN_04830,MACHINE_L,L52009,303.4,311.9,1491,38.2,26,False,2024-01-21T02:54:00
RUN_04831,MACHINE_L,L52010,303.5,312.0,1756,29.7,28,False,2024-01-21T03:00:00
RUN_04832,MACHINE_L,L52011,303.5,312.0,1366,54.5,30,True,2024-01-21T03:06:00
RUN_04833,MACHINE_L,L52012,303.5,312.0,1436,45.1,32,False,2024-01-21T03:12:00
RUN_04834,MACHINE_L,L52013,303.4,311.9,1377,41.6,34,True,2024-01-21T03:18:00
RUN_04835,MACHINE_M,M19694,303.4,311.9,1510,42.2,36,False,2024-01-21T03:24:00
RUN_04836,MACHINE_M,M19695,303.4,311.9,1419,50.9,39,False,2024-01-21T03:30:00
RUN_04837,MACHINE_L,L52016,303.3,311.8,1315,62.0,42,True,2024-01-21T03:36:00
RUN_04838,MACHINE_H,H34251,303.3,311.8,1806,27.7,44,False,2024-01-21T03:42:00
RUN_04839,MACHINE_H,H34252,303.3,311.8,1649,29.4,49,False,2024-01-21T03:48:00
RUN_04840,MACHINE_H,H34253,303.4,311.9,1402,50.0,54,False,2024-01-21T03:54:00
RUN_04841,MACHINE_L,L52020,303.4,311.9,1298,63.9,59,True,2024-01-21T04:00:00
RUN_04842,MACHINE_M,M19701,303.3,311.8,1441,44.9,61,False,2024-01-21T04:06:00
RUN_04843,MACHINE_M,M19702,303.3,311.8,1489,49.4,64,False,2024-01-21T04:12:00
RUN_04844,MACHINE_L,L52023,303.3,311.8,1842,24.5,67,False,2024-01-21T04:18:00
RUN_04845,MACHINE_M,M19704,303.4,311.8,1316,50.9,69,True,2024-01-21T04:24:00
RUN_04846,MACHINE_M,M19705,303.3,311.8,1583,33.3,72,False,2024-01-21T04:30:00
RUN_04847,MACHINE_M,M19706,303.3,311.8,1548,33.5,75,False,2024-01-21T04:36:00
RUN_04848,MACHINE_L,L52027,303.4,311.9,1434,44.6,78,False,2024-01-21T04:42:00
RUN_04849,MACHINE_H,H34262,303.5,312.0,1397,52.9,80,False,2024-01-21T04:48:00
RUN_04850,MACHINE_M,M19709,303.5,312.0,1475,42.9,85,False,2024-01-21T04:54:00
RUN_04851,MACHINE_L,L52030,303.5,312.0,1441,56.8,88,False,2024-01-21T05:00:00
RUN_04852,MACHINE_L,L52031,303.7,312.1,1363,51.8,90,True,2024-01-21T05:06:00
RUN_04853,MACHINE_L,L52032,303.7,312.2,1619,34.9,92,False,2024-01-21T05:12:00
RUN_04854,MACHINE_L,L52033,303.7,312.2,1487,34.0,94,False,2024-01-21T05:18:00
RUN_04855,MACHINE_L,L52034,303.7,312.2,1568,33.8,96,False,2024-01-21T05:24:00
RUN_04856,MACHINE_L,L52035,303.7,312.3,1375,46.2,98,False,2024-01-21T05:30:00
RUN_04857,MACHINE_M,M19716,303.6,312.3,1698,31.3,100,False,2024-01-21T05:36:00
RUN_04858,MACHINE_L,L52037,303.7,312.3,1606,37.4,103,False,2024-01-21T05:42:00
RUN_04859,MACHINE_L,L52038,303.7,312.3,1349,51.0,105,False,2024-01-21T05:48:00
RUN_04860,MACHINE_L,L52039,303.7,312.4,1535,38.6,107,False,2024-01-21T05:54:00
RUN_04861,MACHINE_M,M19720,303.6,312.4,1504,49.5,109,False,2024-01-21T06:00:00
RUN_04862,MACHINE_L,L52041,303.5,312.3,1946,21.1,112,False,2024-01-21T06:06:00
RUN_04863,MACHINE_L,L52042,303.5,312.1,1326,55.7,114,False,2024-01-21T06:12:00
RUN_04864,MACHINE_M,M19723,303.6,312.3,1915,22.3,116,False,2024-01-21T06:18:00
RUN_04865,MACHINE_L,L52044,303.6,312.3,1451,43.4,119,False,2024-01-21T06:24:00
RUN_04866,MACHINE_M,M19725,303.5,312.3,1624,34.8,121,False,2024-01-21T06:30:00
RUN_04867,MACHINE_L,L52046,303.6,312.4,1781,28.7,124,False,2024-01-21T06:36:00
RUN_04868,MACHINE_L,L52047,303.6,312.5,1345,54.1,126,False,2024-01-21T06:42:00
RUN_04869,MACHINE_L,L52048,303.6,312.4,1418,46.0,128,False,2024-01-21T06:48:00
RUN_04870,MACHINE_L,L52049,303.7,312.4,1718,26.5,130,False,2024-01-21T06:54:00
RUN_04871,MACHINE_M,M19730,303.7,312.4,1631,28.5,132,False,2024-01-21T07:00:00
RUN_04872,MACHINE_L,L52051,303.7,312.4,1513,40.1,135,False,2024-01-21T07:06:00
RUN_04873,MACHINE_L,L52052,303.7,312.4,1316,59.3,137,False,2024-01-21T07:12:00
RUN_04874,MACHINE_M,M19733,303.7,312.4,1474,38.8,139,False,2024-01-21T07:18:00
RUN_04875,MACHINE_L,L52054,303.8,312.5,1619,30.9,142,False,2024-01-21T07:24:00
RUN_04876,MACHINE_L,L52055,303.7,312.4,1702,31.2,144,False,2024-01-21T07:30:00
RUN_04877,MACHINE_M,M19736,303.7,312.4,1540,37.4,146,False,2024-01-21T07:36:00
RUN_04878,MACHINE_M,M19737,303.7,312.4,1546,33.7,149,False,2024-01-21T07:42:00
RUN_04879,MACHINE_L,L52058,303.7,312.4,1348,51.0,152,False,2024-01-21T07:48:00
RUN_04880,MACHINE_H,H34293,303.7,312.5,1520,35.6,154,False,2024-01-21T07:54:00
RUN_04881,MACHINE_M,M19740,303.8,312.6,1527,41.9,159,False,2024-01-21T08:00:00
RUN_04882,MACHINE_M,M19741,303.8,312.6,1406,47.1,162,False,2024-01-21T08:06:00
RUN_04883,MACHINE_L,L52062,303.7,312.5,1462,46.2,165,False,2024-01-21T08:12:00
RUN_04884,MACHINE_M,M19743,303.8,312.6,1684,29.3,167,False,2024-01-21T08:18:00
RUN_04885,MACHINE_H,H34298,303.8,312.5,1655,28.0,170,False,2024-01-21T08:24:00
RUN_04886,MACHINE_H,H34299,303.8,312.5,1748,25.1,175,False,2024-01-21T08:30:00
RUN_04887,MACHINE_L,L52066,303.8,312.5,1372,45.7,180,False,2024-01-21T08:36:00
RUN_04888,MACHINE_L,L52067,303.7,312.5,1481,33.3,182,False,2024-01-21T08:42:00
RUN_04889,MACHINE_L,L52068,303.7,312.4,1512,39.2,184,False,2024-01-21T08:48:00
RUN_04890,MACHINE_L,L52069,303.7,312.5,1632,36.6,186,False,2024-01-21T08:54:00
RUN_04891,MACHINE_L,L52070,303.7,312.4,1525,43.9,188,False,2024-01-21T09:00:00
RUN_04892,MACHINE_M,M19751,303.7,312.3,1756,26.4,190,False,2024-01-21T09:06:00
RUN_04893,MACHINE_L,L52072,303.7,312.3,1922,23.1,193,False,2024-01-21T09:12:00
RUN_04894,MACHINE_M,M19753,303.8,312.5,1448,44.3,195,False,2024-01-21T09:18:00
RUN_04895,MACHINE_H,H34308,303.8,312.5,1447,46.6,198,False,2024-01-21T09:24:00
RUN_04896,MACHINE_M,M19755,303.8,312.4,1597,33.4,203,False,2024-01-21T09:30:00
RUN_04897,MACHINE_M,M19756,303.7,312.4,1642,32.3,206,False,2024-01-21T09:36:00
RUN_04898,MACHINE_H,H34311,303.8,312.5,1525,38.0,209,False,2024-01-21T09:42:00
RUN_04899,MACHINE_H,H34312,303.6,312.4,1460,53.7,214,False,2024-01-21T09:48:00
RUN_04900,MACHINE_L,L52079,303.6,312.3,2168,17.7,219,False,2024-01-21T09:54:00
RUN_04901,MACHINE_L,L52080,303.6,312.4,1388,41.9,221,False,2024-01-21T10:00:00
RUN_04902,MACHINE_M,M19761,303.6,312.3,1630,32.4,223,False,2024-01-21T10:06:00
RUN_04903,MACHINE_L,L52082,303.6,312.3,1616,29.3,226,False,2024-01-21T10:12:00
RUN_04904,MACHINE_L,L52083,303.6,312.4,2232,16.8,0,False,2024-01-21T10:18:00
RUN_04905,MACHINE_H,H34318,303.6,312.4,1480,50.7,2,False,2024-01-21T10:24:00
RUN_04906,MACHINE_L,L52085,303.6,312.4,1363,53.1,7,False,2024-01-21T10:30:00
RUN_04907,MACHINE_H,H34320,303.6,312.4,1436,45.6,9,False,2024-01-21T10:36:00
RUN_04908,MACHINE_M,M19767,303.6,312.5,1607,33.7,14,False,2024-01-21T10:42:00
RUN_04909,MACHINE_M,M19768,303.6,312.5,1459,48.2,17,False,2024-01-21T10:48:00
RUN_04910,MACHINE_L,L52089,303.5,312.4,1481,43.7,20,False,2024-01-21T10:54:00
RUN_04911,MACHINE_M,M19770,303.5,312.4,1606,31.7,22,False,2024-01-21T11:00:00
RUN_04912,MACHINE_L,L52091,303.5,312.3,1681,29.8,25,False,2024-01-21T11:06:00
RUN_04913,MACHINE_L,L52092,303.5,312.2,1511,37.1,27,False,2024-01-21T11:12:00
RUN_04914,MACHINE_M,M19773,303.5,312.3,1593,35.2,29,False,2024-01-21T11:18:00
RUN_04915,MACHINE_M,M19774,303.5,312.3,1532,41.7,32,False,2024-01-21T11:24:00
RUN_04916,MACHINE_H,H34329,303.5,312.3,1386,49.0,35,False,2024-01-21T11:30:00
RUN_04917,MACHINE_H,H34330,303.4,312.3,1769,27.9,40,False,2024-01-21T11:36:00
RUN_04918,MACHINE_M,M19777,303.4,312.2,1561,38.2,45,False,2024-01-21T11:42:00
RUN_04919,MACHINE_L,L52098,303.3,312.2,1457,40.7,48,False,2024-01-21T11:48:00
RUN_04920,MACHINE_L,L52099,303.3,312.2,1506,40.0,50,False,2024-01-21T11:54:00
RUN_04921,MACHINE_L,L52100,303.4,312.2,1337,69.4,52,True,2024-01-21T12:00:00
RUN_04922,MACHINE_L,L52101,303.4,312.3,1287,54.8,54,False,2024-01-21T12:06:00
RUN_04923,MACHINE_M,M19782,303.4,312.2,1615,35.7,56,False,2024-01-21T12:12:00
RUN_04924,MACHINE_M,M19783,303.4,312.2,1972,23.5,59,False,2024-01-21T12:18:00
RUN_04925,MACHINE_H,H34338,303.4,312.3,1522,42.1,62,False,2024-01-21T12:24:00
RUN_04926,MACHINE_L,L52105,303.4,312.3,1680,30.6,67,False,2024-01-21T12:30:00
RUN_04927,MACHINE_L,L52106,303.4,312.3,1502,36.0,69,False,2024-01-21T12:36:00
RUN_04928,MACHINE_M,M19787,303.5,312.3,1543,33.3,71,False,2024-01-21T12:42:00
RUN_04929,MACHINE_L,L52108,303.5,312.3,1584,35.2,74,False,2024-01-21T12:48:00
RUN_04930,MACHINE_L,L52109,303.5,312.4,1340,44.5,76,False,2024-01-21T12:54:00
RUN_04931,MACHINE_L,L52110,303.4,312.3,1663,33.9,78,False,2024-01-21T13:00:00
RUN_04932,MACHINE_M,M19791,303.3,312.1,1693,30.0,80,False,2024-01-21T13:06:00
RUN_04933,MACHINE_L,L52112,303.3,312.1,1418,44.7,83,False,2024-01-21T13:12:00
RUN_04934,MACHINE_H,H34347,303.4,312.2,1554,36.8,85,False,2024-01-21T13:18:00
RUN_04935,MACHINE_L,L52114,303.4,312.2,1580,35.8,90,False,2024-01-21T13:24:00
RUN_04936,MACHINE_L,L52115,303.4,312.3,1479,42.8,92,False,2024-01-21T13:30:00
RUN_04937,MACHINE_L,L52116,303.5,312.4,1284,70.6,94,True,2024-01-21T13:36:00
RUN_04938,MACHINE_L,L52117,303.4,312.3,1540,38.7,96,False,2024-01-21T13:42:00
RUN_04939,MACHINE_M,M19798,303.5,312.4,1606,30.1,98,False,2024-01-21T13:48:00
RUN_04940,MACHINE_L,L52119,303.6,312.5,1286,62.4,101,False,2024-01-21T13:54:00
RUN_04941,MACHINE_L,L52120,303.6,312.6,1502,39.5,103,False,2024-01-21T14:00:00
RUN_04942,MACHINE_M,M19801,303.6,312.7,1699,31.5,105,False,2024-01-21T14:06:00
RUN_04943,MACHINE_L,L52122,303.5,312.6,1602,34.2,108,False,2024-01-21T14:12:00
RUN_04944,MACHINE_H,H34357,303.6,312.6,1436,42.0,110,False,2024-01-21T14:18:00
RUN_04945,MACHINE_M,M19804,303.6,312.7,1765,27.5,115,False,2024-01-21T14:24:00
RUN_04946,MACHINE_L,L52125,303.6,312.7,1418,44.1,118,False,2024-01-21T14:30:00
RUN_04947,MACHINE_M,M19806,303.7,312.7,1669,31.7,120,False,2024-01-21T14:36:00
RUN_04948,MACHINE_L,L52127,303.7,312.7,1395,53.9,123,False,2024-01-21T14:42:00
RUN_04949,MACHINE_M,M19808,303.8,312.7,1500,41.7,125,False,2024-01-21T14:48:00
RUN_04950,MACHINE_M,M19809,303.8,312.7,1555,33.4,128,False,2024-01-21T14:54:00
RUN_04951,MACHINE_M,M19810,303.8,312.7,1919,20.2,131,False,2024-01-21T15:00:00
RUN_04952,MACHINE_L,L52131,303.8,312.7,1596,36.6,134,False,2024-01-21T15:06:00
RUN_04953,MACHINE_M,M19812,303.8,312.7,1374,53.6,136,False,2024-01-21T15:12:00
RUN_04954,MACHINE_L,L52133,303.7,312.5,1670,26.1,139,False,2024-01-21T15:18:00
RUN_04955,MACHINE_L,L52134,303.7,312.6,1702,29.1,141,False,2024-01-21T15:24:00
RUN_04956,MACHINE_M,M19815,303.8,312.5,1366,45.1,143,False,2024-01-21T15:30:00
RUN_04957,MACHINE_M,M19816,303.8,312.5,2344,15.2,146,False,2024-01-21T15:36:00
RUN_04958,MACHINE_M,M19817,303.8,312.6,1768,23.9,149,False,2024-01-21T15:42:00
RUN_04959,MACHINE_L,L52138,303.8,312.5,1523,47.0,152,False,2024-01-21T15:48:00
RUN_04960,MACHINE_L,L52139,303.8,312.6,1735,25.9,154,False,2024-01-21T15:54:00
RUN_04961,MACHINE_L,L52140,303.9,312.7,1339,62.3,156,False,2024-01-21T16:00:00
RUN_04962,MACHINE_L,L52141,303.9,312.7,1800,24.3,158,False,2024-01-21T16:06:00
RUN_04963,MACHINE_M,M19822,304.0,312.7,1456,51.2,160,False,2024-01-21T16:12:00
RUN_04964,MACHINE_L,L52143,303.9,312.7,1789,24.4,163,False,2024-01-21T16:18:00
RUN_04965,MACHINE_L,L52144,303.9,312.7,1602,33.9,165,False,2024-01-21T16:24:00
RUN_04966,MACHINE_M,M19825,303.8,312.7,1364,49.3,167,False,2024-01-21T16:30:00
RUN_04967,MACHINE_L,L52146,303.8,312.6,1793,28.1,170,False,2024-01-21T16:36:00
RUN_04968,MACHINE_L,L52147,303.9,312.6,1426,53.4,172,False,2024-01-21T16:42:00
RUN_04969,MACHINE_M,M19828,303.9,312.7,1485,43.3,174,False,2024-01-21T16:48:00
RUN_04970,MACHINE_L,L52149,303.9,312.7,1528,38.4,177,False,2024-01-21T16:54:00
RUN_04971,MACHINE_L,L52150,303.8,312.6,1565,36.0,179,False,2024-01-21T17:00:00
RUN_04972,MACHINE_L,L52151,303.8,312.7,1838,27.8,181,False,2024-01-21T17:06:00
RUN_04973,MACHINE_H,H34386,303.8,312.6,1811,24.9,183,False,2024-01-21T17:12:00
RUN_04974,MACHINE_L,L52153,303.8,312.7,1461,38.2,188,False,2024-01-21T17:18:00
RUN_04975,MACHINE_L,L52154,303.8,312.7,1414,41.7,190,False,2024-01-21T17:24:00
RUN_04976,MACHINE_L,L52155,303.7,312.7,1426,45.5,192,False,2024-01-21T17:30:00
RUN_04977,MACHINE_L,L52156,303.7,312.7,1359,56.8,194,True,2024-01-21T17:36:00
RUN_04978,MACHINE_L,L52157,303.7,312.7,1540,44.8,196,False,2024-01-21T17:42:00
RUN_04979,MACHINE_L,L52158,303.6,312.7,1429,47.7,198,False,2024-01-21T17:48:00
RUN_04980,MACHINE_M,M19839,303.7,312.7,1612,36.3,200,False,2024-01-21T17:54:00
RUN_04981,MACHINE_M,M19840,303.7,312.8,1685,31.8,203,False,2024-01-21T18:00:00
RUN_04982,MACHINE_M,M19841,303.7,312.8,1558,37.7,206,False,2024-01-21T18:06:00
RUN_04983,MACHINE_L,L52162,303.7,313.0,1811,24.3,209,False,2024-01-21T18:12:00
RUN_04984,MACHINE_L,L52163,303.8,313.1,1869,25.8,211,False,2024-01-21T18:18:00
RUN_04985,MACHINE_L,L52164,303.8,313.1,1256,58.7,213,True,2024-01-21T18:24:00
RUN_04986,MACHINE_M,M19845,303.8,313.0,1789,23.5,215,False,2024-01-21T18:30:00
RUN_04987,MACHINE_L,L52166,303.7,312.9,1502,40.5,0,False,2024-01-21T18:36:00
RUN_04988,MACHINE_M,M19847,303.7,313.0,1303,54.4,2,False,2024-01-21T18:42:00
RUN_04989,MACHINE_L,L52168,303.8,313.1,2497,13.0,5,True,2024-01-21T18:48:00
RUN_04990,MACHINE_L,L52169,303.9,313.2,1499,37.4,7,False,2024-01-21T18:54:00
RUN_04991,MACHINE_L,L52170,303.9,313.2,1393,46.5,9,False,2024-01-21T19:00:00
RUN_04992,MACHINE_M,M19851,303.9,313.0,1475,41.0,11,False,2024-01-21T19:06:00
RUN_04993,MACHINE_L,L52172,303.8,312.9,1573,34.6,14,False,2024-01-21T19:12:00
RUN_04994,MACHINE_L,L52173,303.8,312.9,1819,23.7,16,False,2024-01-21T19:18:00
RUN_04995,MACHINE_M,M19854,303.5,312.6,1642,29.4,18,False,2024-01-21T19:24:00
RUN_04996,MACHINE_L,L52175,303.6,312.6,1540,39.8,21,False,2024-01-21T19:30:00
RUN_04997,MACHINE_M,M19856,303.6,312.8,1400,43.2,23,False,2024-01-21T19:36:00
RUN_04998,MACHINE_M,M19857,303.6,312.8,2659,11.4,26,True,2024-01-21T19:42:00
RUN_04999,MACHINE_M,M19858,303.6,312.8,1825,25.2,29,False,2024-01-21T19:48:00
RUN_05000,MACHINE_M,M19859,303.7,312.9,1532,41.3,32,False,2024-01-21T19:54:00
RUN_05001,MACHINE_L,L52180,303.7,312.8,1832,23.6,35,False,2024-01-21T20:00:00
RUN_05002,MACHINE_M,M19861,303.6,312.7,2174,17.6,37,False,2024-01-21T20:06:00
RUN_05003,MACHINE_L,L52182,303.7,312.8,1627,31.7,40,False,2024-01-21T20:12:00
RUN_05004,MACHINE_L,L52183,303.7,312.8,1437,51.3,42,False,2024-01-21T20:18:00
RUN_05005,MACHINE_L,L52184,303.7,312.8,1364,46.3,44,False,2024-01-21T20:24:00
RUN_05006,MACHINE_M,M19865,303.7,312.9,1444,52.7,46,False,2024-01-21T20:30:00
RUN_05007,MACHINE_M,M19866,303.7,312.8,1366,47.3,49,False,2024-01-21T20:36:00
RUN_05008,MACHINE_L,L52187,303.8,312.9,1442,48.3,52,False,2024-01-21T20:42:00
RUN_05009,MACHINE_H,H34422,303.7,312.8,1488,42.8,54,False,2024-01-21T20:48:00
RUN_05010,MACHINE_L,L52189,303.7,312.8,1523,40.7,59,False,2024-01-21T20:54:00
RUN_05011,MACHINE_L,L52190,303.7,312.8,1543,38.3,61,False,2024-01-21T21:00:00
RUN_05012,MACHINE_M,M19871,303.7,312.8,1634,33.8,63,False,2024-01-21T21:06:00
RUN_05013,MACHINE_M,M19872,303.8,312.9,1815,27.8,66,False,2024-01-21T21:12:00
RUN_05014,MACHINE_M,M19873,303.8,312.9,1594,35.2,69,False,2024-01-21T21:18:00
RUN_05015,MACHINE_L,L52194,303.8,313.0,1452,38.6,72,False,2024-01-21T21:24:00
RUN_05016,MACHINE_L,L52195,303.9,313.0,1759,28.4,74,False,2024-01-21T21:30:00
RUN_05017,MACHINE_L,L52196,303.9,313.0,1408,47.5,76,False,2024-01-21T21:36:00
RUN_05018,MACHINE_L,L52197,303.9,313.0,1483,45.0,78,False,2024-01-21T21:42:00
RUN_05019,MACHINE_M,M19878,303.9,313.0,1620,36.6,80,False,2024-01-21T21:48:00
RUN_05020,MACHINE_M,M19879,304.0,313.1,1466,39.5,83,False,2024-01-21T21:54:00
RUN_05021,MACHINE_L,L52200,304.1,313.1,1556,36.3,86,False,2024-01-21T22:00:00
RUN_05022,MACHINE_L,L52201,304.0,313.0,1350,61.1,88,False,2024-01-21T22:06:00
RUN_05023,MACHINE_L,L52202,304.0,313.1,1404,47.1,90,False,2024-01-21T22:12:00
RUN_05024,MACHINE_M,M19883,304.0,313.0,1575,34.5,92,False,2024-01-21T22:18:00
RUN_05025,MACHINE_L,L52204,303.9,313.1,1639,29.0,95,False,2024-01-21T22:24:00
RUN_05026,MACHINE_M,M19885,303.9,313.1,1473,42.8,97,False,2024-01-21T22:30:00
RUN_05027,MACHINE_L,L52206,303.9,313.2,1481,40.0,100,False,2024-01-21T22:36:00
RUN_05028,MACHINE_L,L52207,304.0,313.3,1294,54.6,102,False,2024-01-21T22:42:00
RUN_05029,MACHINE_M,M19888,303.9,313.2,1630,29.3,104,False,2024-01-21T22:48:00
RUN_05030,MACHINE_M,M19889,303.9,313.2,1624,39.8,107,False,2024-01-21T22:54:00
RUN_05031,MACHINE_M,M19890,303.9,313.1,1437,48.3,110,False,2024-01-21T23:00:00
RUN_05032,MACHINE_M,M19891,303.8,313.0,1514,45.0,113,False,2024-01-21T23:06:00
RUN_05033,MACHINE_M,M19892,304.0,313.1,1694,31.4,116,False,2024-01-21T23:12:00
RUN_05034,MACHINE_L,L52213,304.0,313.1,1564,50.9,119,False,2024-01-21T23:18:00
RUN_05035,MACHINE_M,M19894,303.9,313.1,1514,41.1,121,False,2024-01-21T23:24:00
RUN_05036,MACHINE_M,M19895,304.0,313.2,1500,40.6,124,False,2024-01-21T23:30:00
RUN_05037,MACHINE_L,L52216,304.0,313.2,1615,37.8,127,False,2024-01-21T23:36:00
RUN_05038,MACHINE_M,M19897,304.1,313.2,1586,41.1,129,False,2024-01-21T23:42:00
RUN_05039,MACHINE_L,L52218,304.1,313.3,1732,28.5,132,False,2024-01-21T23:48:00
RUN_05040,MACHINE_H,H34453,304.1,313.3,1689,32.5,134,False,2024-01-21T23:54:00
RUN_05041,MACHINE_H,H34454,304.1,313.2,1586,34.6,139,False,2024-01-22T00:00:00
RUN_05042,MACHINE_L,L52221,304.0,313.2,1314,47.1,144,False,2024-01-22T00:06:00
RUN_05043,MACHINE_L,L52222,304.1,313.2,1569,35.8,146,False,2024-01-22T00:12:00
RUN_05044,MACHINE_L,L52223,304.1,313.2,1468,39.4,148,False,2024-01-22T00:18:00
RUN_05045,MACHINE_L,L52224,304.1,313.2,1412,47.5,150,False,2024-01-22T00:24:00
RUN_05046,MACHINE_M,M19905,304.1,313.2,1510,46.9,152,False,2024-01-22T00:30:00
RUN_05047,MACHINE_M,M19906,304.1,313.2,1410,42.4,155,False,2024-01-22T00:36:00
RUN_05048,MACHINE_M,M19907,304.1,313.3,1680,29.3,158,False,2024-01-22T00:42:00
RUN_05049,MACHINE_H,H34462,304.0,313.2,1271,68.6,161,True,2024-01-22T00:48:00
RUN_05050,MACHINE_H,H34463,304.0,313.1,1472,45.5,166,False,2024-01-22T00:54:00
RUN_05051,MACHINE_H,H34464,304.0,313.0,1701,30.4,171,False,2024-01-22T01:00:00
RUN_05052,MACHINE_L,L52231,303.9,313.0,1480,39.9,176,False,2024-01-22T01:06:00
RUN_05053,MACHINE_L,L52232,303.9,313.0,1433,48.4,178,False,2024-01-22T01:12:00
RUN_05054,MACHINE_L,L52233,303.8,312.9,1514,34.3,180,False,2024-01-22T01:18:00
RUN_05055,MACHINE_L,L52234,303.8,312.9,1619,35.7,182,False,2024-01-22T01:24:00
RUN_05056,MACHINE_H,H34469,303.8,312.9,1378,45.6,184,False,2024-01-22T01:30:00
RUN_05057,MACHINE_M,M19916,303.9,312.9,1430,53.5,189,False,2024-01-22T01:36:00
RUN_05058,MACHINE_L,L52237,303.8,312.9,1367,49.9,192,False,2024-01-22T01:42:00
RUN_05059,MACHINE_L,L52238,303.9,312.9,1526,42.5,194,False,2024-01-22T01:48:00
RUN_05060,MACHINE_L,L52239,303.9,312.8,1419,47.9,196,False,2024-01-22T01:54:00
RUN_05061,MACHINE_L,L52240,304.0,312.8,1542,42.7,198,False,2024-01-22T02:00:00
RUN_05062,MACHINE_L,L52241,304.0,312.9,1363,62.5,200,True,2024-01-22T02:06:00
RUN_05063,MACHINE_L,L52242,304.0,312.9,1313,53.9,202,False,2024-01-22T02:12:00
RUN_05064,MACHINE_H,H34477,304.0,312.9,1495,46.6,0,False,2024-01-22T02:18:00
RUN_05065,MACHINE_L,L52244,304.0,313.0,1407,42.1,5,False,2024-01-22T02:24:00
RUN_05066,MACHINE_L,L52245,304.1,313.0,1566,37.2,7,False,2024-01-22T02:30:00
RUN_05067,MACHINE_L,L52246,304.1,313.1,1550,30.9,9,False,2024-01-22T02:36:00
RUN_05068,MACHINE_M,M19927,304.2,313.2,1396,50.5,11,False,2024-01-22T02:42:00
RUN_05069,MACHINE_M,M19928,304.3,313.3,1540,39.0,14,False,2024-01-22T02:48:00
RUN_05070,MACHINE_M,M19929,304.2,313.2,1380,48.7,17,False,2024-01-22T02:54:00
RUN_05071,MACHINE_M,M19930,304.2,313.1,1608,31.1,20,False,2024-01-22T03:00:00
RUN_05072,MACHINE_H,H34485,304.2,313.0,1442,40.9,23,False,2024-01-22T03:06:00
RUN_05073,MACHINE_L,L52252,304.1,313.0,1408,45.3,28,False,2024-01-22T03:12:00
RUN_05074,MACHINE_M,M19933,304.0,313.0,1454,46.8,30,False,2024-01-22T03:18:00
RUN_05075,MACHINE_L,L52254,304.1,313.1,1666,34.6,33,False,2024-01-22T03:24:00
RUN_05076,MACHINE_L,L52255,304.1,313.2,1366,46.6,35,False,2024-01-22T03:30:00
RUN_05077,MACHINE_L,L52256,304.2,313.2,1464,44.9,37,False,2024-01-22T03:36:00
RUN_05078,MACHINE_L,L52257,304.3,313.3,1775,24.9,39,False,2024-01-22T03:42:00
RUN_05079,MACHINE_M,M19938,304.3,313.4,1482,43.8,41,False,2024-01-22T03:48:00
RUN_05080,MACHINE_M,M19939,304.2,313.4,1411,54.8,44,False,2024-01-22T03:54:00
RUN_05081,MACHINE_L,L52260,304.2,313.3,1410,51.6,47,False,2024-01-22T04:00:00
RUN_05082,MACHINE_M,M19941,304.1,313.3,1494,39.0,49,False,2024-01-22T04:06:00
RUN_05083,MACHINE_H,H34496,304.1,313.2,1590,43.4,52,False,2024-01-22T04:12:00
RUN_05084,MACHINE_L,L52263,304.1,313.1,1327,54.1,57,False,2024-01-22T04:18:00
RUN_05085,MACHINE_L,L52264,304.1,313.1,1969,20.8,59,False,2024-01-22T04:24:00
RUN_05086,MACHINE_M,M19945,304.0,313.0,1377,56.0,61,False,2024-01-22T04:30:00
RUN_05087,MACHINE_L,L52266,304.0,313.0,1541,45.9,64,False,2024-01-22T04:36:00
RUN_05088,MACHINE_M,M19947,304.0,313.0,1685,28.2,66,False,2024-01-22T04:42:00
RUN_05089,MACHINE_L,L52268,304.0,313.1,1465,41.0,69,False,2024-01-22T04:48:00
RUN_05090,MACHINE_M,M19949,303.9,313.1,1483,47.2,71,False,2024-01-22T04:54:00
RUN_05091,MACHINE_M,M19950,303.9,313.2,1570,40.7,74,False,2024-01-22T05:00:00
RUN_05092,MACHINE_L,L52271,303.9,313.2,1345,48.2,77,False,2024-01-22T05:06:00
RUN_05093,MACHINE_M,M19952,303.9,313.2,1608,40.6,79,False,2024-01-22T05:12:00
RUN_05094,MACHINE_M,M19953,304.0,313.3,1415,52.8,82,False,2024-01-22T05:18:00
RUN_05095,MACHINE_M,M19954,304.1,313.5,1470,45.8,85,False,2024-01-22T05:24:00
RUN_05096,MACHINE_M,M19955,304.1,313.5,1428,39.9,88,False,2024-01-22T05:30:00
RUN_05097,MACHINE_H,H34510,304.2,313.5,1627,32.2,91,False,2024-01-22T05:36:00
RUN_05098,MACHINE_L,L52277,304.2,313.4,1457,49.4,96,False,2024-01-22T05:42:00
RUN_05099,MACHINE_L,L52278,304.2,313.4,1475,40.2,98,False,2024-01-22T05:48:00
RUN_05100,MACHINE_L,L52279,304.2,313.5,1438,50.1,100,False,2024-01-22T05:54:00
RUN_05101,MACHINE_M,M19960,304.2,313.5,1437,47.2,102,False,2024-01-22T06:00:00
RUN_05102,MACHINE_M,M19961,304.1,313.4,1518,42.4,105,False,2024-01-22T06:06:00
RUN_05103,MACHINE_M,M19962,304.1,313.5,1587,33.6,108,False,2024-01-22T06:12:00
RUN_05104,MACHINE_L,L52283,304.1,313.4,1399,43.7,111,False,2024-01-22T06:18:00
RUN_05105,MACHINE_L,L52284,304.1,313.5,1469,44.6,113,False,2024-01-22T06:24:00
RUN_05106,MACHINE_L,L52285,304.1,313.4,1374,56.6,115,False,2024-01-22T06:30:00
RUN_05107,MACHINE_L,L52286,304.0,313.3,1519,36.7,117,False,2024-01-22T06:36:00
RUN_05108,MACHINE_L,L52287,303.9,313.2,1540,44.4,119,False,2024-01-22T06:42:00
RUN_05109,MACHINE_L,L52288,303.9,313.3,1394,51.6,121,False,2024-01-22T06:48:00
RUN_05110,MACHINE_M,M19969,304.0,313.4,1389,45.8,123,False,2024-01-22T06:54:00
RUN_05111,MACHINE_M,M19970,304.0,313.5,1732,26.2,126,False,2024-01-22T07:00:00
RUN_05112,MACHINE_L,L52291,304.1,313.6,1556,37.4,129,False,2024-01-22T07:06:00
RUN_05113,MACHINE_M,M19972,304.1,313.6,1441,43.7,131,False,2024-01-22T07:12:00
RUN_05114,MACHINE_L,L52293,304.1,313.6,1382,46.7,134,False,2024-01-22T07:18:00
RUN_05115,MACHINE_M,M19974,304.2,313.8,1481,44.9,136,False,2024-01-22T07:24:00
RUN_05116,MACHINE_M,M19975,304.2,313.7,2113,18.4,139,False,2024-01-22T07:30:00
RUN_05117,MACHINE_L,L52296,304.2,313.8,1401,53.9,142,False,2024-01-22T07:36:00
RUN_05118,MACHINE_L,L52297,304.1,313.6,1611,31.4,144,False,2024-01-22T07:42:00
RUN_05119,MACHINE_M,M19978,304.2,313.6,1512,33.4,146,False,2024-01-22T07:48:00
RUN_05120,MACHINE_L,L52299,304.2,313.6,1411,46.0,149,False,2024-01-22T07:54:00
RUN_05121,MACHINE_M,M19980,304.2,313.6,1424,43.7,151,False,2024-01-22T08:00:00
RUN_05122,MACHINE_L,L52301,304.2,313.6,1469,40.0,154,False,2024-01-22T08:06:00
RUN_05123,MACHINE_H,H34536,304.2,313.5,1684,29.8,156,False,2024-01-22T08:12:00
RUN_05124,MACHINE_M,M19983,304.2,313.5,1532,41.3,161,False,2024-01-22T08:18:00
RUN_05125,MACHINE_M,M19984,304.2,313.5,1557,37.3,164,False,2024-01-22T08:24:00
RUN_05126,MACHINE_M,M19985,304.3,313.5,1416,48.1,167,False,2024-01-22T08:30:00
RUN_05127,MACHINE_L,L52306,304.3,313.5,1802,25.4,170,False,2024-01-22T08:36:00
RUN_05128,MACHINE_M,M19987,304.3,313.5,2245,15.1,172,False,2024-01-22T08:42:00
RUN_05129,MACHINE_L,L52308,304.2,313.4,1434,42.5,175,False,2024-01-22T08:48:00
RUN_05130,MACHINE_M,M19989,304.1,313.3,1725,28.3,177,False,2024-01-22T08:54:00
RUN_05131,MACHINE_L,L52310,304.2,313.3,1668,35.7,180,False,2024-01-22T09:00:00
RUN_05132,MACHINE_L,L52311,304.1,313.3,1452,43.9,182,False,2024-01-22T09:06:00
RUN_05133,MACHINE_L,L52312,304.1,313.3,1415,50.0,184,False,2024-01-22T09:12:00
RUN_05134,MACHINE_L,L52313,304.1,313.2,1824,25.8,186,False,2024-01-22T09:18:00
RUN_05135,MACHINE_L,L52314,304.1,313.3,1438,45.5,188,False,2024-01-22T09:24:00
RUN_05136,MACHINE_L,L52315,304.1,313.3,1883,24.5,190,False,2024-01-22T09:30:00
RUN_05137,MACHINE_L,L52316,304.2,313.4,1735,28.9,192,False,2024-01-22T09:36:00
RUN_05138,MACHINE_L,L52317,304.3,313.5,1464,36.7,194,False,2024-01-22T09:42:00
RUN_05139,MACHINE_M,M19998,304.3,313.6,1489,40.3,196,False,2024-01-22T09:48:00
RUN_05140,MACHINE_M,M19999,304.4,313.6,1510,38.9,199,False,2024-01-22T09:54:00
RUN_05141,MACHINE_M,M20000,304.3,313.6,1585,32.1,202,False,2024-01-22T10:00:00
RUN_05142,MACHINE_L,L52321,304.4,313.7,1509,35.0,205,True,2024-01-22T10:06:00
RUN_05143,MACHINE_L,L52322,304.4,313.6,1568,39.1,0,False,2024-01-22T10:12:00
RUN_05144,MACHINE_M,M20003,304.3,313.5,1525,42.0,2,False,2024-01-22T10:18:00
RUN_05145,MACHINE_L,L52324,304.4,313.7,1607,33.5,5,False,2024-01-22T10:24:00
RUN_05146,MACHINE_L,L52325,304.5,313.7,1670,32.9,7,False,2024-01-22T10:30:00
RUN_05147,MACHINE_L,L52326,304.4,313.6,1585,38.9,9,False,2024-01-22T10:36:00
RUN_05148,MACHINE_L,L52327,304.4,313.6,1569,38.4,11,False,2024-01-22T10:42:00
RUN_05149,MACHINE_L,L52328,304.4,313.6,1507,43.1,13,False,2024-01-22T10:48:00
RUN_05150,MACHINE_L,L52329,304.3,313.5,1452,41.5,15,False,2024-01-22T10:54:00
RUN_05151,MACHINE_L,L52330,304.3,313.5,1590,29.8,17,False,2024-01-22T11:00:00
RUN_05152,MACHINE_L,L52331,304.3,313.6,1409,56.0,19,False,2024-01-22T11:06:00
RUN_05153,MACHINE_L,L52332,304.3,313.5,2643,12.7,21,False,2024-01-22T11:12:00
RUN_05154,MACHINE_L,L52333,304.2,313.4,1644,31.7,23,False,2024-01-22T11:18:00
RUN_05155,MACHINE_L,L52334,304.2,313.4,1568,37.6,25,False,2024-01-22T11:24:00
RUN_05156,MACHINE_H,H34569,304.2,313.3,1625,37.3,27,False,2024-01-22T11:30:00
RUN_05157,MACHINE_L,L52336,304.2,313.4,1482,41.4,32,False,2024-01-22T11:36:00
RUN_05158,MACHINE_H,H34571,304.1,313.3,1397,49.6,34,False,2024-01-22T11:42:00
RUN_05159,MACHINE_L,L52338,304.1,313.3,1459,50.3,39,False,2024-01-22T11:48:00
RUN_05160,MACHINE_L,L52339,304.2,313.4,1490,44.0,41,False,2024-01-22T11:54:00
RUN_05161,MACHINE_L,L52340,304.1,313.2,1434,50.1,43,False,2024-01-22T12:00:00
RUN_05162,MACHINE_M,M20021,304.1,313.2,2028,18.9,45,False,2024-01-22T12:06:00
RUN_05163,MACHINE_L,L52342,304.2,313.3,1464,45.9,48,False,2024-01-22T12:12:00
RUN_05164,MACHINE_M,M20023,304.2,313.4,1713,23.5,50,False,2024-01-22T12:18:00
RUN_05165,MACHINE_M,M20024,304.3,313.4,1624,32.1,53,False,2024-01-22T12:24:00
RUN_05166,MACHINE_L,L52345,304.2,313.4,1421,43.4,56,False,2024-01-22T12:30:00
RUN_05167,MACHINE_H,H34580,304.2,313.5,1546,41.4,58,False,2024-01-22T12:36:00
RUN_05168,MACHINE_L,L52347,304.2,313.4,1639,32.7,63,False,2024-01-22T12:42:00
RUN_05169,MACHINE_H,H34582,304.1,313.4,1696,29.6,65,False,2024-01-22T12:48:00
RUN_05170,MACHINE_L,L52349,304.1,313.3,1470,39.9,70,False,2024-01-22T12:54:00
RUN_05171,MACHINE_M,M20030,304.1,313.3,1480,38.4,72,False,2024-01-22T13:00:00
RUN_05172,MACHINE_M,M20031,304.2,313.4,1329,54.5,75,False,2024-01-22T13:06:00
RUN_05173,MACHINE_L,L52352,304.2,313.4,1740,28.2,78,False,2024-01-22T13:12:00
RUN_05174,MACHINE_M,M20033,304.2,313.5,1739,28.1,80,False,2024-01-22T13:18:00
RUN_05175,MACHINE_M,M20034,304.2,313.5,1390,47.8,83,False,2024-01-22T13:24:00
RUN_05176,MACHINE_L,L52355,304.2,313.4,1740,23.7,86,False,2024-01-22T13:30:00
RUN_05177,MACHINE_M,M20036,304.0,313.3,1844,27.1,88,False,2024-01-22T13:36:00
RUN_05178,MACHINE_H,H34591,304.0,313.1,1388,53.2,91,False,2024-01-22T13:42:00
RUN_05179,MACHINE_H,H34592,304.0,313.2,1517,43.1,96,False,2024-01-22T13:48:00
RUN_05180,MACHINE_M,M20039,304.0,313.1,1450,42.8,101,False,2024-01-22T13:54:00
RUN_05181,MACHINE_L,L52360,304.0,313.2,1584,38.7,104,False,2024-01-22T14:00:00
RUN_05182,MACHINE_L,L52361,304.0,313.1,1720,28.7,106,False,2024-01-22T14:06:00
RUN_05183,MACHINE_L,L52362,303.9,313.1,1586,31.9,108,False,2024-01-22T14:12:00
RUN_05184,MACHINE_M,M20043,303.9,313.0,1901,22.5,110,False,2024-01-22T14:18:00
RUN_05185,MACHINE_L,L52364,304.0,313.0,1397,42.4,113,False,2024-01-22T14:24:00
RUN_05186,MACHINE_L,L52365,304.0,313.0,2012,21.1,115,False,2024-01-22T14:30:00
RUN_05187,MACHINE_L,L52366,304.0,313.0,2354,15.0,117,False,2024-01-22T14:36:00
RUN_05188,MACHINE_L,L52367,304.0,313.1,1648,35.7,119,False,2024-01-22T14:42:00
RUN_05189,MACHINE_L,L52368,304.0,313.2,1632,30.6,121,False,2024-01-22T14:48:00
RUN_05190,MACHINE_M,M20049,304.1,313.2,1427,46.9,123,False,2024-01-22T14:54:00
RUN_05191,MACHINE_L,L52370,304.1,313.2,1452,48.0,126,False,2024-01-22T15:00:00
RUN_05192,MACHINE_L,L52371,304.0,313.2,1416,46.0,128,False,2024-01-22T15:06:00
RUN_05193,MACHINE_L,L52372,303.9,313.1,1310,62.9,130,False,2024-01-22T15:12:00
RUN_05194,MACHINE_H,H34607,304.0,313.1,1408,39.8,132,False,2024-01-22T15:18:00
RUN_05195,MACHINE_M,M20054,303.9,313.1,1668,34.4,137,False,2024-01-22T15:24:00
RUN_05196,MACHINE_L,L52375,303.9,313.0,1551,36.8,140,False,2024-01-22T15:30:00
RUN_05197,MACHINE_H,H34610,303.9,313.0,1517,36.0,142,False,2024-01-22T15:36:00
RUN_05198,MACHINE_H,H34611,303.8,312.9,1570,35.8,147,False,2024-01-22T15:42:00
RUN_05199,MACHINE_L,L52378,303.8,312.8,1428,53.3,152,False,2024-01-22T15:48:00
RUN_05200,MACHINE_L,L52379,303.8,312.8,1503,40.0,154,False,2024-01-22T15:54:00
RUN_05201,MACHINE_L,L52380,303.8,312.8,1416,58.7,156,False,2024-01-22T16:00:00
RUN_05202,MACHINE_M,M20061,303.7,312.7,1396,47.3,158,False,2024-01-22T16:06:00
RUN_05203,MACHINE_L,L52382,303.7,312.7,1335,51.1,161,False,2024-01-22T16:12:00
RUN_05204,MACHINE_M,M20063,303.7,312.6,1671,30.5,163,False,2024-01-22T16:18:00
RUN_05205,MACHINE_L,L52384,303.7,312.7,1989,22.4,166,False,2024-01-22T16:24:00
RUN_05206,MACHINE_L,L52385,303.7,312.7,1468,43.3,168,False,2024-01-22T16:30:00
RUN_05207,MACHINE_H,H34620,303.7,312.6,1711,27.6,170,False,2024-01-22T16:36:00
RUN_05208,MACHINE_M,M20067,303.8,312.7,1488,41.3,175,False,2024-01-22T16:42:00
RUN_05209,MACHINE_L,L52388,303.8,312.7,1664,29.3,178,False,2024-01-22T16:48:00
RUN_05210,MACHINE_M,M20069,303.8,312.7,1507,38.5,180,False,2024-01-22T16:54:00
RUN_05211,MACHINE_L,L52390,303.7,312.6,1466,42.5,183,False,2024-01-22T17:00:00
RUN_05212,MACHINE_L,L52391,303.7,312.5,1433,53.6,185,False,2024-01-22T17:06:00
RUN_05213,MACHINE_L,L52392,303.7,312.5,1397,45.7,187,False,2024-01-22T17:12:00
RUN_05214,MACHINE_M,M20073,303.7,312.6,1429,43.3,189,False,2024-01-22T17:18:00
RUN_05215,MACHINE_L,L52394,303.7,312.7,1572,37.2,192,False,2024-01-22T17:24:00
RUN_05216,MACHINE_M,M20075,303.7,312.7,1532,42.7,194,False,2024-01-22T17:30:00
RUN_05217,MACHINE_M,M20076,303.7,312.7,1316,51.8,197,False,2024-01-22T17:36:00
RUN_05218,MACHINE_M,M20077,303.8,312.8,1420,47.9,200,False,2024-01-22T17:42:00
RUN_05219,MACHINE_L,L52398,303.8,312.9,1589,37.2,203,False,2024-01-22T17:48:00
RUN_05220,MACHINE_L,L52399,303.8,313.0,1365,59.9,205,True,2024-01-22T17:54:00
RUN_05221,MACHINE_L,L52400,303.8,313.0,1633,32.9,207,False,2024-01-22T18:00:00
RUN_05222,MACHINE_L,L52401,303.9,313.0,1626,31.4,209,False,2024-01-22T18:06:00
RUN_05223,MACHINE_L,L52402,303.9,313.1,1665,29.6,0,False,2024-01-22T18:12:00
RUN_05224,MACHINE_M,M20083,303.9,313.2,1350,47.2,2,False,2024-01-22T18:18:00
RUN_05225,MACHINE_L,L52404,303.9,313.2,1590,31.9,5,False,2024-01-22T18:24:00
RUN_05226,MACHINE_M,M20085,304.0,313.2,1437,53.9,7,False,2024-01-22T18:30:00
RUN_05227,MACHINE_L,L52406,303.9,313.0,1403,48.3,10,False,2024-01-22T18:36:00
RUN_05228,MACHINE_L,L52407,303.9,313.1,1440,41.1,12,False,2024-01-22T18:42:00
RUN_05229,MACHINE_M,M20088,303.9,313.1,1343,61.4,14,False,2024-01-22T18:48:00
RUN_05230,MACHINE_H,H34643,303.9,313.1,1790,26.7,17,False,2024-01-22T18:54:00
RUN_05231,MACHINE_M,M20090,303.8,313.1,2117,18.6,22,False,2024-01-22T19:00:00
RUN_05232,MACHINE_L,L52411,303.8,313.1,1458,42.2,25,False,2024-01-22T19:06:00
RUN_05233,MACHINE_L,L52412,303.6,312.9,1381,57.8,27,False,2024-01-22T19:12:00
RUN_05234,MACHINE_L,L52413,303.6,312.9,1450,45.3,29,False,2024-01-22T19:18:00
RUN_05235,MACHINE_L,L52414,303.7,312.9,1461,50.1,31,False,2024-01-22T19:24:00
RUN_05236,MACHINE_M,M20095,303.7,312.9,1511,41.0,33,False,2024-01-22T19:30:00
RUN_05237,MACHINE_L,L52416,303.8,313.1,1394,45.4,36,False,2024-01-22T19:36:00
RUN_05238,MACHINE_L,L52417,303.8,313.0,1499,42.3,38,False,2024-01-22T19:42:00
RUN_05239,MACHINE_L,L52418,303.7,313.0,1457,44.1,40,False,2024-01-22T19:48:00
RUN_05240,MACHINE_L,L52419,303.7,313.0,1753,29.0,42,False,2024-01-22T19:54:00
RUN_05241,MACHINE_L,L52420,303.7,313.0,1694,28.0,44,False,2024-01-22T20:00:00
RUN_05242,MACHINE_L,L52421,303.7,313.1,1683,28.4,46,False,2024-01-22T20:06:00
RUN_05243,MACHINE_L,L52422,303.7,313.1,1496,47.4,48,False,2024-01-22T20:12:00
RUN_05244,MACHINE_L,L52423,303.7,313.1,1721,34.8,50,False,2024-01-22T20:18:00
RUN_05245,MACHINE_L,L52424,303.6,313.0,1593,31.6,52,False,2024-01-22T20:24:00
RUN_05246,MACHINE_L,L52425,303.6,313.0,1575,38.3,54,False,2024-01-22T20:30:00
RUN_05247,MACHINE_L,L52426,303.5,313.0,1465,41.0,56,False,2024-01-22T20:36:00
RUN_05248,MACHINE_L,L52427,303.6,313.1,1405,38.3,58,False,2024-01-22T20:42:00
RUN_05249,MACHINE_M,M20108,303.5,313.0,1902,21.6,60,False,2024-01-22T20:48:00
RUN_05250,MACHINE_M,M20109,303.4,312.9,1422,39.9,63,False,2024-01-22T20:54:00
RUN_05251,MACHINE_L,L52430,303.5,312.9,1332,52.9,66,False,2024-01-22T21:00:00
RUN_05252,MACHINE_M,M20111,303.4,312.9,1307,54.3,68,False,2024-01-22T21:06:00
RUN_05253,MACHINE_L,L52432,303.5,313.0,1322,59.5,71,False,2024-01-22T21:12:00
RUN_05254,MACHINE_L,L52433,303.5,313.0,1547,40.3,73,False,2024-01-22T21:18:00
RUN_05255,MACHINE_L,L52434,303.5,313.1,1897,23.6,75,False,2024-01-22T21:24:00
RUN_05256,MACHINE_M,M20115,303.5,313.0,1403,51.9,77,False,2024-01-22T21:30:00
RUN_05257,MACHINE_L,L52436,303.5,313.0,1393,51.6,80,False,2024-01-22T21:36:00
RUN_05258,MACHINE_L,L52437,303.5,313.0,1482,38.5,82,False,2024-01-22T21:42:00
RUN_05259,MACHINE_M,M20118,303.5,312.9,1572,44.7,84,False,2024-01-22T21:48:00
RUN_05260,MACHINE_L,L52439,303.5,312.9,1544,36.9,87,False,2024-01-22T21:54:00
RUN_05261,MACHINE_M,M20120,303.5,313.0,1492,46.1,89,False,2024-01-22T22:00:00
RUN_05262,MACHINE_L,L52441,303.4,312.8,1513,35.8,92,False,2024-01-22T22:06:00
RUN_05263,MACHINE_L,L52442,303.4,312.8,1449,43.9,94,False,2024-01-22T22:12:00
RUN_05264,MACHINE_L,L52443,303.5,312.8,1877,22.3,96,False,2024-01-22T22:18:00
RUN_05265,MACHINE_L,L52444,303.4,312.8,1376,53.4,98,False,2024-01-22T22:24:00
RUN_05266,MACHINE_M,M20125,303.5,312.9,1883,23.3,100,False,2024-01-22T22:30:00
RUN_05267,MACHINE_M,M20126,303.4,312.8,1518,38.7,103,False,2024-01-22T22:36:00
RUN_05268,MACHINE_M,M20127,303.5,312.9,1438,42.8,106,False,2024-01-22T22:42:00
RUN_05269,MACHINE_L,L52448,303.4,312.9,1389,54.1,109,False,2024-01-22T22:48:00
RUN_05270,MACHINE_L,L52449,303.5,312.9,1504,44.8,111,False,2024-01-22T22:54:00
RUN_05271,MACHINE_L,L52450,303.5,312.9,1275,64.4,113,False,2024-01-22T23:00:00
RUN_05272,MACHINE_L,L52451,303.6,313.0,1534,39.7,115,False,2024-01-22T23:06:00
RUN_05273,MACHINE_M,M20132,303.6,313.0,1396,38.2,117,False,2024-01-22T23:12:00
RUN_05274,MACHINE_L,L52453,303.6,313.1,1395,44.1,120,False,2024-01-22T23:18:00
RUN_05275,MACHINE_L,L52454,303.6,313.0,1617,30.9,122,False,2024-01-22T23:24:00
RUN_05276,MACHINE_L,L52455,303.7,313.1,1423,41.2,124,False,2024-01-22T23:30:00
RUN_05277,MACHINE_L,L52456,303.5,313.0,1606,34.0,126,False,2024-01-22T23:36:00
RUN_05278,MACHINE_L,L52457,303.5,312.9,1501,44.0,128,False,2024-01-22T23:42:00
RUN_05279,MACHINE_M,M20138,303.5,312.9,1618,30.4,130,False,2024-01-22T23:48:00
RUN_05280,MACHINE_L,L52459,303.6,313.0,1522,35.8,133,False,2024-01-22T23:54:00
RUN_05281,MACHINE_L,L52460,303.6,312.9,1480,41.4,135,False,2024-01-23T00:00:00
RUN_05282,MACHINE_M,M20141,303.7,313.0,1469,39.9,137,False,2024-01-23T00:06:00
RUN_05283,MACHINE_H,H34696,303.8,313.2,1381,52.4,140,False,2024-01-23T00:12:00
RUN_05284,MACHINE_L,L52463,303.8,313.2,1525,41.9,145,False,2024-01-23T00:18:00
RUN_05285,MACHINE_M,M20144,303.8,313.2,1732,29.6,147,False,2024-01-23T00:24:00
RUN_05286,MACHINE_L,L52465,303.8,313.1,1523,39.8,150,False,2024-01-23T00:30:00
RUN_05287,MACHINE_L,L52466,303.8,313.1,1422,42.4,152,False,2024-01-23T00:36:00
RUN_05288,MACHINE_H,H34701,303.8,313.2,1506,46.9,154,False,2024-01-23T00:42:00
RUN_05289,MACHINE_L,L52468,303.8,313.2,1531,39.4,159,False,2024-01-23T00:48:00
RUN_05290,MACHINE_M,M20149,303.9,313.3,1507,34.3,161,False,2024-01-23T00:54:00
RUN_05291,MACHINE_L,L52470,303.9,313.3,1526,40.7,164,False,2024-01-23T01:00:00
RUN_05292,MACHINE_L,L52471,303.8,313.3,1406,52.1,166,False,2024-01-23T01:06:00
RUN_05293,MACHINE_M,M20152,303.9,313.3,1567,35.0,168,False,2024-01-23T01:12:00
RUN_05294,MACHINE_M,M20153,303.9,313.4,1464,49.1,171,False,2024-01-23T01:18:00
RUN_05295,MACHINE_L,L52474,303.9,313.4,1442,48.5,174,False,2024-01-23T01:24:00
RUN_05296,MACHINE_L,L52475,303.8,313.2,1336,47.8,176,False,2024-01-23T01:30:00
RUN_05297,MACHINE_H,H34710,303.8,313.2,1379,50.2,178,False,2024-01-23T01:36:00
RUN_05298,MACHINE_L,L52477,303.7,313.1,1406,48.6,183,False,2024-01-23T01:42:00
RUN_05299,MACHINE_M,M20158,303.7,313.1,2130,18.1,185,False,2024-01-23T01:48:00
RUN_05300,MACHINE_L,L52479,303.7,313.1,1355,49.1,188,False,2024-01-23T01:54:00
RUN_05301,MACHINE_M,M20160,303.8,313.2,1710,26.5,190,False,2024-01-23T02:00:00
RUN_05302,MACHINE_L,L52481,303.8,313.1,1309,55.8,193,False,2024-01-23T02:06:00
RUN_05303,MACHINE_L,L52482,303.9,313.1,1491,37.2,195,False,2024-01-23T02:12:00
RUN_05304,MACHINE_L,L52483,303.9,313.2,1481,44.1,197,False,2024-01-23T02:18:00
RUN_05305,MACHINE_L,L52484,303.9,313.1,1425,49.3,199,False,2024-01-23T02:24:00
RUN_05306,MACHINE_H,H34719,303.9,313.2,1680,29.1,201,False,2024-01-23T02:30:00
RUN_05307,MACHINE_H,H34720,304.0,313.2,1612,31.7,206,False,2024-01-23T02:36:00
RUN_05308,MACHINE_L,L52487,304.0,313.3,1530,34.8,211,False,2024-01-23T02:42:00
RUN_05309,MACHINE_L,L52488,304.0,313.2,1481,42.6,213,False,2024-01-23T02:48:00
RUN_05310,MACHINE_M,M20169,303.9,313.2,1422,48.0,215,True,2024-01-23T02:54:00
RUN_05311,MACHINE_L,L52490,303.8,313.0,1427,43.0,0,False,2024-01-23T03:00:00
RUN_05312,MACHINE_H,H34725,303.7,312.9,1460,49.8,2,False,2024-01-23T03:06:00
RUN_05313,MACHINE_L,L52492,303.6,312.9,1873,23.5,7,False,2024-01-23T03:12:00
RUN_05314,MACHINE_M,M20173,303.7,312.9,1566,32.6,9,False,2024-01-23T03:18:00
RUN_05315,MACHINE_L,L52494,303.6,312.8,1701,30.8,12,False,2024-01-23T03:24:00
RUN_05316,MACHINE_L,L52495,303.6,312.8,1710,27.2,14,False,2024-01-23T03:30:00
RUN_05317,MACHINE_M,M20176,303.6,312.8,1689,33.1,16,False,2024-01-23T03:36:00
RUN_05318,MACHINE_L,L52497,303.6,312.7,1637,32.9,19,False,2024-01-23T03:42:00
RUN_05319,MACHINE_L,L52498,303.5,312.6,1496,39.0,21,False,2024-01-23T03:48:00
RUN_05320,MACHINE_M,M20179,303.5,312.7,1402,47.0,23,False,2024-01-23T03:54:00
RUN_05321,MACHINE_L,L52500,303.4,312.7,1363,45.5,26,False,2024-01-23T04:00:00
RUN_05322,MACHINE_M,M20181,303.4,312.7,1576,49.9,28,False,2024-01-23T04:06:00
RUN_05323,MACHINE_M,M20182,303.4,312.7,1357,55.3,31,False,2024-01-23T04:12:00
RUN_05324,MACHINE_M,M20183,303.4,312.7,1399,48.4,34,False,2024-01-23T04:18:00
RUN_05325,MACHINE_M,M20184,303.4,312.8,1526,30.8,37,False,2024-01-23T04:24:00
RUN_05326,MACHINE_L,L52505,303.5,312.7,1694,27.3,40,False,2024-01-23T04:30:00
RUN_05327,MACHINE_M,M20186,303.5,312.7,1420,49.1,42,False,2024-01-23T04:36:00
RUN_05328,MACHINE_M,M20187,303.5,312.7,2116,16.7,45,False,2024-01-23T04:42:00
RUN_05329,MACHINE_M,M20188,303.7,312.9,1406,41.9,48,False,2024-01-23T04:48:00
RUN_05330,MACHINE_L,L52509,303.7,313.0,1456,45.5,51,False,2024-01-23T04:54:00
RUN_05331,MACHINE_L,L52510,303.6,312.9,1588,31.9,53,False,2024-01-23T05:00:00
RUN_05332,MACHINE_L,L52511,303.7,312.8,1448,44.5,55,False,2024-01-23T05:06:00
RUN_05333,MACHINE_H,H34746,303.6,312.7,1403,46.2,57,False,2024-01-23T05:12:00
RUN_05334,MACHINE_M,M20193,303.5,312.6,1405,51.6,62,False,2024-01-23T05:18:00
RUN_05335,MACHINE_M,M20194,303.4,312.6,2706,9.8,65,True,2024-01-23T05:24:00
RUN_05336,MACHINE_M,M20195,303.3,312.4,1505,38.9,68,False,2024-01-23T05:30:00
RUN_05337,MACHINE_L,L52516,303.2,312.4,1663,33.7,71,False,2024-01-23T05:36:00
RUN_05338,MACHINE_M,M20197,303.3,312.6,1482,44.4,73,False,2024-01-23T05:42:00
RUN_05339,MACHINE_M,M20198,303.3,312.5,1674,32.7,76,False,2024-01-23T05:48:00
RUN_05340,MACHINE_M,M20199,303.4,312.7,1594,32.8,79,False,2024-01-23T05:54:00
RUN_05341,MACHINE_L,L52520,303.5,312.7,1393,49.3,82,False,2024-01-23T06:00:00
RUN_05342,MACHINE_H,H34755,303.5,312.8,1404,55.8,84,False,2024-01-23T06:06:00
RUN_05343,MACHINE_M,M20202,303.5,312.8,1375,45.7,89,False,2024-01-23T06:12:00
RUN_05344,MACHINE_L,L52523,303.5,312.8,1607,38.4,92,False,2024-01-23T06:18:00
RUN_05345,MACHINE_L,L52524,303.4,312.8,1360,50.8,94,False,2024-01-23T06:24:00
RUN_05346,MACHINE_L,L52525,303.5,312.8,1524,39.4,96,False,2024-01-23T06:30:00
RUN_05347,MACHINE_L,L52526,303.4,312.7,1534,35.5,98,False,2024-01-23T06:36:00
RUN_05348,MACHINE_L,L52527,303.3,312.7,1262,63.8,100,False,2024-01-23T06:42:00
RUN_05349,MACHINE_L,L52528,303.3,312.6,1623,34.6,102,False,2024-01-23T06:48:00
RUN_05350,MACHINE_M,M20209,303.3,312.7,1642,33.6,104,False,2024-01-23T06:54:00
RUN_05351,MACHINE_M,M20210,303.4,312.8,1622,35.1,107,False,2024-01-23T07:00:00
RUN_05352,MACHINE_M,M20211,303.5,312.9,1530,34.5,110,False,2024-01-23T07:06:00
RUN_05353,MACHINE_M,M20212,303.4,312.8,1590,36.3,113,False,2024-01-23T07:12:00
RUN_05354,MACHINE_L,L52533,303.4,312.7,1589,34.0,116,False,2024-01-23T07:18:00
RUN_05355,MACHINE_L,L52534,303.4,312.6,1462,37.5,118,False,2024-01-23T07:24:00
RUN_05356,MACHINE_H,H34769,303.3,312.5,1328,49.8,120,False,2024-01-23T07:30:00
RUN_05357,MACHINE_H,H34770,303.3,312.6,1692,29.0,125,False,2024-01-23T07:36:00
RUN_05358,MACHINE_L,L52537,303.3,312.5,1968,20.6,130,False,2024-01-23T07:42:00
RUN_05359,MACHINE_H,H34772,303.3,312.6,1827,24.2,132,False,2024-01-23T07:48:00
RUN_05360,MACHINE_M,M20219,303.3,312.6,1397,47.1,137,False,2024-01-23T07:54:00
RUN_05361,MACHINE_L,L52540,303.3,312.6,1463,44.0,140,False,2024-01-23T08:00:00
RUN_05362,MACHINE_L,L52541,303.3,312.7,1643,30.7,142,False,2024-01-23T08:06:00
RUN_05363,MACHINE_L,L52542,303.2,312.6,1281,57.0,144,False,2024-01-23T08:12:00
RUN_05364,MACHINE_L,L52543,303.2,312.5,1518,39.9,146,False,2024-01-23T08:18:00
RUN_05365,MACHINE_L,L52544,303.2,312.6,1601,35.3,148,False,2024-01-23T08:24:00
RUN_05366,MACHINE_L,L52545,303.1,312.6,1548,36.4,150,False,2024-01-23T08:30:00
RUN_05367,MACHINE_H,H34780,303.1,312.6,1404,40.6,152,False,2024-01-23T08:36:00
RUN_05368,MACHINE_M,M20227,303.1,312.5,1766,26.7,157,False,2024-01-23T08:42:00
RUN_05369,MACHINE_M,M20228,303.1,312.5,1667,30.0,160,False,2024-01-23T08:48:00
RUN_05370,MACHINE_H,H34783,303.0,312.5,1507,37.9,163,False,2024-01-23T08:54:00
RUN_05371,MACHINE_H,H34784,303.0,312.4,1627,37.1,168,False,2024-01-23T09:00:00
RUN_05372,MACHINE_L,L52551,302.9,312.3,1435,47.7,173,False,2024-01-23T09:06:00
RUN_05373,MACHINE_H,H34786,302.9,312.3,1509,46.8,175,False,2024-01-23T09:12:00
RUN_05374,MACHINE_M,M20233,302.9,312.3,1809,25.0,180,False,2024-01-23T09:18:00
RUN_05375,MACHINE_L,L52554,302.9,312.3,1515,40.8,183,False,2024-01-23T09:24:00
RUN_05376,MACHINE_L,L52555,302.9,312.3,1530,34.9,185,False,2024-01-23T09:30:00
RUN_05377,MACHINE_H,H34790,302.8,312.3,1336,57.5,187,False,2024-01-23T09:36:00
RUN_05378,MACHINE_L,L52557,302.9,312.4,2030,19.1,192,False,2024-01-23T09:42:00
RUN_05379,MACHINE_L,L52558,302.9,312.4,1550,36.9,194,False,2024-01-23T09:48:00
RUN_05380,MACHINE_L,L52559,302.9,312.4,1446,41.7,196,False,2024-01-23T09:54:00
RUN_05381,MACHINE_L,L52560,302.8,312.3,1494,37.5,198,False,2024-01-23T10:00:00
RUN_05382,MACHINE_L,L52561,302.8,312.4,1651,27.0,200,False,2024-01-23T10:06:00
RUN_05383,MACHINE_L,L52562,302.9,312.4,1698,33.8,202,False,2024-01-23T10:12:00
RUN_05384,MACHINE_L,L52563,302.8,312.3,1504,40.3,204,False,2024-01-23T10:18:00
RUN_05385,MACHINE_M,M20244,302.9,312.4,1421,46.0,206,False,2024-01-23T10:24:00
RUN_05386,MACHINE_H,H34799,302.9,312.3,1754,26.9,209,False,2024-01-23T10:30:00
RUN_05387,MACHINE_L,L52566,302.9,312.2,1469,42.0,214,False,2024-01-23T10:36:00
RUN_05388,MACHINE_L,L52567,302.8,312.2,1433,50.0,216,False,2024-01-23T10:42:00
RUN_05389,MACHINE_M,M20248,302.8,312.3,1432,49.0,218,False,2024-01-23T10:48:00
RUN_05390,MACHINE_L,L52569,302.8,312.3,1366,49.1,221,False,2024-01-23T10:54:00
RUN_05391,MACHINE_H,H34804,302.8,312.3,1483,47.2,223,False,2024-01-23T11:00:00
RUN_05392,MACHINE_L,L52571,302.7,312.2,1572,34.4,228,False,2024-01-23T11:06:00
RUN_05393,MACHINE_L,L52572,302.8,312.2,1481,40.2,230,False,2024-01-23T11:12:00
RUN_05394,MACHINE_L,L52573,302.8,312.3,1473,42.6,232,False,2024-01-23T11:18:00
RUN_05395,MACHINE_M,M20254,302.8,312.3,1262,70.5,234,True,2024-01-23T11:24:00
RUN_05396,MACHINE_L,L52575,302.8,312.4,1529,36.8,237,False,2024-01-23T11:30:00
RUN_05397,MACHINE_L,L52576,302.8,312.4,1523,39.7,239,False,2024-01-23T11:36:00
RUN_05398,MACHINE_M,M20257,302.8,312.3,1416,42.7,241,False,2024-01-23T11:42:00
RUN_05399,MACHINE_L,L52578,302.9,312.4,1923,23.9,244,False,2024-01-23T11:48:00
RUN_05400,MACHINE_H,H34813,302.8,312.4,1411,53.8,246,True,2024-01-23T11:54:00
RUN_05401,MACHINE_L,L52580,302.7,312.4,1477,46.3,251,True,2024-01-23T12:00:00
RUN_05402,MACHINE_M,M20261,302.6,312.3,1454,54.8,253,True,2024-01-23T12:06:00
RUN_05403,MACHINE_L,L52582,302.7,312.3,1421,48.5,0,False,2024-01-23T12:12:00
RUN_05404,MACHINE_L,L52583,302.7,312.3,1858,25.4,2,False,2024-01-23T12:18:00
RUN_05405,MACHINE_H,H34818,302.8,312.5,1422,46.1,4,False,2024-01-23T12:24:00
RUN_05406,MACHINE_L,L52585,302.7,312.4,1444,48.7,9,False,2024-01-23T12:30:00
RUN_05407,MACHINE_L,L52586,302.7,312.4,1360,47.8,11,False,2024-01-23T12:36:00
RUN_05408,MACHINE_L,L52587,302.7,312.4,1954,24.8,13,False,2024-01-23T12:42:00
RUN_05409,MACHINE_L,L52588,302.6,312.4,1628,33.0,15,False,2024-01-23T12:48:00
RUN_05410,MACHINE_L,L52589,302.7,312.4,1433,44.2,17,False,2024-01-23T12:54:00
RUN_05411,MACHINE_M,M20270,302.7,312.5,1417,51.5,19,False,2024-01-23T13:00:00
RUN_05412,MACHINE_L,L52591,302.8,312.6,1462,39.4,22,False,2024-01-23T13:06:00
RUN_05413,MACHINE_L,L52592,302.9,312.6,1328,59.9,24,False,2024-01-23T13:12:00
RUN_05414,MACHINE_H,H34827,302.7,312.5,1527,36.4,26,False,2024-01-23T13:18:00
RUN_05415,MACHINE_L,L52594,302.6,312.3,1534,34.3,31,False,2024-01-23T13:24:00
RUN_05416,MACHINE_M,M20275,302.6,312.4,1410,50.3,33,False,2024-01-23T13:30:00
RUN_05417,MACHINE_L,L52596,302.6,312.3,1660,30.3,36,False,2024-01-23T13:36:00
RUN_05418,MACHINE_L,L52597,302.6,312.4,1386,45.8,38,False,2024-01-23T13:42:00
RUN_05419,MACHINE_L,L52598,302.6,312.4,1398,41.6,40,False,2024-01-23T13:48:00
RUN_05420,MACHINE_L,L52599,302.6,312.3,1321,53.4,42,False,2024-01-23T13:54:00
RUN_05421,MACHINE_L,L52600,302.6,312.3,1512,34.2,44,False,2024-01-23T14:00:00
RUN_05422,MACHINE_M,M20281,302.6,312.3,1566,36.6,46,False,2024-01-23T14:06:00
RUN_05423,MACHINE_M,M20282,302.7,312.4,1422,44.5,49,False,2024-01-23T14:12:00
RUN_05424,MACHINE_L,L52603,302.6,312.3,1647,31.8,52,False,2024-01-23T14:18:00
RUN_05425,MACHINE_L,L52604,302.6,312.2,1377,45.5,54,False,2024-01-23T14:24:00
RUN_05426,MACHINE_L,L52605,302.5,312.2,1775,27.9,56,False,2024-01-23T14:30:00
RUN_05427,MACHINE_L,L52606,302.6,312.3,1554,42.0,58,False,2024-01-23T14:36:00
RUN_05428,MACHINE_L,L52607,302.7,312.4,1423,51.9,60,False,2024-01-23T14:42:00
RUN_05429,MACHINE_L,L52608,302.7,312.4,1453,47.3,62,False,2024-01-23T14:48:00
RUN_05430,MACHINE_L,L52609,302.8,312.4,1590,34.4,64,False,2024-01-23T14:54:00
RUN_05431,MACHINE_L,L52610,302.8,312.5,1694,28.4,66,False,2024-01-23T15:00:00
RUN_05432,MACHINE_L,L52611,302.8,312.5,1462,43.4,68,False,2024-01-23T15:06:00
RUN_05433,MACHINE_L,L52612,302.8,312.4,1392,46.2,70,False,2024-01-23T15:12:00
RUN_05434,MACHINE_L,L52613,302.9,312.5,1550,45.5,72,False,2024-01-23T15:18:00
RUN_05435,MACHINE_L,L52614,302.9,312.5,1629,30.4,74,False,2024-01-23T15:24:00
RUN_05436,MACHINE_M,M20295,303.0,312.5,1524,42.1,76,False,2024-01-23T15:30:00
RUN_05437,MACHINE_M,M20296,302.9,312.5,1679,30.9,79,False,2024-01-23T15:36:00
RUN_05438,MACHINE_M,M20297,302.9,312.6,1394,46.4,82,False,2024-01-23T15:42:00
RUN_05439,MACHINE_L,L52618,302.9,312.5,1683,32.1,85,False,2024-01-23T15:48:00
RUN_05440,MACHINE_L,L52619,303.0,312.5,1626,30.5,87,False,2024-01-23T15:54:00
RUN_05441,MACHINE_H,H34854,303.0,312.5,1698,30.0,89,False,2024-01-23T16:00:00
RUN_05442,MACHINE_M,M20301,303.0,312.6,1392,42.9,94,False,2024-01-23T16:06:00
RUN_05443,MACHINE_L,L52622,303.1,312.7,1353,51.8,97,False,2024-01-23T16:12:00
RUN_05444,MACHINE_M,M20303,303.0,312.7,1426,46.8,99,False,2024-01-23T16:18:00
RUN_05445,MACHINE_L,L52624,303.0,312.7,2024,19.9,102,False,2024-01-23T16:24:00
RUN_05446,MACHINE_M,M20305,303.0,312.8,1648,32.1,104,False,2024-01-23T16:30:00
RUN_05447,MACHINE_L,L52626,303.1,312.9,1511,40.1,107,False,2024-01-23T16:36:00
RUN_05448,MACHINE_L,L52627,303.1,312.8,1465,44.1,109,False,2024-01-23T16:42:00
RUN_05449,MACHINE_L,L52628,303.0,312.7,1551,41.8,111,False,2024-01-23T16:48:00
RUN_05450,MACHINE_L,L52629,303.1,312.8,2329,15.1,113,False,2024-01-23T16:54:00
RUN_05451,MACHINE_H,H34864,303.1,312.8,1435,41.9,115,False,2024-01-23T17:00:00
RUN_05452,MACHINE_L,L52631,303.0,312.7,1361,48.8,120,False,2024-01-23T17:06:00
RUN_05453,MACHINE_M,M20312,303.0,312.7,1553,35.8,122,False,2024-01-23T17:12:00
RUN_05454,MACHINE_L,L52633,303.0,312.6,1451,42.1,125,False,2024-01-23T17:18:00
RUN_05455,MACHINE_L,L52634,303.0,312.5,1461,40.2,127,False,2024-01-23T17:24:00
RUN_05456,MACHINE_M,M20315,303.1,312.6,1895,23.5,129,False,2024-01-23T17:30:00
RUN_05457,MACHINE_M,M20316,303.1,312.6,1567,32.9,132,False,2024-01-23T17:36:00
RUN_05458,MACHINE_M,M20317,303.0,312.5,1602,33.7,135,False,2024-01-23T17:42:00
RUN_05459,MACHINE_L,L52638,303.1,312.6,1514,42.1,138,False,2024-01-23T17:48:00
RUN_05460,MACHINE_L,L52639,303.1,312.5,1453,49.1,140,False,2024-01-23T17:54:00
RUN_05461,MACHINE_M,M20320,303.0,312.4,1526,36.1,142,False,2024-01-23T18:00:00
RUN_05462,MACHINE_M,M20321,302.9,312.3,1339,52.1,145,False,2024-01-23T18:06:00
RUN_05463,MACHINE_L,L52642,302.9,312.3,1889,22.8,148,False,2024-01-23T18:12:00
RUN_05464,MACHINE_L,L52643,302.9,312.4,1561,34.8,150,False,2024-01-23T18:18:00
RUN_05465,MACHINE_M,M20324,302.9,312.4,1659,33.1,152,False,2024-01-23T18:24:00
RUN_05466,MACHINE_L,L52645,302.9,312.4,1424,49.5,155,False,2024-01-23T18:30:00
RUN_05467,MACHINE_M,M20326,302.9,312.3,1426,44.7,157,False,2024-01-23T18:36:00
RUN_05468,MACHINE_L,L52647,302.9,312.4,1383,51.4,160,False,2024-01-23T18:42:00
RUN_05469,MACHINE_L,L52648,302.8,312.3,1764,29.9,162,False,2024-01-23T18:48:00
RUN_05470,MACHINE_M,M20329,302.7,312.2,1439,42.5,164,False,2024-01-23T18:54:00
RUN_05471,MACHINE_M,M20330,302.7,312.2,1585,35.5,167,False,2024-01-23T19:00:00
RUN_05472,MACHINE_L,L52651,302.7,312.3,1346,61.2,170,False,2024-01-23T19:06:00
RUN_05473,MACHINE_L,L52652,302.8,312.3,1386,57.8,172,False,2024-01-23T19:12:00
RUN_05474,MACHINE_L,L52653,302.7,312.2,1369,51.8,174,False,2024-01-23T19:18:00
RUN_05475,MACHINE_M,M20334,302.7,312.1,1378,46.9,176,False,2024-01-23T19:24:00
RUN_05476,MACHINE_L,L52655,302.7,312.2,1336,46.8,179,False,2024-01-23T19:30:00
RUN_05477,MACHINE_M,M20336,302.6,312.1,1445,42.0,181,False,2024-01-23T19:36:00
RUN_05478,MACHINE_L,L52657,302.7,312.1,1763,26.5,184,False,2024-01-23T19:42:00
RUN_05479,MACHINE_L,L52658,302.7,312.2,1611,34.1,186,False,2024-01-23T19:48:00
RUN_05480,MACHINE_M,M20339,302.7,312.1,1564,32.1,188,False,2024-01-23T19:54:00
RUN_05481,MACHINE_H,H34894,302.7,312.1,1478,36.0,191,False,2024-01-23T20:00:00
RUN_05482,MACHINE_L,L52661,302.6,312.0,1781,28.5,196,False,2024-01-23T20:06:00
RUN_05483,MACHINE_L,L52662,302.6,312.1,1782,26.8,198,False,2024-01-23T20:12:00
RUN_05484,MACHINE_M,M20343,302.6,312.1,2000,21.9,200,False,2024-01-23T20:18:00
RUN_05485,MACHINE_M,M20344,302.5,312.0,1826,25.3,203,False,2024-01-23T20:24:00
RUN_05486,MACHINE_L,L52665,302.6,312.1,1344,51.0,206,False,2024-01-23T20:30:00
RUN_05487,MACHINE_L,L52666,302.6,312.2,1520,43.0,208,False,2024-01-23T20:36:00
RUN_05488,MACHINE_M,M20347,302.6,312.1,1611,39.9,210,False,2024-01-23T20:42:00
RUN_05489,MACHINE_L,L52668,302.7,312.2,1450,52.1,213,True,2024-01-23T20:48:00
RUN_05490,MACHINE_L,L52669,302.6,312.1,1499,35.0,215,False,2024-01-23T20:54:00
RUN_05491,MACHINE_L,L52670,302.6,312.1,1288,68.5,0,True,2024-01-23T21:00:00
RUN_05492,MACHINE_M,M20351,302.7,312.2,1350,58.6,2,False,2024-01-23T21:06:00
RUN_05493,MACHINE_M,M20352,302.9,312.4,1334,50.9,5,False,2024-01-23T21:12:00
RUN_05494,MACHINE_L,L52673,302.8,312.4,1376,57.1,8,False,2024-01-23T21:18:00
RUN_05495,MACHINE_L,L52674,302.8,312.4,1368,49.5,10,False,2024-01-23T21:24:00
RUN_05496,MACHINE_H,H34909,302.9,312.5,1357,55.0,12,False,2024-01-23T21:30:00
RUN_05497,MACHINE_M,M20356,302.9,312.5,1924,24.0,17,False,2024-01-23T21:36:00
RUN_05498,MACHINE_M,M20357,302.9,312.5,1551,40.0,20,False,2024-01-23T21:42:00
RUN_05499,MACHINE_M,M20358,302.9,312.5,1903,21.2,23,False,2024-01-23T21:48:00
RUN_05500,MACHINE_H,H34913,302.9,312.3,1417,48.7,26,False,2024-01-23T21:54:00
RUN_05501,MACHINE_L,L52680,302.7,312.1,1601,35.2,31,False,2024-01-23T22:00:00
RUN_05502,MACHINE_L,L52681,302.7,312.1,1543,37.5,33,False,2024-01-23T22:06:00
RUN_05503,MACHINE_L,L52682,302.6,312.1,1439,52.3,35,False,2024-01-23T22:12:00
RUN_05504,MACHINE_H,H34917,302.6,312.0,1657,29.3,37,False,2024-01-23T22:18:00
RUN_05505,MACHINE_L,L52684,302.8,312.2,1458,51.0,42,False,2024-01-23T22:24:00
RUN_05506,MACHINE_L,L52685,302.8,312.2,1746,27.4,44,False,2024-01-23T22:30:00
RUN_05507,MACHINE_L,L52686,302.9,312.2,1677,30.5,46,False,2024-01-23T22:36:00
RUN_05508,MACHINE_L,L52687,302.8,312.1,1520,39.9,48,False,2024-01-23T22:42:00
RUN_05509,MACHINE_L,L52688,302.9,312.2,1367,55.1,50,False,2024-01-23T22:48:00
RUN_05510,MACHINE_L,L52689,302.8,312.2,1509,36.5,52,False,2024-01-23T22:54:00
RUN_05511,MACHINE_L,L52690,302.8,312.1,1418,51.4,54,False,2024-01-23T23:00:00
RUN_05512,MACHINE_L,L52691,302.8,312.1,1958,20.3,56,False,2024-01-23T23:06:00
RUN_05513,MACHINE_L,L52692,302.8,312.2,1682,30.9,58,False,2024-01-23T23:12:00
RUN_05514,MACHINE_M,M20373,302.8,312.2,1452,50.3,60,False,2024-01-23T23:18:00
RUN_05515,MACHINE_L,L52694,302.7,312.0,1828,24.0,63,False,2024-01-23T23:24:00
RUN_05516,MACHINE_H,H34929,302.7,312.0,1484,41.5,65,False,2024-01-23T23:30:00
RUN_05517,MACHINE_L,L52696,302.6,312.0,1674,32.2,70,False,2024-01-23T23:36:00
RUN_05518,MACHINE_L,L52697,302.6,311.9,1448,49.5,72,False,2024-01-23T23:42:00
RUN_05519,MACHINE_M,M20378,302.5,311.8,2023,19.1,74,False,2024-01-23T23:48:00
RUN_05520,MACHINE_L,L52699,302.5,311.9,1452,47.4,77,False,2024-01-23T23:54:00
RUN_05521,MACHINE_M,M20380,302.6,312.0,1496,45.0,79,False,2024-01-24T00:00:00
RUN_05522,MACHINE_L,L52701,302.6,311.9,1397,46.9,82,False,2024-01-24T00:06:00
RUN_05523,MACHINE_L,L52702,302.6,311.9,1453,39.1,84,False,2024-01-24T00:12:00
RUN_05524,MACHINE_M,M20383,302.5,311.9,1524,34.8,86,False,2024-01-24T00:18:00
RUN_05525,MACHINE_L,L52704,302.6,311.9,1633,30.9,89,False,2024-01-24T00:24:00
RUN_05526,MACHINE_M,M20385,302.6,312.0,1363,45.7,91,False,2024-01-24T00:30:00
RUN_05527,MACHINE_L,L52706,302.5,311.9,1520,44.9,94,False,2024-01-24T00:36:00
RUN_05528,MACHINE_M,M20387,302.5,311.9,1532,38.8,96,False,2024-01-24T00:42:00
RUN_05529,MACHINE_L,L52708,302.4,311.8,1384,50.9,99,False,2024-01-24T00:48:00
RUN_05530,MACHINE_M,M20389,302.4,311.8,1539,39.9,101,False,2024-01-24T00:54:00
RUN_05531,MACHINE_M,M20390,302.3,311.8,1355,50.1,104,False,2024-01-24T01:00:00
RUN_05532,MACHINE_M,M20391,302.3,311.7,1504,37.3,107,False,2024-01-24T01:06:00
RUN_05533,MACHINE_L,L52712,302.4,311.8,1476,46.6,110,False,2024-01-24T01:12:00
RUN_05534,MACHINE_L,L52713,302.4,311.7,1721,26.9,112,False,2024-01-24T01:18:00
RUN_05535,MACHINE_M,M20394,302.3,311.7,1494,37.1,114,False,2024-01-24T01:24:00
RUN_05536,MACHINE_L,L52715,302.3,311.7,1465,43.5,117,False,2024-01-24T01:30:00
RUN_05537,MACHINE_M,M20396,302.3,311.8,1363,54.0,119,True,2024-01-24T01:36:00
RUN_05538,MACHINE_L,L52717,302.4,311.8,1648,30.0,122,False,2024-01-24T01:42:00
RUN_05539,MACHINE_M,M20398,302.3,311.8,1879,23.0,124,False,2024-01-24T01:48:00
RUN_05540,MACHINE_H,H34953,302.3,311.7,1482,39.0,127,False,2024-01-24T01:54:00
RUN_05541,MACHINE_L,L52720,302.4,311.8,1493,38.4,132,False,2024-01-24T02:00:00
RUN_05542,MACHINE_L,L52721,302.4,311.8,1433,42.2,134,False,2024-01-24T02:06:00
RUN_05543,MACHINE_L,L52722,302.3,311.7,1400,41.6,136,False,2024-01-24T02:12:00
RUN_05544,MACHINE_L,L52723,302.4,311.8,1255,59.0,138,False,2024-01-24T02:18:00
RUN_05545,MACHINE_L,L52724,302.2,311.7,1471,45.6,140,False,2024-01-24T02:24:00
RUN_05546,MACHINE_H,H34959,302.2,311.6,1357,44.2,142,False,2024-01-24T02:30:00
RUN_05547,MACHINE_L,L52726,302.3,311.7,1453,41.2,147,False,2024-01-24T02:36:00
RUN_05548,MACHINE_M,M20407,302.3,311.7,1540,28.9,149,False,2024-01-24T02:42:00
RUN_05549,MACHINE_L,L52728,302.3,311.8,1605,35.2,152,False,2024-01-24T02:48:00
RUN_05550,MACHINE_H,H34963,302.3,311.9,1374,52.4,154,False,2024-01-24T02:54:00
RUN_05551,MACHINE_M,M20410,302.3,311.9,1508,42.3,159,False,2024-01-24T03:00:00
RUN_05552,MACHINE_H,H34965,302.4,311.9,1366,47.3,162,False,2024-01-24T03:06:00
RUN_05553,MACHINE_H,H34966,302.5,312.0,1579,35.7,167,False,2024-01-24T03:12:00
RUN_05554,MACHINE_L,L52733,302.5,311.9,1306,59.7,172,False,2024-01-24T03:18:00
RUN_05555,MACHINE_M,M20414,302.5,312.0,1521,40.2,174,False,2024-01-24T03:24:00
RUN_05556,MACHINE_L,L52735,302.5,312.0,1411,44.2,177,False,2024-01-24T03:30:00
RUN_05557,MACHINE_H,H34970,302.5,312.0,1357,42.0,179,False,2024-01-24T03:36:00
RUN_05558,MACHINE_M,M20417,302.5,312.0,1436,43.5,184,False,2024-01-24T03:42:00
RUN_05559,MACHINE_L,L52738,302.5,311.9,1553,40.1,187,False,2024-01-24T03:48:00
RUN_05560,MACHINE_M,M20419,302.5,312.0,1451,43.2,189,False,2024-01-24T03:54:00
RUN_05561,MACHINE_L,L52740,302.4,311.9,1541,37.9,192,False,2024-01-24T04:00:00
RUN_05562,MACHINE_M,M20421,302.3,311.7,1341,46.3,194,False,2024-01-24T04:06:00
RUN_05563,MACHINE_L,L52742,302.3,311.7,1648,32.1,197,False,2024-01-24T04:12:00
RUN_05564,MACHINE_M,M20423,302.3,311.7,1640,31.5,199,False,2024-01-24T04:18:00
RUN_05565,MACHINE_L,L52744,302.4,311.8,1416,46.1,202,False,2024-01-24T04:24:00
RUN_05566,MACHINE_L,L52745,302.4,311.9,1671,29.9,204,False,2024-01-24T04:30:00
RUN_05567,MACHINE_L,L52746,302.4,312.0,1457,45.5,206,False,2024-01-24T04:36:00
RUN_05568,MACHINE_M,M20427,302.5,312.0,1445,54.8,0,False,2024-01-24T04:42:00
RUN_05569,MACHINE_L,L52748,302.5,312.1,1534,38.6,3,False,2024-01-24T04:48:00
RUN_05570,MACHINE_L,L52749,302.4,312.0,1508,36.9,5,False,2024-01-24T04:54:00
RUN_05571,MACHINE_M,M20430,302.4,312.1,1492,47.7,7,False,2024-01-24T05:00:00
RUN_05572,MACHINE_L,L52751,302.4,312.0,1562,37.9,10,False,2024-01-24T05:06:00
RUN_05573,MACHINE_L,L52752,302.4,312.0,1545,36.4,12,False,2024-01-24T05:12:00
RUN_05574,MACHINE_L,L52753,302.5,312.2,1738,25.3,14,False,2024-01-24T05:18:00
RUN_05575,MACHINE_L,L52754,302.4,312.0,1305,49.1,16,False,2024-01-24T05:24:00
RUN_05576,MACHINE_H,H34989,302.4,312.0,1477,39.7,18,False,2024-01-24T05:30:00
RUN_05577,MACHINE_H,H34990,302.4,312.0,1457,43.4,23,False,2024-01-24T05:36:00
RUN_05578,MACHINE_L,L52757,302.4,312.1,1455,40.4,28,False,2024-01-24T05:42:00
RUN_05579,MACHINE_L,L52758,302.5,312.2,1574,38.7,30,False,2024-01-24T05:48:00
RUN_05580,MACHINE_L,L52759,302.6,312.2,1695,27.1,32,False,2024-01-24T05:54:00
RUN_05581,MACHINE_M,M20440,302.6,312.2,1458,38.8,34,False,2024-01-24T06:00:00
RUN_05582,MACHINE_M,M20441,302.5,312.1,1454,47.6,37,False,2024-01-24T06:06:00
RUN_05583,MACHINE_L,L52762,302.5,312.0,2052,18.9,40,False,2024-01-24T06:12:00
RUN_05584,MACHINE_L,L52763,302.5,312.0,1673,29.9,42,False,2024-01-24T06:18:00
RUN_05585,MACHINE_L,L52764,302.4,311.9,1578,29.9,44,False,2024-01-24T06:24:00
RUN_05586,MACHINE_M,M20445,302.5,312.0,1642,29.1,46,False,2024-01-24T06:30:00
RUN_05587,MACHINE_M,M20446,302.4,311.8,1557,31.5,49,False,2024-01-24T06:36:00
RUN_05588,MACHINE_L,L52767,302.5,311.9,1481,42.9,52,False,2024-01-24T06:42:00
RUN_05589,MACHINE_M,M20448,302.5,311.8,1566,37.6,54,False,2024-01-24T06:48:00
RUN_05590,MACHINE_M,M20449,302.5,311.9,1298,57.5,57,False,2024-01-24T06:54:00
RUN_05591,MACHINE_M,M20450,302.5,311.9,1340,59.4,60,False,2024-01-24T07:00:00
RUN_05592,MACHINE_L,L52771,302.5,312.0,1574,33.8,63,False,2024-01-24T07:06:00
RUN_05593,MACHINE_L,L52772,302.5,311.9,1437,46.7,65,False,2024-01-24T07:12:00
RUN_05594,MACHINE_L,L52773,302.6,311.9,1354,48.0,67,False,2024-01-24T07:18:00
RUN_05595,MACHINE_L,L52774,302.6,311.9,1598,35.5,69,False,2024-01-24T07:24:00
RUN_05596,MACHINE_M,M20455,302.7,312.0,1944,21.4,71,False,2024-01-24T07:30:00
RUN_05597,MACHINE_M,M20456,302.7,312.0,1538,36.7,74,False,2024-01-24T07:36:00
RUN_05598,MACHINE_L,L52777,302.7,312.0,1501,37.0,77,False,2024-01-24T07:42:00
RUN_05599,MACHINE_L,L52778,302.8,312.1,1441,52.1,79,False,2024-01-24T07:48:00
RUN_05600,MACHINE_M,M20459,302.7,312.0,1652,31.0,81,False,2024-01-24T07:54:00
RUN_05601,MACHINE_L,L52780,302.8,312.1,1487,36.6,84,False,2024-01-24T08:00:00
RUN_05602,MACHINE_L,L52781,302.9,312.2,1605,33.9,86,False,2024-01-24T08:06:00
RUN_05603,MACHINE_L,L52782,302.9,312.1,1334,54.7,88,False,2024-01-24T08:12:00
RUN_05604,MACHINE_L,L52783,302.9,312.2,1340,57.8,90,False,2024-01-24T08:18:00
RUN_05605,MACHINE_L,L52784,302.9,312.2,1513,37.8,92,False,2024-01-24T08:24:00
RUN_05606,MACHINE_L,L52785,302.9,312.2,1510,41.4,94,False,2024-01-24T08:30:00
RUN_05607,MACHINE_L,L52786,302.9,312.2,1729,23.6,96,False,2024-01-24T08:36:00
RUN_05608,MACHINE_M,M20467,302.9,312.2,1745,25.5,98,False,2024-01-24T08:42:00
RUN_05609,MACHINE_M,M20468,303.1,312.3,1623,31.6,101,False,2024-01-24T08:48:00
RUN_05610,MACHINE_M,M20469,303.1,312.4,1378,50.1,104,False,2024-01-24T08:54:00
RUN_05611,MACHINE_L,L52790,303.1,312.4,1407,41.2,107,False,2024-01-24T09:00:00
RUN_05612,MACHINE_M,M20471,303.0,312.3,1674,29.5,109,False,2024-01-24T09:06:00
RUN_05613,MACHINE_L,L52792,303.0,312.3,1486,42.4,112,False,2024-01-24T09:12:00
RUN_05614,MACHINE_M,M20473,303.0,312.3,1483,38.8,114,False,2024-01-24T09:18:00
RUN_05615,MACHINE_H,H35028,303.0,312.2,1624,28.8,117,False,2024-01-24T09:24:00
RUN_05616,MACHINE_M,M20475,303.0,312.2,1257,71.3,122,True,2024-01-24T09:30:00
RUN_05617,MACHINE_L,L52796,303.0,312.3,1480,41.4,125,False,2024-01-24T09:36:00
RUN_05618,MACHINE_L,L52797,303.1,312.4,1404,61.5,127,True,2024-01-24T09:42:00
RUN_05619,MACHINE_M,M20478,303.0,312.4,1645,29.6,129,False,2024-01-24T09:48:00
RUN_05620,MACHINE_L,L52799,303.0,312.3,1932,21.9,132,False,2024-01-24T09:54:00
RUN_05621,MACHINE_L,L52800,303.0,312.3,1533,38.5,134,False,2024-01-24T10:00:00
RUN_05622,MACHINE_M,M20481,302.9,312.2,1292,54.4,136,False,2024-01-24T10:06:00
RUN_05623,MACHINE_L,L52802,302.9,312.2,1571,40.6,139,False,2024-01-24T10:12:00
RUN_05624,MACHINE_L,L52803,302.9,312.3,1578,36.3,141,False,2024-01-24T10:18:00
RUN_05625,MACHINE_M,M20484,302.8,312.2,1469,36.9,143,False,2024-01-24T10:24:00
RUN_05626,MACHINE_L,L52805,302.7,312.1,1728,24.4,146,False,2024-01-24T10:30:00
RUN_05627,MACHINE_H,H35040,302.7,312.1,1603,32.5,148,False,2024-01-24T10:36:00
RUN_05628,MACHINE_L,L52807,302.7,312.1,1597,39.8,153,False,2024-01-24T10:42:00
RUN_05629,MACHINE_L,L52808,302.7,312.1,1688,32.0,155,False,2024-01-24T10:48:00
RUN_05630,MACHINE_L,L52809,302.7,312.2,1405,51.4,157,False,2024-01-24T10:54:00
RUN_05631,MACHINE_M,M20490,302.8,312.2,1615,32.9,159,False,2024-01-24T11:00:00
RUN_05632,MACHINE_L,L52811,302.8,312.2,1515,36.8,162,False,2024-01-24T11:06:00
RUN_05633,MACHINE_L,L52812,302.7,312.2,1376,52.8,164,False,2024-01-24T11:12:00
RUN_05634,MACHINE_L,L52813,302.7,312.2,1447,47.5,166,False,2024-01-24T11:18:00
RUN_05635,MACHINE_M,M20494,302.6,312.2,1353,56.5,168,False,2024-01-24T11:24:00
RUN_05636,MACHINE_L,L52815,302.6,312.1,1502,47.3,171,False,2024-01-24T11:30:00
RUN_05637,MACHINE_L,L52816,302.6,312.0,1447,45.5,173,False,2024-01-24T11:36:00
RUN_05638,MACHINE_M,M20497,302.5,312.0,1487,46.1,175,False,2024-01-24T11:42:00
RUN_05639,MACHINE_L,L52818,302.6,312.1,1519,38.1,178,False,2024-01-24T11:48:00
RUN_05640,MACHINE_L,L52819,302.6,312.1,1668,28.7,180,False,2024-01-24T11:54:00
RUN_05641,MACHINE_L,L52820,302.6,312.1,1420,51.6,182,False,2024-01-24T12:00:00
RUN_05642,MACHINE_L,L52821,302.6,312.1,1473,37.3,184,False,2024-01-24T12:06:00
RUN_05643,MACHINE_L,L52822,302.5,312.0,1495,38.8,186,False,2024-01-24T12:12:00
RUN_05644,MACHINE_L,L52823,302.5,312.0,1574,42.0,188,False,2024-01-24T12:18:00
RUN_05645,MACHINE_L,L52824,302.5,312.0,1383,51.3,190,False,2024-01-24T12:24:00
RUN_05646,MACHINE_M,M20505,302.5,312.0,1591,29.4,192,False,2024-01-24T12:30:00
RUN_05647,MACHINE_M,M20506,302.4,311.8,1644,37.2,195,False,2024-01-24T12:36:00
RUN_05648,MACHINE_H,H35061,302.5,311.8,2370,14.7,198,False,2024-01-24T12:42:00
RUN_05649,MACHINE_L,L52828,302.5,311.9,1401,44.9,203,False,2024-01-24T12:48:00
RUN_05650,MACHINE_M,M20509,302.5,311.9,1414,51.6,205,False,2024-01-24T12:54:00
RUN_05651,MACHINE_L,L52830,302.5,312.0,1456,46.3,208,False,2024-01-24T13:00:00
RUN_05652,MACHINE_M,M20511,302.5,312.0,1447,45.7,210,False,2024-01-24T13:06:00
RUN_05653,MACHINE_L,L52832,302.4,311.8,1727,26.5,213,False,2024-01-24T13:12:00
RUN_05654,MACHINE_L,L52833,302.4,311.7,1495,36.8,215,False,2024-01-24T13:18:00
RUN_05655,MACHINE_L,L52834,302.3,311.6,1544,34.3,0,False,2024-01-24T13:24:00
RUN_05656,MACHINE_L,L52835,302.3,311.5,1387,47.3,2,False,2024-01-24T13:30:00
RUN_05657,MACHINE_M,M20516,302.3,311.5,1316,47.2,4,False,2024-01-24T13:36:00
RUN_05658,MACHINE_L,L52837,302.3,311.5,1794,26.1,7,False,2024-01-24T13:42:00
RUN_05659,MACHINE_M,M20518,302.2,311.4,1372,55.1,9,False,2024-01-24T13:48:00
RUN_05660,MACHINE_M,M20519,302.3,311.5,1674,30.0,12,False,2024-01-24T13:54:00
RUN_05661,MACHINE_L,L52840,302.2,311.4,1477,41.7,15,False,2024-01-24T14:00:00
RUN_05662,MACHINE_L,L52841,302.2,311.4,1397,53.0,17,False,2024-01-24T14:06:00
RUN_05663,MACHINE_L,L52842,302.2,311.5,1616,34.0,19,False,2024-01-24T14:12:00
RUN_05664,MACHINE_M,M20523,302.3,311.5,1530,42.3,21,False,2024-01-24T14:18:00
RUN_05665,MACHINE_M,M20524,302.2,311.4,1539,35.1,24,False,2024-01-24T14:24:00
RUN_05666,MACHINE_L,L52845,302.3,311.4,1845,21.9,27,False,2024-01-24T14:30:00
RUN_05667,MACHINE_L,L52846,302.2,311.4,1430,43.1,29,False,2024-01-24T14:36:00
RUN_05668,MACHINE_L,L52847,302.2,311.4,2080,19.2,31,False,2024-01-24T14:42:00
RUN_05669,MACHINE_M,M20528,302.2,311.4,1432,45.3,33,False,2024-01-24T14:48:00
RUN_05670,MACHINE_M,M20529,302.2,311.5,1479,39.5,36,False,2024-01-24T14:54:00
RUN_05671,MACHINE_L,L52850,302.2,311.5,1424,45.2,39,False,2024-01-24T15:00:00
RUN_05672,MACHINE_H,H35085,302.2,311.6,1534,37.2,41,False,2024-01-24T15:06:00
RUN_05673,MACHINE_H,H35086,302.1,311.6,1701,26.2,46,False,2024-01-24T15:12:00
RUN_05674,MACHINE_L,L52853,302.2,311.6,1462,50.0,51,False,2024-01-24T15:18:00
RUN_05675,MACHINE_M,M20534,302.2,311.7,1393,42.5,53,False,2024-01-24T15:24:00
RUN_05676,MACHINE_M,M20535,302.3,311.7,1453,42.5,56,False,2024-01-24T15:30:00
RUN_05677,MACHINE_L,L52856,302.3,311.8,1565,37.8,59,False,2024-01-24T15:36:00
RUN_05678,MACHINE_L,L52857,302.3,311.8,1281,51.7,61,False,2024-01-24T15:42:00
RUN_05679,MACHINE_M,M20538,302.2,311.7,1584,36.2,63,False,2024-01-24T15:48:00
RUN_05680,MACHINE_M,M20539,302.2,311.7,1466,49.0,66,False,2024-01-24T15:54:00
RUN_05681,MACHINE_M,M20540,302.2,311.6,1386,50.5,69,False,2024-01-24T16:00:00
RUN_05682,MACHINE_L,L52861,302.2,311.6,1383,44.3,72,False,2024-01-24T16:06:00
RUN_05683,MACHINE_H,H35096,302.3,311.6,1441,53.9,74,False,2024-01-24T16:12:00
RUN_05684,MACHINE_M,M20543,302.2,311.6,1592,37.7,79,False,2024-01-24T16:18:00
RUN_05685,MACHINE_H,H35098,302.2,311.6,1594,36.8,82,False,2024-01-24T16:24:00
RUN_05686,MACHINE_L,L52865,302.2,311.5,1482,45.6,87,False,2024-01-24T16:30:00
RUN_05687,MACHINE_L,L52866,302.2,311.6,1658,31.4,89,False,2024-01-24T16:36:00
RUN_05688,MACHINE_L,L52867,302.3,311.7,2170,18.2,91,False,2024-01-24T16:42:00
RUN_05689,MACHINE_M,M20548,302.3,311.7,1423,44.6,93,False,2024-01-24T16:48:00
RUN_05690,MACHINE_L,L52869,302.4,311.8,1543,31.1,96,False,2024-01-24T16:54:00
RUN_05691,MACHINE_L,L52870,302.3,311.8,1435,44.8,98,False,2024-01-24T17:00:00
RUN_05692,MACHINE_L,L52871,302.4,311.8,1320,56.4,100,False,2024-01-24T17:06:00
RUN_05693,MACHINE_M,M20552,302.4,311.9,1313,55.7,102,False,2024-01-24T17:12:00
RUN_05694,MACHINE_M,M20553,302.4,311.8,1453,42.1,105,False,2024-01-24T17:18:00
RUN_05695,MACHINE_L,L52874,302.4,311.8,1508,45.7,108,False,2024-01-24T17:24:00
RUN_05696,MACHINE_L,L52875,302.4,311.8,1451,42.0,110,False,2024-01-24T17:30:00
RUN_05697,MACHINE_H,H35110,302.5,311.9,1595,34.6,112,False,2024-01-24T17:36:00
RUN_05698,MACHINE_L,L52877,302.5,311.9,1354,49.4,117,False,2024-01-24T17:42:00
RUN_05699,MACHINE_L,L52878,302.5,311.9,1265,59.8,119,False,2024-01-24T17:48:00
RUN_05700,MACHINE_L,L52879,302.4,311.9,1867,25.9,121,False,2024-01-24T17:54:00
RUN_05701,MACHINE_L,L52880,302.5,311.9,1497,41.6,123,False,2024-01-24T18:00:00
RUN_05702,MACHINE_M,M20561,302.5,311.9,1347,54.3,125,False,2024-01-24T18:06:00
RUN_05703,MACHINE_L,L52882,302.3,311.7,1544,43.2,128,False,2024-01-24T18:12:00
RUN_05704,MACHINE_H,H35117,302.3,311.7,1456,45.4,130,False,2024-01-24T18:18:00
RUN_05705,MACHINE_L,L52884,302.5,311.8,1335,52.7,135,False,2024-01-24T18:24:00
RUN_05706,MACHINE_L,L52885,302.4,311.9,1452,43.1,137,False,2024-01-24T18:30:00
RUN_05707,MACHINE_L,L52886,302.4,311.9,1290,70.0,139,True,2024-01-24T18:36:00
RUN_05708,MACHINE_L,L52887,302.4,311.8,1448,43.4,141,False,2024-01-24T18:42:00
RUN_05709,MACHINE_L,L52888,302.3,311.7,1611,38.6,143,False,2024-01-24T18:48:00
RUN_05710,MACHINE_L,L52889,302.2,311.7,1556,38.6,145,False,2024-01-24T18:54:00
RUN_05711,MACHINE_H,H35124,302.2,311.7,1413,46.5,147,False,2024-01-24T19:00:00
RUN_05712,MACHINE_L,L52891,302.2,311.6,1545,35.9,152,False,2024-01-24T19:06:00
RUN_05713,MACHINE_L,L52892,302.2,311.7,1330,54.6,154,False,2024-01-24T19:12:00
RUN_05714,MACHINE_L,L52893,302.2,311.9,1596,38.0,156,False,2024-01-24T19:18:00
RUN_05715,MACHINE_L,L52894,302.2,311.8,1618,36.0,158,False,2024-01-24T19:24:00
RUN_05716,MACHINE_H,H35129,302.2,311.9,1597,35.8,160,False,2024-01-24T19:30:00
RUN_05717,MACHINE_L,L52896,302.3,312.0,1354,52.2,165,False,2024-01-24T19:36:00
RUN_05718,MACHINE_L,L52897,302.3,312.0,1746,28.1,167,False,2024-01-24T19:42:00
RUN_05719,MACHINE_L,L52898,302.4,312.0,1621,32.5,169,False,2024-01-24T19:48:00
RUN_05720,MACHINE_L,L52899,302.3,312.0,1398,43.3,171,False,2024-01-24T19:54:00
RUN_05721,MACHINE_L,L52900,302.3,311.9,1434,51.9,173,False,2024-01-24T20:00:00
RUN_05722,MACHINE_M,M20581,302.3,311.8,1443,43.4,175,False,2024-01-24T20:06:00
RUN_05723,MACHINE_L,L52902,302.2,311.7,1488,44.6,178,False,2024-01-24T20:12:00
RUN_05724,MACHINE_M,M20583,302.3,311.8,1475,48.0,180,False,2024-01-24T20:18:00
RUN_05725,MACHINE_L,L52904,302.3,311.8,1433,50.3,183,False,2024-01-24T20:24:00
RUN_05726,MACHINE_M,M20585,302.3,311.8,1557,34.1,185,False,2024-01-24T20:30:00
RUN_05727,MACHINE_M,M20586,302.4,311.9,1398,50.1,188,False,2024-01-24T20:36:00
RUN_05728,MACHINE_M,M20587,302.3,311.8,1559,34.4,191,False,2024-01-24T20:42:00
RUN_05729,MACHINE_M,M20588,302.4,311.9,1422,46.4,194,False,2024-01-24T20:48:00
RUN_05730,MACHINE_M,M20589,302.3,311.8,1463,35.7,197,False,2024-01-24T20:54:00
RUN_05731,MACHINE_L,L52910,302.3,311.7,1793,25.3,200,False,2024-01-24T21:00:00
RUN_05732,MACHINE_L,L52911,302.2,311.6,1872,20.4,202,False,2024-01-24T21:06:00
RUN_05733,MACHINE_L,L52912,302.2,311.7,1412,44.5,204,False,2024-01-24T21:12:00
RUN_05734,MACHINE_L,L52913,302.3,311.8,1487,43.2,206,False,2024-01-24T21:18:00
RUN_05735,MACHINE_L,L52914,302.3,311.8,1369,56.2,208,True,2024-01-24T21:24:00
RUN_05736,MACHINE_L,L52915,302.4,311.8,1673,30.1,210,False,2024-01-24T21:30:00
RUN_05737,MACHINE_M,M20596,302.4,311.9,1439,36.6,212,False,2024-01-24T21:36:00
RUN_05738,MACHINE_L,L52917,302.3,311.8,1574,42.8,215,False,2024-01-24T21:42:00
RUN_05739,MACHINE_L,L52918,302.3,311.7,1281,48.8,0,False,2024-01-24T21:48:00
RUN_05740,MACHINE_M,M20599,302.2,311.7,1653,31.4,2,False,2024-01-24T21:54:00
RUN_05741,MACHINE_M,M20600,302.3,311.7,1535,38.3,5,False,2024-01-24T22:00:00
RUN_05742,MACHINE_M,M20601,302.3,311.7,1483,40.5,8,False,2024-01-24T22:06:00
RUN_05743,MACHINE_L,L52922,302.3,311.7,1414,47.0,11,False,2024-01-24T22:12:00
RUN_05744,MACHINE_M,M20603,302.2,311.6,1379,42.9,13,False,2024-01-24T22:18:00
RUN_05745,MACHINE_H,H35158,302.2,311.5,1482,42.6,16,False,2024-01-24T22:24:00
RUN_05746,MACHINE_L,L52925,302.1,311.5,1987,20.1,21,False,2024-01-24T22:30:00
RUN_05747,MACHINE_M,M20606,302.1,311.5,1635,31.6,23,False,2024-01-24T22:36:00
RUN_05748,MACHINE_L,L52927,302.1,311.5,1533,39.4,26,False,2024-01-24T22:42:00
RUN_05749,MACHINE_M,M20608,302.2,311.7,1576,34.0,28,False,2024-01-24T22:48:00
RUN_05750,MACHINE_H,H35163,302.2,311.8,1330,62.4,31,False,2024-01-24T22:54:00
RUN_05751,MACHINE_L,L52930,302.2,311.8,1981,21.8,36,False,2024-01-24T23:00:00
RUN_05752,MACHINE_H,H35165,302.3,311.8,1475,42.8,38,False,2024-01-24T23:06:00
RUN_05753,MACHINE_H,H35166,302.3,311.8,1804,25.0,43,False,2024-01-24T23:12:00
RUN_05754,MACHINE_L,L52933,302.2,311.6,1416,54.1,48,False,2024-01-24T23:18:00
RUN_05755,MACHINE_L,L52934,302.1,311.5,1727,27.7,50,False,2024-01-24T23:24:00
RUN_05756,MACHINE_L,L52935,302.1,311.4,1391,49.2,52,False,2024-01-24T23:30:00
RUN_05757,MACHINE_M,M20616,302.0,311.5,1366,52.3,54,False,2024-01-24T23:36:00
RUN_05758,MACHINE_L,L52937,301.9,311.3,1366,55.6,57,False,2024-01-24T23:42:00
RUN_05759,MACHINE_L,L52938,301.9,311.3,1501,40.8,59,False,2024-01-24T23:48:00
RUN_05760,MACHINE_L,L52939,301.8,311.3,1551,35.8,61,False,2024-01-24T23:54:00
RUN_05761,MACHINE_M,M20620,301.9,311.3,1522,35.6,63,False,2024-01-25T00:00:00
RUN_05762,MACHINE_L,L52941,301.9,311.2,1369,49.8,66,False,2024-01-25T00:06:00
RUN_05763,MACHINE_L,L52942,301.8,311.2,1334,52.3,68,False,2024-01-25T00:12:00
RUN_05764,MACHINE_H,H35177,301.8,311.2,1451,39.4,70,False,2024-01-25T00:18:00
RUN_05765,MACHINE_L,L52944,301.7,311.2,1589,37.9,75,False,2024-01-25T00:24:00
RUN_05766,MACHINE_L,L52945,301.7,311.3,1708,30.5,77,False,2024-01-25T00:30:00
RUN_05767,MACHINE_M,M20626,301.7,311.2,1413,42.6,79,False,2024-01-25T00:36:00
RUN_05768,MACHINE_M,M20627,301.6,311.2,1415,46.5,82,False,2024-01-25T00:42:00
RUN_05769,MACHINE_L,L52948,301.7,311.3,1421,45.9,85,False,2024-01-25T00:48:00
RUN_05770,MACHINE_L,L52949,301.7,311.3,1348,51.0,87,False,2024-01-25T00:54:00
RUN_05771,MACHINE_L,L52950,301.6,311.2,1408,42.9,89,False,2024-01-25T01:00:00
RUN_05772,MACHINE_L,L52951,301.6,311.2,1525,43.7,91,False,2024-01-25T01:06:00
RUN_05773,MACHINE_L,L52952,301.6,311.3,1706,29.9,93,False,2024-01-25T01:12:00
RUN_05774,MACHINE_H,H35187,301.6,311.2,1395,46.8,95,False,2024-01-25T01:18:00
RUN_05775,MACHINE_L,L52954,301.5,311.1,1602,34.3,100,False,2024-01-25T01:24:00
RUN_05776,MACHINE_L,L52955,301.6,311.1,1907,21.5,102,False,2024-01-25T01:30:00
RUN_05777,MACHINE_L,L52956,301.6,311.1,1325,49.2,104,False,2024-01-25T01:36:00
RUN_05778,MACHINE_L,L52957,301.6,311.1,1408,44.4,106,False,2024-01-25T01:42:00
RUN_05779,MACHINE_M,M20638,301.7,311.1,1489,41.4,108,False,2024-01-25T01:48:00
RUN_05780,MACHINE_L,L52959,301.6,311.1,1680,29.2,111,False,2024-01-25T01:54:00
RUN_05781,MACHINE_L,L52960,301.7,311.2,1517,42.4,113,False,2024-01-25T02:00:00
RUN_05782,MACHINE_M,M20641,301.7,311.1,1618,36.7,115,False,2024-01-25T02:06:00
RUN_05783,MACHINE_L,L52962,301.7,311.1,1455,39.8,118,False,2024-01-25T02:12:00
RUN_05784,MACHINE_H,H35197,301.8,311.1,1543,36.4,120,False,2024-01-25T02:18:00
RUN_05785,MACHINE_M,M20644,301.8,311.1,1399,41.8,125,False,2024-01-25T02:24:00
RUN_05786,MACHINE_L,L52965,301.7,311.1,1469,37.2,128,False,2024-01-25T02:30:00
RUN_05787,MACHINE_L,L52966,301.7,311.2,1521,36.7,130,False,2024-01-25T02:36:00
RUN_05788,MACHINE_L,L52967,301.7,311.3,1584,38.8,132,False,2024-01-25T02:42:00
RUN_05789,MACHINE_L,L52968,301.8,311.5,1443,43.3,134,False,2024-01-25T02:48:00
RUN_05790,MACHINE_M,M20649,301.8,311.5,1416,49.0,136,False,2024-01-25T02:54:00
RUN_05791,MACHINE_M,M20650,301.7,311.2,1563,34.5,139,False,2024-01-25T03:00:00
RUN_05792,MACHINE_M,M20651,301.8,311.3,1542,40.1,142,False,2024-01-25T03:06:00
RUN_05793,MACHINE_M,M20652,301.8,311.3,1624,31.6,145,False,2024-01-25T03:12:00
RUN_05794,MACHINE_L,L52973,301.8,311.3,1471,44.2,148,False,2024-01-25T03:18:00
RUN_05795,MACHINE_M,M20654,301.9,311.5,1492,40.8,150,False,2024-01-25T03:24:00
RUN_05796,MACHINE_M,M20655,301.9,311.4,1465,39.9,153,False,2024-01-25T03:30:00
RUN_05797,MACHINE_L,L52976,301.7,311.1,1399,55.1,156,False,2024-01-25T03:36:00
RUN_05798,MACHINE_L,L52977,301.6,311.0,1431,42.6,158,False,2024-01-25T03:42:00
RUN_05799,MACHINE_L,L52978,301.5,310.9,1600,39.0,160,False,2024-01-25T03:48:00
RUN_05800,MACHINE_L,L52979,301.5,310.8,1593,34.5,162,False,2024-01-25T03:54:00
RUN_05801,MACHINE_L,L52980,301.5,310.9,1469,44.7,164,False,2024-01-25T04:00:00
RUN_05802,MACHINE_L,L52981,301.5,310.8,1413,44.6,166,False,2024-01-25T04:06:00
RUN_05803,MACHINE_L,L52982,301.4,310.8,1490,38.0,168,False,2024-01-25T04:12:00
RUN_05804,MACHINE_L,L52983,301.5,310.9,1671,31.1,170,False,2024-01-25T04:18:00
RUN_05805,MACHINE_L,L52984,301.5,310.9,1365,46.5,172,False,2024-01-25T04:24:00
RUN_05806,MACHINE_M,M20665,301.4,310.9,1557,39.3,174,False,2024-01-25T04:30:00
RUN_05807,MACHINE_L,L52986,301.4,310.9,1440,45.4,177,False,2024-01-25T04:36:00
RUN_05808,MACHINE_M,M20667,301.4,310.9,1489,38.9,179,False,2024-01-25T04:42:00
RUN_05809,MACHINE_L,L52988,301.4,311.0,1733,25.7,182,False,2024-01-25T04:48:00
RUN_05810,MACHINE_H,H35223,301.3,311.0,1580,36.6,184,False,2024-01-25T04:54:00
RUN_05811,MACHINE_L,L52990,301.3,311.0,1856,21.9,189,False,2024-01-25T05:00:00
RUN_05812,MACHINE_L,L52991,301.3,311.1,1454,40.3,191,False,2024-01-25T05:06:00
RUN_05813,MACHINE_L,L52992,301.4,311.1,1495,36.3,193,False,2024-01-25T05:12:00
RUN_05814,MACHINE_L,L52993,301.2,311.0,1761,29.1,195,False,2024-01-25T05:18:00
RUN_05815,MACHINE_M,M20674,301.3,311.0,1402,47.5,197,False,2024-01-25T05:24:00
RUN_05816,MACHINE_L,L52995,301.2,311.0,1670,33.0,200,False,2024-01-25T05:30:00
RUN_05817,MACHINE_L,L52996,301.3,311.0,1582,35.6,202,False,2024-01-25T05:36:00
RUN_05818,MACHINE_L,L52997,301.3,311.0,1542,35.1,204,False,2024-01-25T05:42:00
RUN_05819,MACHINE_L,L52998,301.3,311.0,1539,36.9,206,False,2024-01-25T05:48:00
RUN_05820,MACHINE_L,L52999,301.3,311.0,1418,41.9,208,False,2024-01-25T05:54:00
RUN_05821,MACHINE_L,L53000,301.3,311.1,1723,27.6,210,False,2024-01-25T06:00:00
RUN_05822,MACHINE_L,L53001,301.3,311.1,1303,49.2,212,False,2024-01-25T06:06:00
RUN_05823,MACHINE_M,M20682,301.3,311.0,1463,50.2,214,False,2024-01-25T06:12:00
RUN_05824,MACHINE_L,L53003,301.2,311.0,1544,39.3,217,False,2024-01-25T06:18:00
RUN_05825,MACHINE_L,L53004,301.2,311.0,1596,37.2,219,False,2024-01-25T06:24:00
RUN_05826,MACHINE_L,L53005,301.3,311.1,1413,42.0,221,False,2024-01-25T06:30:00
RUN_05827,MACHINE_M,M20686,301.3,311.1,1492,41.2,223,False,2024-01-25T06:36:00
RUN_05828,MACHINE_L,L53007,301.3,311.1,1624,40.9,0,False,2024-01-25T06:42:00
RUN_05829,MACHINE_L,L53008,301.3,311.1,1504,39.1,2,False,2024-01-25T06:48:00
RUN_05830,MACHINE_M,M20689,301.2,311.1,1574,34.3,4,False,2024-01-25T06:54:00
RUN_05831,MACHINE_M,M20690,301.3,311.2,1438,42.4,7,False,2024-01-25T07:00:00
RUN_05832,MACHINE_L,L53011,301.3,311.3,1474,50.7,10,False,2024-01-25T07:06:00
RUN_05833,MACHINE_L,L53012,301.3,311.2,1675,32.1,12,False,2024-01-25T07:12:00
RUN_05834,MACHINE_L,L53013,301.3,311.2,1457,44.5,14,False,2024-01-25T07:18:00
RUN_05835,MACHINE_L,L53014,301.3,311.3,1434,49.8,16,False,2024-01-25T07:24:00
RUN_05836,MACHINE_L,L53015,301.3,311.2,1668,30.1,18,False,2024-01-25T07:30:00
RUN_05837,MACHINE_L,L53016,301.2,311.1,1550,39.7,20,False,2024-01-25T07:36:00
RUN_05838,MACHINE_M,M20697,301.3,311.1,1834,25.4,22,False,2024-01-25T07:42:00
RUN_05839,MACHINE_M,M20698,301.4,311.2,1476,36.5,25,False,2024-01-25T07:48:00
RUN_05840,MACHINE_M,M20699,301.4,311.2,1541,36.3,28,False,2024-01-25T07:54:00
RUN_05841,MACHINE_M,M20700,301.3,311.1,1581,30.9,31,False,2024-01-25T08:00:00
RUN_05842,MACHINE_M,M20701,301.3,311.1,1678,30.7,34,False,2024-01-25T08:06:00
RUN_05843,MACHINE_L,L53022,301.4,311.2,1355,50.6,37,False,2024-01-25T08:12:00
RUN_05844,MACHINE_L,L53023,301.5,311.2,1700,28.8,39,False,2024-01-25T08:18:00
RUN_05845,MACHINE_L,L53024,301.4,311.1,1462,37.1,41,False,2024-01-25T08:24:00
RUN_05846,MACHINE_M,M20705,301.4,311.2,1727,26.5,43,False,2024-01-25T08:30:00
RUN_05847,MACHINE_L,L53026,301.4,311.3,1674,33.3,46,False,2024-01-25T08:36:00
RUN_05848,MACHINE_L,L53027,301.4,311.3,1397,42.3,48,False,2024-01-25T08:42:00
RUN_05849,MACHINE_L,L53028,301.4,311.3,2323,15.9,50,False,2024-01-25T08:48:00
RUN_05850,MACHINE_M,M20709,301.4,311.2,1434,47.6,52,False,2024-01-25T08:54:00
RUN_05851,MACHINE_L,L53030,301.3,311.1,1560,35.3,55,False,2024-01-25T09:00:00
RUN_05852,MACHINE_L,L53031,301.2,311.0,1573,32.8,57,False,2024-01-25T09:06:00
RUN_05853,MACHINE_H,H35266,301.2,310.9,1798,22.3,59,False,2024-01-25T09:12:00
RUN_05854,MACHINE_L,L53033,301.2,311.0,1567,35.1,64,False,2024-01-25T09:18:00
RUN_05855,MACHINE_L,L53034,301.2,310.9,1416,53.3,66,False,2024-01-25T09:24:00
RUN_05856,MACHINE_M,M20715,301.2,310.9,1424,45.2,68,False,2024-01-25T09:30:00
RUN_05857,MACHINE_H,H35270,301.2,310.9,1598,35.9,71,False,2024-01-25T09:36:00
RUN_05858,MACHINE_L,L53037,301.3,310.9,1760,23.9,76,False,2024-01-25T09:42:00
RUN_05859,MACHINE_L,L53038,301.3,311.0,1348,44.5,78,False,2024-01-25T09:48:00
RUN_05860,MACHINE_L,L53039,301.3,311.0,1542,33.6,80,False,2024-01-25T09:54:00
RUN_05861,MACHINE_L,L53040,301.3,310.9,1566,33.1,82,False,2024-01-25T10:00:00
RUN_05862,MACHINE_L,L53041,301.3,311.0,1554,47.7,84,False,2024-01-25T10:06:00
RUN_05863,MACHINE_L,L53042,301.4,311.0,1470,40.6,86,False,2024-01-25T10:12:00
RUN_05864,MACHINE_M,M20723,301.4,311.1,1758,25.4,88,False,2024-01-25T10:18:00
RUN_05865,MACHINE_M,M20724,301.4,311.0,1486,36.5,91,False,2024-01-25T10:24:00
RUN_05866,MACHINE_M,M20725,301.5,311.1,1402,40.0,94,False,2024-01-25T10:30:00
RUN_05867,MACHINE_L,L53046,301.5,311.1,1459,45.1,97,False,2024-01-25T10:36:00
RUN_05868,MACHINE_L,L53047,301.5,311.0,1494,45.3,99,False,2024-01-25T10:42:00
RUN_05869,MACHINE_L,L53048,301.5,311.1,1731,27.9,101,False,2024-01-25T10:48:00
RUN_05870,MACHINE_L,L53049,301.5,311.1,2076,18.7,103,False,2024-01-25T10:54:00
RUN_05871,MACHINE_L,L53050,301.5,311.1,2055,16.8,105,False,2024-01-25T11:00:00
RUN_05872,MACHINE_L,L53051,301.5,311.1,1469,49.5,107,False,2024-01-25T11:06:00
RUN_05873,MACHINE_M,M20732,301.5,311.0,1504,42.6,109,False,2024-01-25T11:12:00
RUN_05874,MACHINE_M,M20733,301.5,311.1,1396,43.5,112,False,2024-01-25T11:18:00
RUN_05875,MACHINE_M,M20734,301.5,311.1,1660,33.8,115,False,2024-01-25T11:24:00
RUN_05876,MACHINE_M,M20735,301.5,311.0,1577,39.7,118,False,2024-01-25T11:30:00
RUN_05877,MACHINE_L,L53056,301.5,311.1,1426,52.1,121,False,2024-01-25T11:36:00
RUN_05878,MACHINE_L,L53057,301.5,311.1,1458,41.4,123,False,2024-01-25T11:42:00
RUN_05879,MACHINE_L,L53058,301.4,311.0,1533,45.8,125,False,2024-01-25T11:48:00
RUN_05880,MACHINE_L,L53059,301.4,311.0,1701,28.4,127,False,2024-01-25T11:54:00
RUN_05881,MACHINE_L,L53060,301.5,311.1,1434,49.6,129,False,2024-01-25T12:00:00
RUN_05882,MACHINE_L,L53061,301.4,311.1,1952,22.7,131,False,2024-01-25T12:06:00
RUN_05883,MACHINE_L,L53062,301.4,311.1,1469,36.9,133,False,2024-01-25T12:12:00
RUN_05884,MACHINE_L,L53063,301.4,311.1,1800,26.0,135,False,2024-01-25T12:18:00
RUN_05885,MACHINE_M,M20744,301.3,311.1,1438,43.0,137,False,2024-01-25T12:24:00
RUN_05886,MACHINE_L,L53065,301.3,311.1,1647,28.2,140,False,2024-01-25T12:30:00
RUN_05887,MACHINE_L,L53066,301.4,311.1,1494,41.9,142,False,2024-01-25T12:36:00
RUN_05888,MACHINE_H,H35301,301.4,311.1,1445,41.4,144,False,2024-01-25T12:42:00
RUN_05889,MACHINE_M,M20748,301.5,311.1,1507,38.6,149,False,2024-01-25T12:48:00
RUN_05890,MACHINE_M,M20749,301.4,311.0,1234,55.8,152,False,2024-01-25T12:54:00
RUN_05891,MACHINE_L,L53070,301.4,311.0,1634,32.6,155,False,2024-01-25T13:00:00
RUN_05892,MACHINE_L,L53071,301.4,311.0,1334,53.3,157,False,2024-01-25T13:06:00
RUN_05893,MACHINE_L,L53072,301.4,311.1,1472,44.5,159,False,2024-01-25T13:12:00
RUN_05894,MACHINE_M,M20753,301.3,311.0,1410,52.7,161,False,2024-01-25T13:18:00
RUN_05895,MACHINE_L,L53074,301.2,310.9,1597,37.9,164,False,2024-01-25T13:24:00
RUN_05896,MACHINE_M,M20755,301.2,310.9,1460,46.7,166,False,2024-01-25T13:30:00
RUN_05897,MACHINE_L,L53076,301.1,310.8,1274,55.7,169,False,2024-01-25T13:36:00
RUN_05898,MACHINE_M,M20757,301.0,310.7,1517,40.2,171,False,2024-01-25T13:42:00
RUN_05899,MACHINE_L,L53078,301.0,310.7,1300,57.2,174,False,2024-01-25T13:48:00
RUN_05900,MACHINE_H,H35313,300.9,310.6,1686,27.7,176,False,2024-01-25T13:54:00
RUN_05901,MACHINE_M,M20760,300.9,310.7,1485,41.0,181,False,2024-01-25T14:00:00
RUN_05902,MACHINE_L,L53081,301.0,310.7,1464,45.8,184,False,2024-01-25T14:06:00
RUN_05903,MACHINE_L,L53082,300.9,310.6,1598,35.4,186,False,2024-01-25T14:12:00
RUN_05904,MACHINE_L,L53083,300.9,310.5,1894,21.9,188,False,2024-01-25T14:18:00
RUN_05905,MACHINE_M,M20764,300.8,310.5,1330,59.0,190,False,2024-01-25T14:24:00
RUN_05906,MACHINE_H,H35319,300.8,310.5,1582,31.1,193,False,2024-01-25T14:30:00
RUN_05907,MACHINE_L,L53086,300.7,310.3,1533,35.6,198,False,2024-01-25T14:36:00
RUN_05908,MACHINE_H,H35321,300.8,310.4,1419,46.4,200,False,2024-01-25T14:42:00
RUN_05909,MACHINE_M,M20768,300.8,310.3,1526,36.3,205,False,2024-01-25T14:48:00
RUN_05910,MACHINE_H,H35323,300.7,310.2,1364,65.3,208,True,2024-01-25T14:54:00
RUN_05911,MACHINE_M,M20770,300.8,310.3,1458,43.4,0,False,2024-01-25T15:00:00
RUN_05912,MACHINE_M,M20771,300.8,310.4,1288,64.0,3,False,2024-01-25T15:06:00
RUN_05913,MACHINE_M,M20772,300.7,310.3,1659,29.8,6,False,2024-01-25T15:12:00
RUN_05914,MACHINE_H,H35327,300.7,310.2,1479,52.3,9,False,2024-01-25T15:18:00
RUN_05915,MACHINE_L,L53094,300.7,310.3,1592,36.0,14,False,2024-01-25T15:24:00
RUN_05916,MACHINE_M,M20775,300.6,310.2,1532,38.7,16,False,2024-01-25T15:30:00
RUN_05917,MACHINE_L,L53096,300.6,310.2,1555,41.9,19,False,2024-01-25T15:36:00
RUN_05918,MACHINE_L,L53097,300.6,310.2,1341,52.6,21,False,2024-01-25T15:42:00
RUN_05919,MACHINE_L,L53098,300.6,310.1,1541,42.0,23,False,2024-01-25T15:48:00
RUN_05920,MACHINE_L,L53099,300.6,310.3,1414,50.6,25,False,2024-01-25T15:54:00
RUN_05921,MACHINE_L,L53100,300.5,310.2,1764,25.9,27,False,2024-01-25T16:00:00
RUN_05922,MACHINE_L,L53101,300.5,310.3,1336,57.1,29,False,2024-01-25T16:06:00
RUN_05923,MACHINE_L,L53102,300.5,310.3,1435,43.3,31,False,2024-01-25T16:12:00
RUN_05924,MACHINE_M,M20783,300.4,310.3,1537,35.0,33,False,2024-01-25T16:18:00
RUN_05925,MACHINE_L,L53104,300.3,310.2,1369,48.8,36,False,2024-01-25T16:24:00
RUN_05926,MACHINE_M,M20785,300.2,310.1,1619,31.3,38,False,2024-01-25T16:30:00
RUN_05927,MACHINE_L,L53106,300.2,310.1,1440,51.1,41,False,2024-01-25T16:36:00
RUN_05928,MACHINE_L,L53107,300.2,310.1,1649,30.5,43,False,2024-01-25T16:42:00
RUN_05929,MACHINE_M,M20788,300.2,310.1,1550,38.7,45,False,2024-01-25T16:48:00
RUN_05930,MACHINE_L,L53109,300.3,310.2,1471,45.2,48,False,2024-01-25T16:54:00
RUN_05931,MACHINE_L,L53110,300.3,310.3,1483,51.6,50,False,2024-01-25T17:00:00
RUN_05932,MACHINE_L,L53111,300.3,310.4,1336,54.4,52,False,2024-01-25T17:06:00
RUN_05933,MACHINE_L,L53112,300.5,310.5,1515,36.6,54,False,2024-01-25T17:12:00
RUN_05934,MACHINE_L,L53113,300.5,310.5,1373,47.4,56,False,2024-01-25T17:18:00
RUN_05935,MACHINE_H,H35348,300.6,310.5,1454,51.2,58,False,2024-01-25T17:24:00
RUN_05936,MACHINE_L,L53115,300.5,310.5,1646,34.5,63,False,2024-01-25T17:30:00
RUN_05937,MACHINE_M,M20796,300.5,310.4,1548,37.3,65,False,2024-01-25T17:36:00
RUN_05938,MACHINE_M,M20797,300.6,310.5,1462,41.3,68,False,2024-01-25T17:42:00
RUN_05939,MACHINE_L,L53118,300.5,310.4,1702,33.1,71,False,2024-01-25T17:48:00
RUN_05940,MACHINE_L,L53119,300.5,310.5,1409,60.9,73,False,2024-01-25T17:54:00
RUN_05941,MACHINE_M,M20800,300.6,310.6,1427,52.8,75,False,2024-01-25T18:00:00
RUN_05942,MACHINE_L,L53121,300.6,310.7,1438,48.5,78,True,2024-01-25T18:06:00
RUN_05943,MACHINE_L,L53122,300.7,310.7,1450,43.4,80,False,2024-01-25T18:12:00
RUN_05944,MACHINE_L,L53123,300.7,310.7,1541,41.3,82,False,2024-01-25T18:18:00
RUN_05945,MACHINE_M,M20804,300.7,310.6,1484,38.0,84,False,2024-01-25T18:24:00
RUN_05946,MACHINE_M,M20805,300.8,310.8,1415,44.5,87,False,2024-01-25T18:30:00
RUN_05947,MACHINE_L,L53126,300.7,310.8,1496,46.4,90,False,2024-01-25T18:36:00
RUN_05948,MACHINE_M,M20807,300.7,310.8,1465,45.2,92,False,2024-01-25T18:42:00
RUN_05949,MACHINE_L,L53128,300.7,310.8,2113,18.5,95,False,2024-01-25T18:48:00
RUN_05950,MACHINE_M,M20809,300.7,310.8,1506,44.0,97,False,2024-01-25T18:54:00
RUN_05951,MACHINE_L,L53130,300.7,310.8,1689,28.9,100,False,2024-01-25T19:00:00
RUN_05952,MACHINE_L,L53131,300.7,310.9,1650,29.4,102,False,2024-01-25T19:06:00
RUN_05953,MACHINE_L,L53132,300.7,310.8,1563,33.8,104,False,2024-01-25T19:12:00
RUN_05954,MACHINE_M,M20813,300.7,310.9,1486,38.9,106,False,2024-01-25T19:18:00
RUN_05955,MACHINE_L,L53134,300.8,310.9,1732,25.7,109,False,2024-01-25T19:24:00
RUN_05956,MACHINE_L,L53135,300.7,310.8,1653,31.6,111,False,2024-01-25T19:30:00
RUN_05957,MACHINE_L,L53136,300.7,310.9,1535,37.1,113,False,2024-01-25T19:36:00
RUN_05958,MACHINE_L,L53137,300.7,310.9,1637,37.2,115,False,2024-01-25T19:42:00
RUN_05959,MACHINE_L,L53138,300.6,310.8,1533,38.5,117,False,2024-01-25T19:48:00
RUN_05960,MACHINE_L,L53139,300.6,310.8,1378,51.2,119,False,2024-01-25T19:54:00
RUN_05961,MACHINE_L,L53140,300.5,310.7,1606,33.5,121,False,2024-01-25T20:00:00
RUN_05962,MACHINE_L,L53141,300.3,310.7,1539,32.3,123,False,2024-01-25T20:06:00
RUN_05963,MACHINE_L,L53142,300.5,310.8,1728,26.3,125,False,2024-01-25T20:12:00
RUN_05964,MACHINE_H,H35377,300.4,310.7,1656,36.3,127,False,2024-01-25T20:18:00
RUN_05965,MACHINE_H,H35378,300.5,310.8,1631,30.5,132,False,2024-01-25T20:24:00
RUN_05966,MACHINE_H,H35379,300.5,310.9,1447,46.5,137,False,2024-01-25T20:30:00
RUN_05967,MACHINE_L,L53146,300.4,310.8,1396,49.3,142,False,2024-01-25T20:36:00
RUN_05968,MACHINE_L,L53147,300.4,310.8,1390,52.5,144,False,2024-01-25T20:42:00
RUN_05969,MACHINE_L,L53148,300.4,310.8,1348,56.0,146,False,2024-01-25T20:48:00
RUN_05970,MACHINE_M,M20829,300.4,310.8,1491,35.9,148,False,2024-01-25T20:54:00
RUN_05971,MACHINE_L,L53150,300.4,310.8,1520,37.6,151,False,2024-01-25T21:00:00
RUN_05972,MACHINE_L,L53151,300.5,310.8,1509,33.0,153,False,2024-01-25T21:06:00
RUN_05973,MACHINE_L,L53152,300.5,310.8,1445,46.6,155,False,2024-01-25T21:12:00
RUN_05974,MACHINE_L,L53153,300.5,310.8,1354,51.8,157,False,2024-01-25T21:18:00
RUN_05975,MACHINE_L,L53154,300.5,310.7,1488,39.4,159,False,2024-01-25T21:24:00
RUN_05976,MACHINE_H,H35389,300.5,310.7,1654,28.6,161,False,2024-01-25T21:30:00
RUN_05977,MACHINE_H,H35390,300.5,310.6,1378,51.5,166,False,2024-01-25T21:36:00
RUN_05978,MACHINE_L,L53157,300.6,310.7,1750,30.6,171,False,2024-01-25T21:42:00
RUN_05979,MACHINE_L,L53158,300.5,310.6,1448,46.3,173,False,2024-01-25T21:48:00
RUN_05980,MACHINE_H,H35393,300.6,310.7,1501,45.3,175,False,2024-01-25T21:54:00
RUN_05981,MACHINE_M,M20840,300.6,310.7,1654,32.0,180,False,2024-01-25T22:00:00
RUN_05982,MACHINE_M,M20841,300.7,310.7,1347,46.5,183,False,2024-01-25T22:06:00
RUN_05983,MACHINE_L,L53162,300.7,310.8,1486,37.1,186,False,2024-01-25T22:12:00
RUN_05984,MACHINE_H,H35397,300.8,310.8,1466,45.2,188,False,2024-01-25T22:18:00
RUN_05985,MACHINE_H,H35398,300.7,310.8,1346,52.0,193,False,2024-01-25T22:24:00
RUN_05986,MACHINE_L,L53165,300.7,310.7,1314,42.4,198,False,2024-01-25T22:30:00
RUN_05987,MACHINE_L,L53166,300.6,310.7,1440,52.5,200,False,2024-01-25T22:36:00
RUN_05988,MACHINE_L,L53167,300.7,310.8,1608,39.5,202,False,2024-01-25T22:42:00
RUN_05989,MACHINE_H,H35402,300.7,310.8,1296,58.2,204,False,2024-01-25T22:48:00
RUN_05990,MACHINE_L,L53169,300.7,310.7,1507,46.1,209,False,2024-01-25T22:54:00
RUN_05991,MACHINE_M,M20850,300.7,310.7,1343,51.6,211,False,2024-01-25T23:00:00
RUN_05992,MACHINE_L,L53171,300.7,310.7,1416,40.4,214,False,2024-01-25T23:06:00
RUN_05993,MACHINE_L,L53172,300.7,310.6,1288,47.2,216,False,2024-01-25T23:12:00
RUN_05994,MACHINE_M,M20853,300.7,310.6,1407,42.4,218,False,2024-01-25T23:18:00
RUN_05995,MACHINE_L,L53174,300.6,310.4,1608,39.2,221,False,2024-01-25T23:24:00
RUN_05996,MACHINE_L,L53175,300.6,310.3,1920,22.3,223,False,2024-01-25T23:30:00
RUN_05997,MACHINE_M,M20856,300.5,310.2,1386,48.2,225,False,2024-01-25T23:36:00
RUN_05998,MACHINE_M,M20857,300.5,310.2,1571,34.6,228,False,2024-01-25T23:42:00
RUN_05999,MACHINE_M,M20858,300.4,310.2,1613,36.9,231,False,2024-01-25T23:48:00
RUN_06000,MACHINE_M,M20859,300.4,310.2,1671,30.5,234,True,2024-01-25T23:54:00
RUN_06001,MACHINE_H,H35414,300.4,310.2,1431,43.2,0,False,2024-01-26T00:00:00
RUN_06002,MACHINE_M,M20861,300.4,310.2,1380,47.3,5,False,2024-01-26T00:06:00
RUN_06003,MACHINE_L,L53182,300.5,310.3,1683,31.5,8,False,2024-01-26T00:12:00
RUN_06004,MACHINE_L,L53183,300.4,310.2,1529,36.2,10,False,2024-01-26T00:18:00
RUN_06005,MACHINE_L,L53184,300.5,310.4,1761,26.5,12,False,2024-01-26T00:24:00
RUN_06006,MACHINE_L,L53185,300.6,310.5,1570,38.3,14,False,2024-01-26T00:30:00
RUN_06007,MACHINE_M,M20866,300.6,310.5,2156,18.0,16,False,2024-01-26T00:36:00
RUN_06008,MACHINE_M,M20867,300.7,310.6,1349,54.5,19,False,2024-01-26T00:42:00
RUN_06009,MACHINE_L,L53188,300.7,310.7,1431,39.3,22,False,2024-01-26T00:48:00
RUN_06010,MACHINE_L,L53189,300.6,310.6,1931,22.0,24,False,2024-01-26T00:54:00
RUN_06011,MACHINE_H,H35424,300.7,310.7,1428,43.4,26,False,2024-01-26T01:00:00
RUN_06012,MACHINE_L,L53191,300.8,310.8,1564,36.2,31,False,2024-01-26T01:06:00
RUN_06013,MACHINE_H,H35426,300.8,310.9,1425,44.0,33,False,2024-01-26T01:12:00
RUN_06014,MACHINE_L,L53193,300.7,310.8,1597,30.5,38,False,2024-01-26T01:18:00
RUN_06015,MACHINE_H,H35428,300.8,310.8,1618,32.8,40,False,2024-01-26T01:24:00
RUN_06016,MACHINE_M,M20875,300.8,310.8,1520,38.0,45,False,2024-01-26T01:30:00
RUN_06017,MACHINE_L,L53196,300.7,310.7,1425,45.3,48,False,2024-01-26T01:36:00
RUN_06018,MACHINE_L,L53197,300.8,310.9,1398,38.2,50,False,2024-01-26T01:42:00
RUN_06019,MACHINE_M,M20878,300.8,310.9,1557,31.6,52,False,2024-01-26T01:48:00
RUN_06020,MACHINE_L,L53199,300.7,310.8,1519,43.9,55,False,2024-01-26T01:54:00
RUN_06021,MACHINE_L,L53200,300.7,310.8,1619,34.9,57,False,2024-01-26T02:00:00
RUN_06022,MACHINE_L,L53201,300.7,310.8,1814,21.4,59,False,2024-01-26T02:06:00
RUN_06023,MACHINE_L,L53202,300.7,310.9,1521,39.4,61,False,2024-01-26T02:12:00
RUN_06024,MACHINE_M,M20883,300.7,310.9,1369,51.2,63,False,2024-01-26T02:18:00
RUN_06025,MACHINE_L,L53204,300.7,310.9,1356,65.3,66,True,2024-01-26T02:24:00
RUN_06026,MACHINE_L,L53205,300.7,311.0,1336,53.3,68,False,2024-01-26T02:30:00
RUN_06027,MACHINE_L,L53206,300.7,311.0,1403,48.3,70,False,2024-01-26T02:36:00
RUN_06028,MACHINE_M,M20887,300.7,311.0,1413,44.3,72,False,2024-01-26T02:42:00
RUN_06029,MACHINE_L,L53208,300.6,310.9,1472,47.6,75,False,2024-01-26T02:48:00
RUN_06030,MACHINE_M,M20889,300.7,310.8,1452,47.9,77,False,2024-01-26T02:54:00
RUN_06031,MACHINE_L,L53210,300.6,310.7,1397,53.7,80,False,2024-01-26T03:00:00
RUN_06032,MACHINE_L,L53211,300.6,310.7,1455,40.6,82,False,2024-01-26T03:06:00
RUN_06033,MACHINE_L,L53212,300.7,310.8,1754,27.7,84,False,2024-01-26T03:12:00
RUN_06034,MACHINE_L,L53213,300.6,310.9,1471,37.9,86,False,2024-01-26T03:18:00
RUN_06035,MACHINE_M,M20894,300.6,310.8,1389,48.1,88,False,2024-01-26T03:24:00
RUN_06036,MACHINE_M,M20895,300.6,310.9,1702,30.3,91,False,2024-01-26T03:30:00
RUN_06037,MACHINE_M,M20896,300.6,311.0,1401,54.6,94,False,2024-01-26T03:36:00
RUN_06038,MACHINE_L,L53217,300.7,311.1,1426,46.2,97,False,2024-01-26T03:42:00
RUN_06039,MACHINE_L,L53218,300.7,311.0,1496,38.3,99,False,2024-01-26T03:48:00
RUN_06040,MACHINE_L,L53219,300.6,310.9,1433,42.6,101,False,2024-01-26T03:54:00
RUN_06041,MACHINE_M,M20900,300.7,311.1,1438,46.6,103,False,2024-01-26T04:00:00
RUN_06042,MACHINE_M,M20901,300.7,311.0,1418,49.3,106,False,2024-01-26T04:06:00
RUN_06043,MACHINE_M,M20902,300.8,311.0,1580,36.6,109,False,2024-01-26T04:12:00
RUN_06044,MACHINE_M,M20903,300.7,310.9,1468,41.8,112,False,2024-01-26T04:18:00
RUN_06045,MACHINE_M,M20904,300.8,310.9,1522,41.7,115,False,2024-01-26T04:24:00
RUN_06046,MACHINE_L,L53225,300.8,310.9,1311,55.8,118,False,2024-01-26T04:30:00
RUN_06047,MACHINE_L,L53226,300.9,311.0,1316,56.5,120,False,2024-01-26T04:36:00
RUN_06048,MACHINE_H,H35461,300.9,311.0,1853,23.6,122,False,2024-01-26T04:42:00
RUN_06049,MACHINE_M,M20908,300.9,311.0,1556,38.8,127,False,2024-01-26T04:48:00
RUN_06050,MACHINE_M,M20909,300.9,311.0,1567,34.3,130,False,2024-01-26T04:54:00
RUN_06051,MACHINE_M,M20910,300.9,311.1,1546,37.7,133,False,2024-01-26T05:00:00
RUN_06052,MACHINE_L,L53231,300.9,311.0,1382,51.2,136,False,2024-01-26T05:06:00
RUN_06053,MACHINE_L,L53232,300.9,311.0,2003,20.2,138,False,2024-01-26T05:12:00
RUN_06054,MACHINE_L,L53233,300.8,310.9,1748,29.9,140,False,2024-01-26T05:18:00
RUN_06055,MACHINE_H,H35468,300.7,310.8,1518,40.1,142,False,2024-01-26T05:24:00
RUN_06056,MACHINE_L,L53235,300.7,310.8,1475,42.0,147,False,2024-01-26T05:30:00
RUN_06057,MACHINE_L,L53236,300.8,310.8,1634,29.2,149,False,2024-01-26T05:36:00
RUN_06058,MACHINE_L,L53237,300.8,310.8,1689,32.9,151,False,2024-01-26T05:42:00
RUN_06059,MACHINE_M,M20918,300.9,310.9,1636,35.3,153,False,2024-01-26T05:48:00
RUN_06060,MACHINE_L,L53239,300.9,311.0,2235,15.8,156,False,2024-01-26T05:54:00
RUN_06061,MACHINE_L,L53240,301.0,311.1,1615,35.6,158,False,2024-01-26T06:00:00
RUN_06062,MACHINE_H,H35475,301.1,311.1,1618,29.5,160,False,2024-01-26T06:06:00
RUN_06063,MACHINE_M,M20922,301.1,311.2,1407,53.0,165,False,2024-01-26T06:12:00
RUN_06064,MACHINE_L,L53243,301.1,311.1,1450,43.3,168,False,2024-01-26T06:18:00
RUN_06065,MACHINE_L,L53244,301.1,311.1,1889,23.8,170,False,2024-01-26T06:24:00
RUN_06066,MACHINE_L,L53245,301.0,310.9,1568,38.2,172,False,2024-01-26T06:30:00
RUN_06067,MACHINE_L,L53246,301.0,311.0,1804,25.8,174,False,2024-01-26T06:36:00
RUN_06068,MACHINE_L,L53247,301.0,311.0,1582,37.5,176,False,2024-01-26T06:42:00
RUN_06069,MACHINE_M,M20928,301.0,310.9,2047,17.9,178,False,2024-01-26T06:48:00
RUN_06070,MACHINE_L,L53249,300.9,310.9,1601,34.0,181,False,2024-01-26T06:54:00
RUN_06071,MACHINE_L,L53250,300.9,310.9,1615,32.0,183,False,2024-01-26T07:00:00
RUN_06072,MACHINE_M,M20931,300.9,310.8,1452,43.6,185,False,2024-01-26T07:06:00
RUN_06073,MACHINE_M,M20932,300.9,310.8,1695,30.2,188,False,2024-01-26T07:12:00
RUN_06074,MACHINE_M,M20933,300.9,310.8,1790,26.2,191,False,2024-01-26T07:18:00
RUN_06075,MACHINE_M,M20934,301.0,310.8,1533,39.3,194,False,2024-01-26T07:24:00
RUN_06076,MACHINE_L,L53255,301.0,310.9,1813,28.5,197,False,2024-01-26T07:30:00
RUN_06077,MACHINE_L,L53256,301.0,310.9,1492,36.7,199,False,2024-01-26T07:36:00
RUN_06078,MACHINE_L,L53257,300.9,310.7,1479,43.3,201,False,2024-01-26T07:42:00
RUN_06079,MACHINE_L,L53258,300.8,310.7,1339,59.1,203,True,2024-01-26T07:48:00
RUN_06080,MACHINE_M,M20939,300.8,310.7,1371,44.7,205,False,2024-01-26T07:54:00
RUN_06081,MACHINE_L,L53260,300.9,310.7,1468,36.2,208,False,2024-01-26T08:00:00
RUN_06082,MACHINE_L,L53261,300.9,310.7,1517,41.7,210,False,2024-01-26T08:06:00
RUN_06083,MACHINE_L,L53262,300.9,310.7,1352,46.4,212,False,2024-01-26T08:12:00
RUN_06084,MACHINE_L,L53263,300.9,310.7,1389,50.0,214,False,2024-01-26T08:18:00
RUN_06085,MACHINE_M,M20944,300.8,310.6,1505,36.2,0,False,2024-01-26T08:24:00
RUN_06086,MACHINE_L,L53265,300.9,310.6,1538,36.7,3,False,2024-01-26T08:30:00
RUN_06087,MACHINE_L,L53266,300.9,310.8,1482,37.0,5,False,2024-01-26T08:36:00
RUN_06088,MACHINE_M,M20947,300.9,310.8,1599,33.0,7,False,2024-01-26T08:42:00
RUN_06089,MACHINE_L,L53268,300.9,310.8,1476,39.0,10,False,2024-01-26T08:48:00
RUN_06090,MACHINE_L,L53269,300.9,310.7,1509,37.5,12,False,2024-01-26T08:54:00
RUN_06091,MACHINE_L,L53270,300.9,310.8,1708,29.1,14,False,2024-01-26T09:00:00
RUN_06092,MACHINE_L,L53271,300.9,310.7,1412,57.5,16,False,2024-01-26T09:06:00
RUN_06093,MACHINE_L,L53272,300.9,310.7,1658,28.5,18,False,2024-01-26T09:12:00
RUN_06094,MACHINE_L,L53273,301.0,310.8,1375,57.2,20,False,2024-01-26T09:18:00
RUN_06095,MACHINE_M,M20954,300.9,310.8,1402,48.1,22,False,2024-01-26T09:24:00
RUN_06096,MACHINE_M,M20955,300.9,310.7,1452,47.3,25,False,2024-01-26T09:30:00
RUN_06097,MACHINE_M,M20956,300.8,310.7,1483,40.8,28,False,2024-01-26T09:36:00
RUN_06098,MACHINE_H,H35511,300.9,310.8,1477,38.4,31,False,2024-01-26T09:42:00
RUN_06099,MACHINE_M,M20958,300.8,310.7,1924,22.4,36,False,2024-01-26T09:48:00
RUN_06100,MACHINE_H,H35513,300.9,310.7,1609,28.7,39,False,2024-01-26T09:54:00
RUN_06101,MACHINE_M,M20960,300.8,310.7,1886,21.1,44,False,2024-01-26T10:00:00
RUN_06102,MACHINE_L,L53281,300.7,310.6,1616,29.6,47,False,2024-01-26T10:06:00
RUN_06103,MACHINE_L,L53282,300.7,310.7,1442,43.2,49,False,2024-01-26T10:12:00
RUN_06104,MACHINE_L,L53283,300.8,310.8,1407,45.1,51,False,2024-01-26T10:18:00
RUN_06105,MACHINE_M,M20964,300.8,310.8,1461,41.3,53,False,2024-01-26T10:24:00
RUN_06106,MACHINE_M,M20965,300.8,310.9,1522,46.2,56,False,2024-01-26T10:30:00
RUN_06107,MACHINE_L,L53286,300.9,311.0,1432,48.1,59,False,2024-01-26T10:36:00
RUN_06108,MACHINE_L,L53287,300.9,311.0,1438,49.0,61,False,2024-01-26T10:42:00
RUN_06109,MACHINE_M,M20968,300.8,310.9,1678,28.1,63,False,2024-01-26T10:48:00
RUN_06110,MACHINE_M,M20969,300.8,310.9,1514,38.7,66,False,2024-01-26T10:54:00
RUN_06111,MACHINE_L,L53290,300.7,310.8,1534,41.3,69,False,2024-01-26T11:00:00
RUN_06112,MACHINE_M,M20971,300.7,310.8,1486,41.2,71,False,2024-01-26T11:06:00
RUN_06113,MACHINE_L,L53292,300.7,310.8,1925,22.0,74,False,2024-01-26T11:12:00
RUN_06114,MACHINE_M,M20973,300.7,310.8,1724,30.0,76,False,2024-01-26T11:18:00
RUN_06115,MACHINE_M,M20974,300.8,310.8,1549,35.5,79,False,2024-01-26T11:24:00
RUN_06116,MACHINE_L,L53295,300.8,310.9,1457,47.7,82,False,2024-01-26T11:30:00
RUN_06117,MACHINE_L,L53296,300.8,310.9,1453,43.9,84,False,2024-01-26T11:36:00
RUN_06118,MACHINE_L,L53297,300.8,311.0,1578,44.4,86,False,2024-01-26T11:42:00
RUN_06119,MACHINE_M,M20978,300.9,311.1,1325,61.4,88,False,2024-01-26T11:48:00
RUN_06120,MACHINE_L,L53299,300.9,311.1,1471,39.3,91,False,2024-01-26T11:54:00
RUN_06121,MACHINE_M,M20980,300.9,311.2,1472,40.0,93,False,2024-01-26T12:00:00
RUN_06122,MACHINE_L,L53301,300.9,311.1,1457,37.4,96,False,2024-01-26T12:06:00
RUN_06123,MACHINE_L,L53302,301.0,311.0,1402,55.3,98,False,2024-01-26T12:12:00
RUN_06124,MACHINE_L,L53303,300.9,310.9,1477,41.5,100,False,2024-01-26T12:18:00
RUN_06125,MACHINE_M,M20984,300.9,310.9,1727,30.1,102,False,2024-01-26T12:24:00
RUN_06126,MACHINE_L,L53305,300.9,310.9,1995,20.2,105,False,2024-01-26T12:30:00
RUN_06127,MACHINE_L,L53306,300.9,310.9,1370,52.5,107,False,2024-01-26T12:36:00
RUN_06128,MACHINE_L,L53307,300.9,310.9,1228,66.4,109,False,2024-01-26T12:42:00
RUN_06129,MACHINE_L,L53308,300.9,311.0,1499,38.0,111,False,2024-01-26T12:48:00
RUN_06130,MACHINE_M,M20989,301.0,311.0,1508,46.9,113,False,2024-01-26T12:54:00
RUN_06131,MACHINE_L,L53310,301.0,310.9,1473,44.2,116,False,2024-01-26T13:00:00
RUN_06132,MACHINE_H,H35545,301.0,311.0,1640,37.6,118,False,2024-01-26T13:06:00
RUN_06133,MACHINE_L,L53312,301.1,311.1,1429,42.5,123,False,2024-01-26T13:12:00
RUN_06134,MACHINE_L,L53313,301.1,311.1,1470,40.9,125,False,2024-01-26T13:18:00
RUN_06135,MACHINE_L,L53314,301.0,311.0,1581,37.0,127,False,2024-01-26T13:24:00
RUN_06136,MACHINE_L,L53315,301.0,310.9,1740,28.9,129,False,2024-01-26T13:30:00
RUN_06137,MACHINE_H,H35550,300.9,310.8,1390,40.6,131,False,2024-01-26T13:36:00
RUN_06138,MACHINE_M,M20997,300.9,310.8,1988,19.7,136,False,2024-01-26T13:42:00
RUN_06139,MACHINE_M,M20998,300.8,310.7,1452,43.0,139,False,2024-01-26T13:48:00
RUN_06140,MACHINE_L,L53319,300.8,310.7,1586,33.4,142,False,2024-01-26T13:54:00
RUN_06141,MACHINE_L,L53320,300.8,310.7,1589,34.3,144,False,2024-01-26T14:00:00
RUN_06142,MACHINE_L,L53321,300.8,310.8,1486,45.7,146,False,2024-01-26T14:06:00
RUN_06143,MACHINE_L,L53322,300.9,310.9,1755,27.9,148,False,2024-01-26T14:12:00
RUN_06144,MACHINE_M,M21003,301.0,310.9,1575,34.6,150,False,2024-01-26T14:18:00
RUN_06145,MACHINE_M,M21004,301.1,311.1,1615,37.7,153,False,2024-01-26T14:24:00
RUN_06146,MACHINE_M,M21005,301.1,311.1,1436,41.8,156,False,2024-01-26T14:30:00
RUN_06147,MACHINE_M,M21006,301.1,311.1,1470,40.6,159,False,2024-01-26T14:36:00
RUN_06148,MACHINE_M,M21007,301.1,311.1,2089,19.8,162,False,2024-01-26T14:42:00
RUN_06149,MACHINE_L,L53328,301.1,311.2,1564,37.0,165,False,2024-01-26T14:48:00
RUN_06150,MACHINE_M,M21009,301.0,311.1,1420,47.4,167,False,2024-01-26T14:54:00
RUN_06151,MACHINE_L,L53330,301.1,311.1,1711,29.1,170,False,2024-01-26T15:00:00
RUN_06152,MACHINE_L,L53331,301.1,311.2,1555,35.3,172,False,2024-01-26T15:06:00
RUN_06153,MACHINE_M,M21012,301.1,311.1,1592,35.7,174,False,2024-01-26T15:12:00
RUN_06154,MACHINE_L,L53333,301.0,311.1,1236,64.4,177,True,2024-01-26T15:18:00
RUN_06155,MACHINE_M,M21014,301.0,310.9,1765,24.2,179,False,2024-01-26T15:24:00
RUN_06156,MACHINE_L,L53335,301.0,311.0,1634,31.2,182,False,2024-01-26T15:30:00
RUN_06157,MACHINE_L,L53336,301.1,311.1,1508,41.5,184,False,2024-01-26T15:36:00
RUN_06158,MACHINE_L,L53337,301.1,311.2,1774,29.6,186,False,2024-01-26T15:42:00
RUN_06159,MACHINE_L,L53338,301.1,311.0,1677,29.1,188,False,2024-01-26T15:48:00
RUN_06160,MACHINE_L,L53339,301.0,311.0,1399,58.0,190,True,2024-01-26T15:54:00
RUN_06161,MACHINE_L,L53340,301.0,310.9,1570,34.0,192,False,2024-01-26T16:00:00
RUN_06162,MACHINE_L,L53341,301.0,310.9,1479,44.3,194,False,2024-01-26T16:06:00
RUN_06163,MACHINE_L,L53342,301.0,310.8,1558,34.9,196,False,2024-01-26T16:12:00
RUN_06164,MACHINE_L,L53343,300.8,310.7,1358,48.1,198,False,2024-01-26T16:18:00
RUN_06165,MACHINE_H,H35578,300.9,310.7,1656,30.7,200,False,2024-01-26T16:24:00
RUN_06166,MACHINE_L,L53345,300.9,310.7,1523,35.8,205,False,2024-01-26T16:30:00
RUN_06167,MACHINE_H,H35580,300.9,310.7,1403,40.6,207,False,2024-01-26T16:36:00
RUN_06168,MACHINE_M,M21027,300.9,310.7,1362,51.6,212,False,2024-01-26T16:42:00
RUN_06169,MACHINE_M,M21028,300.7,310.6,1778,27.1,215,False,2024-01-26T16:48:00
RUN_06170,MACHINE_L,L53349,300.7,310.5,1448,38.2,218,False,2024-01-26T16:54:00
RUN_06171,MACHINE_H,H35584,300.8,310.5,1559,40.1,220,False,2024-01-26T17:00:00
RUN_06172,MACHINE_L,L53351,300.8,310.6,1416,42.2,225,False,2024-01-26T17:06:00
RUN_06173,MACHINE_L,L53352,300.8,310.6,1577,37.9,227,True,2024-01-26T17:12:00
RUN_06174,MACHINE_L,L53353,300.8,310.7,1633,27.8,0,False,2024-01-26T17:18:00
RUN_06175,MACHINE_L,L53354,300.9,310.7,1573,31.2,2,False,2024-01-26T17:24:00
RUN_06176,MACHINE_L,L53355,300.9,310.8,1517,44.3,4,False,2024-01-26T17:30:00
RUN_06177,MACHINE_L,L53356,301.0,310.9,1515,37.3,6,False,2024-01-26T17:36:00
RUN_06178,MACHINE_L,L53357,301.0,310.8,1527,45.3,8,False,2024-01-26T17:42:00
RUN_06179,MACHINE_L,L53358,301.1,310.9,1282,67.9,10,True,2024-01-26T17:48:00
RUN_06180,MACHINE_M,M21039,301.1,310.9,1396,45.1,12,False,2024-01-26T17:54:00
RUN_06181,MACHINE_L,L53360,301.0,310.9,1492,44.6,15,False,2024-01-26T18:00:00
RUN_06182,MACHINE_L,L53361,301.0,310.8,1975,19.7,17,False,2024-01-26T18:06:00
RUN_06183,MACHINE_L,L53362,301.0,310.8,1475,35.3,19,False,2024-01-26T18:12:00
RUN_06184,MACHINE_H,H35597,301.0,310.9,1495,37.3,21,False,2024-01-26T18:18:00
RUN_06185,MACHINE_L,L53364,301.0,311.0,1553,35.8,26,False,2024-01-26T18:24:00
RUN_06186,MACHINE_L,L53365,301.1,311.0,1918,21.7,28,False,2024-01-26T18:30:00
RUN_06187,MACHINE_M,M21046,301.1,311.0,1413,46.6,30,False,2024-01-26T18:36:00
RUN_06188,MACHINE_L,L53367,301.0,311.0,1437,56.0,33,False,2024-01-26T18:42:00
RUN_06189,MACHINE_L,L53368,301.0,310.9,1450,45.9,35,False,2024-01-26T18:48:00
RUN_06190,MACHINE_M,M21049,301.0,310.9,1910,21.9,37,False,2024-01-26T18:54:00
RUN_06191,MACHINE_L,L53370,300.9,310.9,1749,26.4,40,False,2024-01-26T19:00:00
RUN_06192,MACHINE_H,H35605,301.0,310.9,1916,22.0,42,False,2024-01-26T19:06:00
RUN_06193,MACHINE_L,L53372,301.0,310.9,1428,45.3,47,False,2024-01-26T19:12:00
RUN_06194,MACHINE_L,L53373,301.0,310.9,1578,38.4,49,False,2024-01-26T19:18:00
RUN_06195,MACHINE_L,L53374,300.9,310.8,1571,39.9,51,False,2024-01-26T19:24:00
RUN_06196,MACHINE_L,L53375,300.9,310.8,1729,30.2,53,False,2024-01-26T19:30:00
RUN_06197,MACHINE_L,L53376,300.9,310.8,1701,30.4,55,False,2024-01-26T19:36:00
RUN_06198,MACHINE_L,L53377,300.9,310.8,1493,45.8,57,False,2024-01-26T19:42:00
RUN_06199,MACHINE_M,M21058,301.0,310.9,1554,32.7,59,False,2024-01-26T19:48:00
RUN_06200,MACHINE_L,L53379,300.9,310.9,1497,43.2,62,False,2024-01-26T19:54:00
RUN_06201,MACHINE_L,L53380,301.0,310.9,1679,29.8,64,False,2024-01-26T20:00:00
RUN_06202,MACHINE_M,M21061,301.0,310.9,1510,44.5,66,False,2024-01-26T20:06:00
RUN_06203,MACHINE_L,L53382,301.0,310.9,1296,54.9,69,False,2024-01-26T20:12:00
RUN_06204,MACHINE_L,L53383,301.0,310.9,1404,41.8,71,False,2024-01-26T20:18:00
RUN_06205,MACHINE_M,M21064,300.9,310.8,1519,34.9,73,False,2024-01-26T20:24:00
RUN_06206,MACHINE_M,M21065,300.9,310.7,1696,27.3,76,False,2024-01-26T20:30:00
RUN_06207,MACHINE_M,M21066,300.8,310.6,1669,28.4,79,False,2024-01-26T20:36:00
RUN_06208,MACHINE_L,L53387,300.7,310.6,1447,40.7,82,False,2024-01-26T20:42:00
RUN_06209,MACHINE_M,M21068,300.7,310.6,1418,46.3,84,False,2024-01-26T20:48:00
RUN_06210,MACHINE_L,L53389,300.7,310.6,1407,40.5,87,False,2024-01-26T20:54:00
RUN_06211,MACHINE_L,L53390,300.8,310.5,1434,44.5,89,False,2024-01-26T21:00:00
RUN_06212,MACHINE_L,L53391,300.8,310.6,1360,48.8,91,False,2024-01-26T21:06:00
RUN_06213,MACHINE_L,L53392,300.8,310.6,1402,53.7,93,False,2024-01-26T21:12:00
RUN_06214,MACHINE_L,L53393,300.9,310.6,1552,34.9,95,False,2024-01-26T21:18:00
RUN_06215,MACHINE_L,L53394,300.9,310.7,1392,44.2,97,False,2024-01-26T21:24:00
RUN_06216,MACHINE_L,L53395,301.1,310.8,1521,41.0,99,False,2024-01-26T21:30:00
RUN_06217,MACHINE_L,L53396,301.1,310.8,1724,27.5,101,False,2024-01-26T21:36:00
RUN_06218,MACHINE_M,M21077,301.0,310.7,1455,46.1,103,False,2024-01-26T21:42:00
RUN_06219,MACHINE_H,H35632,301.0,310.6,1366,50.6,106,False,2024-01-26T21:48:00
RUN_06220,MACHINE_H,H35633,301.1,310.6,1407,43.9,111,False,2024-01-26T21:54:00
RUN_06221,MACHINE_L,L53400,301.1,310.8,1470,49.3,116,False,2024-01-26T22:00:00
RUN_06222,MACHINE_M,M21081,301.2,310.9,1359,50.8,118,False,2024-01-26T22:06:00
RUN_06223,MACHINE_H,H35636,301.1,310.8,1792,25.8,121,False,2024-01-26T22:12:00
RUN_06224,MACHINE_M,M21083,301.1,310.9,1552,37.9,126,False,2024-01-26T22:18:00
RUN_06225,MACHINE_L,L53404,301.2,311.0,1612,32.9,129,False,2024-01-26T22:24:00
RUN_06226,MACHINE_M,M21085,301.2,311.0,1424,41.4,131,False,2024-01-26T22:30:00
RUN_06227,MACHINE_H,H35640,301.3,311.0,1341,59.3,134,False,2024-01-26T22:36:00
RUN_06228,MACHINE_L,L53407,301.2,310.8,1479,38.2,139,False,2024-01-26T22:42:00
RUN_06229,MACHINE_L,L53408,301.2,310.9,1413,50.1,141,False,2024-01-26T22:48:00
RUN_06230,MACHINE_L,L53409,301.3,310.9,2165,17.4,143,False,2024-01-26T22:54:00
RUN_06231,MACHINE_M,M21090,301.3,311.0,1641,33.0,145,False,2024-01-26T23:00:00
RUN_06232,MACHINE_M,M21091,301.3,311.0,1495,40.8,148,False,2024-01-26T23:06:00
RUN_06233,MACHINE_L,L53412,301.3,311.0,1576,30.4,151,False,2024-01-26T23:12:00
RUN_06234,MACHINE_L,L53413,301.2,310.9,1467,37.1,153,False,2024-01-26T23:18:00
RUN_06235,MACHINE_L,L53414,301.2,310.8,1479,41.2,155,False,2024-01-26T23:24:00
RUN_06236,MACHINE_L,L53415,301.3,310.9,1596,33.9,157,False,2024-01-26T23:30:00
RUN_06237,MACHINE_M,M21096,301.3,310.9,1512,36.9,159,False,2024-01-26T23:36:00
RUN_06238,MACHINE_L,L53417,301.4,310.9,1414,38.8,162,False,2024-01-26T23:42:00
RUN_06239,MACHINE_L,L53418,301.3,310.8,1390,57.4,164,False,2024-01-26T23:48:00
RUN_06240,MACHINE_L,L53419,301.2,310.7,1644,31.6,166,False,2024-01-26T23:54:00
RUN_06241,MACHINE_M,M21100,301.2,310.7,1394,42.8,168,False,2024-01-27T00:00:00
RUN_06242,MACHINE_L,L53421,301.1,310.5,1324,52.4,171,False,2024-01-27T00:06:00
RUN_06243,MACHINE_L,L53422,301.0,310.4,1476,43.6,173,False,2024-01-27T00:12:00
RUN_06244,MACHINE_L,L53423,301.0,310.4,2204,16.6,175,False,2024-01-27T00:18:00
RUN_06245,MACHINE_M,M21104,301.0,310.4,1665,30.9,177,False,2024-01-27T00:24:00
RUN_06246,MACHINE_L,L53425,300.9,310.4,1445,41.7,180,False,2024-01-27T00:30:00
RUN_06247,MACHINE_H,H35660,300.8,310.3,1457,46.8,182,False,2024-01-27T00:36:00
RUN_06248,MACHINE_L,L53427,300.8,310.2,1492,46.3,187,False,2024-01-27T00:42:00
RUN_06249,MACHINE_L,L53428,300.8,310.1,1405,61.2,189,True,2024-01-27T00:48:00
RUN_06250,MACHINE_L,L53429,300.7,310.1,1542,35.5,191,False,2024-01-27T00:54:00
RUN_06251,MACHINE_L,L53430,300.8,310.2,1520,37.7,193,False,2024-01-27T01:00:00
RUN_06252,MACHINE_M,M21111,300.8,310.2,1598,36.5,195,False,2024-01-27T01:06:00
RUN_06253,MACHINE_L,L53432,300.8,310.3,1538,36.1,198,False,2024-01-27T01:12:00
RUN_06254,MACHINE_L,L53433,300.9,310.4,1615,30.9,200,False,2024-01-27T01:18:00
RUN_06255,MACHINE_L,L53434,301.0,310.5,1408,47.0,202,False,2024-01-27T01:24:00
RUN_06256,MACHINE_L,L53435,301.0,310.5,1379,57.3,204,True,2024-01-27T01:30:00
RUN_06257,MACHINE_L,L53436,301.0,310.6,1493,37.8,206,True,2024-01-27T01:36:00
RUN_06258,MACHINE_L,L53437,301.1,310.7,1376,49.1,0,False,2024-01-27T01:42:00
RUN_06259,MACHINE_M,M21118,301.1,310.7,1583,40.7,2,False,2024-01-27T01:48:00
RUN_06260,MACHINE_M,M21119,301.2,310.8,1396,47.4,5,False,2024-01-27T01:54:00
RUN_06261,MACHINE_L,L53440,301.1,310.7,1436,45.3,8,False,2024-01-27T02:00:00
RUN_06262,MACHINE_L,L53441,301.1,310.6,1417,47.6,10,False,2024-01-27T02:06:00
RUN_06263,MACHINE_L,L53442,301.0,310.6,1641,33.4,12,False,2024-01-27T02:12:00
RUN_06264,MACHINE_M,M21123,301.0,310.6,1698,27.3,14,False,2024-01-27T02:18:00
RUN_06265,MACHINE_L,L53444,300.9,310.4,1541,39.1,17,False,2024-01-27T02:24:00
RUN_06266,MACHINE_L,L53445,300.8,310.3,1383,46.6,19,False,2024-01-27T02:30:00
RUN_06267,MACHINE_L,L53446,300.8,310.4,1368,46.8,21,False,2024-01-27T02:36:00
RUN_06268,MACHINE_L,L53447,300.8,310.4,1570,35.2,23,False,2024-01-27T02:42:00
RUN_06269,MACHINE_L,L53448,300.9,310.5,1616,33.5,25,False,2024-01-27T02:48:00
RUN_06270,MACHINE_M,M21129,300.9,310.5,1444,43.2,27,False,2024-01-27T02:54:00
RUN_06271,MACHINE_L,L53450,300.9,310.4,2021,18.8,30,False,2024-01-27T03:00:00
RUN_06272,MACHINE_M,M21131,300.9,310.5,1702,29.3,32,False,2024-01-27T03:06:00
RUN_06273,MACHINE_M,M21132,301.1,310.6,1429,52.7,35,False,2024-01-27T03:12:00
RUN_06274,MACHINE_L,L53453,301.2,310.8,1711,28.9,38,False,2024-01-27T03:18:00
RUN_06275,MACHINE_M,M21134,301.2,310.7,1543,32.9,40,False,2024-01-27T03:24:00
RUN_06276,MACHINE_L,L53455,301.3,310.8,1628,32.2,43,False,2024-01-27T03:30:00
RUN_06277,MACHINE_L,L53456,301.2,310.8,1233,64.6,45,False,2024-01-27T03:36:00
RUN_06278,MACHINE_L,L53457,301.2,310.8,1461,40.6,47,False,2024-01-27T03:42:00
RUN_06279,MACHINE_L,L53458,301.2,310.7,1568,38.3,49,False,2024-01-27T03:48:00
RUN_06280,MACHINE_L,L53459,301.3,310.8,1432,54.4,51,False,2024-01-27T03:54:00
RUN_06281,MACHINE_M,M21140,301.2,310.7,1527,41.1,53,False,2024-01-27T04:00:00
RUN_06282,MACHINE_M,M21141,301.3,310.8,1455,41.2,56,False,2024-01-27T04:06:00
RUN_06283,MACHINE_M,M21142,301.3,310.8,1418,45.4,59,False,2024-01-27T04:12:00
RUN_06284,MACHINE_L,L53463,301.3,310.8,1719,29.5,62,False,2024-01-27T04:18:00
RUN_06285,MACHINE_M,M21144,301.2,310.8,1734,31.3,64,False,2024-01-27T04:24:00
RUN_06286,MACHINE_M,M21145,301.2,310.7,1426,46.1,67,False,2024-01-27T04:30:00
RUN_06287,MACHINE_L,L53466,301.1,310.6,1611,35.2,70,False,2024-01-27T04:36:00
RUN_06288,MACHINE_M,M21147,301.1,310.6,1479,41.1,72,False,2024-01-27T04:42:00
RUN_06289,MACHINE_L,L53468,301.0,310.5,1317,50.9,75,False,2024-01-27T04:48:00
RUN_06290,MACHINE_L,L53469,301.0,310.5,1248,61.4,77,False,2024-01-27T04:54:00
RUN_06291,MACHINE_L,L53470,301.0,310.5,1932,21.7,79,False,2024-01-27T05:00:00
RUN_06292,MACHINE_M,M21151,301.1,310.5,1547,35.8,81,False,2024-01-27T05:06:00
RUN_06293,MACHINE_L,L53472,301.0,310.4,1614,31.6,84,False,2024-01-27T05:12:00
RUN_06294,MACHINE_H,H35707,301.0,310.4,1512,44.9,86,False,2024-01-27T05:18:00
RUN_06295,MACHINE_L,L53474,301.1,310.5,1529,38.7,91,False,2024-01-27T05:24:00
RUN_06296,MACHINE_H,H35709,301.1,310.6,1782,24.9,93,False,2024-01-27T05:30:00
RUN_06297,MACHINE_L,L53476,301.0,310.5,1429,39.4,98,False,2024-01-27T05:36:00
RUN_06298,MACHINE_M,M21157,301.1,310.5,1309,60.7,100,False,2024-01-27T05:42:00
RUN_06299,MACHINE_L,L53478,301.1,310.5,1428,44.1,103,False,2024-01-27T05:48:00
RUN_06300,MACHINE_L,L53479,301.2,310.6,1385,49.2,105,False,2024-01-27T05:54:00
RUN_06301,MACHINE_L,L53480,301.2,310.7,1517,39.4,107,False,2024-01-27T06:00:00
RUN_06302,MACHINE_M,M21161,301.2,310.6,1576,39.6,109,False,2024-01-27T06:06:00
RUN_06303,MACHINE_L,L53482,301.2,310.6,1437,51.2,112,False,2024-01-27T06:12:00
RUN_06304,MACHINE_H,H35717,301.2,310.6,1457,50.5,114,False,2024-01-27T06:18:00
RUN_06305,MACHINE_L,L53484,301.1,310.5,1532,37.5,119,False,2024-01-27T06:24:00
RUN_06306,MACHINE_M,M21165,301.1,310.5,1603,32.6,121,False,2024-01-27T06:30:00
RUN_06307,MACHINE_L,L53486,301.0,310.4,1563,34.4,124,False,2024-01-27T06:36:00
RUN_06308,MACHINE_L,L53487,301.0,310.3,1617,34.5,126,False,2024-01-27T06:42:00
RUN_06309,MACHINE_M,M21168,300.8,310.1,1686,26.9,128,False,2024-01-27T06:48:00
RUN_06310,MACHINE_L,L53489,300.9,310.2,1382,50.4,131,False,2024-01-27T06:54:00
RUN_06311,MACHINE_L,L53490,300.9,310.1,2090,17.8,133,False,2024-01-27T07:00:00
RUN_06312,MACHINE_L,L53491,300.9,310.3,1446,44.5,135,False,2024-01-27T07:06:00
RUN_06313,MACHINE_M,M21172,300.9,310.2,1533,38.1,137,False,2024-01-27T07:12:00
RUN_06314,MACHINE_L,L53493,300.9,310.3,1440,47.6,140,False,2024-01-27T07:18:00
RUN_06315,MACHINE_M,M21174,301.0,310.4,1793,25.0,142,False,2024-01-27T07:24:00
RUN_06316,MACHINE_M,M21175,301.0,310.4,1517,46.1,145,False,2024-01-27T07:30:00
RUN_06317,MACHINE_L,L53496,300.9,310.4,1544,36.0,148,False,2024-01-27T07:36:00
RUN_06318,MACHINE_L,L53497,300.9,310.3,1321,48.8,150,False,2024-01-27T07:42:00
RUN_06319,MACHINE_M,M21178,300.9,310.3,1416,50.9,152,False,2024-01-27T07:48:00
RUN_06320,MACHINE_L,L53499,300.8,310.2,1514,40.0,155,False,2024-01-27T07:54:00
RUN_06321,MACHINE_M,M21180,300.8,310.2,1304,52.5,157,False,2024-01-27T08:00:00
RUN_06322,MACHINE_L,L53501,300.7,310.2,1286,64.9,160,False,2024-01-27T08:06:00
RUN_06323,MACHINE_M,M21182,300.7,310.1,1483,40.2,162,False,2024-01-27T08:12:00
RUN_06324,MACHINE_L,L53503,300.7,310.1,1351,46.9,165,False,2024-01-27T08:18:00
RUN_06325,MACHINE_M,M21184,300.7,310.1,1367,52.6,167,False,2024-01-27T08:24:00
RUN_06326,MACHINE_L,L53505,300.7,310.1,1721,32.3,170,False,2024-01-27T08:30:00
RUN_06327,MACHINE_L,L53506,300.6,310.0,1455,40.4,172,False,2024-01-27T08:36:00
RUN_06328,MACHINE_L,L53507,300.6,310.0,1425,49.5,174,False,2024-01-27T08:42:00
RUN_06329,MACHINE_L,L53508,300.7,310.0,1672,29.7,176,False,2024-01-27T08:48:00
RUN_06330,MACHINE_M,M21189,300.7,310.0,1641,34.6,178,False,2024-01-27T08:54:00
RUN_06331,MACHINE_M,M21190,300.5,310.0,1580,37.0,181,False,2024-01-27T09:00:00
RUN_06332,MACHINE_H,H35745,300.5,310.0,1495,47.4,184,False,2024-01-27T09:06:00
RUN_06333,MACHINE_M,M21192,300.5,309.9,1994,19.8,189,False,2024-01-27T09:12:00
RUN_06334,MACHINE_M,M21193,300.4,309.9,1415,31.8,192,False,2024-01-27T09:18:00
RUN_06335,MACHINE_M,M21194,300.4,309.8,1725,30.4,195,False,2024-01-27T09:24:00
RUN_06336,MACHINE_M,M21195,300.4,309.8,1430,43.4,198,False,2024-01-27T09:30:00
RUN_06337,MACHINE_L,L53516,300.4,309.8,1395,48.1,201,False,2024-01-27T09:36:00
RUN_06338,MACHINE_M,M21197,300.4,309.8,1435,43.6,203,False,2024-01-27T09:42:00
RUN_06339,MACHINE_L,L53518,300.4,309.9,1681,28.6,206,False,2024-01-27T09:48:00
RUN_06340,MACHINE_L,L53519,300.5,310.0,1451,48.6,208,False,2024-01-27T09:54:00
RUN_06341,MACHINE_H,H35754,300.5,309.9,1397,45.9,210,True,2024-01-27T10:00:00
RUN_06342,MACHINE_M,M21201,300.4,309.8,1421,47.2,0,False,2024-01-27T10:06:00
RUN_06343,MACHINE_M,M21202,300.3,309.8,1444,42.0,3,False,2024-01-27T10:12:00
RUN_06344,MACHINE_L,L53523,300.2,309.8,1827,23.0,6,False,2024-01-27T10:18:00
RUN_06345,MACHINE_H,H35758,300.2,309.8,1374,47.7,8,False,2024-01-27T10:24:00
RUN_06346,MACHINE_L,L53525,300.2,309.8,1650,29.6,13,False,2024-01-27T10:30:00
RUN_06347,MACHINE_L,L53526,300.2,309.7,1275,60.7,15,False,2024-01-27T10:36:00
RUN_06348,MACHINE_L,L53527,300.2,309.7,1421,44.6,17,False,2024-01-27T10:42:00
RUN_06349,MACHINE_L,L53528,300.2,309.8,1557,33.8,19,False,2024-01-27T10:48:00
RUN_06350,MACHINE_L,L53529,300.1,309.8,1506,35.2,21,False,2024-01-27T10:54:00
RUN_06351,MACHINE_L,L53530,300.1,309.7,1362,49.1,23,False,2024-01-27T11:00:00
RUN_06352,MACHINE_L,L53531,300.0,309.7,1542,47.1,25,False,2024-01-27T11:06:00
RUN_06353,MACHINE_L,L53532,300.0,309.6,1496,38.8,27,False,2024-01-27T11:12:00
RUN_06354,MACHINE_M,M21213,300.0,309.6,1491,42.0,29,False,2024-01-27T11:18:00
RUN_06355,MACHINE_L,L53534,300.1,309.6,1565,34.8,32,False,2024-01-27T11:24:00
RUN_06356,MACHINE_L,L53535,300.1,309.7,1481,37.9,34,False,2024-01-27T11:30:00
RUN_06357,MACHINE_M,M21216,300.1,309.7,1420,48.4,36,False,2024-01-27T11:36:00
RUN_06358,MACHINE_L,L53537,300.2,309.8,1398,54.8,39,False,2024-01-27T11:42:00
RUN_06359,MACHINE_M,M21218,300.2,309.8,1466,45.7,41,False,2024-01-27T11:48:00
RUN_06360,MACHINE_L,L53539,300.1,309.8,1430,56.7,44,False,2024-01-27T11:54:00
RUN_06361,MACHINE_L,L53540,300.1,309.7,1441,40.1,46,False,2024-01-27T12:00:00
RUN_06362,MACHINE_M,M21221,300.1,309.7,1348,57.3,48,False,2024-01-27T12:06:00
RUN_06363,MACHINE_L,L53542,300.0,309.6,1738,28.7,51,False,2024-01-27T12:12:00
RUN_06364,MACHINE_M,M21223,300.0,309.6,1618,36.2,53,False,2024-01-27T12:18:00
RUN_06365,MACHINE_M,M21224,299.9,309.6,1489,41.7,56,False,2024-01-27T12:24:00
RUN_06366,MACHINE_M,M21225,299.9,309.5,1412,57.9,59,False,2024-01-27T12:30:00
RUN_06367,MACHINE_M,M21226,299.9,309.5,2065,18.1,62,False,2024-01-27T12:36:00
RUN_06368,MACHINE_L,L53547,300.0,309.6,1571,33.1,65,False,2024-01-27T12:42:00
RUN_06369,MACHINE_M,M21228,300.0,309.6,1423,48.7,67,False,2024-01-27T12:48:00
RUN_06370,MACHINE_H,H35783,300.0,309.5,1781,24.9,70,False,2024-01-27T12:54:00
RUN_06371,MACHINE_L,L53550,300.1,309.6,1321,46.9,75,False,2024-01-27T13:00:00
RUN_06372,MACHINE_L,L53551,300.1,309.6,1546,36.7,77,False,2024-01-27T13:06:00
RUN_06373,MACHINE_M,M21232,300.0,309.5,1879,22.4,79,False,2024-01-27T13:12:00
RUN_06374,MACHINE_H,H35787,300.0,309.5,1735,28.9,82,False,2024-01-27T13:18:00
RUN_06375,MACHINE_L,L53554,300.0,309.5,1506,38.8,87,False,2024-01-27T13:24:00
RUN_06376,MACHINE_H,H35789,300.0,309.6,1629,32.3,89,False,2024-01-27T13:30:00
RUN_06377,MACHINE_L,L53556,300.0,309.6,1694,28.7,94,False,2024-01-27T13:36:00
RUN_06378,MACHINE_L,L53557,300.1,309.6,1541,37.0,96,False,2024-01-27T13:42:00
RUN_06379,MACHINE_L,L53558,300.0,309.6,1514,44.6,98,False,2024-01-27T13:48:00
RUN_06380,MACHINE_L,L53559,300.1,309.7,1485,45.9,100,False,2024-01-27T13:54:00
RUN_06381,MACHINE_L,L53560,300.2,309.8,1430,55.0,102,False,2024-01-27T14:00:00
RUN_06382,MACHINE_L,L53561,300.2,309.7,1771,27.1,104,False,2024-01-27T14:06:00
RUN_06383,MACHINE_L,L53562,300.2,309.8,1481,41.9,106,False,2024-01-27T14:12:00
RUN_06384,MACHINE_H,H35797,300.2,309.7,1483,43.8,108,False,2024-01-27T14:18:00
RUN_06385,MACHINE_H,H35798,300.1,309.6,1463,45.1,113,False,2024-01-27T14:24:00
RUN_06386,MACHINE_L,L53565,300.1,309.7,1410,48.3,118,False,2024-01-27T14:30:00
RUN_06387,MACHINE_L,L53566,300.2,309.7,1656,34.3,120,False,2024-01-27T14:36:00
RUN_06388,MACHINE_M,M21247,300.2,309.8,1487,39.2,122,False,2024-01-27T14:42:00
RUN_06389,MACHINE_H,H35802,300.3,309.9,1509,46.6,125,False,2024-01-27T14:48:00
RUN_06390,MACHINE_H,H35803,300.3,309.9,1677,30.1,130,False,2024-01-27T14:54:00
RUN_06391,MACHINE_L,L53570,300.3,309.8,1450,55.0,135,False,2024-01-27T15:00:00
RUN_06392,MACHINE_M,M21251,300.2,309.7,1413,43.0,137,False,2024-01-27T15:06:00
RUN_06393,MACHINE_L,L53572,300.1,309.7,1680,33.8,140,False,2024-01-27T15:12:00
RUN_06394,MACHINE_L,L53573,300.2,309.7,1678,30.5,142,False,2024-01-27T15:18:00
RUN_06395,MACHINE_M,M21254,300.2,309.7,1408,44.0,144,False,2024-01-27T15:24:00
RUN_06396,MACHINE_M,M21255,300.1,309.6,1376,52.1,147,False,2024-01-27T15:30:00
RUN_06397,MACHINE_L,L53576,300.0,309.6,1526,46.4,150,False,2024-01-27T15:36:00
RUN_06398,MACHINE_M,M21257,300.0,309.6,1587,32.6,152,False,2024-01-27T15:42:00
RUN_06399,MACHINE_L,L53578,300.1,309.7,1351,58.2,155,False,2024-01-27T15:48:00
RUN_06400,MACHINE_M,M21259,300.1,309.6,1501,38.0,157,False,2024-01-27T15:54:00
RUN_06401,MACHINE_L,L53580,300.1,309.7,1601,35.8,160,False,2024-01-27T16:00:00
RUN_06402,MACHINE_M,M21261,300.0,309.6,1573,39.7,162,False,2024-01-27T16:06:00
RUN_06403,MACHINE_M,M21262,300.1,309.6,1584,36.7,165,False,2024-01-27T16:12:00
RUN_06404,MACHINE_L,L53583,300.1,309.6,1649,33.6,168,False,2024-01-27T16:18:00
RUN_06405,MACHINE_M,M21264,300.2,309.7,1183,61.4,170,False,2024-01-27T16:24:00
RUN_06406,MACHINE_L,L53585,300.1,309.7,2151,17.5,173,False,2024-01-27T16:30:00
RUN_06407,MACHINE_L,L53586,300.2,309.8,1526,45.6,175,False,2024-01-27T16:36:00
RUN_06408,MACHINE_M,M21267,300.3,309.9,1611,29.0,177,False,2024-01-27T16:42:00
RUN_06409,MACHINE_L,L53588,300.3,309.9,1601,31.7,180,False,2024-01-27T16:48:00
RUN_06410,MACHINE_L,L53589,300.3,310.0,1560,40.8,182,False,2024-01-27T16:54:00
RUN_06411,MACHINE_L,L53590,300.4,310.1,1544,41.9,184,False,2024-01-27T17:00:00
RUN_06412,MACHINE_M,M21271,300.4,310.0,1560,42.3,186,False,2024-01-27T17:06:00
RUN_06413,MACHINE_L,L53592,300.4,310.0,1423,44.2,189,False,2024-01-27T17:12:00
RUN_06414,MACHINE_L,L53593,300.4,310.1,1614,33.5,191,False,2024-01-27T17:18:00
RUN_06415,MACHINE_M,M21274,300.4,310.1,1457,35.1,193,False,2024-01-27T17:24:00
RUN_06416,MACHINE_L,L53595,300.4,310.1,1503,42.2,196,False,2024-01-27T17:30:00
RUN_06417,MACHINE_H,H35830,300.4,310.1,1484,38.0,198,False,2024-01-27T17:36:00
RUN_06418,MACHINE_L,L53597,300.3,309.9,1540,39.9,203,False,2024-01-27T17:42:00
RUN_06419,MACHINE_H,H35832,300.3,309.9,1405,52.1,205,False,2024-01-27T17:48:00
RUN_06420,MACHINE_H,H35833,300.3,309.9,1394,46.7,210,True,2024-01-27T17:54:00
RUN_06421,MACHINE_L,L53600,300.3,309.9,1518,36.4,0,False,2024-01-27T18:00:00
RUN_06422,MACHINE_L,L53601,300.3,309.9,1527,41.4,2,False,2024-01-27T18:06:00
RUN_06423,MACHINE_L,L53602,300.3,309.9,1377,55.3,4,False,2024-01-27T18:12:00
RUN_06424,MACHINE_M,M21283,300.3,310.0,1537,37.5,6,False,2024-01-27T18:18:00
RUN_06425,MACHINE_M,M21284,300.3,310.0,1409,43.2,9,False,2024-01-27T18:24:00
RUN_06426,MACHINE_L,L53605,300.3,309.9,1393,56.1,12,False,2024-01-27T18:30:00
RUN_06427,MACHINE_L,L53606,300.2,309.7,1448,36.8,14,False,2024-01-27T18:36:00
RUN_06428,MACHINE_L,L53607,300.2,309.8,1418,49.3,16,False,2024-01-27T18:42:00
RUN_06429,MACHINE_M,M21288,300.2,309.8,1743,24.1,18,False,2024-01-27T18:48:00
RUN_06430,MACHINE_M,M21289,300.2,309.8,1394,47.4,21,False,2024-01-27T18:54:00
RUN_06431,MACHINE_L,L53610,300.3,309.8,1523,39.2,24,False,2024-01-27T19:00:00
RUN_06432,MACHINE_L,L53611,300.2,309.8,1353,59.4,26,False,2024-01-27T19:06:00
RUN_06433,MACHINE_M,M21292,300.3,309.9,1447,46.5,28,False,2024-01-27T19:12:00
RUN_06434,MACHINE_L,L53613,300.3,309.9,1570,34.0,31,False,2024-01-27T19:18:00
RUN_06435,MACHINE_M,M21294,300.3,309.9,1494,38.5,33,False,2024-01-27T19:24:00
RUN_06436,MACHINE_L,L53615,300.3,309.9,1621,34.1,36,False,2024-01-27T19:30:00
RUN_06437,MACHINE_L,L53616,300.4,310.0,1769,26.1,38,False,2024-01-27T19:36:00
RUN_06438,MACHINE_L,L53617,300.4,310.0,1282,66.1,40,False,2024-01-27T19:42:00
RUN_06439,MACHINE_L,L53618,300.4,310.0,1581,30.3,42,False,2024-01-27T19:48:00
RUN_06440,MACHINE_L,L53619,300.6,310.1,1656,32.7,44,False,2024-01-27T19:54:00
RUN_06441,MACHINE_L,L53620,300.6,310.2,1648,31.7,46,False,2024-01-27T20:00:00
RUN_06442,MACHINE_L,L53621,300.7,310.2,1639,31.4,48,False,2024-01-27T20:06:00
RUN_06443,MACHINE_L,L53622,300.7,310.2,1348,54.8,50,False,2024-01-27T20:12:00
RUN_06444,MACHINE_L,L53623,300.8,310.3,1537,33.3,52,False,2024-01-27T20:18:00
RUN_06445,MACHINE_M,M21304,300.8,310.3,1270,61.0,54,False,2024-01-27T20:24:00
RUN_06446,MACHINE_L,L53625,300.7,310.3,1662,34.4,57,False,2024-01-27T20:30:00
RUN_06447,MACHINE_M,M21306,300.7,310.3,1471,40.2,59,False,2024-01-27T20:36:00
RUN_06448,MACHINE_L,L53627,300.6,310.1,1337,45.8,62,False,2024-01-27T20:42:00
RUN_06449,MACHINE_H,H35862,300.7,310.2,1877,24.8,64,False,2024-01-27T20:48:00
RUN_06450,MACHINE_L,L53629,300.6,310.2,1519,44.6,69,False,2024-01-27T20:54:00
RUN_06451,MACHINE_L,L53630,300.6,310.2,1378,47.3,71,False,2024-01-27T21:00:00
RUN_06452,MACHINE_L,L53631,300.7,310.2,1696,27.5,73,False,2024-01-27T21:06:00
RUN_06453,MACHINE_L,L53632,300.7,310.1,1376,50.8,75,False,2024-01-27T21:12:00
RUN_06454,MACHINE_L,L53633,300.7,310.2,1807,24.2,77,False,2024-01-27T21:18:00
RUN_06455,MACHINE_L,L53634,300.7,310.1,1598,32.8,79,False,2024-01-27T21:24:00
RUN_06456,MACHINE_L,L53635,300.7,310.1,1565,40.2,81,False,2024-01-27T21:30:00
RUN_06457,MACHINE_L,L53636,300.7,310.2,1387,50.6,83,False,2024-01-27T21:36:00
RUN_06458,MACHINE_L,L53637,300.7,310.0,1395,48.0,85,False,2024-01-27T21:42:00
RUN_06459,MACHINE_M,M21318,300.6,310.0,1302,62.9,87,False,2024-01-27T21:48:00
RUN_06460,MACHINE_M,M21319,300.6,310.0,1397,55.2,90,False,2024-01-27T21:54:00
RUN_06461,MACHINE_L,L53640,300.6,310.0,1313,52.9,93,False,2024-01-27T22:00:00
RUN_06462,MACHINE_L,L53641,300.6,310.0,1505,35.9,95,False,2024-01-27T22:06:00
RUN_06463,MACHINE_H,H35876,300.6,310.0,1483,44.0,97,False,2024-01-27T22:12:00
RUN_06464,MACHINE_H,H35877,300.5,310.0,1358,60.4,102,False,2024-01-27T22:18:00
RUN_06465,MACHINE_M,M21324,300.5,309.9,1735,27.0,107,False,2024-01-27T22:24:00
RUN_06466,MACHINE_M,M21325,300.5,309.8,1416,48.5,110,False,2024-01-27T22:30:00
RUN_06467,MACHINE_L,L53646,300.4,309.7,1740,31.1,113,False,2024-01-27T22:36:00
RUN_06468,MACHINE_L,L53647,300.4,309.7,1692,27.4,115,False,2024-01-27T22:42:00
RUN_06469,MACHINE_L,L53648,300.5,309.8,1507,42.5,117,False,2024-01-27T22:48:00
RUN_06470,MACHINE_M,M21329,300.4,309.6,1521,35.0,119,False,2024-01-27T22:54:00
RUN_06471,MACHINE_L,L53650,300.4,309.6,1379,54.5,122,False,2024-01-27T23:00:00
RUN_06472,MACHINE_L,L53651,300.4,309.6,1523,38.5,124,False,2024-01-27T23:06:00
RUN_06473,MACHINE_H,H35886,300.4,309.6,1571,33.6,126,False,2024-01-27T23:12:00
RUN_06474,MACHINE_H,H35887,300.4,309.5,1547,50.7,131,False,2024-01-27T23:18:00
RUN_06475,MACHINE_M,M21334,300.5,309.7,1347,54.3,136,False,2024-01-27T23:24:00
RUN_06476,MACHINE_L,L53655,300.5,309.7,1560,30.2,139,False,2024-01-27T23:30:00
RUN_06477,MACHINE_L,L53656,300.5,309.7,1384,48.6,141,False,2024-01-27T23:36:00
RUN_06478,MACHINE_L,L53657,300.5,309.7,1841,24.6,143,False,2024-01-27T23:42:00
RUN_06479,MACHINE_L,L53658,300.5,309.8,1663,29.1,145,True,2024-01-27T23:48:00
RUN_06480,MACHINE_L,L53659,300.6,309.8,1418,42.7,147,False,2024-01-27T23:54:00
RUN_06481,MACHINE_L,L53660,300.7,309.9,1775,26.6,149,False,2024-01-28T00:00:00
RUN_06482,MACHINE_L,L53661,300.7,309.8,1406,48.4,151,False,2024-01-28T00:06:00
RUN_06483,MACHINE_L,L53662,300.6,309.9,1480,43.7,153,False,2024-01-28T00:12:00
RUN_06484,MACHINE_L,L53663,300.7,309.9,1412,45.3,155,False,2024-01-28T00:18:00
RUN_06485,MACHINE_H,H35898,300.6,309.8,1913,22.5,157,False,2024-01-28T00:24:00
RUN_06486,MACHINE_L,L53665,300.6,309.8,1629,37.6,162,False,2024-01-28T00:30:00
RUN_06487,MACHINE_L,L53666,300.5,309.8,1939,21.4,164,False,2024-01-28T00:36:00
RUN_06488,MACHINE_H,H35901,300.6,309.8,1541,36.2,166,False,2024-01-28T00:42:00
RUN_06489,MACHINE_L,L53668,300.7,309.8,1330,54.4,171,False,2024-01-28T00:48:00
RUN_06490,MACHINE_M,M21349,300.7,309.8,1490,38.8,173,False,2024-01-28T00:54:00
RUN_06491,MACHINE_L,L53670,300.7,309.9,1383,44.5,176,False,2024-01-28T01:00:00
RUN_06492,MACHINE_L,L53671,300.8,310.0,1468,52.7,178,False,2024-01-28T01:06:00
RUN_06493,MACHINE_M,M21352,300.8,309.9,1444,46.0,180,False,2024-01-28T01:12:00
RUN_06494,MACHINE_L,L53673,300.7,309.8,1363,53.1,183,False,2024-01-28T01:18:00
RUN_06495,MACHINE_L,L53674,300.6,309.7,1617,33.2,185,False,2024-01-28T01:24:00
RUN_06496,MACHINE_M,M21355,300.6,309.8,1694,31.1,187,False,2024-01-28T01:30:00
RUN_06497,MACHINE_L,L53676,300.7,309.9,1815,27.0,190,False,2024-01-28T01:36:00
RUN_06498,MACHINE_L,L53677,300.8,309.9,1312,65.3,192,True,2024-01-28T01:42:00
RUN_06499,MACHINE_H,H35912,300.8,309.9,2041,19.2,194,False,2024-01-28T01:48:00
RUN_06500,MACHINE_L,L53679,300.9,310.0,1671,26.8,199,False,2024-01-28T01:54:00
RUN_06501,MACHINE_M,M21360,300.9,310.0,1416,46.6,201,False,2024-01-28T02:00:00
RUN_06502,MACHINE_M,M21361,300.9,310.0,1600,36.0,204,False,2024-01-28T02:06:00
RUN_06503,MACHINE_L,L53682,300.9,310.0,2595,13.7,207,False,2024-01-28T02:12:00
RUN_06504,MACHINE_M,M21363,300.9,309.9,1465,42.9,209,False,2024-01-28T02:18:00
RUN_06505,MACHINE_M,M21364,301.0,310.1,1681,27.4,212,False,2024-01-28T02:24:00
RUN_06506,MACHINE_L,L53685,301.1,310.1,1457,39.6,215,False,2024-01-28T02:30:00
RUN_06507,MACHINE_H,H35920,301.0,310.1,1454,44.1,217,False,2024-01-28T02:36:00
RUN_06508,MACHINE_L,L53687,301.0,310.1,1558,32.6,0,False,2024-01-28T02:42:00
RUN_06509,MACHINE_H,H35922,301.0,310.1,1756,30.7,2,False,2024-01-28T02:48:00
RUN_06510,MACHINE_L,L53689,301.1,310.1,1564,36.8,7,False,2024-01-28T02:54:00
RUN_06511,MACHINE_L,L53690,301.1,310.2,1455,55.3,9,False,2024-01-28T03:00:00
RUN_06512,MACHINE_M,M21371,301.2,310.1,2280,15.7,11,False,2024-01-28T03:06:00
RUN_06513,MACHINE_M,M21372,301.1,310.0,1433,48.1,14,False,2024-01-28T03:12:00
RUN_06514,MACHINE_L,L53693,301.1,310.0,1513,38.0,17,False,2024-01-28T03:18:00
RUN_06515,MACHINE_L,L53694,301.0,309.9,1507,41.8,19,False,2024-01-28T03:24:00
RUN_06516,MACHINE_L,L53695,301.0,310.0,1480,43.5,21,False,2024-01-28T03:30:00
RUN_06517,MACHINE_H,H35930,301.1,310.0,1470,40.1,23,False,2024-01-28T03:36:00
RUN_06518,MACHINE_L,L53697,301.1,310.1,1540,36.6,28,False,2024-01-28T03:42:00
RUN_06519,MACHINE_H,H35932,301.0,310.0,1212,67.9,30,False,2024-01-28T03:48:00
RUN_06520,MACHINE_L,L53699,301.1,310.1,1417,46.9,35,False,2024-01-28T03:54:00
RUN_06521,MACHINE_M,M21380,301.2,310.1,1666,34.9,37,False,2024-01-28T04:00:00
RUN_06522,MACHINE_L,L53701,301.1,310.1,1666,27.2,40,False,2024-01-28T04:06:00
RUN_06523,MACHINE_L,L53702,301.1,310.1,1489,45.8,42,False,2024-01-28T04:12:00
RUN_06524,MACHINE_M,M21383,301.1,310.2,1850,27.7,44,False,2024-01-28T04:18:00
RUN_06525,MACHINE_L,L53704,301.1,310.4,1874,24.8,47,False,2024-01-28T04:24:00
RUN_06526,MACHINE_L,L53705,301.1,310.4,1312,73.6,49,True,2024-01-28T04:30:00
RUN_06527,MACHINE_L,L53706,301.2,310.4,1515,38.4,51,False,2024-01-28T04:36:00
RUN_06528,MACHINE_L,L53707,301.2,310.4,1516,44.4,53,False,2024-01-28T04:42:00
RUN_06529,MACHINE_L,L53708,301.2,310.5,1546,40.0,55,False,2024-01-28T04:48:00
RUN_06530,MACHINE_L,L53709,301.3,310.6,1481,40.9,57,False,2024-01-28T04:54:00
RUN_06531,MACHINE_H,H35944,301.3,310.6,1605,32.5,59,False,2024-01-28T05:00:00
RUN_06532,MACHINE_H,H35945,301.2,310.7,1656,26.2,64,False,2024-01-28T05:06:00
RUN_06533,MACHINE_H,H35946,301.2,310.6,1352,52.0,69,False,2024-01-28T05:12:00
RUN_06534,MACHINE_L,L53713,301.3,310.7,1504,47.2,74,False,2024-01-28T05:18:00
RUN_06535,MACHINE_L,L53714,301.3,310.6,1436,44.2,76,False,2024-01-28T05:24:00
RUN_06536,MACHINE_H,H35949,301.2,310.5,1505,43.6,78,False,2024-01-28T05:30:00
RUN_06537,MACHINE_L,L53716,301.3,310.5,1406,47.1,83,False,2024-01-28T05:36:00
RUN_06538,MACHINE_M,M21397,301.3,310.5,1481,39.7,85,False,2024-01-28T05:42:00
RUN_06539,MACHINE_L,L53718,301.4,310.7,1487,44.6,88,False,2024-01-28T05:48:00
RUN_06540,MACHINE_L,L53719,301.4,310.7,1436,54.1,90,False,2024-01-28T05:54:00
RUN_06541,MACHINE_M,M21400,301.4,310.7,1368,63.7,92,True,2024-01-28T06:00:00
RUN_06542,MACHINE_L,L53721,301.4,310.7,1509,38.3,95,False,2024-01-28T06:06:00
RUN_06543,MACHINE_L,L53722,301.4,310.8,1543,36.9,97,False,2024-01-28T06:12:00
RUN_06544,MACHINE_L,L53723,301.4,310.8,1698,29.6,99,False,2024-01-28T06:18:00
RUN_06545,MACHINE_M,M21404,301.4,310.7,1470,46.5,101,False,2024-01-28T06:24:00
RUN_06546,MACHINE_M,M21405,301.4,310.8,1738,30.3,104,False,2024-01-28T06:30:00
RUN_06547,MACHINE_M,M21406,301.4,310.8,1530,39.9,107,False,2024-01-28T06:36:00
RUN_06548,MACHINE_L,L53727,301.4,310.8,1740,29.2,110,False,2024-01-28T06:42:00
RUN_06549,MACHINE_L,L53728,301.4,310.8,1770,24.1,112,False,2024-01-28T06:48:00
RUN_06550,MACHINE_H,H35963,301.3,310.6,1527,44.0,114,False,2024-01-28T06:54:00
RUN_06551,MACHINE_L,L53730,301.3,310.7,1516,46.0,119,False,2024-01-28T07:00:00
RUN_06552,MACHINE_L,L53731,301.4,310.7,1616,36.5,121,False,2024-01-28T07:06:00
RUN_06553,MACHINE_L,L53732,301.4,310.7,1786,26.1,123,False,2024-01-28T07:12:00
RUN_06554,MACHINE_L,L53733,301.4,310.8,1389,52.7,125,False,2024-01-28T07:18:00
RUN_06555,MACHINE_M,M21414,301.4,310.7,1639,29.8,127,False,2024-01-28T07:24:00
RUN_06556,MACHINE_H,H35969,301.5,310.7,1394,46.7,130,False,2024-01-28T07:30:00
RUN_06557,MACHINE_L,L53736,301.5,310.7,1686,27.9,135,False,2024-01-28T07:36:00
RUN_06558,MACHINE_M,M21417,301.5,310.6,1638,31.9,137,False,2024-01-28T07:42:00
RUN_06559,MACHINE_M,M21418,301.5,310.6,1447,41.9,140,False,2024-01-28T07:48:00
RUN_06560,MACHINE_H,H35973,301.5,310.6,1512,39.0,143,False,2024-01-28T07:54:00
RUN_06561,MACHINE_L,L53740,301.6,310.8,1961,21.8,148,False,2024-01-28T08:00:00
RUN_06562,MACHINE_L,L53741,301.5,310.7,1596,35.4,150,False,2024-01-28T08:06:00
RUN_06563,MACHINE_M,M21422,301.5,310.7,1871,21.3,152,False,2024-01-28T08:12:00
RUN_06564,MACHINE_L,L53743,301.5,310.7,1942,20.5,155,False,2024-01-28T08:18:00
RUN_06565,MACHINE_L,L53744,301.4,310.6,1557,38.2,157,False,2024-01-28T08:24:00
RUN_06566,MACHINE_L,L53745,301.4,310.6,1550,36.8,159,False,2024-01-28T08:30:00
RUN_06567,MACHINE_L,L53746,301.3,310.6,1966,22.6,161,False,2024-01-28T08:36:00
RUN_06568,MACHINE_M,M21427,301.3,310.6,1499,36.1,163,False,2024-01-28T08:42:00
RUN_06569,MACHINE_L,L53748,301.3,310.6,1521,36.3,166,False,2024-01-28T08:48:00
RUN_06570,MACHINE_M,M21429,301.4,310.7,1375,42.0,168,False,2024-01-28T08:54:00
RUN_06571,MACHINE_L,L53750,301.4,310.6,1634,31.1,171,False,2024-01-28T09:00:00
RUN_06572,MACHINE_M,M21431,301.3,310.6,1378,49.4,173,False,2024-01-28T09:06:00
RUN_06573,MACHINE_L,L53752,301.4,310.7,1428,53.7,176,False,2024-01-28T09:12:00
RUN_06574,MACHINE_M,M21433,301.4,310.6,1855,25.3,178,False,2024-01-28T09:18:00
RUN_06575,MACHINE_L,L53754,301.4,310.6,1578,33.0,181,False,2024-01-28T09:24:00
RUN_06576,MACHINE_M,M21435,301.4,310.5,1451,45.3,183,False,2024-01-28T09:30:00
RUN_06577,MACHINE_L,L53756,301.5,310.5,1644,34.9,186,False,2024-01-28T09:36:00
RUN_06578,MACHINE_L,L53757,301.4,310.4,1388,45.3,188,False,2024-01-28T09:42:00
RUN_06579,MACHINE_L,L53758,301.4,310.4,1543,40.9,190,False,2024-01-28T09:48:00
RUN_06580,MACHINE_L,L53759,301.3,310.4,1501,41.6,192,False,2024-01-28T09:54:00
RUN_06581,MACHINE_L,L53760,301.3,310.4,1507,39.1,194,False,2024-01-28T10:00:00
RUN_06582,MACHINE_L,L53761,301.4,310.4,1559,36.0,196,False,2024-01-28T10:06:00
RUN_06583,MACHINE_L,L53762,301.5,310.5,1528,35.7,198,False,2024-01-28T10:12:00
RUN_06584,MACHINE_M,M21443,301.5,310.5,1503,38.2,200,False,2024-01-28T10:18:00
RUN_06585,MACHINE_L,L53764,301.5,310.5,1372,44.0,203,False,2024-01-28T10:24:00
RUN_06586,MACHINE_M,M21445,301.5,310.5,1600,32.8,205,False,2024-01-28T10:30:00
RUN_06587,MACHINE_L,L53766,301.5,310.6,1453,44.0,208,False,2024-01-28T10:36:00
RUN_06588,MACHINE_M,M21447,301.6,310.7,1813,24.6,210,False,2024-01-28T10:42:00
RUN_06589,MACHINE_L,L53768,301.6,310.7,1457,40.4,213,False,2024-01-28T10:48:00
RUN_06590,MACHINE_M,M21449,301.6,310.6,1553,38.9,0,False,2024-01-28T10:54:00
RUN_06591,MACHINE_L,L53770,301.7,310.7,1763,25.9,3,False,2024-01-28T11:00:00
RUN_06592,MACHINE_L,L53771,301.7,310.7,2023,20.9,5,False,2024-01-28T11:06:00
RUN_06593,MACHINE_M,M21452,301.6,310.7,1457,47.8,7,False,2024-01-28T11:12:00
RUN_06594,MACHINE_L,L53773,301.6,310.7,1679,29.5,10,False,2024-01-28T11:18:00
RUN_06595,MACHINE_L,L53774,301.6,310.6,2103,19.7,12,False,2024-01-28T11:24:00
RUN_06596,MACHINE_M,M21455,301.5,310.7,1460,38.6,14,False,2024-01-28T11:30:00
RUN_06597,MACHINE_M,M21456,301.5,310.7,1454,39.4,17,False,2024-01-28T11:36:00
RUN_06598,MACHINE_L,L53777,301.5,310.6,1481,46.8,20,False,2024-01-28T11:42:00
RUN_06599,MACHINE_L,L53778,301.5,310.7,1424,51.1,22,False,2024-01-28T11:48:00
RUN_06600,MACHINE_L,L53779,301.6,310.7,1494,39.5,24,False,2024-01-28T11:54:00
RUN_06601,MACHINE_M,M21460,301.5,310.6,1424,47.0,26,False,2024-01-28T12:00:00
RUN_06602,MACHINE_M,M21461,301.5,310.7,1347,47.9,29,False,2024-01-28T12:06:00
RUN_06603,MACHINE_L,L53782,301.5,310.6,1374,46.7,32,False,2024-01-28T12:12:00
RUN_06604,MACHINE_M,M21463,301.5,310.6,1403,47.4,34,False,2024-01-28T12:18:00
RUN_06605,MACHINE_M,M21464,301.5,310.6,1573,37.4,37,False,2024-01-28T12:24:00
RUN_06606,MACHINE_M,M21465,301.6,310.6,1691,30.1,40,False,2024-01-28T12:30:00
RUN_06607,MACHINE_H,H36020,301.5,310.5,1538,44.3,43,False,2024-01-28T12:36:00
RUN_06608,MACHINE_L,L53787,301.5,310.5,1556,39.1,48,False,2024-01-28T12:42:00
RUN_06609,MACHINE_M,M21468,301.5,310.4,1593,36.8,50,False,2024-01-28T12:48:00
RUN_06610,MACHINE_L,L53789,301.5,310.4,1474,39.9,53,False,2024-01-28T12:54:00
RUN_06611,MACHINE_L,L53790,301.5,310.4,1543,34.0,55,False,2024-01-28T13:00:00
RUN_06612,MACHINE_H,H36025,301.5,310.5,1587,33.8,57,False,2024-01-28T13:06:00
RUN_06613,MACHINE_L,L53792,301.6,310.6,1222,70.0,62,False,2024-01-28T13:12:00
RUN_06614,MACHINE_L,L53793,301.7,310.6,1513,41.1,64,False,2024-01-28T13:18:00
RUN_06615,MACHINE_L,L53794,301.7,310.6,1660,28.7,66,False,2024-01-28T13:24:00
RUN_06616,MACHINE_L,L53795,301.7,310.6,1545,42.1,68,False,2024-01-28T13:30:00
RUN_06617,MACHINE_M,M21476,301.7,310.6,1380,45.8,70,False,2024-01-28T13:36:00
RUN_06618,MACHINE_L,L53797,301.6,310.6,1321,60.8,73,False,2024-01-28T13:42:00
RUN_06619,MACHINE_M,M21478,301.6,310.6,1309,65.8,75,True,2024-01-28T13:48:00
RUN_06620,MACHINE_M,M21479,301.7,310.7,1627,31.3,78,False,2024-01-28T13:54:00
RUN_06621,MACHINE_M,M21480,301.6,310.7,1791,23.8,81,False,2024-01-28T14:00:00
RUN_06622,MACHINE_M,M21481,301.7,310.7,1861,21.8,84,False,2024-01-28T14:06:00
RUN_06623,MACHINE_L,L53802,301.7,310.7,1493,51.1,87,False,2024-01-28T14:12:00
RUN_06624,MACHINE_M,M21483,301.7,310.7,1442,41.1,89,False,2024-01-28T14:18:00
RUN_06625,MACHINE_L,L53804,301.7,310.7,1532,39.8,92,False,2024-01-28T14:24:00
RUN_06626,MACHINE_M,M21485,301.6,310.7,1421,44.4,94,False,2024-01-28T14:30:00
RUN_06627,MACHINE_L,L53806,301.6,310.6,1613,42.5,97,False,2024-01-28T14:36:00
RUN_06628,MACHINE_M,M21487,301.7,310.6,1876,22.1,99,False,2024-01-28T14:42:00
RUN_06629,MACHINE_L,L53808,301.6,310.5,1593,34.5,102,False,2024-01-28T14:48:00
RUN_06630,MACHINE_L,L53809,301.6,310.5,1397,49.4,104,False,2024-01-28T14:54:00
RUN_06631,MACHINE_M,M21490,301.6,310.5,1414,49.3,106,False,2024-01-28T15:00:00
RUN_06632,MACHINE_M,M21491,301.5,310.4,1378,55.3,109,False,2024-01-28T15:06:00
RUN_06633,MACHINE_L,L53812,301.4,310.4,1301,51.2,112,False,2024-01-28T15:12:00
RUN_06634,MACHINE_M,M21493,301.5,310.5,1737,29.3,114,False,2024-01-28T15:18:00
RUN_06635,MACHINE_L,L53814,301.5,310.5,1396,44.5,117,False,2024-01-28T15:24:00
RUN_06636,MACHINE_L,L53815,301.5,310.5,1534,39.3,119,False,2024-01-28T15:30:00
RUN_06637,MACHINE_M,M21496,301.5,310.5,1774,25.5,121,False,2024-01-28T15:36:00
RUN_06638,MACHINE_H,H36051,301.5,310.5,1453,48.0,124,False,2024-01-28T15:42:00
RUN_06639,MACHINE_L,L53818,301.5,310.5,1453,44.2,129,False,2024-01-28T15:48:00
RUN_06640,MACHINE_L,L53819,301.4,310.5,1380,48.4,131,False,2024-01-28T15:54:00
RUN_06641,MACHINE_L,L53820,301.4,310.4,1334,43.2,133,False,2024-01-28T16:00:00
RUN_06642,MACHINE_L,L53821,301.5,310.5,1702,28.7,135,False,2024-01-28T16:06:00
RUN_06643,MACHINE_L,L53822,301.6,310.6,1431,37.5,137,False,2024-01-28T16:12:00
RUN_06644,MACHINE_M,M21503,301.5,310.5,1308,60.5,139,False,2024-01-28T16:18:00
RUN_06645,MACHINE_L,L53824,301.5,310.6,1565,43.9,142,False,2024-01-28T16:24:00
RUN_06646,MACHINE_M,M21505,301.5,310.4,1486,39.6,144,False,2024-01-28T16:30:00
RUN_06647,MACHINE_L,L53826,301.5,310.5,1479,34.2,147,False,2024-01-28T16:36:00
RUN_06648,MACHINE_L,L53827,301.5,310.5,1927,22.4,149,False,2024-01-28T16:42:00
RUN_06649,MACHINE_L,L53828,301.5,310.4,1488,41.1,151,False,2024-01-28T16:48:00
RUN_06650,MACHINE_M,M21509,301.5,310.4,1350,54.9,153,False,2024-01-28T16:54:00
RUN_06651,MACHINE_L,L53830,301.6,310.4,1561,35.3,156,False,2024-01-28T17:00:00
RUN_06652,MACHINE_M,M21511,301.5,310.4,1276,55.6,158,False,2024-01-28T17:06:00
RUN_06653,MACHINE_H,H36066,301.5,310.4,1580,35.7,161,False,2024-01-28T17:12:00
RUN_06654,MACHINE_M,M21513,301.4,310.3,1610,29.1,166,False,2024-01-28T17:18:00
RUN_06655,MACHINE_L,L53834,301.4,310.3,2203,16.6,169,False,2024-01-28T17:24:00
RUN_06656,MACHINE_L,L53835,301.4,310.3,1639,32.7,171,False,2024-01-28T17:30:00
RUN_06657,MACHINE_M,M21516,301.4,310.4,1553,44.7,173,False,2024-01-28T17:36:00
RUN_06658,MACHINE_L,L53837,301.4,310.3,1374,47.6,176,False,2024-01-28T17:42:00
RUN_06659,MACHINE_L,L53838,301.4,310.4,1430,50.9,178,False,2024-01-28T17:48:00
RUN_06660,MACHINE_L,L53839,301.3,310.3,1626,31.3,180,False,2024-01-28T17:54:00
RUN_06661,MACHINE_H,H36074,301.4,310.5,1421,43.8,182,False,2024-01-28T18:00:00
RUN_06662,MACHINE_M,M21521,301.3,310.4,1501,39.8,187,False,2024-01-28T18:06:00
RUN_06663,MACHINE_M,M21522,301.3,310.4,2093,18.7,190,False,2024-01-28T18:12:00
RUN_06664,MACHINE_L,L53843,301.3,310.4,1504,47.2,193,False,2024-01-28T18:18:00
RUN_06665,MACHINE_L,L53844,301.3,310.4,1538,38.4,195,False,2024-01-28T18:24:00
RUN_06666,MACHINE_L,L53845,301.3,310.4,1440,41.5,197,False,2024-01-28T18:30:00
RUN_06667,MACHINE_L,L53846,301.3,310.4,1414,51.4,199,False,2024-01-28T18:36:00
RUN_06668,MACHINE_H,H36081,301.4,310.5,1536,39.9,201,False,2024-01-28T18:42:00
RUN_06669,MACHINE_L,L53848,301.4,310.5,1476,39.2,206,False,2024-01-28T18:48:00
RUN_06670,MACHINE_L,L53849,301.4,310.5,1571,33.9,208,False,2024-01-28T18:54:00
RUN_06671,MACHINE_L,L53850,301.5,310.6,1998,20.2,210,False,2024-01-28T19:00:00
RUN_06672,MACHINE_L,L53851,301.5,310.6,1357,42.1,212,False,2024-01-28T19:06:00
RUN_06673,MACHINE_L,L53852,301.6,310.7,1424,50.5,214,False,2024-01-28T19:12:00
RUN_06674,MACHINE_L,L53853,301.6,310.7,1380,51.8,216,True,2024-01-28T19:18:00
RUN_06675,MACHINE_L,L53854,301.5,310.7,1618,35.5,218,False,2024-01-28T19:24:00
RUN_06676,MACHINE_L,L53855,301.5,310.6,1579,28.0,220,False,2024-01-28T19:30:00
RUN_06677,MACHINE_L,L53856,301.5,310.7,1423,44.0,222,False,2024-01-28T19:36:00
RUN_06678,MACHINE_L,L53857,301.5,310.7,1435,38.5,224,False,2024-01-28T19:42:00
RUN_06679,MACHINE_M,M21538,301.5,310.7,1336,65.6,0,True,2024-01-28T19:48:00
RUN_06680,MACHINE_L,L53859,301.6,310.8,1392,42.4,3,False,2024-01-28T19:54:00
RUN_06681,MACHINE_L,L53860,301.5,310.8,1417,49.7,5,False,2024-01-28T20:00:00
RUN_06682,MACHINE_L,L53861,301.4,310.7,1425,45.1,7,False,2024-01-28T20:06:00
RUN_06683,MACHINE_L,L53862,301.5,310.8,1512,38.9,9,False,2024-01-28T20:12:00
RUN_06684,MACHINE_L,L53863,301.5,310.9,1318,50.6,11,False,2024-01-28T20:18:00
RUN_06685,MACHINE_L,L53864,301.6,310.9,1538,40.4,13,False,2024-01-28T20:24:00
RUN_06686,MACHINE_L,L53865,301.6,310.9,1532,43.6,15,False,2024-01-28T20:30:00
RUN_06687,MACHINE_L,L53866,301.7,311.0,1715,24.8,17,False,2024-01-28T20:36:00
RUN_06688,MACHINE_L,L53867,301.7,311.0,1700,28.7,19,False,2024-01-28T20:42:00
RUN_06689,MACHINE_L,L53868,301.7,311.0,1548,40.3,21,False,2024-01-28T20:48:00
RUN_06690,MACHINE_L,L53869,301.7,311.0,1546,43.0,23,False,2024-01-28T20:54:00
RUN_06691,MACHINE_L,L53870,301.7,311.0,1343,49.2,25,False,2024-01-28T21:00:00
RUN_06692,MACHINE_M,M21551,301.7,311.0,1510,47.8,27,False,2024-01-28T21:06:00
RUN_06693,MACHINE_M,M21552,301.8,311.0,1839,23.6,30,False,2024-01-28T21:12:00
RUN_06694,MACHINE_M,M21553,301.8,311.0,1756,26.7,33,False,2024-01-28T21:18:00
RUN_06695,MACHINE_M,M21554,301.7,310.9,1300,62.7,36,False,2024-01-28T21:24:00
RUN_06696,MACHINE_M,M21555,301.7,311.0,1311,55.8,39,False,2024-01-28T21:30:00
RUN_06697,MACHINE_L,L53876,301.7,310.9,1636,31.3,42,False,2024-01-28T21:36:00
RUN_06698,MACHINE_L,L53877,301.6,310.9,1643,34.1,44,False,2024-01-28T21:42:00
RUN_06699,MACHINE_L,L53878,301.6,310.8,1418,44.7,46,False,2024-01-28T21:48:00
RUN_06700,MACHINE_M,M21559,301.7,310.8,1516,40.4,48,False,2024-01-28T21:54:00
RUN_06701,MACHINE_H,H36114,301.6,310.9,1419,50.2,51,False,2024-01-28T22:00:00
RUN_06702,MACHINE_L,L53881,301.6,310.9,1623,34.1,56,False,2024-01-28T22:06:00
RUN_06703,MACHINE_M,M21562,301.6,310.8,1664,32.0,58,False,2024-01-28T22:12:00
RUN_06704,MACHINE_M,M21563,301.5,310.7,1744,28.2,61,False,2024-01-28T22:18:00
RUN_06705,MACHINE_M,M21564,301.5,310.7,1510,36.0,64,False,2024-01-28T22:24:00
RUN_06706,MACHINE_M,M21565,301.5,310.6,1382,58.1,67,False,2024-01-28T22:30:00
RUN_06707,MACHINE_L,L53886,301.4,310.6,1381,46.1,70,False,2024-01-28T22:36:00
RUN_06708,MACHINE_L,L53887,301.3,310.6,1556,39.0,72,False,2024-01-28T22:42:00
RUN_06709,MACHINE_M,M21568,301.4,310.6,1464,37.4,74,False,2024-01-28T22:48:00
RUN_06710,MACHINE_L,L53889,301.4,310.6,1481,37.6,77,False,2024-01-28T22:54:00
RUN_06711,MACHINE_L,L53890,301.5,310.7,1323,49.7,79,False,2024-01-28T23:00:00
RUN_06712,MACHINE_L,L53891,301.5,310.7,1426,46.1,81,False,2024-01-28T23:06:00
RUN_06713,MACHINE_H,H36126,301.4,310.7,1516,36.4,83,False,2024-01-28T23:12:00
RUN_06714,MACHINE_L,L53893,301.3,310.6,1416,45.2,88,False,2024-01-28T23:18:00
RUN_06715,MACHINE_L,L53894,301.3,310.6,1440,53.8,90,False,2024-01-28T23:24:00
RUN_06716,MACHINE_L,L53895,301.3,310.6,1576,30.4,92,False,2024-01-28T23:30:00
RUN_06717,MACHINE_L,L53896,301.3,310.6,1387,53.6,94,False,2024-01-28T23:36:00
RUN_06718,MACHINE_M,M21577,301.4,310.6,1464,48.6,96,False,2024-01-28T23:42:00
RUN_06719,MACHINE_L,L53898,301.4,310.6,2137,18.0,99,False,2024-01-28T23:48:00
RUN_06720,MACHINE_M,M21579,301.4,310.6,1431,40.6,101,False,2024-01-28T23:54:00
RUN_06721,MACHINE_L,L53900,301.3,310.6,1458,48.0,104,False,2024-01-29T00:00:00
RUN_06722,MACHINE_L,L53901,301.4,310.7,1280,61.0,106,False,2024-01-29T00:06:00
RUN_06723,MACHINE_L,L53902,301.4,310.7,1657,28.7,108,False,2024-01-29T00:12:00
RUN_06724,MACHINE_M,M21583,301.4,310.6,1565,36.1,110,False,2024-01-29T00:18:00
RUN_06725,MACHINE_L,L53904,301.3,310.6,1560,36.8,113,False,2024-01-29T00:24:00
RUN_06726,MACHINE_M,M21585,301.5,310.7,1359,47.1,115,False,2024-01-29T00:30:00
RUN_06727,MACHINE_L,L53906,301.5,310.8,1500,41.0,118,False,2024-01-29T00:36:00
RUN_06728,MACHINE_L,L53907,301.5,310.8,1785,25.5,120,False,2024-01-29T00:42:00
RUN_06729,MACHINE_L,L53908,301.5,310.9,1891,23.2,122,False,2024-01-29T00:48:00
RUN_06730,MACHINE_H,H36143,301.5,310.9,1524,40.4,124,False,2024-01-29T00:54:00
RUN_06731,MACHINE_M,M21590,301.6,311.0,1431,42.3,129,False,2024-01-29T01:00:00
RUN_06732,MACHINE_L,L53911,301.6,310.9,1385,51.2,132,False,2024-01-29T01:06:00
RUN_06733,MACHINE_L,L53912,301.7,311.0,1503,44.8,134,False,2024-01-29T01:12:00
RUN_06734,MACHINE_M,M21593,301.7,311.0,1311,46.8,136,False,2024-01-29T01:18:00
RUN_06735,MACHINE_M,M21594,301.6,310.9,1575,40.1,139,False,2024-01-29T01:24:00
RUN_06736,MACHINE_L,L53915,301.6,311.0,1485,40.1,142,False,2024-01-29T01:30:00
RUN_06737,MACHINE_L,L53916,301.7,311.0,1527,42.2,144,False,2024-01-29T01:36:00
RUN_06738,MACHINE_M,M21597,301.7,311.0,1537,33.5,146,False,2024-01-29T01:42:00
RUN_06739,MACHINE_H,H36152,301.8,311.1,1463,50.1,149,False,2024-01-29T01:48:00
RUN_06740,MACHINE_L,L53919,301.7,311.2,1482,43.6,154,False,2024-01-29T01:54:00
RUN_06741,MACHINE_L,L53920,301.8,311.2,1417,55.9,156,False,2024-01-29T02:00:00
RUN_06742,MACHINE_M,M21601,301.7,311.1,1506,39.5,158,False,2024-01-29T02:06:00
RUN_06743,MACHINE_H,H36156,301.7,311.2,1639,30.0,161,False,2024-01-29T02:12:00
RUN_06744,MACHINE_L,L53923,301.7,311.2,1418,38.0,166,False,2024-01-29T02:18:00
RUN_06745,MACHINE_M,M21604,301.7,311.0,1298,58.1,168,False,2024-01-29T02:24:00
RUN_06746,MACHINE_M,M21605,301.8,311.1,1395,44.6,171,False,2024-01-29T02:30:00
RUN_06747,MACHINE_M,M21606,301.7,311.1,1578,40.5,174,False,2024-01-29T02:36:00
RUN_06748,MACHINE_M,M21607,301.8,311.1,1597,29.8,177,False,2024-01-29T02:42:00
RUN_06749,MACHINE_H,H36162,301.7,311.0,2016,19.3,180,False,2024-01-29T02:48:00
RUN_06750,MACHINE_L,L53929,301.7,311.0,1585,35.9,185,False,2024-01-29T02:54:00
RUN_06751,MACHINE_M,M21610,301.7,311.0,1505,44.0,187,False,2024-01-29T03:00:00
RUN_06752,MACHINE_M,M21611,301.7,311.0,1505,37.1,190,False,2024-01-29T03:06:00
RUN_06753,MACHINE_L,L53932,301.6,310.9,1706,29.5,193,False,2024-01-29T03:12:00
RUN_06754,MACHINE_L,L53933,301.6,310.9,1385,50.7,195,False,2024-01-29T03:18:00
RUN_06755,MACHINE_L,L53934,301.8,311.1,1495,36.9,197,False,2024-01-29T03:24:00
RUN_06756,MACHINE_M,M21615,301.8,311.1,1663,31.6,199,False,2024-01-29T03:30:00
RUN_06757,MACHINE_L,L53936,301.8,311.2,1840,26.6,202,False,2024-01-29T03:36:00
RUN_06758,MACHINE_L,L53937,301.8,311.2,1822,26.2,204,False,2024-01-29T03:42:00
RUN_06759,MACHINE_L,L53938,301.7,311.1,1644,32.8,206,False,2024-01-29T03:48:00
RUN_06760,MACHINE_L,L53939,301.7,311.0,1441,44.3,208,True,2024-01-29T03:54:00
RUN_06761,MACHINE_L,L53940,301.5,310.9,1451,40.6,0,False,2024-01-29T04:00:00
RUN_06762,MACHINE_L,L53941,301.5,310.9,1400,50.8,2,False,2024-01-29T04:06:00
RUN_06763,MACHINE_L,L53942,301.4,310.8,1362,53.2,4,False,2024-01-29T04:12:00
RUN_06764,MACHINE_M,M21623,301.4,310.8,1782,26.5,6,False,2024-01-29T04:18:00
RUN_06765,MACHINE_L,L53944,301.4,310.9,1536,38.3,9,False,2024-01-29T04:24:00
RUN_06766,MACHINE_L,L53945,301.5,310.9,1580,32.3,11,False,2024-01-29T04:30:00
RUN_06767,MACHINE_M,M21626,301.4,311.0,1427,43.2,13,False,2024-01-29T04:36:00
RUN_06768,MACHINE_L,L53947,301.3,310.9,1509,41.7,16,False,2024-01-29T04:42:00
RUN_06769,MACHINE_H,H36182,301.3,310.8,1434,39.5,18,False,2024-01-29T04:48:00
RUN_06770,MACHINE_L,L53949,301.2,310.8,1392,52.6,23,False,2024-01-29T04:54:00
RUN_06771,MACHINE_M,M21630,301.3,310.8,1509,40.1,25,False,2024-01-29T05:00:00
RUN_06772,MACHINE_M,M21631,301.2,310.7,1962,22.5,28,False,2024-01-29T05:06:00
RUN_06773,MACHINE_L,L53952,301.3,310.7,1536,39.3,31,False,2024-01-29T05:12:00
RUN_06774,MACHINE_L,L53953,301.3,310.8,1381,47.9,33,False,2024-01-29T05:18:00
RUN_06775,MACHINE_H,H36188,301.2,310.7,1747,27.3,35,False,2024-01-29T05:24:00
RUN_06776,MACHINE_L,L53955,301.2,310.6,1670,30.0,40,False,2024-01-29T05:30:00
RUN_06777,MACHINE_L,L53956,301.3,310.6,1451,47.5,42,False,2024-01-29T05:36:00
RUN_06778,MACHINE_L,L53957,301.2,310.7,1951,21.3,44,False,2024-01-29T05:42:00
RUN_06779,MACHINE_M,M21638,301.3,310.7,1819,25.5,46,False,2024-01-29T05:48:00
RUN_06780,MACHINE_M,M21639,301.3,310.8,1372,54.2,49,False,2024-01-29T05:54:00
RUN_06781,MACHINE_L,L53960,301.3,310.8,1560,38.5,52,False,2024-01-29T06:00:00
RUN_06782,MACHINE_M,M21641,301.3,310.8,1494,35.3,54,False,2024-01-29T06:06:00
RUN_06783,MACHINE_L,L53962,301.3,310.8,1531,53.4,57,False,2024-01-29T06:12:00
RUN_06784,MACHINE_L,L53963,301.3,310.8,1450,46.9,59,False,2024-01-29T06:18:00
RUN_06785,MACHINE_M,M21644,301.3,310.7,1391,52.5,61,False,2024-01-29T06:24:00
RUN_06786,MACHINE_L,L53965,301.2,310.6,1389,45.3,64,False,2024-01-29T06:30:00
RUN_06787,MACHINE_L,L53966,301.2,310.6,1409,50.9,66,False,2024-01-29T06:36:00
RUN_06788,MACHINE_H,H36201,301.1,310.6,1388,58.5,68,False,2024-01-29T06:42:00
RUN_06789,MACHINE_M,M21648,301.1,310.6,1410,43.9,73,False,2024-01-29T06:48:00
RUN_06790,MACHINE_M,M21649,301.1,310.5,1646,30.7,76,False,2024-01-29T06:54:00
RUN_06791,MACHINE_M,M21650,301.1,310.7,2219,16.7,79,False,2024-01-29T07:00:00
RUN_06792,MACHINE_L,L53971,301.2,310.7,1551,41.2,82,False,2024-01-29T07:06:00
RUN_06793,MACHINE_L,L53972,301.2,310.6,1811,24.0,84,False,2024-01-29T07:12:00
RUN_06794,MACHINE_L,L53973,301.3,310.7,1608,31.4,86,False,2024-01-29T07:18:00
RUN_06795,MACHINE_L,L53974,301.3,310.8,1428,55.2,88,False,2024-01-29T07:24:00
RUN_06796,MACHINE_L,L53975,301.4,310.8,1477,50.4,90,False,2024-01-29T07:30:00
RUN_06797,MACHINE_M,M21656,301.3,310.7,1300,58.3,92,False,2024-01-29T07:36:00
RUN_06798,MACHINE_M,M21657,301.2,310.7,1615,34.9,95,False,2024-01-29T07:42:00
RUN_06799,MACHINE_L,L53978,301.2,310.7,1676,32.4,98,False,2024-01-29T07:48:00
RUN_06800,MACHINE_M,M21659,301.1,310.7,2636,12.2,100,True,2024-01-29T07:54:00
RUN_06801,MACHINE_M,M21660,301.1,310.6,1310,48.8,103,False,2024-01-29T08:00:00
RUN_06802,MACHINE_L,L53981,301.1,310.7,1334,48.2,106,False,2024-01-29T08:06:00
RUN_06803,MACHINE_M,M21662,301.1,310.7,1621,31.0,108,False,2024-01-29T08:12:00
RUN_06804,MACHINE_M,M21663,301.1,310.7,1367,43.4,111,False,2024-01-29T08:18:00
RUN_06805,MACHINE_L,L53984,301.0,310.6,1588,33.7,114,False,2024-01-29T08:24:00
RUN_06806,MACHINE_M,M21665,301.0,310.7,1497,37.6,116,False,2024-01-29T08:30:00
RUN_06807,MACHINE_L,L53986,301.1,310.8,1608,32.9,119,False,2024-01-29T08:36:00
RUN_06808,MACHINE_L,L53987,301.0,310.8,1549,41.4,121,False,2024-01-29T08:42:00
RUN_06809,MACHINE_L,L53988,301.0,310.7,1391,45.0,123,False,2024-01-29T08:48:00
RUN_06810,MACHINE_L,L53989,300.9,310.8,1490,38.1,125,False,2024-01-29T08:54:00
RUN_06811,MACHINE_L,L53990,301.0,310.7,1727,34.5,127,False,2024-01-29T09:00:00
RUN_06812,MACHINE_L,L53991,300.9,310.6,1504,46.4,129,False,2024-01-29T09:06:00
RUN_06813,MACHINE_L,L53992,300.9,310.6,1350,53.8,131,False,2024-01-29T09:12:00
RUN_06814,MACHINE_M,M21673,300.9,310.7,1420,43.0,133,False,2024-01-29T09:18:00
RUN_06815,MACHINE_H,H36228,300.8,310.6,1465,44.1,136,False,2024-01-29T09:24:00
RUN_06816,MACHINE_L,L53995,300.9,310.7,1427,44.1,141,False,2024-01-29T09:30:00
RUN_06817,MACHINE_L,L53996,300.9,310.7,1477,43.2,143,False,2024-01-29T09:36:00
RUN_06818,MACHINE_M,M21677,301.0,310.7,1493,48.1,145,False,2024-01-29T09:42:00
RUN_06819,MACHINE_M,M21678,301.0,310.7,1657,29.9,148,False,2024-01-29T09:48:00
RUN_06820,MACHINE_L,L53999,300.9,310.7,1359,46.0,151,False,2024-01-29T09:54:00
RUN_06821,MACHINE_L,L54000,300.8,310.6,1551,34.5,153,False,2024-01-29T10:00:00
RUN_06822,MACHINE_M,M21681,300.8,310.6,1545,37.5,155,False,2024-01-29T10:06:00
RUN_06823,MACHINE_M,M21682,300.9,310.6,1709,29.2,158,False,2024-01-29T10:12:00
RUN_06824,MACHINE_M,M21683,300.9,310.7,1268,56.3,161,False,2024-01-29T10:18:00
RUN_06825,MACHINE_L,L54004,300.9,310.7,1740,25.3,164,False,2024-01-29T10:24:00
RUN_06826,MACHINE_L,L54005,301.0,310.9,1828,25.1,166,False,2024-01-29T10:30:00
RUN_06827,MACHINE_L,L54006,301.0,310.9,1822,21.6,168,False,2024-01-29T10:36:00
RUN_06828,MACHINE_M,M21687,301.0,310.9,1515,41.8,170,False,2024-01-29T10:42:00
RUN_06829,MACHINE_L,L54008,301.0,310.9,1392,52.9,173,False,2024-01-29T10:48:00
RUN_06830,MACHINE_H,H36243,300.9,310.9,1474,35.7,175,False,2024-01-29T10:54:00
RUN_06831,MACHINE_M,M21690,301.0,310.9,1359,53.4,180,False,2024-01-29T11:00:00
RUN_06832,MACHINE_L,L54011,301.1,311.0,1565,52.3,183,False,2024-01-29T11:06:00
RUN_06833,MACHINE_M,M21692,301.1,311.1,1384,42.5,185,False,2024-01-29T11:12:00
RUN_06834,MACHINE_L,L54013,301.1,311.1,1387,53.1,188,False,2024-01-29T11:18:00
RUN_06835,MACHINE_L,L54014,301.1,311.0,1378,51.1,190,False,2024-01-29T11:24:00
RUN_06836,MACHINE_L,L54015,301.0,310.9,1809,25.7,192,False,2024-01-29T11:30:00
RUN_06837,MACHINE_H,H36250,301.1,311.0,1339,52.8,194,False,2024-01-29T11:36:00
RUN_06838,MACHINE_M,M21697,301.0,311.0,1423,38.6,199,False,2024-01-29T11:42:00
RUN_06839,MACHINE_L,L54018,301.1,311.1,1570,41.6,202,False,2024-01-29T11:48:00
RUN_06840,MACHINE_L,L54019,301.2,311.2,1558,34.1,204,False,2024-01-29T11:54:00
RUN_06841,MACHINE_L,L54020,301.1,311.1,1799,21.7,206,False,2024-01-29T12:00:00
RUN_06842,MACHINE_M,M21701,301.1,311.2,1591,35.0,208,False,2024-01-29T12:06:00
RUN_06843,MACHINE_L,L54022,301.2,311.2,1635,29.6,211,False,2024-01-29T12:12:00
RUN_06844,MACHINE_L,L54023,301.3,311.3,1509,42.5,213,False,2024-01-29T12:18:00
RUN_06845,MACHINE_M,M21704,301.3,311.4,1838,23.2,215,False,2024-01-29T12:24:00
RUN_06846,MACHINE_M,M21705,301.3,311.5,1648,32.4,0,False,2024-01-29T12:30:00
RUN_06847,MACHINE_M,M21706,301.2,311.5,1498,49.5,3,False,2024-01-29T12:36:00
RUN_06848,MACHINE_L,L54027,301.2,311.4,1757,28.0,6,False,2024-01-29T12:42:00
RUN_06849,MACHINE_M,M21708,301.1,311.3,1389,53.3,8,False,2024-01-29T12:48:00
RUN_06850,MACHINE_L,L54029,301.1,311.3,1498,37.6,11,False,2024-01-29T12:54:00
RUN_06851,MACHINE_M,M21710,301.0,311.2,1521,35.8,13,False,2024-01-29T13:00:00
RUN_06852,MACHINE_M,M21711,301.0,311.2,1394,41.3,16,False,2024-01-29T13:06:00
RUN_06853,MACHINE_H,H36266,301.0,311.2,1602,32.7,19,False,2024-01-29T13:12:00
RUN_06854,MACHINE_L,L54033,300.9,311.1,1417,40.7,24,False,2024-01-29T13:18:00
RUN_06855,MACHINE_L,L54034,301.0,311.2,1511,42.9,26,False,2024-01-29T13:24:00
RUN_06856,MACHINE_M,M21715,301.1,311.3,1654,30.7,28,False,2024-01-29T13:30:00
RUN_06857,MACHINE_M,M21716,301.1,311.3,1836,22.8,31,False,2024-01-29T13:36:00
RUN_06858,MACHINE_L,L54037,301.1,311.3,1622,35.6,34,False,2024-01-29T13:42:00
RUN_06859,MACHINE_L,L54038,301.0,311.2,1467,45.4,36,False,2024-01-29T13:48:00
RUN_06860,MACHINE_M,M21719,301.1,311.3,1909,22.7,38,False,2024-01-29T13:54:00
RUN_06861,MACHINE_L,L54040,301.1,311.2,1910,20.2,41,False,2024-01-29T14:00:00
RUN_06862,MACHINE_H,H36275,301.1,311.3,2207,16.6,43,False,2024-01-29T14:06:00
RUN_06863,MACHINE_M,M21722,301.1,311.2,1384,49.4,48,False,2024-01-29T14:12:00
RUN_06864,MACHINE_L,L54043,301.1,311.3,1630,29.5,51,False,2024-01-29T14:18:00
RUN_06865,MACHINE_L,L54044,301.1,311.3,1268,60.0,53,False,2024-01-29T14:24:00
RUN_06866,MACHINE_L,L54045,301.1,311.4,1531,38.7,55,False,2024-01-29T14:30:00
RUN_06867,MACHINE_M,M21726,301.0,311.3,1454,41.5,57,False,2024-01-29T14:36:00
RUN_06868,MACHINE_L,L54047,301.0,311.3,1342,50.9,60,False,2024-01-29T14:42:00
RUN_06869,MACHINE_L,L54048,301.0,311.2,1363,46.3,62,False,2024-01-29T14:48:00
RUN_06870,MACHINE_L,L54049,301.0,311.2,1412,42.1,64,False,2024-01-29T14:54:00
RUN_06871,MACHINE_H,H36284,301.0,311.3,1597,39.2,66,False,2024-01-29T15:00:00
RUN_06872,MACHINE_L,L54051,301.0,311.3,1349,47.0,71,False,2024-01-29T15:06:00
RUN_06873,MACHINE_L,L54052,301.0,311.3,1472,35.3,73,False,2024-01-29T15:12:00
RUN_06874,MACHINE_L,L54053,301.0,311.4,1478,39.5,75,False,2024-01-29T15:18:00
RUN_06875,MACHINE_H,H36288,300.9,311.3,1295,58.9,77,False,2024-01-29T15:24:00
RUN_06876,MACHINE_M,M21735,300.8,311.2,1592,32.9,82,False,2024-01-29T15:30:00
RUN_06877,MACHINE_L,L54056,300.8,311.2,1430,54.4,85,False,2024-01-29T15:36:00
RUN_06878,MACHINE_M,M21737,300.8,311.2,1488,40.1,87,False,2024-01-29T15:42:00
RUN_06879,MACHINE_H,H36292,300.9,311.2,1518,35.0,90,False,2024-01-29T15:48:00
RUN_06880,MACHINE_H,H36293,300.8,311.2,2237,17.0,95,False,2024-01-29T15:54:00
RUN_06881,MACHINE_M,M21740,300.9,311.3,1801,24.6,100,False,2024-01-29T16:00:00
RUN_06882,MACHINE_L,L54061,301.0,311.4,1573,37.6,103,False,2024-01-29T16:06:00
RUN_06883,MACHINE_L,L54062,300.9,311.4,2073,21.4,105,False,2024-01-29T16:12:00
RUN_06884,MACHINE_L,L54063,300.9,311.3,1953,19.4,107,False,2024-01-29T16:18:00
RUN_06885,MACHINE_L,L54064,300.8,311.2,1492,39.0,109,False,2024-01-29T16:24:00
RUN_06886,MACHINE_L,L54065,300.8,311.2,1397,48.7,111,False,2024-01-29T16:30:00
RUN_06887,MACHINE_M,M21746,300.8,311.3,1465,43.2,113,False,2024-01-29T16:36:00
RUN_06888,MACHINE_L,L54067,300.8,311.3,1782,26.9,116,False,2024-01-29T16:42:00
RUN_06889,MACHINE_M,M21748,300.9,311.4,1434,45.4,118,False,2024-01-29T16:48:00
RUN_06890,MACHINE_H,H36303,300.9,311.4,1387,42.7,121,False,2024-01-29T16:54:00
RUN_06891,MACHINE_M,M21750,300.9,311.4,1532,41.5,126,False,2024-01-29T17:00:00
RUN_06892,MACHINE_L,L54071,300.9,311.5,1505,41.1,129,False,2024-01-29T17:06:00
RUN_06893,MACHINE_L,L54072,301.0,311.6,1440,43.3,131,False,2024-01-29T17:12:00
RUN_06894,MACHINE_L,L54073,301.0,311.6,1470,43.4,133,False,2024-01-29T17:18:00
RUN_06895,MACHINE_L,L54074,301.1,311.7,1408,46.3,135,False,2024-01-29T17:24:00
RUN_06896,MACHINE_M,M21755,301.0,311.6,1357,45.6,137,False,2024-01-29T17:30:00
RUN_06897,MACHINE_M,M21756,301.0,311.6,1454,40.0,140,False,2024-01-29T17:36:00
RUN_06898,MACHINE_L,L54077,301.0,311.6,1352,63.5,143,False,2024-01-29T17:42:00
RUN_06899,MACHINE_M,M21758,301.0,311.6,1448,43.9,145,False,2024-01-29T17:48:00
RUN_06900,MACHINE_L,L54079,300.9,311.6,1671,33.5,148,False,2024-01-29T17:54:00
RUN_06901,MACHINE_L,L54080,301.0,311.7,1670,31.3,150,False,2024-01-29T18:00:00
RUN_06902,MACHINE_L,L54081,301.0,311.7,1547,34.5,152,False,2024-01-29T18:06:00
RUN_06903,MACHINE_L,L54082,301.0,311.6,1461,40.6,154,False,2024-01-29T18:12:00
RUN_06904,MACHINE_M,M21763,301.0,311.6,1609,35.8,156,False,2024-01-29T18:18:00
RUN_06905,MACHINE_M,M21764,300.9,311.5,1704,31.3,159,False,2024-01-29T18:24:00
RUN_06906,MACHINE_M,M21765,301.0,311.5,1550,34.9,162,False,2024-01-29T18:30:00
RUN_06907,MACHINE_M,M21766,301.0,311.5,1530,43.9,165,False,2024-01-29T18:36:00
RUN_06908,MACHINE_L,L54087,300.9,311.3,1449,40.2,168,False,2024-01-29T18:42:00
RUN_06909,MACHINE_L,L54088,300.9,311.3,1613,32.7,170,False,2024-01-29T18:48:00
RUN_06910,MACHINE_L,L54089,300.8,311.2,1376,48.1,172,False,2024-01-29T18:54:00
RUN_06911,MACHINE_L,L54090,300.8,311.2,1434,45.6,174,False,2024-01-29T19:00:00
RUN_06912,MACHINE_L,L54091,300.8,311.1,1480,41.1,176,False,2024-01-29T19:06:00
RUN_06913,MACHINE_M,M21772,300.8,311.2,1634,31.9,178,False,2024-01-29T19:12:00
RUN_06914,MACHINE_L,L54093,300.8,311.2,1481,38.5,181,False,2024-01-29T19:18:00
RUN_06915,MACHINE_H,H36328,300.9,311.3,1668,28.9,183,False,2024-01-29T19:24:00
RUN_06916,MACHINE_L,L54095,301.0,311.4,1484,36.2,188,False,2024-01-29T19:30:00
RUN_06917,MACHINE_M,M21776,300.9,311.3,1603,31.8,190,False,2024-01-29T19:36:00
RUN_06918,MACHINE_L,L54097,301.0,311.4,1481,37.5,193,False,2024-01-29T19:42:00
RUN_06919,MACHINE_L,L54098,301.0,311.5,1559,31.8,195,False,2024-01-29T19:48:00
RUN_06920,MACHINE_L,L54099,301.0,311.5,1444,39.8,197,False,2024-01-29T19:54:00
RUN_06921,MACHINE_M,M21780,301.2,311.6,1423,48.0,199,False,2024-01-29T20:00:00
RUN_06922,MACHINE_L,L54101,301.1,311.6,1432,48.1,202,False,2024-01-29T20:06:00
RUN_06923,MACHINE_L,L54102,301.2,311.7,1463,48.3,204,False,2024-01-29T20:12:00
RUN_06924,MACHINE_L,L54103,301.2,311.7,1433,49.3,206,False,2024-01-29T20:18:00
RUN_06925,MACHINE_L,L54104,301.2,311.6,1461,52.9,208,True,2024-01-29T20:24:00
RUN_06926,MACHINE_M,M21785,301.1,311.6,1266,55.5,210,False,2024-01-29T20:30:00
RUN_06927,MACHINE_H,H36340,301.1,311.6,1417,53.4,0,False,2024-01-29T20:36:00
RUN_06928,MACHINE_L,L54107,301.1,311.6,1488,43.4,5,False,2024-01-29T20:42:00
RUN_06929,MACHINE_L,L54108,301.1,311.7,1816,24.5,7,False,2024-01-29T20:48:00
RUN_06930,MACHINE_M,M21789,301.0,311.6,1301,55.0,9,False,2024-01-29T20:54:00
RUN_06931,MACHINE_M,M21790,300.9,311.5,1836,21.8,12,False,2024-01-29T21:00:00
RUN_06932,MACHINE_M,M21791,300.8,311.4,1521,39.9,15,False,2024-01-29T21:06:00
RUN_06933,MACHINE_L,L54112,300.8,311.4,1322,67.2,18,True,2024-01-29T21:12:00
RUN_06934,MACHINE_L,L54113,300.8,311.4,1492,40.6,20,False,2024-01-29T21:18:00
RUN_06935,MACHINE_L,L54114,300.8,311.4,1536,40.9,22,False,2024-01-29T21:24:00
RUN_06936,MACHINE_L,L54115,300.7,311.2,1878,24.3,24,False,2024-01-29T21:30:00
RUN_06937,MACHINE_L,L54116,300.6,311.1,1471,40.7,26,False,2024-01-29T21:36:00
RUN_06938,MACHINE_H,H36351,300.6,311.1,1452,40.2,28,False,2024-01-29T21:42:00
RUN_06939,MACHINE_L,L54118,300.7,311.2,1452,44.4,33,False,2024-01-29T21:48:00
RUN_06940,MACHINE_M,M21799,300.7,311.3,1348,53.0,35,False,2024-01-29T21:54:00
RUN_06941,MACHINE_H,H36354,300.8,311.4,1453,44.6,38,False,2024-01-29T22:00:00
RUN_06942,MACHINE_L,L54121,300.8,311.4,1316,57.6,43,False,2024-01-29T22:06:00
RUN_06943,MACHINE_M,M21802,300.8,311.4,1732,26.9,45,False,2024-01-29T22:12:00
RUN_06944,MACHINE_L,L54123,300.7,311.3,1522,35.2,48,False,2024-01-29T22:18:00
RUN_06945,MACHINE_M,M21804,300.7,311.3,1487,39.8,50,False,2024-01-29T22:24:00
RUN_06946,MACHINE_M,M21805,300.8,311.4,1852,22.2,53,False,2024-01-29T22:30:00
RUN_06947,MACHINE_L,L54126,300.7,311.2,1486,46.8,56,False,2024-01-29T22:36:00
RUN_06948,MACHINE_M,M21807,300.7,311.3,1562,37.1,58,False,2024-01-29T22:42:00
RUN_06949,MACHINE_L,L54128,300.7,311.2,1457,51.4,61,False,2024-01-29T22:48:00
RUN_06950,MACHINE_M,M21809,300.7,311.2,1769,26.5,63,False,2024-01-29T22:54:00
RUN_06951,MACHINE_H,H36364,300.7,311.3,1374,53.1,66,False,2024-01-29T23:00:00
RUN_06952,MACHINE_L,L54131,300.8,311.3,1524,43.5,71,False,2024-01-29T23:06:00
RUN_06953,MACHINE_L,L54132,300.8,311.3,1498,40.2,73,False,2024-01-29T23:12:00
RUN_06954,MACHINE_L,L54133,300.8,311.3,1462,41.4,75,False,2024-01-29T23:18:00
RUN_06955,MACHINE_M,M21814,300.8,311.2,1429,52.3,77,False,2024-01-29T23:24:00
RUN_06956,MACHINE_L,L54135,300.7,311.2,1399,47.9,80,False,2024-01-29T23:30:00
RUN_06957,MACHINE_M,M21816,300.8,311.2,1434,39.1,82,False,2024-01-29T23:36:00
RUN_06958,MACHINE_L,L54137,300.7,311.1,1324,52.2,85,False,2024-01-29T23:42:00
RUN_06959,MACHINE_L,L54138,300.6,311.0,1563,40.7,87,False,2024-01-29T23:48:00
RUN_06960,MACHINE_L,L54139,300.6,311.0,1543,34.7,89,False,2024-01-29T23:54:00
RUN_06961,MACHINE_L,L54140,300.7,311.0,1413,52.0,91,False,2024-01-30T00:00:00
RUN_06962,MACHINE_M,M21821,300.7,311.0,1378,41.2,93,False,2024-01-30T00:06:00
RUN_06963,MACHINE_M,M21822,300.7,311.1,1373,49.9,96,False,2024-01-30T00:12:00
RUN_06964,MACHINE_H,H36377,300.7,311.0,1981,19.9,99,False,2024-01-30T00:18:00
RUN_06965,MACHINE_M,M21824,300.7,311.0,1263,52.3,104,False,2024-01-30T00:24:00
RUN_06966,MACHINE_L,L54145,300.7,311.0,1312,52.1,107,False,2024-01-30T00:30:00
RUN_06967,MACHINE_L,L54146,300.7,311.0,1969,20.7,109,False,2024-01-30T00:36:00
RUN_06968,MACHINE_M,M21827,300.8,311.2,1365,51.7,111,False,2024-01-30T00:42:00
RUN_06969,MACHINE_L,L54148,300.9,311.2,1789,25.5,114,False,2024-01-30T00:48:00
RUN_06970,MACHINE_M,M21829,300.8,311.1,1583,32.1,116,False,2024-01-30T00:54:00
RUN_06971,MACHINE_L,L54150,300.7,311.0,1436,44.9,119,False,2024-01-30T01:00:00
RUN_06972,MACHINE_M,M21831,300.7,311.0,1559,42.8,121,False,2024-01-30T01:06:00
RUN_06973,MACHINE_L,L54152,300.7,311.0,1377,49.9,124,False,2024-01-30T01:12:00
RUN_06974,MACHINE_L,L54153,300.7,311.0,1462,41.9,126,False,2024-01-30T01:18:00
RUN_06975,MACHINE_L,L54154,300.7,311.0,1318,48.2,128,False,2024-01-30T01:24:00
RUN_06976,MACHINE_M,M21835,300.7,311.0,1378,51.6,130,False,2024-01-30T01:30:00
RUN_06977,MACHINE_L,L54156,300.6,310.9,1344,46.7,133,False,2024-01-30T01:36:00
RUN_06978,MACHINE_L,L54157,300.7,311.1,2377,14.3,135,False,2024-01-30T01:42:00
RUN_06979,MACHINE_L,L54158,300.7,311.1,1427,50.3,137,False,2024-01-30T01:48:00
RUN_06980,MACHINE_L,L54159,300.9,311.2,1353,60.4,139,False,2024-01-30T01:54:00
RUN_06981,MACHINE_L,L54160,300.8,311.3,1505,45.5,141,False,2024-01-30T02:00:00
RUN_06982,MACHINE_H,H36395,300.8,311.2,1612,32.5,143,False,2024-01-30T02:06:00
RUN_06983,MACHINE_L,L54162,300.7,311.1,1440,43.0,148,False,2024-01-30T02:12:00
RUN_06984,MACHINE_M,M21843,300.7,311.0,1334,53.9,150,False,2024-01-30T02:18:00
RUN_06985,MACHINE_M,M21844,300.7,311.0,1706,25.0,153,False,2024-01-30T02:24:00
RUN_06986,MACHINE_H,H36399,300.8,311.1,1698,24.8,156,False,2024-01-30T02:30:00
RUN_06987,MACHINE_L,L54166,300.7,311.1,1688,30.7,161,False,2024-01-30T02:36:00
RUN_06988,MACHINE_L,L54167,300.7,311.1,2437,13.8,163,False,2024-01-30T02:42:00
RUN_06989,MACHINE_L,L54168,300.7,311.1,1478,46.8,165,False,2024-01-30T02:48:00
RUN_06990,MACHINE_M,M21849,300.7,311.1,1608,35.3,167,False,2024-01-30T02:54:00
RUN_06991,MACHINE_L,L54170,300.7,311.1,2478,13.4,170,True,2024-01-30T03:00:00
RUN_06992,MACHINE_L,L54171,300.8,311.1,1509,33.4,172,False,2024-01-30T03:06:00
RUN_06993,MACHINE_L,L54172,300.7,311.0,1596,36.9,174,False,2024-01-30T03:12:00
RUN_06994,MACHINE_M,M21853,300.7,311.0,1740,25.6,176,False,2024-01-30T03:18:00
RUN_06995,MACHINE_L,L54174,300.6,310.8,1375,53.2,179,False,2024-01-30T03:24:00
RUN_06996,MACHINE_M,M21855,300.6,310.7,1705,31.2,181,False,2024-01-30T03:30:00
RUN_06997,MACHINE_M,M21856,300.5,310.6,1621,32.0,184,False,2024-01-30T03:36:00
RUN_06998,MACHINE_M,M21857,300.6,310.7,1566,38.2,187,False,2024-01-30T03:42:00
RUN_06999,MACHINE_M,M21858,300.6,310.7,1388,42.9,190,False,2024-01-30T03:48:00
RUN_07000,MACHINE_M,M21859,300.6,310.7,1457,36.7,193,False,2024-01-30T03:54:00
RUN_07001,MACHINE_M,M21860,300.6,310.6,1463,45.5,196,False,2024-01-30T04:00:00
RUN_07002,MACHINE_L,L54181,300.5,310.5,1564,38.2,199,False,2024-01-30T04:06:00
RUN_07003,MACHINE_H,H36416,300.5,310.6,1411,47.2,201,False,2024-01-30T04:12:00
RUN_07004,MACHINE_L,L54183,300.5,310.6,1540,46.7,206,False,2024-01-30T04:18:00
RUN_07005,MACHINE_L,L54184,300.5,310.6,1950,20.3,208,False,2024-01-30T04:24:00
RUN_07006,MACHINE_M,M21865,300.6,310.7,1339,52.9,0,False,2024-01-30T04:30:00
RUN_07007,MACHINE_H,H36420,300.6,310.6,1419,39.6,3,False,2024-01-30T04:36:00
RUN_07008,MACHINE_L,L54187,300.5,310.6,1499,45.2,8,False,2024-01-30T04:42:00
RUN_07009,MACHINE_L,L54188,300.5,310.6,1368,49.6,10,False,2024-01-30T04:48:00
RUN_07010,MACHINE_L,L54189,300.5,310.5,1536,36.2,12,False,2024-01-30T04:54:00
RUN_07011,MACHINE_M,M21870,300.5,310.5,1469,42.9,14,False,2024-01-30T05:00:00
RUN_07012,MACHINE_L,L54191,300.5,310.5,2633,12.2,17,True,2024-01-30T05:06:00
RUN_07013,MACHINE_L,L54192,300.4,310.4,1298,61.4,19,False,2024-01-30T05:12:00
RUN_07014,MACHINE_M,M21873,300.4,310.4,1544,36.3,21,False,2024-01-30T05:18:00
RUN_07015,MACHINE_H,H36428,300.5,310.5,1403,47.7,24,False,2024-01-30T05:24:00
RUN_07016,MACHINE_L,L54195,300.5,310.5,1452,42.9,29,False,2024-01-30T05:30:00
RUN_07017,MACHINE_L,L54196,300.6,310.5,1509,43.1,31,False,2024-01-30T05:36:00
RUN_07018,MACHINE_M,M21877,300.7,310.6,1474,37.0,33,False,2024-01-30T05:42:00
RUN_07019,MACHINE_M,M21878,300.7,310.7,1377,46.7,36,False,2024-01-30T05:48:00
RUN_07020,MACHINE_L,L54199,300.8,310.8,1741,27.1,39,False,2024-01-30T05:54:00
RUN_07021,MACHINE_L,L54200,300.8,310.8,1460,53.8,41,False,2024-01-30T06:00:00
RUN_07022,MACHINE_H,H36435,300.7,310.6,1631,32.6,43,False,2024-01-30T06:06:00
RUN_07023,MACHINE_L,L54202,300.7,310.5,1561,33.2,48,False,2024-01-30T06:12:00
RUN_07024,MACHINE_M,M21883,300.7,310.6,1572,38.5,50,False,2024-01-30T06:18:00
RUN_07025,MACHINE_L,L54204,300.6,310.6,2127,18.7,53,False,2024-01-30T06:24:00
RUN_07026,MACHINE_H,H36439,300.6,310.6,1448,44.7,55,False,2024-01-30T06:30:00
RUN_07027,MACHINE_L,L54206,300.6,310.7,1543,39.6,60,False,2024-01-30T06:36:00
RUN_07028,MACHINE_L,L54207,300.6,310.6,1508,34.8,62,False,2024-01-30T06:42:00
RUN_07029,MACHINE_M,M21888,300.6,310.6,1403,50.4,64,False,2024-01-30T06:48:00
RUN_07030,MACHINE_L,L54209,300.6,310.6,1454,39.7,67,False,2024-01-30T06:54:00
RUN_07031,MACHINE_L,L54210,300.7,310.8,1772,27.3,69,False,2024-01-30T07:00:00
RUN_07032,MACHINE_L,L54211,300.7,310.8,1479,49.1,71,False,2024-01-30T07:06:00
RUN_07033,MACHINE_L,L54212,300.7,310.9,1723,31.0,73,False,2024-01-30T07:12:00
RUN_07034,MACHINE_M,M21893,300.7,310.8,1469,46.4,75,False,2024-01-30T07:18:00
RUN_07035,MACHINE_H,H36448,300.6,310.6,1830,26.2,78,False,2024-01-30T07:24:00
RUN_07036,MACHINE_L,L54215,300.6,310.6,1497,38.2,83,False,2024-01-30T07:30:00
RUN_07037,MACHINE_L,L54216,300.7,310.6,1540,52.7,85,False,2024-01-30T07:36:00
RUN_07038,MACHINE_L,L54217,300.6,310.6,1514,39.5,87,False,2024-01-30T07:42:00
RUN_07039,MACHINE_L,L54218,300.7,310.6,1654,34.2,89,False,2024-01-30T07:48:00
RUN_07040,MACHINE_H,H36453,300.6,310.5,1519,37.0,91,False,2024-01-30T07:54:00
RUN_07041,MACHINE_L,L54220,300.7,310.6,1720,30.3,96,False,2024-01-30T08:00:00
RUN_07042,MACHINE_L,L54221,300.6,310.5,1470,37.7,98,False,2024-01-30T08:06:00
RUN_07043,MACHINE_L,L54222,300.6,310.5,1642,29.9,100,False,2024-01-30T08:12:00
RUN_07044,MACHINE_M,M21903,300.7,310.6,2006,19.1,102,False,2024-01-30T08:18:00
RUN_07045,MACHINE_M,M21904,300.7,310.6,1505,35.6,105,False,2024-01-30T08:24:00
RUN_07046,MACHINE_M,M21905,300.7,310.6,1609,27.6,108,False,2024-01-30T08:30:00
RUN_07047,MACHINE_M,M21906,300.7,310.5,1863,22.2,111,False,2024-01-30T08:36:00
RUN_07048,MACHINE_L,L54227,300.6,310.4,1401,42.6,114,False,2024-01-30T08:42:00
RUN_07049,MACHINE_L,L54228,300.6,310.4,2007,19.8,116,False,2024-01-30T08:48:00
RUN_07050,MACHINE_L,L54229,300.6,310.4,1494,47.3,118,False,2024-01-30T08:54:00
RUN_07051,MACHINE_L,L54230,300.6,310.4,1457,47.7,120,False,2024-01-30T09:00:00
RUN_07052,MACHINE_L,L54231,300.6,310.4,1556,37.7,122,False,2024-01-30T09:06:00
RUN_07053,MACHINE_H,H36466,300.6,310.4,1510,42.8,124,False,2024-01-30T09:12:00
RUN_07054,MACHINE_H,H36467,300.7,310.5,1567,38.7,129,False,2024-01-30T09:18:00
RUN_07055,MACHINE_H,H36468,300.7,310.5,1476,43.1,134,False,2024-01-30T09:24:00
RUN_07056,MACHINE_L,L54235,300.8,310.6,1663,30.6,139,False,2024-01-30T09:30:00
RUN_07057,MACHINE_M,M21916,300.8,310.5,1409,50.6,141,False,2024-01-30T09:36:00
RUN_07058,MACHINE_L,L54237,300.8,310.6,1666,36.2,144,False,2024-01-30T09:42:00
RUN_07059,MACHINE_L,L54238,300.7,310.6,1520,45.9,146,False,2024-01-30T09:48:00
RUN_07060,MACHINE_L,L54239,300.6,310.5,1644,33.8,148,False,2024-01-30T09:54:00
RUN_07061,MACHINE_H,H36474,300.6,310.4,1479,35.6,150,False,2024-01-30T10:00:00
RUN_07062,MACHINE_L,L54241,300.6,310.4,1446,49.7,155,False,2024-01-30T10:06:00
RUN_07063,MACHINE_M,M21922,300.6,310.4,1407,51.1,157,False,2024-01-30T10:12:00
RUN_07064,MACHINE_L,L54243,300.7,310.4,1234,51.7,160,False,2024-01-30T10:18:00
RUN_07065,MACHINE_M,M21924,300.8,310.5,1696,29.7,162,False,2024-01-30T10:24:00
RUN_07066,MACHINE_L,L54245,300.8,310.6,1384,52.9,165,False,2024-01-30T10:30:00
RUN_07067,MACHINE_M,M21926,300.8,310.7,1572,36.2,167,False,2024-01-30T10:36:00
RUN_07068,MACHINE_M,M21927,300.8,310.7,1386,42.1,170,False,2024-01-30T10:42:00
RUN_07069,MACHINE_L,L54248,300.8,310.7,1461,42.8,173,False,2024-01-30T10:48:00
RUN_07070,MACHINE_L,L54249,300.8,310.7,1525,39.4,175,False,2024-01-30T10:54:00
RUN_07071,MACHINE_L,L54250,300.7,310.7,1333,61.0,177,False,2024-01-30T11:00:00
RUN_07072,MACHINE_H,H36485,300.7,310.6,1505,40.6,179,False,2024-01-30T11:06:00
RUN_07073,MACHINE_M,M21932,300.7,310.6,1439,41.7,184,False,2024-01-30T11:12:00
RUN_07074,MACHINE_L,L54253,300.7,310.6,1491,43.2,187,False,2024-01-30T11:18:00
RUN_07075,MACHINE_M,M21934,300.7,310.6,1488,39.2,189,False,2024-01-30T11:24:00
RUN_07076,MACHINE_L,L54255,300.7,310.5,1536,47.4,192,False,2024-01-30T11:30:00
RUN_07077,MACHINE_L,L54256,300.7,310.5,1960,21.0,194,False,2024-01-30T11:36:00
RUN_07078,MACHINE_M,M21937,300.7,310.5,1594,31.0,196,False,2024-01-30T11:42:00
RUN_07079,MACHINE_L,L54258,300.7,310.5,1357,52.6,199,False,2024-01-30T11:48:00
RUN_07080,MACHINE_L,L54259,300.7,310.5,1445,41.1,201,False,2024-01-30T11:54:00
RUN_07081,MACHINE_L,L54260,300.7,310.4,1543,47.3,203,False,2024-01-30T12:00:00
RUN_07082,MACHINE_L,L54261,300.7,310.4,1366,52.6,205,False,2024-01-30T12:06:00
RUN_07083,MACHINE_L,L54262,300.7,310.3,1458,40.0,207,False,2024-01-30T12:12:00
RUN_07084,MACHINE_L,L54263,300.7,310.4,1416,61.8,209,True,2024-01-30T12:18:00
RUN_07085,MACHINE_L,L54264,300.6,310.3,1794,24.4,211,False,2024-01-30T12:24:00
RUN_07086,MACHINE_L,L54265,300.6,310.3,1484,41.0,213,False,2024-01-30T12:30:00
RUN_07087,MACHINE_L,L54266,300.6,310.4,2514,13.4,215,False,2024-01-30T12:36:00
RUN_07088,MACHINE_L,L54267,300.6,310.3,1648,30.5,217,True,2024-01-30T12:42:00
RUN_07089,MACHINE_M,M21948,300.6,310.3,1614,32.7,0,False,2024-01-30T12:48:00
RUN_07090,MACHINE_L,L54269,300.6,310.2,1622,34.1,3,False,2024-01-30T12:54:00
RUN_07091,MACHINE_M,M21950,300.6,310.2,1478,40.1,5,False,2024-01-30T13:00:00
RUN_07092,MACHINE_L,L54271,300.6,310.2,1318,51.0,8,False,2024-01-30T13:06:00
RUN_07093,MACHINE_L,L54272,300.7,310.2,1493,35.9,10,False,2024-01-30T13:12:00
RUN_07094,MACHINE_H,H36507,300.7,310.3,1369,50.7,12,False,2024-01-30T13:18:00
RUN_07095,MACHINE_L,L54274,300.6,310.2,1447,45.9,17,False,2024-01-30T13:24:00
RUN_07096,MACHINE_L,L54275,300.6,310.1,1485,49.9,19,False,2024-01-30T13:30:00
RUN_07097,MACHINE_L,L54276,300.6,310.2,1489,47.8,21,False,2024-01-30T13:36:00
RUN_07098,MACHINE_M,M21957,300.6,310.2,1233,52.3,23,False,2024-01-30T13:42:00
RUN_07099,MACHINE_L,L54278,300.7,310.2,1642,32.6,26,False,2024-01-30T13:48:00
RUN_07100,MACHINE_M,M21959,300.7,310.2,1373,44.1,28,False,2024-01-30T13:54:00
RUN_07101,MACHINE_L,L54280,300.7,310.2,1569,32.8,31,False,2024-01-30T14:00:00
RUN_07102,MACHINE_L,L54281,300.8,310.2,1850,22.8,33,False,2024-01-30T14:06:00
RUN_07103,MACHINE_M,M21962,300.8,310.3,1494,42.2,35,False,2024-01-30T14:12:00
RUN_07104,MACHINE_H,H36517,300.8,310.3,1777,30.1,38,False,2024-01-30T14:18:00
RUN_07105,MACHINE_L,L54284,300.9,310.4,1454,43.1,43,False,2024-01-30T14:24:00
RUN_07106,MACHINE_L,L54285,300.9,310.4,1536,34.2,45,False,2024-01-30T14:30:00
RUN_07107,MACHINE_L,L54286,300.8,310.5,1482,39.0,47,False,2024-01-30T14:36:00
RUN_07108,MACHINE_H,H36521,300.9,310.5,1512,41.2,49,False,2024-01-30T14:42:00
RUN_07109,MACHINE_M,M21968,300.8,310.5,1511,35.8,54,False,2024-01-30T14:48:00
RUN_07110,MACHINE_L,L54289,300.9,310.5,1599,40.5,57,False,2024-01-30T14:54:00
RUN_07111,MACHINE_M,M21970,300.8,310.4,1518,36.0,59,False,2024-01-30T15:00:00
RUN_07112,MACHINE_M,M21971,300.8,310.4,1450,39.4,62,False,2024-01-30T15:06:00
RUN_07113,MACHINE_L,L54292,300.9,310.4,1427,47.0,65,False,2024-01-30T15:12:00
RUN_07114,MACHINE_L,L54293,300.9,310.4,1561,32.7,67,False,2024-01-30T15:18:00
RUN_07115,MACHINE_H,H36528,300.9,310.4,1457,43.8,69,False,2024-01-30T15:24:00
RUN_07116,MACHINE_M,M21975,301.0,310.6,1460,53.6,74,False,2024-01-30T15:30:00
RUN_07117,MACHINE_L,L54296,301.0,310.5,1601,33.2,77,False,2024-01-30T15:36:00
RUN_07118,MACHINE_L,L54297,300.9,310.5,1570,40.1,79,False,2024-01-30T15:42:00
RUN_07119,MACHINE_L,L54298,300.9,310.5,1565,35.9,81,False,2024-01-30T15:48:00
RUN_07120,MACHINE_L,L54299,301.0,310.5,1378,44.4,83,False,2024-01-30T15:54:00
RUN_07121,MACHINE_L,L54300,300.9,310.5,2288,16.1,85,False,2024-01-30T16:00:00
RUN_07122,MACHINE_M,M21981,300.9,310.4,1375,44.7,87,False,2024-01-30T16:06:00
RUN_07123,MACHINE_L,L54302,300.9,310.4,1788,27.8,90,False,2024-01-30T16:12:00
RUN_07124,MACHINE_M,M21983,300.9,310.4,1576,40.4,92,False,2024-01-30T16:18:00
RUN_07125,MACHINE_M,M21984,300.8,310.3,1868,24.5,95,False,2024-01-30T16:24:00
RUN_07126,MACHINE_L,L54305,300.7,310.1,1261,56.6,98,False,2024-01-30T16:30:00
RUN_07127,MACHINE_M,M21986,300.6,310.0,1542,33.9,100,False,2024-01-30T16:36:00
RUN_07128,MACHINE_L,L54307,300.6,310.0,1438,53.8,103,False,2024-01-30T16:42:00
RUN_07129,MACHINE_L,L54308,300.6,310.0,1511,36.9,105,False,2024-01-30T16:48:00
RUN_07130,MACHINE_L,L54309,300.6,310.0,1635,31.0,107,False,2024-01-30T16:54:00
RUN_07131,MACHINE_L,L54310,300.6,309.9,1428,48.8,109,False,2024-01-30T17:00:00
RUN_07132,MACHINE_M,M21991,300.5,309.8,1410,44.4,111,False,2024-01-30T17:06:00
RUN_07133,MACHINE_L,L54312,300.5,309.9,1423,47.9,114,False,2024-01-30T17:12:00
RUN_07134,MACHINE_M,M21993,300.5,309.9,1552,41.3,116,False,2024-01-30T17:18:00
RUN_07135,MACHINE_M,M21994,300.5,310.0,1406,50.2,119,False,2024-01-30T17:24:00
RUN_07136,MACHINE_L,L54315,300.5,309.9,1443,48.3,122,False,2024-01-30T17:30:00
RUN_07137,MACHINE_M,M21996,300.5,309.9,1343,63.7,124,False,2024-01-30T17:36:00
RUN_07138,MACHINE_M,M21997,300.6,310.0,1486,41.2,127,False,2024-01-30T17:42:00
RUN_07139,MACHINE_L,L54318,300.6,310.1,1297,50.0,130,False,2024-01-30T17:48:00
RUN_07140,MACHINE_L,L54319,300.6,310.1,1495,42.3,132,False,2024-01-30T17:54:00
RUN_07141,MACHINE_L,L54320,300.5,309.9,1382,46.5,134,False,2024-01-30T18:00:00
RUN_07142,MACHINE_M,M22001,300.4,309.8,1356,44.4,136,False,2024-01-30T18:06:00
RUN_07143,MACHINE_H,H36556,300.3,309.7,1452,41.5,139,False,2024-01-30T18:12:00
RUN_07144,MACHINE_H,H36557,300.3,309.7,1582,30.8,144,False,2024-01-30T18:18:00
RUN_07145,MACHINE_M,M22004,300.4,309.8,1517,40.3,149,False,2024-01-30T18:24:00
RUN_07146,MACHINE_L,L54325,300.5,310.0,1413,44.5,152,False,2024-01-30T18:30:00
RUN_07147,MACHINE_L,L54326,300.4,309.9,1496,31.8,154,False,2024-01-30T18:36:00
RUN_07148,MACHINE_L,L54327,300.3,309.8,1466,41.2,156,False,2024-01-30T18:42:00
RUN_07149,MACHINE_M,M22008,300.3,309.8,1617,40.8,158,False,2024-01-30T18:48:00
RUN_07150,MACHINE_L,L54329,300.2,309.8,1506,41.8,161,False,2024-01-30T18:54:00
RUN_07151,MACHINE_L,L54330,300.2,309.8,1401,49.3,163,False,2024-01-30T19:00:00
RUN_07152,MACHINE_H,H36565,300.2,309.9,1906,22.9,165,False,2024-01-30T19:06:00
RUN_07153,MACHINE_L,L54332,300.2,309.9,1566,36.4,170,False,2024-01-30T19:12:00
RUN_07154,MACHINE_L,L54333,300.2,310.0,1493,47.3,172,False,2024-01-30T19:18:00
RUN_07155,MACHINE_L,L54334,300.3,310.1,1483,39.9,174,False,2024-01-30T19:24:00
RUN_07156,MACHINE_M,M22015,300.2,309.9,1569,31.2,176,False,2024-01-30T19:30:00
RUN_07157,MACHINE_M,M22016,300.2,310.0,1664,30.7,179,False,2024-01-30T19:36:00
RUN_07158,MACHINE_L,L54337,300.2,310.0,1486,40.1,182,False,2024-01-30T19:42:00
RUN_07159,MACHINE_L,L54338,300.2,310.0,1389,53.6,184,False,2024-01-30T19:48:00
RUN_07160,MACHINE_L,L54339,300.1,310.0,1511,41.7,186,False,2024-01-30T19:54:00
RUN_07161,MACHINE_M,M22020,300.2,310.1,1485,40.5,188,False,2024-01-30T20:00:00
RUN_07162,MACHINE_L,L54341,300.2,310.2,1440,42.9,191,False,2024-01-30T20:06:00
RUN_07163,MACHINE_L,L54342,300.2,310.2,1378,43.9,193,False,2024-01-30T20:12:00
RUN_07164,MACHINE_M,M22023,300.1,310.1,1501,39.3,195,False,2024-01-30T20:18:00
RUN_07165,MACHINE_M,M22024,300.2,310.1,1474,44.0,198,False,2024-01-30T20:24:00
RUN_07166,MACHINE_L,L54345,300.2,310.1,1392,47.9,201,False,2024-01-30T20:30:00
RUN_07167,MACHINE_M,M22026,300.3,310.2,1429,44.7,203,False,2024-01-30T20:36:00
RUN_07168,MACHINE_L,L54347,300.3,310.3,1362,60.3,206,True,2024-01-30T20:42:00
RUN_07169,MACHINE_L,L54348,300.3,310.3,1704,29.5,0,False,2024-01-30T20:48:00
RUN_07170,MACHINE_L,L54349,300.3,310.2,1492,52.3,2,False,2024-01-30T20:54:00
RUN_07171,MACHINE_M,M22030,300.3,310.2,1442,39.5,4,False,2024-01-30T21:00:00
RUN_07172,MACHINE_M,M22031,300.2,310.2,1438,51.5,7,False,2024-01-30T21:06:00
RUN_07173,MACHINE_M,M22032,300.1,310.1,1402,46.6,10,False,2024-01-30T21:12:00
RUN_07174,MACHINE_L,L54353,300.1,310.1,1684,30.8,13,False,2024-01-30T21:18:00
RUN_07175,MACHINE_L,L54354,300.2,310.2,1530,48.5,15,False,2024-01-30T21:24:00
RUN_07176,MACHINE_L,L54355,300.1,310.1,1569,43.5,17,False,2024-01-30T21:30:00
RUN_07177,MACHINE_L,L54356,300.1,310.1,1650,31.6,19,False,2024-01-30T21:36:00
RUN_07178,MACHINE_L,L54357,300.2,310.2,1415,49.6,21,False,2024-01-30T21:42:00
RUN_07179,MACHINE_L,L54358,300.2,310.2,1600,31.5,23,False,2024-01-30T21:48:00
RUN_07180,MACHINE_L,L54359,300.2,310.1,1523,42.3,25,False,2024-01-30T21:54:00
RUN_07181,MACHINE_M,M22040,300.2,310.2,1628,30.3,27,False,2024-01-30T22:00:00
RUN_07182,MACHINE_L,L54361,300.2,310.3,1331,52.1,30,False,2024-01-30T22:06:00
RUN_07183,MACHINE_L,L54362,300.3,310.3,2158,16.8,32,False,2024-01-30T22:12:00
RUN_07184,MACHINE_L,L54363,300.2,310.3,1445,50.9,34,False,2024-01-30T22:18:00
RUN_07185,MACHINE_M,M22044,300.2,310.3,1593,36.1,36,False,2024-01-30T22:24:00
RUN_07186,MACHINE_L,L54365,300.3,310.4,1672,29.2,39,False,2024-01-30T22:30:00
RUN_07187,MACHINE_M,M22046,300.4,310.5,1644,31.4,41,False,2024-01-30T22:36:00
RUN_07188,MACHINE_L,L54367,300.4,310.5,1402,54.3,44,False,2024-01-30T22:42:00
RUN_07189,MACHINE_L,L54368,300.4,310.4,1286,56.8,46,False,2024-01-30T22:48:00
RUN_07190,MACHINE_L,L54369,300.4,310.4,1486,46.3,48,False,2024-01-30T22:54:00
RUN_07191,MACHINE_L,L54370,300.3,310.3,1345,46.3,50,False,2024-01-30T23:00:00
RUN_07192,MACHINE_L,L54371,300.3,310.3,1629,34.1,52,False,2024-01-30T23:06:00
RUN_07193,MACHINE_M,M22052,300.2,310.2,1429,43.8,54,False,2024-01-30T23:12:00
RUN_07194,MACHINE_L,L54373,300.1,310.1,1306,64.7,57,False,2024-01-30T23:18:00
RUN_07195,MACHINE_L,L54374,300.1,310.1,1380,52.6,59,False,2024-01-30T23:24:00
RUN_07196,MACHINE_M,M22055,300.1,310.1,1443,49.3,61,False,2024-01-30T23:30:00
RUN_07197,MACHINE_H,H36610,300.1,310.1,1426,42.7,64,False,2024-01-30T23:36:00
RUN_07198,MACHINE_L,L54377,300.0,310.0,1486,41.8,69,False,2024-01-30T23:42:00
RUN_07199,MACHINE_M,M22058,300.0,309.9,1530,34.5,71,False,2024-01-30T23:48:00
RUN_07200,MACHINE_L,L54379,300.0,309.9,1507,41.4,74,False,2024-01-30T23:54:00
RUN_07201,MACHINE_L,L54380,300.0,309.9,1608,33.4,76,False,2024-01-31T00:00:00
RUN_07202,MACHINE_L,L54381,300.0,309.8,1474,40.6,78,False,2024-01-31T00:06:00
RUN_07203,MACHINE_L,L54382,300.0,309.7,1326,61.9,80,False,2024-01-31T00:12:00
RUN_07204,MACHINE_M,M22063,299.8,309.6,1434,48.0,82,False,2024-01-31T00:18:00
RUN_07205,MACHINE_L,L54384,299.8,309.6,1526,41.7,85,False,2024-01-31T00:24:00
RUN_07206,MACHINE_L,L54385,299.8,309.7,1483,39.6,87,False,2024-01-31T00:30:00
RUN_07207,MACHINE_L,L54386,299.8,309.7,1457,51.9,89,False,2024-01-31T00:36:00
RUN_07208,MACHINE_M,M22067,299.7,309.6,1540,34.4,91,False,2024-01-31T00:42:00
RUN_07209,MACHINE_L,L54388,299.8,309.7,1707,29.1,94,False,2024-01-31T00:48:00
RUN_07210,MACHINE_L,L54389,299.8,309.7,1624,34.2,96,False,2024-01-31T00:54:00
RUN_07211,MACHINE_M,M22070,299.8,309.6,1331,50.2,98,False,2024-01-31T01:00:00
RUN_07212,MACHINE_L,L54391,299.8,309.7,1431,40.3,101,False,2024-01-31T01:06:00
RUN_07213,MACHINE_M,M22072,299.8,309.7,1705,28.5,103,False,2024-01-31T01:12:00
RUN_07214,MACHINE_M,M22073,299.8,309.8,1427,45.2,106,False,2024-01-31T01:18:00
RUN_07215,MACHINE_M,M22074,299.9,309.8,1625,41.2,109,False,2024-01-31T01:24:00
RUN_07216,MACHINE_L,L54395,299.9,309.8,1477,47.7,112,False,2024-01-31T01:30:00
RUN_07217,MACHINE_M,M22076,300.0,309.9,1651,28.1,114,False,2024-01-31T01:36:00
RUN_07218,MACHINE_L,L54397,299.9,309.8,1716,28.2,117,False,2024-01-31T01:42:00
RUN_07219,MACHINE_H,H36632,299.9,309.8,1400,48.7,119,False,2024-01-31T01:48:00
RUN_07220,MACHINE_M,M22079,299.8,309.7,1556,37.7,124,False,2024-01-31T01:54:00
RUN_07221,MACHINE_L,L54400,299.8,309.7,1429,42.6,127,False,2024-01-31T02:00:00
RUN_07222,MACHINE_H,H36635,299.7,309.6,1433,49.6,129,False,2024-01-31T02:06:00
RUN_07223,MACHINE_M,M22082,299.8,309.7,1320,61.7,134,False,2024-01-31T02:12:00
RUN_07224,MACHINE_L,L54403,299.8,309.6,1374,51.6,137,False,2024-01-31T02:18:00
RUN_07225,MACHINE_L,L54404,299.8,309.6,1598,31.0,139,False,2024-01-31T02:24:00
RUN_07226,MACHINE_M,M22085,299.8,309.7,1910,21.8,141,False,2024-01-31T02:30:00
RUN_07227,MACHINE_L,L54406,299.7,309.6,1399,51.3,144,False,2024-01-31T02:36:00
RUN_07228,MACHINE_L,L54407,299.7,309.6,1720,27.1,146,False,2024-01-31T02:42:00
RUN_07229,MACHINE_H,H36642,299.8,309.7,1368,47.4,148,False,2024-01-31T02:48:00
RUN_07230,MACHINE_L,L54409,299.8,309.8,1749,33.4,153,False,2024-01-31T02:54:00
RUN_07231,MACHINE_L,L54410,299.8,309.8,1542,39.4,155,False,2024-01-31T03:00:00
RUN_07232,MACHINE_L,L54411,299.8,309.9,1553,36.6,157,False,2024-01-31T03:06:00
RUN_07233,MACHINE_M,M22092,299.9,309.9,1639,42.1,159,False,2024-01-31T03:12:00
RUN_07234,MACHINE_L,L54413,299.9,310.0,1447,45.9,162,False,2024-01-31T03:18:00
RUN_07235,MACHINE_M,M22094,299.8,310.0,1397,48.1,164,False,2024-01-31T03:24:00
RUN_07236,MACHINE_L,L54415,299.8,310.0,1361,53.8,167,False,2024-01-31T03:30:00
RUN_07237,MACHINE_M,M22096,299.8,310.0,1460,37.1,169,False,2024-01-31T03:36:00
RUN_07238,MACHINE_M,M22097,299.8,310.0,1632,33.7,172,False,2024-01-31T03:42:00
RUN_07239,MACHINE_L,L54418,299.8,310.0,1697,36.0,175,False,2024-01-31T03:48:00
RUN_07240,MACHINE_L,L54419,299.8,310.1,1553,42.0,177,False,2024-01-31T03:54:00
RUN_07241,MACHINE_M,M22100,299.9,310.1,1362,56.3,179,False,2024-01-31T04:00:00
RUN_07242,MACHINE_M,M22101,299.9,310.0,1484,42.1,182,False,2024-01-31T04:06:00
RUN_07243,MACHINE_H,H36656,299.9,310.1,1447,51.4,185,False,2024-01-31T04:12:00
RUN_07244,MACHINE_M,M22103,300.0,310.2,1393,51.2,190,False,2024-01-31T04:18:00
RUN_07245,MACHINE_L,L54424,300.0,310.2,1760,26.9,193,False,2024-01-31T04:24:00
RUN_07246,MACHINE_L,L54425,300.0,310.1,1477,34.6,195,False,2024-01-31T04:30:00
RUN_07247,MACHINE_L,L54426,299.9,310.1,1681,29.1,197,False,2024-01-31T04:36:00
RUN_07248,MACHINE_M,M22107,300.0,310.1,1314,53.5,199,False,2024-01-31T04:42:00
RUN_07249,MACHINE_L,L54428,300.0,310.1,1762,28.0,202,False,2024-01-31T04:48:00
RUN_07250,MACHINE_L,L54429,299.9,310.0,1402,44.7,204,False,2024-01-31T04:54:00
RUN_07251,MACHINE_M,M22110,300.1,310.2,1429,42.0,206,False,2024-01-31T05:00:00
RUN_07252,MACHINE_M,M22111,300.2,310.3,1448,40.1,209,False,2024-01-31T05:06:00
RUN_07253,MACHINE_H,H36666,300.2,310.4,1501,42.9,212,False,2024-01-31T05:12:00
RUN_07254,MACHINE_L,L54433,300.3,310.5,1522,39.1,217,False,2024-01-31T05:18:00
RUN_07255,MACHINE_L,L54434,300.3,310.4,1493,37.5,219,False,2024-01-31T05:24:00
RUN_07256,MACHINE_M,M22115,300.2,310.3,1704,29.4,221,False,2024-01-31T05:30:00
RUN_07257,MACHINE_H,H36670,300.2,310.3,1408,42.5,0,False,2024-01-31T05:36:00
RUN_07258,MACHINE_L,L54437,300.2,310.4,1518,41.8,5,False,2024-01-31T05:42:00
RUN_07259,MACHINE_L,L54438,300.3,310.4,1742,25.9,7,False,2024-01-31T05:48:00
RUN_07260,MACHINE_M,M22119,300.4,310.5,1500,43.0,9,False,2024-01-31T05:54:00
RUN_07261,MACHINE_L,L54440,300.4,310.5,2424,14.5,12,False,2024-01-31T06:00:00
RUN_07262,MACHINE_L,L54441,300.4,310.5,1818,25.1,14,False,2024-01-31T06:06:00
RUN_07263,MACHINE_M,M22122,300.4,310.6,1545,35.6,16,False,2024-01-31T06:12:00
RUN_07264,MACHINE_L,L54443,300.4,310.6,1429,46.9,19,False,2024-01-31T06:18:00
RUN_07265,MACHINE_M,M22124,300.4,310.6,1448,44.9,21,False,2024-01-31T06:24:00
RUN_07266,MACHINE_L,L54445,300.4,310.6,1384,48.7,24,False,2024-01-31T06:30:00
RUN_07267,MACHINE_L,L54446,300.4,310.5,1578,32.8,26,False,2024-01-31T06:36:00
RUN_07268,MACHINE_L,L54447,300.5,310.5,1695,26.7,28,False,2024-01-31T06:42:00
RUN_07269,MACHINE_L,L54448,300.5,310.6,1543,36.2,30,False,2024-01-31T06:48:00
RUN_07270,MACHINE_M,M22129,300.4,310.5,1540,33.4,32,False,2024-01-31T06:54:00
RUN_07271,MACHINE_L,L54450,300.2,310.4,1808,25.8,35,False,2024-01-31T07:00:00
RUN_07272,MACHINE_M,M22131,300.3,310.4,1293,49.7,37,False,2024-01-31T07:06:00
RUN_07273,MACHINE_L,L54452,300.2,310.3,1202,59.5,40,False,2024-01-31T07:12:00
RUN_07274,MACHINE_M,M22133,300.2,310.3,1704,29.2,42,False,2024-01-31T07:18:00
RUN_07275,MACHINE_M,M22134,300.2,310.3,1478,38.1,45,False,2024-01-31T07:24:00
RUN_07276,MACHINE_L,L54455,300.2,310.3,1514,38.7,48,False,2024-01-31T07:30:00
RUN_07277,MACHINE_M,M22136,300.1,310.3,1350,48.8,50,False,2024-01-31T07:36:00
RUN_07278,MACHINE_L,L54457,300.1,310.2,1475,54.2,53,False,2024-01-31T07:42:00
RUN_07279,MACHINE_H,H36692,300.0,310.1,1714,28.7,55,False,2024-01-31T07:48:00
RUN_07280,MACHINE_L,L54459,300.0,310.1,1465,40.9,60,False,2024-01-31T07:54:00
RUN_07281,MACHINE_L,L54460,299.9,310.2,1288,69.6,62,True,2024-01-31T08:00:00
RUN_07282,MACHINE_L,L54461,300.0,310.2,1675,29.7,64,False,2024-01-31T08:06:00
RUN_07283,MACHINE_L,L54462,300.0,310.2,1486,36.4,66,False,2024-01-31T08:12:00
RUN_07284,MACHINE_M,M22143,300.0,310.2,1443,58.7,68,False,2024-01-31T08:18:00
RUN_07285,MACHINE_M,M22144,300.1,310.3,1345,57.1,71,False,2024-01-31T08:24:00
RUN_07286,MACHINE_M,M22145,300.2,310.4,1202,61.7,74,False,2024-01-31T08:30:00
RUN_07287,MACHINE_M,M22146,300.1,310.4,1480,37.1,77,False,2024-01-31T08:36:00
RUN_07288,MACHINE_M,M22147,300.2,310.4,1530,35.7,80,False,2024-01-31T08:42:00
RUN_07289,MACHINE_M,M22148,300.2,310.6,1983,20.8,83,False,2024-01-31T08:48:00
RUN_07290,MACHINE_L,L54469,300.3,310.6,1433,53.8,86,False,2024-01-31T08:54:00
RUN_07291,MACHINE_L,L54470,300.3,310.6,1806,24.4,88,False,2024-01-31T09:00:00
RUN_07292,MACHINE_L,L54471,300.2,310.5,1416,46.7,90,False,2024-01-31T09:06:00
RUN_07293,MACHINE_M,M22152,300.1,310.4,1556,38.1,92,False,2024-01-31T09:12:00
RUN_07294,MACHINE_L,L54473,300.1,310.5,1627,29.2,95,False,2024-01-31T09:18:00
RUN_07295,MACHINE_L,L54474,300.1,310.6,1809,24.3,97,False,2024-01-31T09:24:00
RUN_07296,MACHINE_M,M22155,300.1,310.5,1329,57.4,99,False,2024-01-31T09:30:00
RUN_07297,MACHINE_H,H36710,300.0,310.4,1881,21.9,102,False,2024-01-31T09:36:00
RUN_07298,MACHINE_L,L54477,300.1,310.5,1500,39.8,107,False,2024-01-31T09:42:00
RUN_07299,MACHINE_L,L54478,300.1,310.5,1532,36.0,109,False,2024-01-31T09:48:00
RUN_07300,MACHINE_L,L54479,300.1,310.5,1492,50.9,111,False,2024-01-31T09:54:00
RUN_07301,MACHINE_L,L54480,300.2,310.6,1431,42.3,113,False,2024-01-31T10:00:00
RUN_07302,MACHINE_L,L54481,300.1,310.4,1554,39.4,115,False,2024-01-31T10:06:00
RUN_07303,MACHINE_L,L54482,300.1,310.5,1494,44.2,117,False,2024-01-31T10:12:00
RUN_07304,MACHINE_L,L54483,300.1,310.6,1374,45.4,119,False,2024-01-31T10:18:00
RUN_07305,MACHINE_L,L54484,300.1,310.5,1394,44.3,121,False,2024-01-31T10:24:00
RUN_07306,MACHINE_M,M22165,300.0,310.5,1790,25.7,123,False,2024-01-31T10:30:00
RUN_07307,MACHINE_L,L54486,300.1,310.5,1356,45.8,126,False,2024-01-31T10:36:00
RUN_07308,MACHINE_M,M22167,300.0,310.4,1385,52.1,128,False,2024-01-31T10:42:00
RUN_07309,MACHINE_L,L54488,300.0,310.4,1333,49.1,131,False,2024-01-31T10:48:00
RUN_07310,MACHINE_L,L54489,300.0,310.4,1505,44.9,133,False,2024-01-31T10:54:00
RUN_07311,MACHINE_L,L54490,300.0,310.5,1606,33.5,135,False,2024-01-31T11:00:00
RUN_07312,MACHINE_H,H36725,300.0,310.5,1558,36.7,137,False,2024-01-31T11:06:00
RUN_07313,MACHINE_L,L54492,300.0,310.5,1412,52.4,142,False,2024-01-31T11:12:00
RUN_07314,MACHINE_L,L54493,299.9,310.4,1408,38.4,144,False,2024-01-31T11:18:00
RUN_07315,MACHINE_L,L54494,299.9,310.3,1268,53.3,146,False,2024-01-31T11:24:00
RUN_07316,MACHINE_L,L54495,299.9,310.4,1470,50.0,148,False,2024-01-31T11:30:00
RUN_07317,MACHINE_L,L54496,299.9,310.4,1497,47.0,150,False,2024-01-31T11:36:00
RUN_07318,MACHINE_L,L54497,299.9,310.3,1638,29.1,152,False,2024-01-31T11:42:00
RUN_07319,MACHINE_H,H36732,299.9,310.3,1535,43.9,154,False,2024-01-31T11:48:00
RUN_07320,MACHINE_L,L54499,299.8,310.2,1654,32.7,159,False,2024-01-31T11:54:00
RUN_07321,MACHINE_H,H36734,299.8,310.2,1411,49.7,161,False,2024-01-31T12:00:00
RUN_07322,MACHINE_L,L54501,299.8,310.2,1911,23.5,166,False,2024-01-31T12:06:00
RUN_07323,MACHINE_H,H36736,299.8,310.2,1573,33.3,168,False,2024-01-31T12:12:00
RUN_07324,MACHINE_L,L54503,299.9,310.2,1479,46.3,173,False,2024-01-31T12:18:00
RUN_07325,MACHINE_M,M22184,299.9,310.4,1820,26.6,175,False,2024-01-31T12:24:00
RUN_07326,MACHINE_L,L54505,299.9,310.4,1419,45.7,178,False,2024-01-31T12:30:00
RUN_07327,MACHINE_M,M22186,299.9,310.5,1335,52.9,180,False,2024-01-31T12:36:00
RUN_07328,MACHINE_M,M22187,299.9,310.5,1576,39.4,183,False,2024-01-31T12:42:00
RUN_07329,MACHINE_L,L54508,300.0,310.5,1517,42.2,186,False,2024-01-31T12:48:00
RUN_07330,MACHINE_M,M22189,299.9,310.4,1576,34.3,188,False,2024-01-31T12:54:00
RUN_07331,MACHINE_H,H36744,299.8,310.2,1537,36.6,191,False,2024-01-31T13:00:00
RUN_07332,MACHINE_L,L54511,299.8,310.3,1524,34.2,196,False,2024-01-31T13:06:00
RUN_07333,MACHINE_M,M22192,299.8,310.3,1805,23.7,198,False,2024-01-31T13:12:00
RUN_07334,MACHINE_M,M22193,299.9,310.4,1367,53.3,201,False,2024-01-31T13:18:00
RUN_07335,MACHINE_L,L54514,299.8,310.4,1694,30.3,204,False,2024-01-31T13:24:00
RUN_07336,MACHINE_L,L54515,299.9,310.4,1328,49.9,206,False,2024-01-31T13:30:00
RUN_07337,MACHINE_H,H36750,299.9,310.5,1549,42.8,208,False,2024-01-31T13:36:00
RUN_07338,MACHINE_L,L54517,299.9,310.5,1539,32.8,213,False,2024-01-31T13:42:00
RUN_07339,MACHINE_L,L54518,299.8,310.5,1496,38.8,215,False,2024-01-31T13:48:00
RUN_07340,MACHINE_L,L54519,299.8,310.4,1579,36.4,0,False,2024-01-31T13:54:00
RUN_07341,MACHINE_L,L54520,299.7,310.3,1386,46.6,2,False,2024-01-31T14:00:00
RUN_07342,MACHINE_L,L54521,299.7,310.3,1505,37.7,4,False,2024-01-31T14:06:00
RUN_07343,MACHINE_M,M22202,299.7,310.3,1661,34.5,6,False,2024-01-31T14:12:00
RUN_07344,MACHINE_L,L54523,299.6,310.2,1468,48.0,9,False,2024-01-31T14:18:00
RUN_07345,MACHINE_L,L54524,299.6,310.1,1384,49.8,11,False,2024-01-31T14:24:00
RUN_07346,MACHINE_L,L54525,299.6,310.2,1381,60.5,13,False,2024-01-31T14:30:00
RUN_07347,MACHINE_L,L54526,299.6,310.2,1469,47.0,15,False,2024-01-31T14:36:00
RUN_07348,MACHINE_L,L54527,299.6,310.2,1627,36.6,17,False,2024-01-31T14:42:00
RUN_07349,MACHINE_H,H36762,299.7,310.3,1462,40.4,19,False,2024-01-31T14:48:00
RUN_07350,MACHINE_L,L54529,299.7,310.2,1633,36.5,24,False,2024-01-31T14:54:00
RUN_07351,MACHINE_L,L54530,299.7,310.2,1469,39.5,26,False,2024-01-31T15:00:00
RUN_07352,MACHINE_L,L54531,299.7,310.2,1458,43.4,28,False,2024-01-31T15:06:00
RUN_07353,MACHINE_M,M22212,299.7,310.2,1440,42.8,30,False,2024-01-31T15:12:00
RUN_07354,MACHINE_L,L54533,299.8,310.3,1687,30.4,33,False,2024-01-31T15:18:00
RUN_07355,MACHINE_M,M22214,299.7,310.3,1429,47.7,35,False,2024-01-31T15:24:00
RUN_07356,MACHINE_L,L54535,299.6,310.2,1588,34.1,38,False,2024-01-31T15:30:00
RUN_07357,MACHINE_L,L54536,299.6,310.2,1333,51.2,40,False,2024-01-31T15:36:00
RUN_07358,MACHINE_L,L54537,299.6,310.1,1487,42.9,42,False,2024-01-31T15:42:00
RUN_07359,MACHINE_M,M22218,299.5,310.1,1659,31.5,44,False,2024-01-31T15:48:00
RUN_07360,MACHINE_M,M22219,299.4,310.0,1512,43.2,47,False,2024-01-31T15:54:00
RUN_07361,MACHINE_L,L54540,299.5,310.1,1585,35.2,50,False,2024-01-31T16:00:00
RUN_07362,MACHINE_L,L54541,299.5,310.0,1502,38.5,52,False,2024-01-31T16:06:00
RUN_07363,MACHINE_L,L54542,299.5,310.0,1594,35.1,54,False,2024-01-31T16:12:00
RUN_07364,MACHINE_L,L54543,299.5,310.0,1412,48.9,56,False,2024-01-31T16:18:00
RUN_07365,MACHINE_L,L54544,299.5,309.9,1402,51.7,58,False,2024-01-31T16:24:00
RUN_07366,MACHINE_L,L54545,299.6,310.1,2057,20.4,60,False,2024-01-31T16:30:00
RUN_07367,MACHINE_H,H36780,299.6,310.1,1531,36.8,62,False,2024-01-31T16:36:00
RUN_07368,MACHINE_M,M22227,299.5,310.1,1359,61.1,67,False,2024-01-31T16:42:00
RUN_07369,MACHINE_M,M22228,299.6,310.2,1620,30.0,70,False,2024-01-31T16:48:00
RUN_07370,MACHINE_M,M22229,299.6,310.1,1646,29.6,73,False,2024-01-31T16:54:00
RUN_07371,MACHINE_M,M22230,299.6,310.1,1455,46.1,76,False,2024-01-31T17:00:00
RUN_07372,MACHINE_L,L54551,299.6,310.2,1512,44.0,79,False,2024-01-31T17:06:00
RUN_07373,MACHINE_L,L54552,299.6,310.2,1473,42.7,81,False,2024-01-31T17:12:00
RUN_07374,MACHINE_L,L54553,299.6,310.1,1553,38.0,83,False,2024-01-31T17:18:00
RUN_07375,MACHINE_L,L54554,299.5,310.0,1379,50.4,85,False,2024-01-31T17:24:00
RUN_07376,MACHINE_M,M22235,299.4,309.9,1567,40.6,87,False,2024-01-31T17:30:00
RUN_07377,MACHINE_L,L54556,299.5,310.0,1481,43.1,90,False,2024-01-31T17:36:00
RUN_07378,MACHINE_L,L54557,299.5,310.0,1349,52.7,92,False,2024-01-31T17:42:00
RUN_07379,MACHINE_L,L54558,299.5,310.0,1388,52.4,94,False,2024-01-31T17:48:00
RUN_07380,MACHINE_M,M22239,299.6,310.1,1357,48.7,96,False,2024-01-31T17:54:00
RUN_07381,MACHINE_L,L54560,299.6,310.2,1743,24.8,99,False,2024-01-31T18:00:00
RUN_07382,MACHINE_L,L54561,299.7,310.3,1495,43.1,101,False,2024-01-31T18:06:00
RUN_07383,MACHINE_L,L54562,299.8,310.4,1698,28.3,103,False,2024-01-31T18:12:00
RUN_07384,MACHINE_M,M22243,299.7,310.4,1410,44.5,105,False,2024-01-31T18:18:00
RUN_07385,MACHINE_L,L54564,299.7,310.4,1614,36.2,108,False,2024-01-31T18:24:00
RUN_07386,MACHINE_M,M22245,299.8,310.5,1375,53.9,110,False,2024-01-31T18:30:00
RUN_07387,MACHINE_M,M22246,299.8,310.6,1574,31.8,113,False,2024-01-31T18:36:00
RUN_07388,MACHINE_H,H36801,299.8,310.6,1423,44.6,116,False,2024-01-31T18:42:00
RUN_07389,MACHINE_M,M22248,299.8,310.6,1694,31.3,121,False,2024-01-31T18:48:00
RUN_07390,MACHINE_L,L54569,299.8,310.6,1707,32.5,124,False,2024-01-31T18:54:00
RUN_07391,MACHINE_M,M22250,299.7,310.5,1490,41.2,126,False,2024-01-31T19:00:00
RUN_07392,MACHINE_L,L54571,299.7,310.6,1675,31.3,129,False,2024-01-31T19:06:00
RUN_07393,MACHINE_M,M22252,299.7,310.5,1492,39.3,131,False,2024-01-31T19:12:00
RUN_07394,MACHINE_M,M22253,299.7,310.5,1594,35.4,134,False,2024-01-31T19:18:00
RUN_07395,MACHINE_L,L54574,299.7,310.6,1479,38.0,137,False,2024-01-31T19:24:00
RUN_07396,MACHINE_M,M22255,299.7,310.6,1572,38.0,139,False,2024-01-31T19:30:00
RUN_07397,MACHINE_L,L54576,299.7,310.6,1616,35.1,142,False,2024-01-31T19:36:00
RUN_07398,MACHINE_L,L54577,299.7,310.6,1737,26.1,144,False,2024-01-31T19:42:00
RUN_07399,MACHINE_M,M22258,299.7,310.7,1498,37.8,146,False,2024-01-31T19:48:00
RUN_07400,MACHINE_L,L54579,299.6,310.6,1642,35.1,149,False,2024-01-31T19:54:00
RUN_07401,MACHINE_M,M22260,299.6,310.6,1633,34.2,151,False,2024-01-31T20:00:00
RUN_07402,MACHINE_L,L54581,299.8,310.8,1409,51.9,154,False,2024-01-31T20:06:00
RUN_07403,MACHINE_M,M22262,299.8,310.8,1463,43.5,156,False,2024-01-31T20:12:00
RUN_07404,MACHINE_L,L54583,299.8,310.8,1376,48.6,159,False,2024-01-31T20:18:00
RUN_07405,MACHINE_L,L54584,299.8,310.8,1553,32.2,161,False,2024-01-31T20:24:00
RUN_07406,MACHINE_M,M22265,299.8,310.8,1530,35.2,163,False,2024-01-31T20:30:00
RUN_07407,MACHINE_L,L54586,299.8,310.9,1545,40.7,166,False,2024-01-31T20:36:00
RUN_07408,MACHINE_H,H36821,299.8,310.9,1427,47.2,168,False,2024-01-31T20:42:00
RUN_07409,MACHINE_L,L54588,299.9,310.9,1292,51.1,173,False,2024-01-31T20:48:00
RUN_07410,MACHINE_L,L54589,299.8,310.9,2084,17.6,175,False,2024-01-31T20:54:00
RUN_07411,MACHINE_L,L54590,299.9,311.0,1747,27.6,177,False,2024-01-31T21:00:00
RUN_07412,MACHINE_L,L54591,300.0,311.1,1425,47.8,179,False,2024-01-31T21:06:00
RUN_07413,MACHINE_L,L54592,300.0,311.0,1637,33.6,181,False,2024-01-31T21:12:00
RUN_07414,MACHINE_M,M22273,300.1,311.1,1616,35.2,183,False,2024-01-31T21:18:00
RUN_07415,MACHINE_L,L54594,300.1,311.1,1619,33.4,186,False,2024-01-31T21:24:00
RUN_07416,MACHINE_L,L54595,300.1,311.2,1489,39.1,188,False,2024-01-31T21:30:00
RUN_07417,MACHINE_M,M22276,300.1,311.2,1452,42.4,190,False,2024-01-31T21:36:00
RUN_07418,MACHINE_M,M22277,300.1,311.3,1495,41.0,193,False,2024-01-31T21:42:00
RUN_07419,MACHINE_M,M22278,300.2,311.4,1427,39.7,196,False,2024-01-31T21:48:00
RUN_07420,MACHINE_L,L54599,300.1,311.4,1572,36.2,199,False,2024-01-31T21:54:00
RUN_07421,MACHINE_L,L54600,300.1,311.3,1547,40.0,201,False,2024-01-31T22:00:00
RUN_07422,MACHINE_M,M22281,300.1,311.4,1342,48.5,203,False,2024-01-31T22:06:00
RUN_07423,MACHINE_L,L54602,300.0,311.2,1351,44.1,206,False,2024-01-31T22:12:00
RUN_07424,MACHINE_L,L54603,300.0,311.3,1407,47.3,208,False,2024-01-31T22:18:00
RUN_07425,MACHINE_M,M22284,300.1,311.4,1575,29.8,210,False,2024-01-31T22:24:00
RUN_07426,MACHINE_M,M22285,300.0,311.4,1791,24.1,213,False,2024-01-31T22:30:00
RUN_07427,MACHINE_M,M22286,300.0,311.4,1692,29.0,216,True,2024-01-31T22:36:00
RUN_07428,MACHINE_L,L54607,300.0,311.4,1634,31.9,0,False,2024-01-31T22:42:00
RUN_07429,MACHINE_M,M22288,300.0,311.4,1864,23.3,2,False,2024-01-31T22:48:00
RUN_07430,MACHINE_L,L54609,300.0,311.4,1590,33.6,5,False,2024-01-31T22:54:00
RUN_07431,MACHINE_M,M22290,300.0,311.4,1384,46.1,7,False,2024-01-31T23:00:00
RUN_07432,MACHINE_M,M22291,300.0,311.4,1352,61.8,10,False,2024-01-31T23:06:00
RUN_07433,MACHINE_L,L54612,300.1,311.4,1484,43.1,13,False,2024-01-31T23:12:00
RUN_07434,MACHINE_M,M22293,300.1,311.4,1913,21.9,15,False,2024-01-31T23:18:00
RUN_07435,MACHINE_L,L54614,300.0,311.4,1508,38.2,18,False,2024-01-31T23:24:00
RUN_07436,MACHINE_L,L54615,299.9,311.3,1504,40.7,20,False,2024-01-31T23:30:00
RUN_07437,MACHINE_L,L54616,300.0,311.4,1487,41.2,22,False,2024-01-31T23:36:00
RUN_07438,MACHINE_L,L54617,299.8,311.3,1727,30.0,24,False,2024-01-31T23:42:00
RUN_07439,MACHINE_L,L54618,299.9,311.3,1647,27.5,26,False,2024-01-31T23:48:00
RUN_07440,MACHINE_L,L54619,300.0,311.3,1493,41.4,28,False,2024-01-31T23:54:00
RUN_07441,MACHINE_L,L54620,300.0,311.4,1655,29.6,30,False,2024-02-01T00:00:00
RUN_07442,MACHINE_M,M22301,299.9,311.4,1337,54.8,32,False,2024-02-01T00:06:00
RUN_07443,MACHINE_L,L54622,300.0,311.5,1601,36.9,35,False,2024-02-01T00:12:00
RUN_07444,MACHINE_H,H36857,300.1,311.6,1589,37.9,37,False,2024-02-01T00:18:00
RUN_07445,MACHINE_L,L54624,300.2,311.7,1286,55.1,42,False,2024-02-01T00:24:00
RUN_07446,MACHINE_L,L54625,300.2,311.7,1553,41.3,44,False,2024-02-01T00:30:00
RUN_07447,MACHINE_L,L54626,300.2,311.8,1379,51.0,46,False,2024-02-01T00:36:00
RUN_07448,MACHINE_M,M22307,300.3,311.9,1677,30.8,48,False,2024-02-01T00:42:00
RUN_07449,MACHINE_L,L54628,300.3,311.8,1488,38.4,51,False,2024-02-01T00:48:00
RUN_07450,MACHINE_L,L54629,300.3,311.8,1418,45.9,53,False,2024-02-01T00:54:00
RUN_07451,MACHINE_L,L54630,300.3,311.8,1451,41.0,55,False,2024-02-01T01:00:00
RUN_07452,MACHINE_L,L54631,300.3,311.8,1508,43.1,57,False,2024-02-01T01:06:00
RUN_07453,MACHINE_L,L54632,300.3,311.7,1579,33.6,59,False,2024-02-01T01:12:00
RUN_07454,MACHINE_H,H36867,300.3,311.7,1432,47.7,61,False,2024-02-01T01:18:00
RUN_07455,MACHINE_L,L54634,300.2,311.6,1446,47.3,66,False,2024-02-01T01:24:00
RUN_07456,MACHINE_M,M22315,300.2,311.7,1597,39.5,68,False,2024-02-01T01:30:00
RUN_07457,MACHINE_M,M22316,300.2,311.7,1397,50.2,71,False,2024-02-01T01:36:00
RUN_07458,MACHINE_L,L54637,300.1,311.6,1530,36.6,74,False,2024-02-01T01:42:00
RUN_07459,MACHINE_M,M22318,300.1,311.6,1433,51.4,76,False,2024-02-01T01:48:00
RUN_07460,MACHINE_L,L54639,300.0,311.5,1591,32.0,79,False,2024-02-01T01:54:00
RUN_07461,MACHINE_L,L54640,300.0,311.5,1445,41.6,81,False,2024-02-01T02:00:00
RUN_07462,MACHINE_L,L54641,300.0,311.5,1749,28.3,83,False,2024-02-01T02:06:00
RUN_07463,MACHINE_L,L54642,300.0,311.3,1703,30.4,85,False,2024-02-01T02:12:00
RUN_07464,MACHINE_H,H36877,300.1,311.4,1518,46.9,87,False,2024-02-01T02:18:00
RUN_07465,MACHINE_L,L54644,300.1,311.3,1535,42.3,92,False,2024-02-01T02:24:00
RUN_07466,MACHINE_M,M22325,300.1,311.4,1390,52.1,94,False,2024-02-01T02:30:00
RUN_07467,MACHINE_H,H36880,300.3,311.6,1801,23.6,97,False,2024-02-01T02:36:00
RUN_07468,MACHINE_H,H36881,300.3,311.6,1463,41.6,102,False,2024-02-01T02:42:00
RUN_07469,MACHINE_L,L54648,300.3,311.6,1560,37.7,107,False,2024-02-01T02:48:00
RUN_07470,MACHINE_L,L54649,300.3,311.6,1607,33.5,109,False,2024-02-01T02:54:00
RUN_07471,MACHINE_L,L54650,300.4,311.6,1332,54.6,111,False,2024-02-01T03:00:00
RUN_07472,MACHINE_L,L54651,300.3,311.7,1365,53.3,113,False,2024-02-01T03:06:00
RUN_07473,MACHINE_M,M22332,300.3,311.6,1617,32.5,115,False,2024-02-01T03:12:00
RUN_07474,MACHINE_M,M22333,300.3,311.6,1304,62.8,118,False,2024-02-01T03:18:00
RUN_07475,MACHINE_L,L54654,300.3,311.7,1989,22.3,121,False,2024-02-01T03:24:00
RUN_07476,MACHINE_H,H36889,300.3,311.6,1339,53.4,123,False,2024-02-01T03:30:00
RUN_07477,MACHINE_L,L54656,300.2,311.5,1492,41.8,128,False,2024-02-01T03:36:00
RUN_07478,MACHINE_M,M22337,300.1,311.3,1518,40.2,130,False,2024-02-01T03:42:00
RUN_07479,MACHINE_L,L54658,300.1,311.3,1479,39.5,133,False,2024-02-01T03:48:00
RUN_07480,MACHINE_M,M22339,300.1,311.3,1523,34.1,135,False,2024-02-01T03:54:00
RUN_07481,MACHINE_M,M22340,300.2,311.4,1570,35.3,138,False,2024-02-01T04:00:00
RUN_07482,MACHINE_H,H36895,300.2,311.4,1506,36.1,141,False,2024-02-01T04:06:00
RUN_07483,MACHINE_M,M22342,300.2,311.6,1510,47.5,146,False,2024-02-01T04:12:00
RUN_07484,MACHINE_L,L54663,300.2,311.6,1671,28.8,149,False,2024-02-01T04:18:00
RUN_07485,MACHINE_M,M22344,300.3,311.6,1312,53.4,151,False,2024-02-01T04:24:00
RUN_07486,MACHINE_L,L54665,300.3,311.6,1595,38.8,154,False,2024-02-01T04:30:00
RUN_07487,MACHINE_L,L54666,300.3,311.7,1635,31.8,156,False,2024-02-01T04:36:00
RUN_07488,MACHINE_L,L54667,300.3,311.7,1707,33.6,158,False,2024-02-01T04:42:00
RUN_07489,MACHINE_L,L54668,300.3,311.7,1545,43.5,160,False,2024-02-01T04:48:00
RUN_07490,MACHINE_M,M22349,300.2,311.6,1751,28.0,162,False,2024-02-01T04:54:00
RUN_07491,MACHINE_M,M22350,300.4,311.8,1707,30.0,165,False,2024-02-01T05:00:00
RUN_07492,MACHINE_L,L54671,300.4,311.8,1320,57.9,168,False,2024-02-01T05:06:00
RUN_07493,MACHINE_M,M22352,300.3,311.7,1319,51.4,170,False,2024-02-01T05:12:00
RUN_07494,MACHINE_L,L54673,300.2,311.7,1448,54.2,173,False,2024-02-01T05:18:00
RUN_07495,MACHINE_L,L54674,300.2,311.8,1436,48.2,175,False,2024-02-01T05:24:00
RUN_07496,MACHINE_L,L54675,300.3,311.9,1609,34.0,177,False,2024-02-01T05:30:00
RUN_07497,MACHINE_L,L54676,300.2,311.8,1464,44.5,179,False,2024-02-01T05:36:00
RUN_07498,MACHINE_M,M22357,300.3,311.8,1483,45.1,181,False,2024-02-01T05:42:00
RUN_07499,MACHINE_M,M22358,300.2,311.8,1748,28.5,184,False,2024-02-01T05:48:00
RUN_07500,MACHINE_L,L54679,300.3,311.8,1746,26.3,187,False,2024-02-01T05:54:00
RUN_07501,MACHINE_L,L54680,300.2,311.8,1410,51.4,189,False,2024-02-01T06:00:00
RUN_07502,MACHINE_L,L54681,300.2,311.7,1640,30.8,191,False,2024-02-01T06:06:00
RUN_07503,MACHINE_H,H36916,300.3,311.7,1655,29.9,193,False,2024-02-01T06:12:00
RUN_07504,MACHINE_M,M22363,300.3,311.7,1646,28.9,198,False,2024-02-01T06:18:00
RUN_07505,MACHINE_L,L54684,300.4,311.8,1589,42.0,201,False,2024-02-01T06:24:00
RUN_07506,MACHINE_L,L54685,300.5,311.9,1546,39.4,203,False,2024-02-01T06:30:00
RUN_07507,MACHINE_L,L54686,300.5,311.9,1511,41.8,205,False,2024-02-01T06:36:00
RUN_07508,MACHINE_L,L54687,300.5,311.9,1750,28.3,207,False,2024-02-01T06:42:00
RUN_07509,MACHINE_M,M22368,300.5,311.9,1730,27.5,209,False,2024-02-01T06:48:00
RUN_07510,MACHINE_L,L54689,300.6,311.9,1372,60.1,212,True,2024-02-01T06:54:00
RUN_07511,MACHINE_L,L54690,300.5,311.8,1524,38.9,214,True,2024-02-01T07:00:00
RUN_07512,MACHINE_L,L54691,300.4,311.8,1601,36.1,0,False,2024-02-01T07:06:00
RUN_07513,MACHINE_M,M22372,300.5,311.8,1636,34.4,2,False,2024-02-01T07:12:00
RUN_07514,MACHINE_L,L54693,300.4,311.8,2261,14.9,5,False,2024-02-01T07:18:00
RUN_07515,MACHINE_L,L54694,300.4,311.8,1636,32.3,7,False,2024-02-01T07:24:00
RUN_07516,MACHINE_M,M22375,300.4,311.9,1335,58.3,9,False,2024-02-01T07:30:00
RUN_07517,MACHINE_M,M22376,300.3,311.7,1236,57.5,12,False,2024-02-01T07:36:00
RUN_07518,MACHINE_L,L54697,300.3,311.7,1445,47.3,15,False,2024-02-01T07:42:00
RUN_07519,MACHINE_L,L54698,300.2,311.5,1500,40.8,17,False,2024-02-01T07:48:00
RUN_07520,MACHINE_L,L54699,300.2,311.6,1999,21.0,19,False,2024-02-01T07:54:00
RUN_07521,MACHINE_L,L54700,300.2,311.6,1529,35.5,21,False,2024-02-01T08:00:00
RUN_07522,MACHINE_M,M22381,300.2,311.6,1467,40.7,23,False,2024-02-01T08:06:00
RUN_07523,MACHINE_L,L54702,300.1,311.5,1334,54.0,26,False,2024-02-01T08:12:00
RUN_07524,MACHINE_M,M22383,300.1,311.5,1343,46.2,28,False,2024-02-01T08:18:00
RUN_07525,MACHINE_L,L54704,300.2,311.5,1639,31.1,31,False,2024-02-01T08:24:00
RUN_07526,MACHINE_H,H36939,300.1,311.5,1383,49.1,33,False,2024-02-01T08:30:00
RUN_07527,MACHINE_L,L54706,300.1,311.4,1660,31.4,38,False,2024-02-01T08:36:00
RUN_07528,MACHINE_L,L54707,300.1,311.3,1470,45.2,40,False,2024-02-01T08:42:00
RUN_07529,MACHINE_M,M22388,300.1,311.3,1748,26.6,42,False,2024-02-01T08:48:00
RUN_07530,MACHINE_L,L54709,300.1,311.4,1467,35.7,45,False,2024-02-01T08:54:00
RUN_07531,MACHINE_M,M22390,300.1,311.4,1617,39.3,47,False,2024-02-01T09:00:00
RUN_07532,MACHINE_H,H36945,300.1,311.4,1377,56.7,50,False,2024-02-01T09:06:00
RUN_07533,MACHINE_M,M22392,300.0,311.3,1629,32.1,55,False,2024-02-01T09:12:00
RUN_07534,MACHINE_L,L54713,300.0,311.2,1504,37.9,58,False,2024-02-01T09:18:00
RUN_07535,MACHINE_L,L54714,300.0,311.2,1418,47.3,60,False,2024-02-01T09:24:00
RUN_07536,MACHINE_L,L54715,300.0,311.2,1629,31.7,62,False,2024-02-01T09:30:00
RUN_07537,MACHINE_L,L54716,300.1,311.3,2579,12.5,64,True,2024-02-01T09:36:00
RUN_07538,MACHINE_L,L54717,300.1,311.3,1305,64.7,66,False,2024-02-01T09:42:00
RUN_07539,MACHINE_M,M22398,300.2,311.4,1450,38.5,68,False,2024-02-01T09:48:00
RUN_07540,MACHINE_L,L54719,300.2,311.3,1487,36.9,71,False,2024-02-01T09:54:00
RUN_07541,MACHINE_M,M22400,300.2,311.3,1587,31.2,73,False,2024-02-01T10:00:00
RUN_07542,MACHINE_M,M22401,300.3,311.5,1528,40.9,76,False,2024-02-01T10:06:00
RUN_07543,MACHINE_M,M22402,300.4,311.6,1401,49.9,79,False,2024-02-01T10:12:00
RUN_07544,MACHINE_L,L54723,300.3,311.5,1446,45.0,82,False,2024-02-01T10:18:00
RUN_07545,MACHINE_L,L54724,300.2,311.4,1425,44.2,84,False,2024-02-01T10:24:00
RUN_07546,MACHINE_L,L54725,300.2,311.4,1891,22.6,86,False,2024-02-01T10:30:00
RUN_07547,MACHINE_H,H36960,300.2,311.5,1454,42.8,88,False,2024-02-01T10:36:00
RUN_07548,MACHINE_L,L54727,300.1,311.4,1430,40.9,93,False,2024-02-01T10:42:00
RUN_07549,MACHINE_L,L54728,300.2,311.4,1495,43.6,95,False,2024-02-01T10:48:00
RUN_07550,MACHINE_L,L54729,300.3,311.4,1544,41.6,97,False,2024-02-01T10:54:00
RUN_07551,MACHINE_M,M22410,300.3,311.4,1554,34.3,99,False,2024-02-01T11:00:00
RUN_07552,MACHINE_M,M22411,300.2,311.3,1491,37.3,102,False,2024-02-01T11:06:00
RUN_07553,MACHINE_L,L54732,300.3,311.3,1525,40.7,105,False,2024-02-01T11:12:00
RUN_07554,MACHINE_L,L54733,300.3,311.3,1505,39.6,107,False,2024-02-01T11:18:00
RUN_07555,MACHINE_M,M22414,300.3,311.4,1371,50.2,109,False,2024-02-01T11:24:00
RUN_07556,MACHINE_L,L54735,300.3,311.3,1332,60.5,112,False,2024-02-01T11:30:00
RUN_07557,MACHINE_L,L54736,300.3,311.4,1471,37.0,114,False,2024-02-01T11:36:00
RUN_07558,MACHINE_M,M22417,300.4,311.5,1750,27.3,116,False,2024-02-01T11:42:00
RUN_07559,MACHINE_M,M22418,300.3,311.4,1386,48.1,119,False,2024-02-01T11:48:00
RUN_07560,MACHINE_M,M22419,300.4,311.4,1355,56.2,122,False,2024-02-01T11:54:00
RUN_07561,MACHINE_M,M22420,300.3,311.3,1377,53.8,125,False,2024-02-01T12:00:00
RUN_07562,MACHINE_L,L54741,300.3,311.1,1388,49.4,128,False,2024-02-01T12:06:00
RUN_07563,MACHINE_M,M22422,300.3,311.1,1350,58.7,130,False,2024-02-01T12:12:00
RUN_07564,MACHINE_M,M22423,300.4,311.2,1831,23.4,133,False,2024-02-01T12:18:00
RUN_07565,MACHINE_M,M22424,300.3,311.2,1381,65.2,136,True,2024-02-01T12:24:00
RUN_07566,MACHINE_M,M22425,300.3,311.2,1783,25.6,139,False,2024-02-01T12:30:00
RUN_07567,MACHINE_L,L54746,300.3,311.0,1613,34.7,142,False,2024-02-01T12:36:00
RUN_07568,MACHINE_M,M22427,300.2,311.0,2370,14.7,144,False,2024-02-01T12:42:00
RUN_07569,MACHINE_L,L54748,300.2,311.0,1627,33.7,147,False,2024-02-01T12:48:00
RUN_07570,MACHINE_L,L54749,300.2,311.0,1255,71.8,149,True,2024-02-01T12:54:00
RUN_07571,MACHINE_H,H36984,300.2,311.0,1777,27.5,151,False,2024-02-01T13:00:00
RUN_07572,MACHINE_L,L54751,300.3,311.1,1606,30.9,156,False,2024-02-01T13:06:00
RUN_07573,MACHINE_L,L54752,300.3,311.1,1676,28.6,158,False,2024-02-01T13:12:00
RUN_07574,MACHINE_L,L54753,300.3,311.1,1605,37.1,160,False,2024-02-01T13:18:00
RUN_07575,MACHINE_L,L54754,300.4,311.1,1487,37.4,162,False,2024-02-01T13:24:00
RUN_07576,MACHINE_L,L54755,300.4,311.2,1471,46.5,164,False,2024-02-01T13:30:00
RUN_07577,MACHINE_M,M22436,300.3,311.1,1477,44.2,166,False,2024-02-01T13:36:00
RUN_07578,MACHINE_L,L54757,300.4,311.2,1530,32.0,169,False,2024-02-01T13:42:00
RUN_07579,MACHINE_L,L54758,300.4,311.2,1673,28.9,171,False,2024-02-01T13:48:00
RUN_07580,MACHINE_L,L54759,300.4,311.2,1436,56.8,173,False,2024-02-01T13:54:00
RUN_07581,MACHINE_L,L54760,300.4,311.3,1495,51.2,175,False,2024-02-01T14:00:00
RUN_07582,MACHINE_M,M22441,300.4,311.2,1366,56.1,177,False,2024-02-01T14:06:00
RUN_07583,MACHINE_H,H36996,300.4,311.2,1489,45.3,180,False,2024-02-01T14:12:00
RUN_07584,MACHINE_L,L54763,300.3,311.1,1480,46.6,185,False,2024-02-01T14:18:00
RUN_07585,MACHINE_L,L54764,300.4,311.2,1472,37.3,187,False,2024-02-01T14:24:00
RUN_07586,MACHINE_L,L54765,300.4,311.1,1397,50.8,189,False,2024-02-01T14:30:00
RUN_07587,MACHINE_L,L54766,300.4,311.1,1589,35.5,191,False,2024-02-01T14:36:00
RUN_07588,MACHINE_L,L54767,300.4,311.1,1405,54.1,193,False,2024-02-01T14:42:00
RUN_07589,MACHINE_L,L54768,300.4,311.1,2013,20.1,195,False,2024-02-01T14:48:00
RUN_07590,MACHINE_L,L54769,300.4,311.0,1802,26.0,197,False,2024-02-01T14:54:00
RUN_07591,MACHINE_M,M22450,300.4,311.0,1433,46.1,199,False,2024-02-01T15:00:00
RUN_07592,MACHINE_M,M22451,300.5,311.1,1296,61.3,202,True,2024-02-01T15:06:00
RUN_07593,MACHINE_M,M22452,300.5,311.2,1551,36.6,205,False,2024-02-01T15:12:00
RUN_07594,MACHINE_L,L54773,300.5,311.2,1270,67.5,208,True,2024-02-01T15:18:00
RUN_07595,MACHINE_L,L54774,300.6,311.3,1531,38.5,0,False,2024-02-01T15:24:00
RUN_07596,MACHINE_H,H37009,300.5,311.2,1397,45.2,2,False,2024-02-01T15:30:00
RUN_07597,MACHINE_L,L54776,300.5,311.1,1547,37.2,7,False,2024-02-01T15:36:00
RUN_07598,MACHINE_L,L54777,300.5,311.0,2074,18.9,9,False,2024-02-01T15:42:00
RUN_07599,MACHINE_L,L54778,300.5,311.1,1491,42.6,11,False,2024-02-01T15:48:00
RUN_07600,MACHINE_L,L54779,300.5,311.0,1759,28.3,13,False,2024-02-01T15:54:00
RUN_07601,MACHINE_M,M22460,300.4,311.0,1595,35.4,15,False,2024-02-01T16:00:00
RUN_07602,MACHINE_L,L54781,300.4,311.2,1351,62.0,18,False,2024-02-01T16:06:00
RUN_07603,MACHINE_L,L54782,300.4,311.2,1705,28.7,20,False,2024-02-01T16:12:00
RUN_07604,MACHINE_L,L54783,300.4,311.2,1406,43.6,22,False,2024-02-01T16:18:00
RUN_07605,MACHINE_L,L54784,300.4,311.3,1639,34.6,24,False,2024-02-01T16:24:00
RUN_07606,MACHINE_H,H37019,300.4,311.3,2026,20.3,26,False,2024-02-01T16:30:00
RUN_07607,MACHINE_M,M22466,300.4,311.3,1350,56.5,31,False,2024-02-01T16:36:00
RUN_07608,MACHINE_M,M22467,300.5,311.3,1468,41.1,34,False,2024-02-01T16:42:00
RUN_07609,MACHINE_L,L54788,300.5,311.4,1642,27.1,37,False,2024-02-01T16:48:00
RUN_07610,MACHINE_L,L54789,300.5,311.3,1490,41.8,39,False,2024-02-01T16:54:00
RUN_07611,MACHINE_M,M22470,300.5,311.3,1507,43.4,41,False,2024-02-01T17:00:00
RUN_07612,MACHINE_L,L54791,300.5,311.4,1611,32.7,44,False,2024-02-01T17:06:00
RUN_07613,MACHINE_M,M22472,300.5,311.4,1743,27.6,46,False,2024-02-01T17:12:00
RUN_07614,MACHINE_L,L54793,300.5,311.3,1475,46.3,49,False,2024-02-01T17:18:00
RUN_07615,MACHINE_L,L54794,300.5,311.4,1432,47.5,51,False,2024-02-01T17:24:00
RUN_07616,MACHINE_L,L54795,300.5,311.4,1442,47.0,53,False,2024-02-01T17:30:00
RUN_07617,MACHINE_M,M22476,300.6,311.4,1468,40.4,55,False,2024-02-01T17:36:00
RUN_07618,MACHINE_L,L54797,300.5,311.4,1556,45.3,58,False,2024-02-01T17:42:00
RUN_07619,MACHINE_M,M22478,300.5,311.4,1312,51.4,60,False,2024-02-01T17:48:00
RUN_07620,MACHINE_L,L54799,300.6,311.5,1459,47.0,63,False,2024-02-01T17:54:00
RUN_07621,MACHINE_L,L54800,300.5,311.5,1651,36.9,65,False,2024-02-01T18:00:00
RUN_07622,MACHINE_L,L54801,300.5,311.5,1490,38.4,67,False,2024-02-01T18:06:00
RUN_07623,MACHINE_M,M22482,300.6,311.6,1473,31.5,69,False,2024-02-01T18:12:00
RUN_07624,MACHINE_L,L54803,300.6,311.7,1734,29.9,72,False,2024-02-01T18:18:00
RUN_07625,MACHINE_L,L54804,300.6,311.7,1507,45.5,74,False,2024-02-01T18:24:00
RUN_07626,MACHINE_L,L54805,300.6,311.7,1556,34.9,76,False,2024-02-01T18:30:00
RUN_07627,MACHINE_H,H37040,300.5,311.6,1351,53.5,78,False,2024-02-01T18:36:00
RUN_07628,MACHINE_L,L54807,300.5,311.7,1445,44.8,83,False,2024-02-01T18:42:00
RUN_07629,MACHINE_L,L54808,300.5,311.7,1619,32.7,85,False,2024-02-01T18:48:00
RUN_07630,MACHINE_M,M22489,300.5,311.7,1269,64.0,87,False,2024-02-01T18:54:00
RUN_07631,MACHINE_L,L54810,300.5,311.6,1534,37.7,90,False,2024-02-01T19:00:00
RUN_07632,MACHINE_L,L54811,300.5,311.6,1444,49.3,92,False,2024-02-01T19:06:00
RUN_07633,MACHINE_L,L54812,300.5,311.6,1744,26.8,94,False,2024-02-01T19:12:00
RUN_07634,MACHINE_L,L54813,300.4,311.5,1441,44.6,96,False,2024-02-01T19:18:00
RUN_07635,MACHINE_M,M22494,300.3,311.3,1506,40.7,98,False,2024-02-01T19:24:00
RUN_07636,MACHINE_L,L54815,300.3,311.4,1526,38.5,101,False,2024-02-01T19:30:00
RUN_07637,MACHINE_L,L54816,300.4,311.5,1704,29.7,103,False,2024-02-01T19:36:00
RUN_07638,MACHINE_H,H37051,300.4,311.4,1445,52.4,105,False,2024-02-01T19:42:00
RUN_07639,MACHINE_L,L54818,300.5,311.5,1661,35.9,110,False,2024-02-01T19:48:00
RUN_07640,MACHINE_L,L54819,300.5,311.4,1466,41.8,112,False,2024-02-01T19:54:00
RUN_07641,MACHINE_L,L54820,300.4,311.3,1608,35.1,114,False,2024-02-01T20:00:00
RUN_07642,MACHINE_M,M22501,300.4,311.4,1352,57.3,116,False,2024-02-01T20:06:00
RUN_07643,MACHINE_M,M22502,300.4,311.4,1604,31.7,119,False,2024-02-01T20:12:00
RUN_07644,MACHINE_H,H37057,300.4,311.4,1427,50.7,122,False,2024-02-01T20:18:00
RUN_07645,MACHINE_L,L54824,300.4,311.4,1424,44.6,127,False,2024-02-01T20:24:00
RUN_07646,MACHINE_L,L54825,300.4,311.4,1662,29.3,129,False,2024-02-01T20:30:00
RUN_07647,MACHINE_L,L54826,300.4,311.4,1936,23.9,131,False,2024-02-01T20:36:00
RUN_07648,MACHINE_L,L54827,300.4,311.4,1728,31.7,133,False,2024-02-01T20:42:00
RUN_07649,MACHINE_L,L54828,300.4,311.4,1552,28.8,135,False,2024-02-01T20:48:00
RUN_07650,MACHINE_H,H37063,300.4,311.5,1662,29.0,137,False,2024-02-01T20:54:00
RUN_07651,MACHINE_L,L54830,300.3,311.4,1343,57.7,142,False,2024-02-01T21:00:00
RUN_07652,MACHINE_M,M22511,300.4,311.5,1476,32.6,144,False,2024-02-01T21:06:00
RUN_07653,MACHINE_L,L54832,300.3,311.4,1346,51.1,147,False,2024-02-01T21:12:00
RUN_07654,MACHINE_L,L54833,300.4,311.5,1492,44.6,149,False,2024-02-01T21:18:00
RUN_07655,MACHINE_M,M22514,300.3,311.5,1540,41.5,151,False,2024-02-01T21:24:00
RUN_07656,MACHINE_L,L54835,300.4,311.5,1596,32.5,154,False,2024-02-01T21:30:00
RUN_07657,MACHINE_L,L54836,300.5,311.6,1541,47.8,156,False,2024-02-01T21:36:00
RUN_07658,MACHINE_L,L54837,300.5,311.6,1661,30.0,158,False,2024-02-01T21:42:00
RUN_07659,MACHINE_M,M22518,300.4,311.6,1359,55.4,160,False,2024-02-01T21:48:00
RUN_07660,MACHINE_L,L54839,300.5,311.6,1528,42.4,163,False,2024-02-01T21:54:00
RUN_07661,MACHINE_M,M22520,300.5,311.6,1246,52.9,165,False,2024-02-01T22:00:00
RUN_07662,MACHINE_L,L54841,300.5,311.6,1575,32.5,168,False,2024-02-01T22:06:00
RUN_07663,MACHINE_M,M22522,300.5,311.6,1658,30.4,170,False,2024-02-01T22:12:00
RUN_07664,MACHINE_L,L54843,300.5,311.6,1385,54.8,173,False,2024-02-01T22:18:00
RUN_07665,MACHINE_H,H37078,300.5,311.7,1454,50.3,175,False,2024-02-01T22:24:00
RUN_07666,MACHINE_L,L54845,300.5,311.6,1497,40.5,180,False,2024-02-01T22:30:00
RUN_07667,MACHINE_M,M22526,300.6,311.7,1424,50.8,182,False,2024-02-01T22:36:00
RUN_07668,MACHINE_L,L54847,300.6,311.7,1528,43.9,185,False,2024-02-01T22:42:00
RUN_07669,MACHINE_L,L54848,300.6,311.8,1539,37.0,187,False,2024-02-01T22:48:00
RUN_07670,MACHINE_L,L54849,300.7,311.8,1336,58.4,189,True,2024-02-01T22:54:00
RUN_07671,MACHINE_L,L54850,300.5,311.6,1525,37.6,191,False,2024-02-01T23:00:00
RUN_07672,MACHINE_M,M22531,300.5,311.6,1456,51.1,193,False,2024-02-01T23:06:00
RUN_07673,MACHINE_M,M22532,300.5,311.7,2141,17.2,196,False,2024-02-01T23:12:00
RUN_07674,MACHINE_M,M22533,300.5,311.6,1476,39.1,199,False,2024-02-01T23:18:00
RUN_07675,MACHINE_L,L54854,300.5,311.6,1509,47.2,202,False,2024-02-01T23:24:00
RUN_07676,MACHINE_L,L54855,300.5,311.6,1447,45.4,204,False,2024-02-01T23:30:00
RUN_07677,MACHINE_L,L54856,300.6,311.7,1448,49.1,206,False,2024-02-01T23:36:00
RUN_07678,MACHINE_L,L54857,300.6,311.7,1428,52.6,208,False,2024-02-01T23:42:00
RUN_07679,MACHINE_M,M22538,300.6,311.7,1389,52.1,210,False,2024-02-01T23:48:00
RUN_07680,MACHINE_L,L54859,300.7,311.7,1635,32.4,213,False,2024-02-01T23:54:00
RUN_07681,MACHINE_L,L54860,300.7,311.7,1395,43.7,215,False,2024-02-02T00:00:00
RUN_07682,MACHINE_L,L54861,300.7,311.8,1443,43.7,217,False,2024-02-02T00:06:00
RUN_07683,MACHINE_M,M22542,300.7,311.7,1412,49.1,219,False,2024-02-02T00:12:00
RUN_07684,MACHINE_L,L54863,300.7,311.7,1524,43.5,222,False,2024-02-02T00:18:00
RUN_07685,MACHINE_M,M22544,300.7,311.8,1407,42.4,224,False,2024-02-02T00:24:00
RUN_07686,MACHINE_L,L54865,300.8,311.7,1397,43.5,227,False,2024-02-02T00:30:00
RUN_07687,MACHINE_M,M22546,300.7,311.7,1504,36.9,229,False,2024-02-02T00:36:00
RUN_07688,MACHINE_M,M22547,300.7,311.7,2097,18.9,232,True,2024-02-02T00:42:00
RUN_07689,MACHINE_L,L54868,300.6,311.7,1553,39.8,0,False,2024-02-02T00:48:00
RUN_07690,MACHINE_L,L54869,300.6,311.7,1432,39.2,2,False,2024-02-02T00:54:00
RUN_07691,MACHINE_M,M22550,300.5,311.6,1577,36.5,4,False,2024-02-02T01:00:00
RUN_07692,MACHINE_M,M22551,300.5,311.5,1370,56.1,7,False,2024-02-02T01:06:00
RUN_07693,MACHINE_H,H37106,300.5,311.6,1506,36.2,10,False,2024-02-02T01:12:00
RUN_07694,MACHINE_L,L54873,300.6,311.6,1964,21.4,15,False,2024-02-02T01:18:00
RUN_07695,MACHINE_H,H37108,300.6,311.7,1500,36.7,17,False,2024-02-02T01:24:00
RUN_07696,MACHINE_L,L54875,300.6,311.7,1488,47.7,22,False,2024-02-02T01:30:00
RUN_07697,MACHINE_H,H37110,300.6,311.5,1282,60.2,24,False,2024-02-02T01:36:00
RUN_07698,MACHINE_L,L54877,300.5,311.4,1400,45.1,29,False,2024-02-02T01:42:00
RUN_07699,MACHINE_L,L54878,300.6,311.5,1419,38.6,31,False,2024-02-02T01:48:00
RUN_07700,MACHINE_M,M22559,300.7,311.5,1441,40.6,33,False,2024-02-02T01:54:00
RUN_07701,MACHINE_M,M22560,300.7,311.6,1348,62.5,36,False,2024-02-02T02:00:00
RUN_07702,MACHINE_H,H37115,300.8,311.7,1468,38.7,39,False,2024-02-02T02:06:00
RUN_07703,MACHINE_M,M22562,300.7,311.7,1701,30.8,44,False,2024-02-02T02:12:00
RUN_07704,MACHINE_H,H37117,300.7,311.7,1864,23.6,47,False,2024-02-02T02:18:00
RUN_07705,MACHINE_M,M22564,300.6,311.6,1630,31.8,52,False,2024-02-02T02:24:00
RUN_07706,MACHINE_L,L54885,300.5,311.5,1316,49.7,55,False,2024-02-02T02:30:00
RUN_07707,MACHINE_L,L54886,300.5,311.5,1708,31.2,57,False,2024-02-02T02:36:00
RUN_07708,MACHINE_H,H37121,300.5,311.4,1679,27.5,59,False,2024-02-02T02:42:00
RUN_07709,MACHINE_L,L54888,300.5,311.4,1709,32.3,64,False,2024-02-02T02:48:00
RUN_07710,MACHINE_L,L54889,300.5,311.4,1445,41.5,66,False,2024-02-02T02:54:00
RUN_07711,MACHINE_M,M22570,300.5,311.4,1390,51.9,68,False,2024-02-02T03:00:00
RUN_07712,MACHINE_L,L54891,300.4,311.4,1309,55.5,71,False,2024-02-02T03:06:00
RUN_07713,MACHINE_L,L54892,300.5,311.5,1499,37.6,73,False,2024-02-02T03:12:00
RUN_07714,MACHINE_M,M22573,300.5,311.4,2072,18.8,75,False,2024-02-02T03:18:00
RUN_07715,MACHINE_L,L54894,300.5,311.5,1487,43.0,78,False,2024-02-02T03:24:00
RUN_07716,MACHINE_L,L54895,300.5,311.5,1302,49.6,80,False,2024-02-02T03:30:00
RUN_07717,MACHINE_M,M22576,300.5,311.5,1378,48.2,82,False,2024-02-02T03:36:00
RUN_07718,MACHINE_L,L54897,300.5,311.6,1365,53.0,85,False,2024-02-02T03:42:00
RUN_07719,MACHINE_H,H37132,300.6,311.7,1427,44.6,87,False,2024-02-02T03:48:00
RUN_07720,MACHINE_H,H37133,300.6,311.7,1535,33.3,92,False,2024-02-02T03:54:00
RUN_07721,MACHINE_H,H37134,300.5,311.6,1476,41.7,97,False,2024-02-02T04:00:00
RUN_07722,MACHINE_L,L54901,300.5,311.6,1425,42.4,102,False,2024-02-02T04:06:00
RUN_07723,MACHINE_L,L54902,300.5,311.7,1409,54.7,104,False,2024-02-02T04:12:00
RUN_07724,MACHINE_L,L54903,300.5,311.6,1730,30.2,106,False,2024-02-02T04:18:00
RUN_07725,MACHINE_M,M22584,300.5,311.6,1454,41.4,108,False,2024-02-02T04:24:00
RUN_07726,MACHINE_L,L54905,300.6,311.7,1744,26.9,111,False,2024-02-02T04:30:00
RUN_07727,MACHINE_M,M22586,300.8,311.9,1761,29.0,113,False,2024-02-02T04:36:00
RUN_07728,MACHINE_M,M22587,300.7,311.9,1657,30.9,116,False,2024-02-02T04:42:00
RUN_07729,MACHINE_L,L54908,300.7,311.8,1420,47.0,119,False,2024-02-02T04:48:00
RUN_07730,MACHINE_H,H37143,300.7,311.9,1329,59.2,121,False,2024-02-02T04:54:00
RUN_07731,MACHINE_L,L54910,300.6,311.9,1472,44.2,126,False,2024-02-02T05:00:00
RUN_07732,MACHINE_L,L54911,300.6,312.0,1566,30.1,128,False,2024-02-02T05:06:00
RUN_07733,MACHINE_L,L54912,300.6,312.0,1430,42.7,130,False,2024-02-02T05:12:00
RUN_07734,MACHINE_L,L54913,300.6,312.0,1481,40.9,132,False,2024-02-02T05:18:00
RUN_07735,MACHINE_L,L54914,300.6,312.0,1670,29.4,134,False,2024-02-02T05:24:00
RUN_07736,MACHINE_L,L54915,300.6,312.0,1406,55.1,136,False,2024-02-02T05:30:00
RUN_07737,MACHINE_H,H37150,300.6,312.1,1354,46.9,138,False,2024-02-02T05:36:00
RUN_07738,MACHINE_M,M22597,300.5,312.0,1985,19.3,143,False,2024-02-02T05:42:00
RUN_07739,MACHINE_M,M22598,300.5,312.0,1263,60.8,146,False,2024-02-02T05:48:00
RUN_07740,MACHINE_L,L54919,300.5,311.9,1576,31.1,149,False,2024-02-02T05:54:00
RUN_07741,MACHINE_L,L54920,300.5,312.0,1453,45.1,151,False,2024-02-02T06:00:00
RUN_07742,MACHINE_L,L54921,300.5,312.0,1478,39.0,153,False,2024-02-02T06:06:00
RUN_07743,MACHINE_M,M22602,300.5,311.9,1323,57.9,155,False,2024-02-02T06:12:00
RUN_07744,MACHINE_L,L54923,300.5,311.9,1710,28.4,158,False,2024-02-02T06:18:00
RUN_07745,MACHINE_L,L54924,300.4,311.7,1314,59.5,160,False,2024-02-02T06:24:00
RUN_07746,MACHINE_L,L54925,300.4,311.7,1460,39.6,162,False,2024-02-02T06:30:00
RUN_07747,MACHINE_M,M22606,300.4,311.7,1508,45.4,164,False,2024-02-02T06:36:00
RUN_07748,MACHINE_M,M22607,300.5,311.8,1331,55.3,167,False,2024-02-02T06:42:00
RUN_07749,MACHINE_L,L54928,300.4,311.7,1515,47.4,170,False,2024-02-02T06:48:00
RUN_07750,MACHINE_L,L54929,300.4,311.6,1674,33.0,172,False,2024-02-02T06:54:00
RUN_07751,MACHINE_L,L54930,300.4,311.7,1444,51.2,174,False,2024-02-02T07:00:00
RUN_07752,MACHINE_M,M22611,300.4,311.7,1398,42.6,176,False,2024-02-02T07:06:00
RUN_07753,MACHINE_M,M22612,300.4,311.7,1832,24.2,179,False,2024-02-02T07:12:00
RUN_07754,MACHINE_M,M22613,300.5,311.8,1591,42.0,182,False,2024-02-02T07:18:00
RUN_07755,MACHINE_M,M22614,300.4,311.7,1478,39.9,185,False,2024-02-02T07:24:00
RUN_07756,MACHINE_M,M22615,300.4,311.8,1362,47.6,188,False,2024-02-02T07:30:00
RUN_07757,MACHINE_L,L54936,300.5,311.8,1368,57.9,191,True,2024-02-02T07:36:00
RUN_07758,MACHINE_M,M22617,300.3,311.7,1723,28.3,193,False,2024-02-02T07:42:00
RUN_07759,MACHINE_L,L54938,300.4,311.8,1689,30.8,196,False,2024-02-02T07:48:00
RUN_07760,MACHINE_L,L54939,300.4,311.8,1272,59.2,198,True,2024-02-02T07:54:00
RUN_07761,MACHINE_M,M22620,300.4,311.7,1511,33.0,200,False,2024-02-02T08:00:00
RUN_07762,MACHINE_H,H37175,300.4,311.6,1715,30.8,203,False,2024-02-02T08:06:00
RUN_07763,MACHINE_M,M22622,300.3,311.5,1400,43.8,0,False,2024-02-02T08:12:00
RUN_07764,MACHINE_L,L54943,300.4,311.6,1200,76.6,3,True,2024-02-02T08:18:00
RUN_07765,MACHINE_M,M22624,300.4,311.7,1555,38.7,5,False,2024-02-02T08:24:00
RUN_07766,MACHINE_H,H37179,300.3,311.6,1427,56.2,8,False,2024-02-02T08:30:00
RUN_07767,MACHINE_L,L54946,300.3,311.4,1318,52.7,13,False,2024-02-02T08:36:00
RUN_07768,MACHINE_H,H37181,300.2,311.4,1319,54.6,15,False,2024-02-02T08:42:00
RUN_07769,MACHINE_M,M22628,300.2,311.4,1960,20.9,20,False,2024-02-02T08:48:00
RUN_07770,MACHINE_L,L54949,300.3,311.5,1552,38.9,23,False,2024-02-02T08:54:00
RUN_07771,MACHINE_L,L54950,300.3,311.5,1548,32.2,25,False,2024-02-02T09:00:00
RUN_07772,MACHINE_L,L54951,300.3,311.6,1709,29.5,27,False,2024-02-02T09:06:00
RUN_07773,MACHINE_H,H37186,300.3,311.5,1464,41.0,29,False,2024-02-02T09:12:00
RUN_07774,MACHINE_L,L54953,300.3,311.4,1759,24.8,34,False,2024-02-02T09:18:00
RUN_07775,MACHINE_L,L54954,300.3,311.5,1634,31.9,36,False,2024-02-02T09:24:00
RUN_07776,MACHINE_L,L54955,300.3,311.5,1663,33.6,38,False,2024-02-02T09:30:00
RUN_07777,MACHINE_M,M22636,300.3,311.5,1445,47.3,40,False,2024-02-02T09:36:00
RUN_07778,MACHINE_L,L54957,300.3,311.5,1695,25.6,43,False,2024-02-02T09:42:00
RUN_07779,MACHINE_L,L54958,300.4,311.6,1517,39.0,45,False,2024-02-02T09:48:00
RUN_07780,MACHINE_L,L54959,300.5,311.7,1811,26.8,47,False,2024-02-02T09:54:00
RUN_07781,MACHINE_L,L54960,300.4,311.6,1815,23.5,49,False,2024-02-02T10:00:00
RUN_07782,MACHINE_L,L54961,300.4,311.7,1513,40.0,51,False,2024-02-02T10:06:00
RUN_07783,MACHINE_M,M22642,300.4,311.6,1518,36.4,53,False,2024-02-02T10:12:00
RUN_07784,MACHINE_L,L54963,300.3,311.5,1667,28.8,56,False,2024-02-02T10:18:00
RUN_07785,MACHINE_L,L54964,300.3,311.5,1403,60.1,58,False,2024-02-02T10:24:00
RUN_07786,MACHINE_L,L54965,300.2,311.5,1383,42.1,60,False,2024-02-02T10:30:00
RUN_07787,MACHINE_L,L54966,300.3,311.5,1466,46.2,62,False,2024-02-02T10:36:00
RUN_07788,MACHINE_L,L54967,300.3,311.5,1378,47.5,64,False,2024-02-02T10:42:00
RUN_07789,MACHINE_M,M22648,300.2,311.5,1547,40.9,66,False,2024-02-02T10:48:00
RUN_07790,MACHINE_L,L54969,300.2,311.5,1495,38.5,69,False,2024-02-02T10:54:00
RUN_07791,MACHINE_L,L54970,300.1,311.4,1729,29.3,71,False,2024-02-02T11:00:00
RUN_07792,MACHINE_L,L54971,300.1,311.4,1418,47.7,73,False,2024-02-02T11:06:00
RUN_07793,MACHINE_H,H37206,300.1,311.4,1485,40.4,75,False,2024-02-02T11:12:00
RUN_07794,MACHINE_L,L54973,300.1,311.5,1434,40.8,80,False,2024-02-02T11:18:00
RUN_07795,MACHINE_M,M22654,300.2,311.6,1415,55.8,82,False,2024-02-02T11:24:00
RUN_07796,MACHINE_H,H37209,300.1,311.6,1674,29.6,85,False,2024-02-02T11:30:00
RUN_07797,MACHINE_L,L54976,300.1,311.5,1454,52.4,90,False,2024-02-02T11:36:00
RUN_07798,MACHINE_L,L54977,300.0,311.4,1476,39.0,92,False,2024-02-02T11:42:00
RUN_07799,MACHINE_L,L54978,300.0,311.5,1812,28.3,94,False,2024-02-02T11:48:00
RUN_07800,MACHINE_L,L54979,300.0,311.4,1374,41.9,96,False,2024-02-02T11:54:00
RUN_07801,MACHINE_M,M22660,300.1,311.4,1524,40.6,98,False,2024-02-02T12:00:00
RUN_07802,MACHINE_L,L54981,300.0,311.4,1383,49.6,101,False,2024-02-02T12:06:00
RUN_07803,MACHINE_L,L54982,299.9,311.3,1429,58.2,103,False,2024-02-02T12:12:00
RUN_07804,MACHINE_M,M22663,299.8,311.3,1517,41.2,105,False,2024-02-02T12:18:00
RUN_07805,MACHINE_M,M22664,299.9,311.4,1480,44.9,108,False,2024-02-02T12:24:00
RUN_07806,MACHINE_L,L54985,299.9,311.4,1706,28.8,111,False,2024-02-02T12:30:00
RUN_07807,MACHINE_L,L54986,300.0,311.5,1349,48.6,113,False,2024-02-02T12:36:00
RUN_07808,MACHINE_M,M22667,300.0,311.5,1451,49.0,115,False,2024-02-02T12:42:00
RUN_07809,MACHINE_L,L54988,299.9,311.4,1627,36.7,118,False,2024-02-02T12:48:00
RUN_07810,MACHINE_M,M22669,300.0,311.4,1537,35.4,120,False,2024-02-02T12:54:00
RUN_07811,MACHINE_L,L54990,300.1,311.5,2218,17.0,123,False,2024-02-02T13:00:00
RUN_07812,MACHINE_M,M22671,300.0,311.4,1466,39.0,125,False,2024-02-02T13:06:00
RUN_07813,MACHINE_L,L54992,300.0,311.5,1666,32.0,128,False,2024-02-02T13:12:00
RUN_07814,MACHINE_L,L54993,300.0,311.5,1455,41.7,130,False,2024-02-02T13:18:00
RUN_07815,MACHINE_L,L54994,300.0,311.4,1927,24.6,132,False,2024-02-02T13:24:00
RUN_07816,MACHINE_M,M22675,299.9,311.3,1703,28.4,134,False,2024-02-02T13:30:00
RUN_07817,MACHINE_L,L54996,299.8,311.2,1533,35.9,137,False,2024-02-02T13:36:00
RUN_07818,MACHINE_H,H37231,299.8,311.3,1785,25.4,139,False,2024-02-02T13:42:00
RUN_07819,MACHINE_L,L54998,299.8,311.2,2142,16.6,144,False,2024-02-02T13:48:00
RUN_07820,MACHINE_L,L54999,299.8,311.2,1369,46.2,146,False,2024-02-02T13:54:00
RUN_07821,MACHINE_M,M22680,299.8,311.2,1706,29.2,148,False,2024-02-02T14:00:00
RUN_07822,MACHINE_L,L55001,299.9,311.3,1802,24.4,151,False,2024-02-02T14:06:00
RUN_07823,MACHINE_H,H37236,299.9,311.3,1413,41.8,153,False,2024-02-02T14:12:00
RUN_07824,MACHINE_L,L55003,300.0,311.3,1484,53.2,158,False,2024-02-02T14:18:00
RUN_07825,MACHINE_L,L55004,299.9,311.3,1535,38.1,160,False,2024-02-02T14:24:00
RUN_07826,MACHINE_M,M22685,299.9,311.2,1579,35.5,162,False,2024-02-02T14:30:00
RUN_07827,MACHINE_L,L55006,299.8,311.1,1300,64.2,165,False,2024-02-02T14:36:00
RUN_07828,MACHINE_M,M22687,299.8,311.1,1452,44.3,167,False,2024-02-02T14:42:00
RUN_07829,MACHINE_M,M22688,299.8,311.1,1562,35.7,170,False,2024-02-02T14:48:00
RUN_07830,MACHINE_L,L55009,299.8,311.2,1664,28.3,173,False,2024-02-02T14:54:00
RUN_07831,MACHINE_H,H37244,299.9,311.2,1495,35.8,175,False,2024-02-02T15:00:00
RUN_07832,MACHINE_M,M22691,300.0,311.4,1533,42.6,180,False,2024-02-02T15:06:00
RUN_07833,MACHINE_L,L55012,300.0,311.4,1484,37.0,183,False,2024-02-02T15:12:00
RUN_07834,MACHINE_L,L55013,300.0,311.4,1604,38.7,185,False,2024-02-02T15:18:00
RUN_07835,MACHINE_L,L55014,300.0,311.4,1483,45.6,187,False,2024-02-02T15:24:00
RUN_07836,MACHINE_L,L55015,300.1,311.5,1549,34.7,189,False,2024-02-02T15:30:00
RUN_07837,MACHINE_L,L55016,300.1,311.4,1604,35.0,191,False,2024-02-02T15:36:00
RUN_07838,MACHINE_L,L55017,300.2,311.5,1685,31.0,193,False,2024-02-02T15:42:00
RUN_07839,MACHINE_L,L55018,300.2,311.6,1372,49.2,195,False,2024-02-02T15:48:00
RUN_07840,MACHINE_L,L55019,300.3,311.6,1374,47.4,197,False,2024-02-02T15:54:00
RUN_07841,MACHINE_L,L55020,300.2,311.6,1606,31.0,199,False,2024-02-02T16:00:00
RUN_07842,MACHINE_L,L55021,300.1,311.5,1471,47.2,201,False,2024-02-02T16:06:00
RUN_07843,MACHINE_L,L55022,300.1,311.5,1659,31.1,203,False,2024-02-02T16:12:00
RUN_07844,MACHINE_M,M22703,300.1,311.7,1400,48.5,205,False,2024-02-02T16:18:00
RUN_07845,MACHINE_L,L55024,300.1,311.7,1503,42.6,208,False,2024-02-02T16:24:00
RUN_07846,MACHINE_L,L55025,300.2,311.8,1798,23.2,210,False,2024-02-02T16:30:00
RUN_07847,MACHINE_M,M22706,300.2,311.6,1608,35.0,212,False,2024-02-02T16:36:00
RUN_07848,MACHINE_L,L55027,300.2,311.6,1322,50.9,215,False,2024-02-02T16:42:00
RUN_07849,MACHINE_H,H37262,300.2,311.6,1547,37.7,217,False,2024-02-02T16:48:00
RUN_07850,MACHINE_M,M22709,300.3,311.7,1374,47.9,222,True,2024-02-02T16:54:00
RUN_07851,MACHINE_M,M22710,300.3,311.7,1447,36.8,0,False,2024-02-02T17:00:00
RUN_07852,MACHINE_L,L55031,300.4,311.7,1373,47.2,3,False,2024-02-02T17:06:00
RUN_07853,MACHINE_L,L55032,300.3,311.7,1515,37.5,5,False,2024-02-02T17:12:00
RUN_07854,MACHINE_L,L55033,300.3,311.7,1317,56.5,7,False,2024-02-02T17:18:00
RUN_07855,MACHINE_L,L55034,300.3,311.8,1551,37.2,9,False,2024-02-02T17:24:00
RUN_07856,MACHINE_M,M22715,300.3,311.8,1592,32.1,11,False,2024-02-02T17:30:00
RUN_07857,MACHINE_L,L55036,300.4,311.8,1433,42.2,14,False,2024-02-02T17:36:00
RUN_07858,MACHINE_L,L55037,300.5,311.9,1432,43.1,16,False,2024-02-02T17:42:00
RUN_07859,MACHINE_L,L55038,300.5,311.9,1350,51.7,18,False,2024-02-02T17:48:00
RUN_07860,MACHINE_M,M22719,300.5,311.9,1370,44.8,20,False,2024-02-02T17:54:00
RUN_07861,MACHINE_L,L55040,300.5,312.0,1415,44.6,23,False,2024-02-02T18:00:00
RUN_07862,MACHINE_L,L55041,300.5,312.0,1498,42.9,25,False,2024-02-02T18:06:00
RUN_07863,MACHINE_M,M22722,300.5,312.0,1382,54.1,27,False,2024-02-02T18:12:00
RUN_07864,MACHINE_M,M22723,300.5,311.9,1511,44.5,30,False,2024-02-02T18:18:00
RUN_07865,MACHINE_L,L55044,300.5,311.9,1330,59.5,33,False,2024-02-02T18:24:00
RUN_07866,MACHINE_L,L55045,300.5,311.9,1383,50.5,35,False,2024-02-02T18:30:00
RUN_07867,MACHINE_L,L55046,300.5,311.9,1431,49.4,37,False,2024-02-02T18:36:00
RUN_07868,MACHINE_L,L55047,300.5,312.0,1461,38.1,39,False,2024-02-02T18:42:00
RUN_07869,MACHINE_H,H37282,300.4,311.9,1438,46.7,41,False,2024-02-02T18:48:00
RUN_07870,MACHINE_M,M22729,300.5,312.0,1779,27.7,46,False,2024-02-02T18:54:00
RUN_07871,MACHINE_M,M22730,300.6,312.1,1293,52.3,49,False,2024-02-02T19:00:00
RUN_07872,MACHINE_L,L55051,300.6,312.2,1308,54.7,52,False,2024-02-02T19:06:00
RUN_07873,MACHINE_L,L55052,300.6,312.3,1532,37.2,54,False,2024-02-02T19:12:00
RUN_07874,MACHINE_L,L55053,300.7,312.4,1470,38.6,56,False,2024-02-02T19:18:00
RUN_07875,MACHINE_L,L55054,300.7,312.3,1548,37.9,58,False,2024-02-02T19:24:00
RUN_07876,MACHINE_L,L55055,300.7,312.3,1898,24.0,60,False,2024-02-02T19:30:00
RUN_07877,MACHINE_H,H37290,300.7,312.2,1335,49.0,62,False,2024-02-02T19:36:00
RUN_07878,MACHINE_L,L55057,300.7,312.3,1420,53.8,67,False,2024-02-02T19:42:00
RUN_07879,MACHINE_L,L55058,300.7,312.3,1418,49.0,69,False,2024-02-02T19:48:00
RUN_07880,MACHINE_M,M22739,300.8,312.3,1535,40.3,71,False,2024-02-02T19:54:00
RUN_07881,MACHINE_H,H37294,300.7,312.4,1457,47.2,74,False,2024-02-02T20:00:00
RUN_07882,MACHINE_L,L55061,300.8,312.4,1493,39.1,79,False,2024-02-02T20:06:00
RUN_07883,MACHINE_H,H37296,300.7,312.3,1670,27.3,81,False,2024-02-02T20:12:00
RUN_07884,MACHINE_H,H37297,300.7,312.3,1446,45.4,86,False,2024-02-02T20:18:00
RUN_07885,MACHINE_L,L55064,300.8,312.4,1465,59.1,91,True,2024-02-02T20:24:00
RUN_07886,MACHINE_L,L55065,300.7,312.3,1590,36.3,93,False,2024-02-02T20:30:00
RUN_07887,MACHINE_M,M22746,300.6,312.2,2174,18.5,95,False,2024-02-02T20:36:00
RUN_07888,MACHINE_L,L55067,300.7,312.4,1590,37.9,98,False,2024-02-02T20:42:00
RUN_07889,MACHINE_L,L55068,300.7,312.3,1577,33.2,100,False,2024-02-02T20:48:00
RUN_07890,MACHINE_M,M22749,300.7,312.4,1371,61.7,102,False,2024-02-02T20:54:00
RUN_07891,MACHINE_L,L55070,300.8,312.4,1767,25.6,105,False,2024-02-02T21:00:00
RUN_07892,MACHINE_L,L55071,300.8,312.5,1517,39.2,107,False,2024-02-02T21:06:00
RUN_07893,MACHINE_M,M22752,300.9,312.6,1555,40.6,109,False,2024-02-02T21:12:00
RUN_07894,MACHINE_L,L55073,300.9,312.7,1416,43.8,112,False,2024-02-02T21:18:00
RUN_07895,MACHINE_M,M22754,300.8,312.6,1588,35.6,114,False,2024-02-02T21:24:00
RUN_07896,MACHINE_L,L55075,300.8,312.6,1422,50.0,117,False,2024-02-02T21:30:00
RUN_07897,MACHINE_L,L55076,300.8,312.6,1376,53.6,119,False,2024-02-02T21:36:00
RUN_07898,MACHINE_L,L55077,300.8,312.5,1434,50.7,121,False,2024-02-02T21:42:00
RUN_07899,MACHINE_L,L55078,300.8,312.5,1423,47.3,123,False,2024-02-02T21:48:00
RUN_07900,MACHINE_L,L55079,300.9,312.4,1364,52.5,125,False,2024-02-02T21:54:00
RUN_07901,MACHINE_L,L55080,300.8,312.4,1825,23.8,127,False,2024-02-02T22:00:00
RUN_07902,MACHINE_L,L55081,300.8,312.4,1365,44.5,129,False,2024-02-02T22:06:00
RUN_07903,MACHINE_M,M22762,300.7,312.3,1430,47.2,131,False,2024-02-02T22:12:00
RUN_07904,MACHINE_L,L55083,300.8,312.3,1435,44.8,134,False,2024-02-02T22:18:00
RUN_07905,MACHINE_M,M22764,300.8,312.4,1811,25.1,136,False,2024-02-02T22:24:00
RUN_07906,MACHINE_M,M22765,300.8,312.4,1465,43.7,139,False,2024-02-02T22:30:00
RUN_07907,MACHINE_L,L55086,300.9,312.4,1372,51.0,142,False,2024-02-02T22:36:00
RUN_07908,MACHINE_L,L55087,300.8,312.3,1858,26.3,144,False,2024-02-02T22:42:00
RUN_07909,MACHINE_L,L55088,300.7,312.3,1715,26.8,146,False,2024-02-02T22:48:00
RUN_07910,MACHINE_L,L55089,300.7,312.2,1590,38.5,148,False,2024-02-02T22:54:00
RUN_07911,MACHINE_M,M22770,300.8,312.2,1664,25.7,150,False,2024-02-02T23:00:00
RUN_07912,MACHINE_L,L55091,300.7,312.1,1512,36.9,153,False,2024-02-02T23:06:00
RUN_07913,MACHINE_L,L55092,300.7,312.1,1498,44.0,155,False,2024-02-02T23:12:00
RUN_07914,MACHINE_L,L55093,300.7,312.1,1395,41.9,157,False,2024-02-02T23:18:00
RUN_07915,MACHINE_H,H37328,300.7,312.1,1490,43.1,159,False,2024-02-02T23:24:00
RUN_07916,MACHINE_H,H37329,300.8,312.1,1527,35.1,164,False,2024-02-02T23:30:00
RUN_07917,MACHINE_L,L55096,300.8,312.1,1512,37.1,169,False,2024-02-02T23:36:00
RUN_07918,MACHINE_L,L55097,300.9,312.1,1474,42.4,171,False,2024-02-02T23:42:00
RUN_07919,MACHINE_L,L55098,300.8,312.1,1505,41.3,173,False,2024-02-02T23:48:00
RUN_07920,MACHINE_L,L55099,300.8,312.0,1496,40.0,175,False,2024-02-02T23:54:00
RUN_07921,MACHINE_L,L55100,300.8,312.0,1382,49.3,177,False,2024-02-03T00:00:00
RUN_07922,MACHINE_L,L55101,300.7,311.9,1419,47.7,179,False,2024-02-03T00:06:00
RUN_07923,MACHINE_L,L55102,300.7,311.9,1462,39.7,181,False,2024-02-03T00:12:00
RUN_07924,MACHINE_M,M22783,300.8,312.0,1450,45.0,183,False,2024-02-03T00:18:00
RUN_07925,MACHINE_H,H37338,300.7,311.9,1389,46.5,186,False,2024-02-03T00:24:00
RUN_07926,MACHINE_M,M22785,300.7,311.9,1697,28.2,191,False,2024-02-03T00:30:00
RUN_07927,MACHINE_L,L55106,300.7,311.9,1335,57.1,194,True,2024-02-03T00:36:00
RUN_07928,MACHINE_L,L55107,300.7,311.9,1476,42.0,196,False,2024-02-03T00:42:00
RUN_07929,MACHINE_L,L55108,300.6,311.7,1497,43.6,198,False,2024-02-03T00:48:00
RUN_07930,MACHINE_M,M22789,300.6,311.6,1669,29.2,200,False,2024-02-03T00:54:00
RUN_07931,MACHINE_L,L55110,300.6,311.6,1455,48.0,203,False,2024-02-03T01:00:00
RUN_07932,MACHINE_L,L55111,300.7,311.7,1499,38.4,205,False,2024-02-03T01:06:00
RUN_07933,MACHINE_L,L55112,300.7,311.8,1478,41.9,207,False,2024-02-03T01:12:00
RUN_07934,MACHINE_L,L55113,300.8,311.8,1928,21.8,209,False,2024-02-03T01:18:00
RUN_07935,MACHINE_M,M22794,300.8,311.9,1621,28.3,211,False,2024-02-03T01:24:00
RUN_07936,MACHINE_M,M22795,300.8,311.9,1356,44.3,214,False,2024-02-03T01:30:00
RUN_07937,MACHINE_L,L55116,300.8,311.7,1490,46.4,217,False,2024-02-03T01:36:00
RUN_07938,MACHINE_L,L55117,300.8,311.7,1578,31.4,219,False,2024-02-03T01:42:00
RUN_07939,MACHINE_L,L55118,300.8,311.7,1681,31.3,221,False,2024-02-03T01:48:00
RUN_07940,MACHINE_L,L55119,300.8,311.8,1417,43.4,223,False,2024-02-03T01:54:00
RUN_07941,MACHINE_M,M22800,300.7,311.7,1532,40.0,0,False,2024-02-03T02:00:00
RUN_07942,MACHINE_M,M22801,300.7,311.7,1499,38.9,3,False,2024-02-03T02:06:00
RUN_07943,MACHINE_L,L55122,300.8,311.7,1432,45.8,6,False,2024-02-03T02:12:00
RUN_07944,MACHINE_L,L55123,300.8,311.7,1753,29.0,8,False,2024-02-03T02:18:00
RUN_07945,MACHINE_L,L55124,300.8,311.7,1414,49.0,10,False,2024-02-03T02:24:00
RUN_07946,MACHINE_L,L55125,300.8,311.7,1655,32.2,12,False,2024-02-03T02:30:00
RUN_07947,MACHINE_L,L55126,300.8,311.6,1516,35.6,14,False,2024-02-03T02:36:00
RUN_07948,MACHINE_L,L55127,300.8,311.7,1426,45.5,16,False,2024-02-03T02:42:00
RUN_07949,MACHINE_L,L55128,300.8,311.7,1479,39.4,18,False,2024-02-03T02:48:00
RUN_07950,MACHINE_M,M22809,300.7,311.5,1569,36.4,20,False,2024-02-03T02:54:00
RUN_07951,MACHINE_L,L55130,300.8,311.6,1568,36.0,23,False,2024-02-03T03:00:00
RUN_07952,MACHINE_M,M22811,300.9,311.8,1843,24.5,25,False,2024-02-03T03:06:00
RUN_07953,MACHINE_M,M22812,300.9,311.9,1480,40.9,28,False,2024-02-03T03:12:00
RUN_07954,MACHINE_L,L55133,301.0,312.0,1447,36.8,31,False,2024-02-03T03:18:00
RUN_07955,MACHINE_L,L55134,301.0,311.9,1454,41.9,33,False,2024-02-03T03:24:00
RUN_07956,MACHINE_M,M22815,300.9,311.9,1310,56.1,35,False,2024-02-03T03:30:00
RUN_07957,MACHINE_H,H37370,300.9,311.9,1513,38.0,38,False,2024-02-03T03:36:00
RUN_07958,MACHINE_H,H37371,300.9,311.9,2140,16.5,43,False,2024-02-03T03:42:00
RUN_07959,MACHINE_L,L55138,301.0,312.1,1377,49.9,48,False,2024-02-03T03:48:00
RUN_07960,MACHINE_L,L55139,301.0,312.1,1585,32.3,50,False,2024-02-03T03:54:00
RUN_07961,MACHINE_H,H37374,301.1,312.2,1491,42.6,52,False,2024-02-03T04:00:00
RUN_07962,MACHINE_L,L55141,301.0,312.2,1264,59.0,57,False,2024-02-03T04:06:00
RUN_07963,MACHINE_L,L55142,301.0,312.2,1372,47.0,59,False,2024-02-03T04:12:00
RUN_07964,MACHINE_L,L55143,301.0,312.2,1510,39.9,61,False,2024-02-03T04:18:00
RUN_07965,MACHINE_L,L55144,300.9,312.1,1423,40.2,63,False,2024-02-03T04:24:00
RUN_07966,MACHINE_L,L55145,301.1,312.3,1464,35.3,65,False,2024-02-03T04:30:00
RUN_07967,MACHINE_L,L55146,301.0,312.2,1602,35.9,67,False,2024-02-03T04:36:00
RUN_07968,MACHINE_M,M22827,301.0,312.2,1629,32.6,69,False,2024-02-03T04:42:00
RUN_07969,MACHINE_L,L55148,300.9,312.2,1811,23.2,72,False,2024-02-03T04:48:00
RUN_07970,MACHINE_L,L55149,300.9,312.1,1711,28.8,74,False,2024-02-03T04:54:00
RUN_07971,MACHINE_M,M22830,300.9,312.1,1297,48.6,76,False,2024-02-03T05:00:00
RUN_07972,MACHINE_L,L55151,301.0,312.1,1405,46.1,79,False,2024-02-03T05:06:00
RUN_07973,MACHINE_L,L55152,301.1,312.2,1397,54.9,81,False,2024-02-03T05:12:00
RUN_07974,MACHINE_L,L55153,301.1,312.3,1682,29.7,83,False,2024-02-03T05:18:00
RUN_07975,MACHINE_L,L55154,301.2,312.3,1528,38.4,85,False,2024-02-03T05:24:00
RUN_07976,MACHINE_M,M22835,301.2,312.3,1548,38.3,87,False,2024-02-03T05:30:00
RUN_07977,MACHINE_H,H37390,301.2,312.4,1395,47.8,90,False,2024-02-03T05:36:00
RUN_07978,MACHINE_L,L55157,301.2,312.4,1378,59.0,95,False,2024-02-03T05:42:00
RUN_07979,MACHINE_L,L55158,301.2,312.4,1480,53.5,97,False,2024-02-03T05:48:00
RUN_07980,MACHINE_M,M22839,301.2,312.4,1428,36.6,99,False,2024-02-03T05:54:00
RUN_07981,MACHINE_M,M22840,301.2,312.4,1505,39.6,102,False,2024-02-03T06:00:00
RUN_07982,MACHINE_L,L55161,301.0,312.3,1445,36.4,105,False,2024-02-03T06:06:00
RUN_07983,MACHINE_L,L55162,301.0,312.3,1488,42.6,107,False,2024-02-03T06:12:00
RUN_07984,MACHINE_L,L55163,301.0,312.2,1601,33.0,109,False,2024-02-03T06:18:00
RUN_07985,MACHINE_L,L55164,301.0,312.3,1550,34.9,111,False,2024-02-03T06:24:00
RUN_07986,MACHINE_L,L55165,301.0,312.2,1540,34.1,113,False,2024-02-03T06:30:00
RUN_07987,MACHINE_L,L55166,301.1,312.3,1587,34.5,115,False,2024-02-03T06:36:00
RUN_07988,MACHINE_H,H37401,301.0,312.2,1489,40.3,117,False,2024-02-03T06:42:00
RUN_07989,MACHINE_L,L55168,301.1,312.3,1486,34.9,122,False,2024-02-03T06:48:00
RUN_07990,MACHINE_L,L55169,301.1,312.4,1430,37.9,124,False,2024-02-03T06:54:00
RUN_07991,MACHINE_M,M22850,301.1,312.4,1809,25.1,126,False,2024-02-03T07:00:00
RUN_07992,MACHINE_L,L55171,301.1,312.3,1534,39.0,129,False,2024-02-03T07:06:00
RUN_07993,MACHINE_M,M22852,301.1,312.3,1852,25.9,131,False,2024-02-03T07:12:00
RUN_07994,MACHINE_L,L55173,301.1,312.3,1595,31.9,134,False,2024-02-03T07:18:00
RUN_07995,MACHINE_L,L55174,301.0,312.3,1424,43.5,136,False,2024-02-03T07:24:00
RUN_07996,MACHINE_L,L55175,301.0,312.2,1776,28.8,138,False,2024-02-03T07:30:00
RUN_07997,MACHINE_M,M22856,301.0,312.2,1499,41.5,140,False,2024-02-03T07:36:00
RUN_07998,MACHINE_M,M22857,301.0,312.2,2710,9.7,143,True,2024-02-03T07:42:00
RUN_07999,MACHINE_L,L55178,300.9,312.1,1359,51.7,146,False,2024-02-03T07:48:00
RUN_08000,MACHINE_M,M22859,300.9,312.1,1617,31.0,148,False,2024-02-03T07:54:00
RUN_08001,MACHINE_M,M22860,300.8,312.0,1443,53.3,151,False,2024-02-03T08:00:00
RUN_08002,MACHINE_L,L55181,300.8,312.0,1374,50.2,154,False,2024-02-03T08:06:00
RUN_08003,MACHINE_M,M22862,300.9,312.1,1851,23.0,156,False,2024-02-03T08:12:00
RUN_08004,MACHINE_M,M22863,300.8,312.0,1274,67.3,159,False,2024-02-03T08:18:00
RUN_08005,MACHINE_L,L55184,300.9,312.0,1533,44.0,162,False,2024-02-03T08:24:00
RUN_08006,MACHINE_L,L55185,300.8,312.0,1477,37.3,164,False,2024-02-03T08:30:00
RUN_08007,MACHINE_L,L55186,300.9,312.1,1462,46.0,166,False,2024-02-03T08:36:00
RUN_08008,MACHINE_M,M22867,301.0,312.1,1664,28.4,168,False,2024-02-03T08:42:00
RUN_08009,MACHINE_L,L55188,300.8,311.9,1414,41.1,171,False,2024-02-03T08:48:00
RUN_08010,MACHINE_H,H37423,300.9,312.0,2129,17.8,173,False,2024-02-03T08:54:00
RUN_08011,MACHINE_L,L55190,300.8,311.8,1323,61.1,178,False,2024-02-03T09:00:00
RUN_08012,MACHINE_L,L55191,300.8,311.8,1427,43.3,180,False,2024-02-03T09:06:00
RUN_08013,MACHINE_M,M22872,300.9,312.0,1375,56.1,182,False,2024-02-03T09:12:00
RUN_08014,MACHINE_M,M22873,300.9,312.0,1402,50.7,185,False,2024-02-03T09:18:00
RUN_08015,MACHINE_L,L55194,300.9,312.0,1500,44.2,188,False,2024-02-03T09:24:00
RUN_08016,MACHINE_M,M22875,301.0,312.0,1558,37.5,190,False,2024-02-03T09:30:00
RUN_08017,MACHINE_M,M22876,300.9,312.0,1447,41.4,193,False,2024-02-03T09:36:00
RUN_08018,MACHINE_L,L55197,301.0,312.0,1518,39.3,196,False,2024-02-03T09:42:00
RUN_08019,MACHINE_L,L55198,301.0,311.9,1889,23.5,198,False,2024-02-03T09:48:00
RUN_08020,MACHINE_L,L55199,301.0,312.1,1675,30.7,200,False,2024-02-03T09:54:00
RUN_08021,MACHINE_H,H37434,300.9,312.0,1720,27.9,202,False,2024-02-03T10:00:00
RUN_08022,MACHINE_M,M22881,301.0,312.0,1499,34.6,207,False,2024-02-03T10:06:00
RUN_08023,MACHINE_L,L55202,300.9,312.0,1441,43.8,210,False,2024-02-03T10:12:00
RUN_08024,MACHINE_H,H37437,300.9,312.0,1397,42.7,212,False,2024-02-03T10:18:00
RUN_08025,MACHINE_L,L55204,300.9,312.0,1493,38.7,217,False,2024-02-03T10:24:00
RUN_08026,MACHINE_M,M22885,300.8,312.0,1422,50.7,219,False,2024-02-03T10:30:00
RUN_08027,MACHINE_L,L55206,300.7,311.9,1399,50.2,222,True,2024-02-03T10:36:00
RUN_08028,MACHINE_L,L55207,300.6,311.9,1425,44.9,224,False,2024-02-03T10:42:00
RUN_08029,MACHINE_L,L55208,300.6,311.8,1501,44.8,226,False,2024-02-03T10:48:00
RUN_08030,MACHINE_M,M22889,300.6,311.9,1629,35.3,0,False,2024-02-03T10:54:00
RUN_08031,MACHINE_L,L55210,300.6,312.0,1490,42.2,3,False,2024-02-03T11:00:00
RUN_08032,MACHINE_L,L55211,300.7,312.0,1550,32.4,5,False,2024-02-03T11:06:00
RUN_08033,MACHINE_L,L55212,300.8,312.0,1416,46.5,7,False,2024-02-03T11:12:00
RUN_08034,MACHINE_L,L55213,300.7,311.9,1485,38.8,9,False,2024-02-03T11:18:00
RUN_08035,MACHINE_L,L55214,300.7,311.8,1564,36.8,11,False,2024-02-03T11:24:00
RUN_08036,MACHINE_L,L55215,300.7,311.7,1910,19.7,13,False,2024-02-03T11:30:00
RUN_08037,MACHINE_L,L55216,300.7,311.7,1460,46.1,15,False,2024-02-03T11:36:00
RUN_08038,MACHINE_L,L55217,300.7,311.8,1603,34.1,17,False,2024-02-03T11:42:00
RUN_08039,MACHINE_L,L55218,300.7,311.8,1486,47.3,19,False,2024-02-03T11:48:00
RUN_08040,MACHINE_L,L55219,300.8,311.9,1560,31.8,21,False,2024-02-03T11:54:00
RUN_08041,MACHINE_L,L55220,300.8,311.9,1498,39.3,23,False,2024-02-03T12:00:00
RUN_08042,MACHINE_H,H37455,300.8,311.9,1431,48.5,25,False,2024-02-03T12:06:00
RUN_08043,MACHINE_L,L55222,300.8,311.9,1486,45.1,30,False,2024-02-03T12:12:00
RUN_08044,MACHINE_L,L55223,300.7,311.9,1486,35.8,32,False,2024-02-03T12:18:00
RUN_08045,MACHINE_L,L55224,300.7,311.8,1441,38.1,34,False,2024-02-03T12:24:00
RUN_08046,MACHINE_M,M22905,300.7,311.9,1366,55.1,36,False,2024-02-03T12:30:00
RUN_08047,MACHINE_L,L55226,300.6,311.8,1471,41.4,39,False,2024-02-03T12:36:00
RUN_08048,MACHINE_L,L55227,300.6,311.9,1463,38.2,41,False,2024-02-03T12:42:00
RUN_08049,MACHINE_L,L55228,300.6,311.9,1413,41.3,43,False,2024-02-03T12:48:00
RUN_08050,MACHINE_H,H37463,300.6,311.9,1604,30.5,45,False,2024-02-03T12:54:00
RUN_08051,MACHINE_L,L55230,300.7,312.0,1401,51.1,50,False,2024-02-03T13:00:00
RUN_08052,MACHINE_L,L55231,300.6,311.8,1652,27.2,52,False,2024-02-03T13:06:00
RUN_08053,MACHINE_L,L55232,300.5,311.9,1403,45.7,54,False,2024-02-03T13:12:00
RUN_08054,MACHINE_L,L55233,300.5,311.9,1887,21.7,56,False,2024-02-03T13:18:00
RUN_08055,MACHINE_L,L55234,300.4,311.8,1405,47.9,58,False,2024-02-03T13:24:00
RUN_08056,MACHINE_H,H37469,300.2,311.6,1496,41.1,60,False,2024-02-03T13:30:00
RUN_08057,MACHINE_L,L55236,300.1,311.5,1499,43.4,65,False,2024-02-03T13:36:00
RUN_08058,MACHINE_L,L55237,300.2,311.5,1549,37.2,67,False,2024-02-03T13:42:00
RUN_08059,MACHINE_L,L55238,300.3,311.6,1515,44.9,69,False,2024-02-03T13:48:00
RUN_08060,MACHINE_L,L55239,300.2,311.6,1540,37.7,71,False,2024-02-03T13:54:00
RUN_08061,MACHINE_H,H37474,300.2,311.5,1426,44.3,73,False,2024-02-03T14:00:00
RUN_08062,MACHINE_M,M22921,300.2,311.6,1465,41.4,78,False,2024-02-03T14:06:00
RUN_08063,MACHINE_M,M22922,300.3,311.6,1359,54.1,81,False,2024-02-03T14:12:00
RUN_08064,MACHINE_M,M22923,300.3,311.7,1551,36.4,84,False,2024-02-03T14:18:00
RUN_08065,MACHINE_L,L55244,300.5,311.8,1596,34.8,87,False,2024-02-03T14:24:00
RUN_08066,MACHINE_M,M22925,300.5,311.9,1670,26.3,89,False,2024-02-03T14:30:00
RUN_08067,MACHINE_L,L55246,300.4,311.9,1868,21.3,92,False,2024-02-03T14:36:00
RUN_08068,MACHINE_M,M22927,300.6,312.0,1490,39.8,94,False,2024-02-03T14:42:00
RUN_08069,MACHINE_M,M22928,300.5,311.9,1676,35.2,97,False,2024-02-03T14:48:00
RUN_08070,MACHINE_M,M22929,300.5,311.9,1875,22.1,100,False,2024-02-03T14:54:00
RUN_08071,MACHINE_M,M22930,300.5,312.0,1867,23.0,103,False,2024-02-03T15:00:00
RUN_08072,MACHINE_L,L55251,300.5,312.0,1646,29.5,106,False,2024-02-03T15:06:00
RUN_08073,MACHINE_H,H37486,300.5,312.0,1375,43.2,108,False,2024-02-03T15:12:00
RUN_08074,MACHINE_L,L55253,300.5,312.0,1558,36.7,113,False,2024-02-03T15:18:00
RUN_08075,MACHINE_L,L55254,300.4,312.0,1631,34.9,115,False,2024-02-03T15:24:00
RUN_08076,MACHINE_L,L55255,300.4,312.0,1366,43.0,117,False,2024-02-03T15:30:00
RUN_08077,MACHINE_L,L55256,300.3,311.8,1360,48.0,119,False,2024-02-03T15:36:00
RUN_08078,MACHINE_L,L55257,300.3,311.8,1547,39.7,121,False,2024-02-03T15:42:00
RUN_08079,MACHINE_L,L55258,300.3,311.7,1571,31.2,123,False,2024-02-03T15:48:00
RUN_08080,MACHINE_L,L55259,300.2,311.5,1528,36.1,125,False,2024-02-03T15:54:00
RUN_08081,MACHINE_H,H37494,300.2,311.5,1432,43.6,127,False,2024-02-03T16:00:00
RUN_08082,MACHINE_L,L55261,300.2,311.6,1356,53.5,132,False,2024-02-03T16:06:00
RUN_08083,MACHINE_H,H37496,300.1,311.5,1422,46.2,134,False,2024-02-03T16:12:00
RUN_08084,MACHINE_L,L55263,300.1,311.4,1438,42.2,139,False,2024-02-03T16:18:00
RUN_08085,MACHINE_L,L55264,300.2,311.4,1483,44.4,141,False,2024-02-03T16:24:00
RUN_08086,MACHINE_L,L55265,300.2,311.4,1331,49.8,143,False,2024-02-03T16:30:00
RUN_08087,MACHINE_L,L55266,300.2,311.4,1463,37.5,145,False,2024-02-03T16:36:00
RUN_08088,MACHINE_L,L55267,300.1,311.4,1446,40.6,147,False,2024-02-03T16:42:00
RUN_08089,MACHINE_L,L55268,300.1,311.4,1356,45.7,149,False,2024-02-03T16:48:00
RUN_08090,MACHINE_L,L55269,300.1,311.3,1676,30.3,151,False,2024-02-03T16:54:00
RUN_08091,MACHINE_L,L55270,300.1,311.4,1910,23.0,153,False,2024-02-03T17:00:00
RUN_08092,MACHINE_L,L55271,300.2,311.6,1375,56.9,155,False,2024-02-03T17:06:00
RUN_08093,MACHINE_M,M22952,300.2,311.6,1513,40.8,157,False,2024-02-03T17:12:00
RUN_08094,MACHINE_L,L55273,300.2,311.6,1511,35.7,160,False,2024-02-03T17:18:00
RUN_08095,MACHINE_H,H37508,300.2,311.6,1662,28.8,162,False,2024-02-03T17:24:00
RUN_08096,MACHINE_L,L55275,300.2,311.7,1493,48.3,167,False,2024-02-03T17:30:00
RUN_08097,MACHINE_M,M22956,300.2,311.7,1555,37.4,169,False,2024-02-03T17:36:00
RUN_08098,MACHINE_L,L55277,300.3,311.7,1452,41.5,172,False,2024-02-03T17:42:00
RUN_08099,MACHINE_L,L55278,300.2,311.6,1500,39.0,174,False,2024-02-03T17:48:00
RUN_08100,MACHINE_L,L55279,300.2,311.7,1603,30.5,176,False,2024-02-03T17:54:00
RUN_08101,MACHINE_L,L55280,300.3,311.7,1682,27.8,178,False,2024-02-03T18:00:00
RUN_08102,MACHINE_L,L55281,300.3,311.8,1567,37.7,180,False,2024-02-03T18:06:00
RUN_08103,MACHINE_L,L55282,300.3,311.8,1413,46.0,182,False,2024-02-03T18:12:00
RUN_08104,MACHINE_M,M22963,300.3,311.9,1429,41.6,184,False,2024-02-03T18:18:00
RUN_08105,MACHINE_L,L55284,300.3,311.9,1692,31.5,187,False,2024-02-03T18:24:00
RUN_08106,MACHINE_L,L55285,300.4,311.9,1476,48.7,189,False,2024-02-03T18:30:00
RUN_08107,MACHINE_M,M22966,300.4,312.0,1596,30.4,191,False,2024-02-03T18:36:00
RUN_08108,MACHINE_H,H37521,300.3,311.9,1390,49.0,194,False,2024-02-03T18:42:00
RUN_08109,MACHINE_M,M22968,300.3,311.8,1607,33.7,199,False,2024-02-03T18:48:00
RUN_08110,MACHINE_L,L55289,300.3,311.7,1821,26.3,202,False,2024-02-03T18:54:00
RUN_08111,MACHINE_H,H37524,300.3,311.8,2141,18.5,204,False,2024-02-03T19:00:00
RUN_08112,MACHINE_M,M22971,300.4,311.8,1553,33.1,209,True,2024-02-03T19:06:00
RUN_08113,MACHINE_M,M22972,300.4,311.8,1442,45.1,0,False,2024-02-03T19:12:00
RUN_08114,MACHINE_L,L55293,300.4,311.7,1459,45.6,3,False,2024-02-03T19:18:00
RUN_08115,MACHINE_H,H37528,300.4,311.8,2496,13.5,5,False,2024-02-03T19:24:00
RUN_08116,MACHINE_L,L55295,300.4,311.8,1367,57.2,10,False,2024-02-03T19:30:00
RUN_08117,MACHINE_L,L55296,300.3,311.8,2004,19.6,12,False,2024-02-03T19:36:00
RUN_08118,MACHINE_L,L55297,300.3,311.7,1406,47.5,14,False,2024-02-03T19:42:00
RUN_08119,MACHINE_L,L55298,300.3,311.8,1548,33.0,16,False,2024-02-03T19:48:00
RUN_08120,MACHINE_L,L55299,300.3,311.7,1333,55.2,18,False,2024-02-03T19:54:00
RUN_08121,MACHINE_L,L55300,300.2,311.6,1767,26.4,20,False,2024-02-03T20:00:00
RUN_08122,MACHINE_L,L55301,300.2,311.6,1827,27.0,22,False,2024-02-03T20:06:00
RUN_08123,MACHINE_M,M22982,300.2,311.6,1533,46.4,24,False,2024-02-03T20:12:00
RUN_08124,MACHINE_H,H37537,300.2,311.5,1515,36.8,27,False,2024-02-03T20:18:00
RUN_08125,MACHINE_L,L55304,300.2,311.4,1568,41.0,32,False,2024-02-03T20:24:00
RUN_08126,MACHINE_L,L55305,300.2,311.4,1452,47.8,34,False,2024-02-03T20:30:00
RUN_08127,MACHINE_L,L55306,300.2,311.4,1433,37.9,36,False,2024-02-03T20:36:00
RUN_08128,MACHINE_M,M22987,300.1,311.3,1650,33.8,38,False,2024-02-03T20:42:00
RUN_08129,MACHINE_L,L55308,300.1,311.4,1629,31.3,41,False,2024-02-03T20:48:00
RUN_08130,MACHINE_L,L55309,300.0,311.3,1520,39.2,43,False,2024-02-03T20:54:00
RUN_08131,MACHINE_H,H37544,300.0,311.2,1393,43.1,45,False,2024-02-03T21:00:00
RUN_08132,MACHINE_H,H37545,299.9,311.2,1364,49.6,50,False,2024-02-03T21:06:00
RUN_08133,MACHINE_M,M22992,299.9,311.3,1389,50.0,55,False,2024-02-03T21:12:00
RUN_08134,MACHINE_L,L55313,299.8,311.1,1466,46.1,58,False,2024-02-03T21:18:00
RUN_08135,MACHINE_L,L55314,299.7,311.1,1650,32.4,60,False,2024-02-03T21:24:00
RUN_08136,MACHINE_L,L55315,299.6,311.0,1554,36.3,62,False,2024-02-03T21:30:00
RUN_08137,MACHINE_M,M22996,299.6,310.9,1474,39.7,64,False,2024-02-03T21:36:00
RUN_08138,MACHINE_H,H37551,299.5,310.8,1600,32.4,67,False,2024-02-03T21:42:00
RUN_08139,MACHINE_L,L55318,299.5,310.8,1356,54.9,72,False,2024-02-03T21:48:00
RUN_08140,MACHINE_L,L55319,299.5,310.8,1571,38.2,74,False,2024-02-03T21:54:00
RUN_08141,MACHINE_L,L55320,299.6,310.9,1658,28.0,76,False,2024-02-03T22:00:00
RUN_08142,MACHINE_L,L55321,299.6,310.8,1393,49.9,78,False,2024-02-03T22:06:00
RUN_08143,MACHINE_M,M23002,299.7,311.0,1448,49.8,80,False,2024-02-03T22:12:00
RUN_08144,MACHINE_L,L55323,299.7,310.9,1477,40.4,83,False,2024-02-03T22:18:00
RUN_08145,MACHINE_M,M23004,299.7,311.0,1506,42.7,85,False,2024-02-03T22:24:00
RUN_08146,MACHINE_M,M23005,299.7,310.9,1685,32.1,88,False,2024-02-03T22:30:00
RUN_08147,MACHINE_L,L55326,299.6,310.9,1533,31.8,91,False,2024-02-03T22:36:00
RUN_08148,MACHINE_L,L55327,299.5,310.8,1447,41.0,93,False,2024-02-03T22:42:00
RUN_08149,MACHINE_M,M23008,299.5,310.7,1488,39.5,95,False,2024-02-03T22:48:00
RUN_08150,MACHINE_M,M23009,299.6,310.8,1427,50.4,98,False,2024-02-03T22:54:00
RUN_08151,MACHINE_M,M23010,299.5,310.7,1424,41.3,101,False,2024-02-03T23:00:00
RUN_08152,MACHINE_L,L55331,299.5,310.7,1472,40.9,104,False,2024-02-03T23:06:00
RUN_08153,MACHINE_L,L55332,299.5,310.7,1438,45.7,106,False,2024-02-03T23:12:00
RUN_08154,MACHINE_L,L55333,299.6,310.8,1507,42.4,108,False,2024-02-03T23:18:00
RUN_08155,MACHINE_L,L55334,299.6,310.7,1393,52.1,110,False,2024-02-03T23:24:00
RUN_08156,MACHINE_L,L55335,299.5,310.8,1283,52.4,112,False,2024-02-03T23:30:00
RUN_08157,MACHINE_L,L55336,299.6,310.8,1644,30.9,114,False,2024-02-03T23:36:00
RUN_08158,MACHINE_L,L55337,299.6,310.8,1498,46.9,116,False,2024-02-03T23:42:00
RUN_08159,MACHINE_L,L55338,299.6,310.8,1400,40.8,118,False,2024-02-03T23:48:00
RUN_08160,MACHINE_H,H37573,299.6,310.9,1679,31.2,120,False,2024-02-03T23:54:00
RUN_08161,MACHINE_M,M23020,299.7,311.1,1618,30.3,125,False,2024-02-04T00:00:00
RUN_08162,MACHINE_H,H37575,299.6,311.0,1714,30.2,128,False,2024-02-04T00:06:00
RUN_08163,MACHINE_L,L55342,299.6,311.0,1574,35.0,133,False,2024-02-04T00:12:00
RUN_08164,MACHINE_L,L55343,299.7,311.1,1574,36.4,135,False,2024-02-04T00:18:00
RUN_08165,MACHINE_L,L55344,299.6,310.9,1472,40.9,137,False,2024-02-04T00:24:00
RUN_08166,MACHINE_L,L55345,299.6,311.0,1552,33.2,139,False,2024-02-04T00:30:00
RUN_08167,MACHINE_L,L55346,299.7,311.1,1603,31.4,141,False,2024-02-04T00:36:00
RUN_08168,MACHINE_H,H37581,299.7,311.1,1353,47.1,143,False,2024-02-04T00:42:00
RUN_08169,MACHINE_L,L55348,299.7,311.1,1690,30.6,148,False,2024-02-04T00:48:00
RUN_08170,MACHINE_M,M23029,299.8,311.2,1745,26.3,150,False,2024-02-04T00:54:00
RUN_08171,MACHINE_L,L55350,299.9,311.3,1522,45.7,153,False,2024-02-04T01:00:00
RUN_08172,MACHINE_H,H37585,300.0,311.4,1641,34.5,155,False,2024-02-04T01:06:00
RUN_08173,MACHINE_L,L55352,299.9,311.4,1596,28.9,160,False,2024-02-04T01:12:00
RUN_08174,MACHINE_H,H37587,299.9,311.4,1497,37.0,162,False,2024-02-04T01:18:00
RUN_08175,MACHINE_L,L55354,299.9,311.3,1371,52.3,167,False,2024-02-04T01:24:00
RUN_08176,MACHINE_M,M23035,299.9,311.3,1445,41.2,169,False,2024-02-04T01:30:00
RUN_08177,MACHINE_L,L55356,299.8,311.2,1564,40.0,172,False,2024-02-04T01:36:00
RUN_08178,MACHINE_L,L55357,299.7,311.1,1439,44.9,174,False,2024-02-04T01:42:00
RUN_08179,MACHINE_L,L55358,299.7,311.2,1352,52.1,176,False,2024-02-04T01:48:00
RUN_08180,MACHINE_L,L55359,299.8,311.3,1560,35.4,178,False,2024-02-04T01:54:00
RUN_08181,MACHINE_M,M23040,299.7,311.2,1616,42.3,180,False,2024-02-04T02:00:00
RUN_08182,MACHINE_L,L55361,299.7,311.2,1835,23.7,183,False,2024-02-04T02:06:00
RUN_08183,MACHINE_M,M23042,299.7,311.1,1649,32.7,185,False,2024-02-04T02:12:00
RUN_08184,MACHINE_L,L55363,299.8,311.1,1452,47.3,188,False,2024-02-04T02:18:00
RUN_08185,MACHINE_L,L55364,299.8,311.1,2144,17.7,190,False,2024-02-04T02:24:00
RUN_08186,MACHINE_L,L55365,299.7,311.1,1554,41.0,192,False,2024-02-04T02:30:00
RUN_08187,MACHINE_L,L55366,299.7,311.0,1827,25.4,194,False,2024-02-04T02:36:00
RUN_08188,MACHINE_L,L55367,299.6,310.9,1448,46.3,196,False,2024-02-04T02:42:00
RUN_08189,MACHINE_M,M23048,299.6,310.9,1530,38.8,198,False,2024-02-04T02:48:00
RUN_08190,MACHINE_L,L55369,299.7,311.0,1983,21.0,201,False,2024-02-04T02:54:00
RUN_08191,MACHINE_M,M23050,299.7,310.9,1620,37.2,203,False,2024-02-04T03:00:00
RUN_08192,MACHINE_M,M23051,299.6,310.9,1630,29.8,206,False,2024-02-04T03:06:00
RUN_08193,MACHINE_L,L55372,299.6,310.9,1229,65.2,209,True,2024-02-04T03:12:00
RUN_08194,MACHINE_L,L55373,299.5,310.8,1873,22.3,211,False,2024-02-04T03:18:00
RUN_08195,MACHINE_L,L55374,299.4,310.7,1426,45.7,213,False,2024-02-04T03:24:00
RUN_08196,MACHINE_L,L55375,299.4,310.8,1376,53.9,215,True,2024-02-04T03:30:00
RUN_08197,MACHINE_L,L55376,299.4,310.8,1622,33.6,217,False,2024-02-04T03:36:00
RUN_08198,MACHINE_M,M23057,299.4,310.7,1492,45.7,219,False,2024-02-04T03:42:00
RUN_08199,MACHINE_M,M23058,299.3,310.7,1374,48.9,222,False,2024-02-04T03:48:00
RUN_08200,MACHINE_L,L55379,299.2,310.7,1737,27.0,225,True,2024-02-04T03:54:00
RUN_08201,MACHINE_L,L55380,299.3,310.8,1426,42.4,0,False,2024-02-04T04:00:00
RUN_08202,MACHINE_M,M23061,299.3,310.9,1826,25.1,2,False,2024-02-04T04:06:00
RUN_08203,MACHINE_L,L55382,299.3,310.9,1669,32.4,5,False,2024-02-04T04:12:00
RUN_08204,MACHINE_M,M23063,299.4,310.9,1473,40.1,7,False,2024-02-04T04:18:00
RUN_08205,MACHINE_L,L55384,299.4,310.9,1751,27.8,10,False,2024-02-04T04:24:00
RUN_08206,MACHINE_M,M23065,299.4,310.9,1446,47.3,12,False,2024-02-04T04:30:00
RUN_08207,MACHINE_L,L55386,299.3,310.8,1483,43.5,15,False,2024-02-04T04:36:00
RUN_08208,MACHINE_L,L55387,299.2,310.7,1535,42.6,17,False,2024-02-04T04:42:00
RUN_08209,MACHINE_L,L55388,299.2,310.7,1477,44.0,19,False,2024-02-04T04:48:00
RUN_08210,MACHINE_L,L55389,299.3,310.8,1391,46.9,21,False,2024-02-04T04:54:00
RUN_08211,MACHINE_H,H37624,299.2,310.7,1636,29.4,23,False,2024-02-04T05:00:00
RUN_08212,MACHINE_L,L55391,299.2,310.6,1675,33.3,28,False,2024-02-04T05:06:00
RUN_08213,MACHINE_H,H37626,299.2,310.5,1329,48.9,30,False,2024-02-04T05:12:00
RUN_08214,MACHINE_M,M23073,299.2,310.5,1548,33.5,35,False,2024-02-04T05:18:00
RUN_08215,MACHINE_L,L55394,299.2,310.5,1391,45.8,38,False,2024-02-04T05:24:00
RUN_08216,MACHINE_L,L55395,299.1,310.5,1437,43.1,40,False,2024-02-04T05:30:00
RUN_08217,MACHINE_L,L55396,299.2,310.6,1370,61.9,42,False,2024-02-04T05:36:00
RUN_08218,MACHINE_L,L55397,299.1,310.6,1577,37.1,44,False,2024-02-04T05:42:00
RUN_08219,MACHINE_L,L55398,299.1,310.5,1485,37.8,46,False,2024-02-04T05:48:00
RUN_08220,MACHINE_L,L55399,299.0,310.4,1504,34.3,48,False,2024-02-04T05:54:00
RUN_08221,MACHINE_M,M23080,298.9,310.3,1551,35.2,50,False,2024-02-04T06:00:00
RUN_08222,MACHINE_M,M23081,299.1,310.5,1428,43.0,53,False,2024-02-04T06:06:00
RUN_08223,MACHINE_L,L55402,299.0,310.5,1755,27.9,56,False,2024-02-04T06:12:00
RUN_08224,MACHINE_L,L55403,299.1,310.5,1329,54.9,58,False,2024-02-04T06:18:00
RUN_08225,MACHINE_L,L55404,299.1,310.5,1496,35.2,60,False,2024-02-04T06:24:00
RUN_08226,MACHINE_L,L55405,299.1,310.5,1532,36.6,62,False,2024-02-04T06:30:00
RUN_08227,MACHINE_L,L55406,299.1,310.5,1389,61.4,64,False,2024-02-04T06:36:00
RUN_08228,MACHINE_M,M23087,299.1,310.4,1524,51.4,66,False,2024-02-04T06:42:00
RUN_08229,MACHINE_M,M23088,299.1,310.4,1422,49.3,69,False,2024-02-04T06:48:00
RUN_08230,MACHINE_L,L55409,299.1,310.5,1739,27.4,72,False,2024-02-04T06:54:00
RUN_08231,MACHINE_L,L55410,299.1,310.5,1736,26.9,74,False,2024-02-04T07:00:00
RUN_08232,MACHINE_L,L55411,299.1,310.5,1419,48.8,76,False,2024-02-04T07:06:00
RUN_08233,MACHINE_L,L55412,299.1,310.6,1326,49.7,78,False,2024-02-04T07:12:00
RUN_08234,MACHINE_M,M23093,299.1,310.6,1449,43.2,80,False,2024-02-04T07:18:00
RUN_08235,MACHINE_L,L55414,299.2,310.6,1534,39.7,83,False,2024-02-04T07:24:00
RUN_08236,MACHINE_M,M23095,299.2,310.6,1443,50.9,85,False,2024-02-04T07:30:00
RUN_08237,MACHINE_L,L55416,299.2,310.6,1498,41.1,88,False,2024-02-04T07:36:00
RUN_08238,MACHINE_L,L55417,299.1,310.6,1796,26.0,90,False,2024-02-04T07:42:00
RUN_08239,MACHINE_L,L55418,299.1,310.4,1519,45.3,92,False,2024-02-04T07:48:00
RUN_08240,MACHINE_L,L55419,299.0,310.4,1339,49.6,94,False,2024-02-04T07:54:00
RUN_08241,MACHINE_L,L55420,299.0,310.4,1483,41.5,96,False,2024-02-04T08:00:00
RUN_08242,MACHINE_M,M23101,298.9,310.2,2099,20.0,98,False,2024-02-04T08:06:00
RUN_08243,MACHINE_M,M23102,299.0,310.3,1689,29.7,101,False,2024-02-04T08:12:00
RUN_08244,MACHINE_H,H37657,299.1,310.4,1369,54.5,104,False,2024-02-04T08:18:00
RUN_08245,MACHINE_L,L55424,299.0,310.4,1512,38.8,109,False,2024-02-04T08:24:00
RUN_08246,MACHINE_M,M23105,299.0,310.3,1303,68.6,111,True,2024-02-04T08:30:00
RUN_08247,MACHINE_L,L55426,299.0,310.3,1552,39.9,114,False,2024-02-04T08:36:00
RUN_08248,MACHINE_L,L55427,299.0,310.4,1713,28.0,116,False,2024-02-04T08:42:00
RUN_08249,MACHINE_L,L55428,298.9,310.3,1456,44.1,118,False,2024-02-04T08:48:00
RUN_08250,MACHINE_L,L55429,299.0,310.4,1524,39.8,120,False,2024-02-04T08:54:00
RUN_08251,MACHINE_M,M23110,299.0,310.4,1394,45.2,122,False,2024-02-04T09:00:00
RUN_08252,MACHINE_L,L55431,299.0,310.4,1981,21.2,125,False,2024-02-04T09:06:00
RUN_08253,MACHINE_L,L55432,299.0,310.4,1565,36.1,127,False,2024-02-04T09:12:00
RUN_08254,MACHINE_L,L55433,299.1,310.4,1657,31.0,129,False,2024-02-04T09:18:00
RUN_08255,MACHINE_M,M23114,299.0,310.4,1625,37.1,131,False,2024-02-04T09:24:00
RUN_08256,MACHINE_L,L55435,299.0,310.4,1606,31.1,134,False,2024-02-04T09:30:00
RUN_08257,MACHINE_H,H37670,299.0,310.5,1336,56.8,136,False,2024-02-04T09:36:00
RUN_08258,MACHINE_M,M23117,299.0,310.6,1587,34.2,141,False,2024-02-04T09:42:00
RUN_08259,MACHINE_L,L55438,299.1,310.6,1602,39.7,144,False,2024-02-04T09:48:00
RUN_08260,MACHINE_L,L55439,299.1,310.5,1471,38.4,146,False,2024-02-04T09:54:00
RUN_08261,MACHINE_H,H37674,299.1,310.6,1332,48.0,148,False,2024-02-04T10:00:00
RUN_08262,MACHINE_H,H37675,299.2,310.6,1434,48.4,153,False,2024-02-04T10:06:00
RUN_08263,MACHINE_L,L55442,299.1,310.6,1921,23.9,158,False,2024-02-04T10:12:00
RUN_08264,MACHINE_H,H37677,299.2,310.6,1704,30.6,160,False,2024-02-04T10:18:00
RUN_08265,MACHINE_M,M23124,299.1,310.6,1397,49.5,165,False,2024-02-04T10:24:00
RUN_08266,MACHINE_H,H37679,299.1,310.6,1791,28.0,168,False,2024-02-04T10:30:00
RUN_08267,MACHINE_L,L55446,299.1,310.6,1818,24.1,173,False,2024-02-04T10:36:00
RUN_08268,MACHINE_L,L55447,299.2,310.7,1540,36.3,175,False,2024-02-04T10:42:00
RUN_08269,MACHINE_M,M23128,299.2,310.8,1502,39.8,177,False,2024-02-04T10:48:00
RUN_08270,MACHINE_H,H37683,299.2,310.8,1761,30.4,180,False,2024-02-04T10:54:00
RUN_08271,MACHINE_M,M23130,299.1,310.8,1517,38.4,185,False,2024-02-04T11:00:00
RUN_08272,MACHINE_L,L55451,299.1,310.7,1309,51.1,188,False,2024-02-04T11:06:00
RUN_08273,MACHINE_L,L55452,298.9,310.6,1363,52.6,190,False,2024-02-04T11:12:00
RUN_08274,MACHINE_M,M23133,299.0,310.6,1787,22.2,192,False,2024-02-04T11:18:00
RUN_08275,MACHINE_L,L55454,298.9,310.5,1640,29.2,195,False,2024-02-04T11:24:00
RUN_08276,MACHINE_M,M23135,298.9,310.6,1720,25.3,197,False,2024-02-04T11:30:00
RUN_08277,MACHINE_L,L55456,298.8,310.5,1384,52.8,200,False,2024-02-04T11:36:00
RUN_08278,MACHINE_H,H37691,298.8,310.5,1294,55.8,202,False,2024-02-04T11:42:00
RUN_08279,MACHINE_L,L55458,298.8,310.5,1464,46.4,207,False,2024-02-04T11:48:00
RUN_08280,MACHINE_L,L55459,298.8,310.6,1803,25.4,209,False,2024-02-04T11:54:00
RUN_08281,MACHINE_L,L55460,298.8,310.6,1602,39.1,211,False,2024-02-04T12:00:00
RUN_08282,MACHINE_H,H37695,298.9,310.6,1519,38.8,213,False,2024-02-04T12:06:00
RUN_08283,MACHINE_M,M23142,298.9,310.7,1638,33.6,218,False,2024-02-04T12:12:00
RUN_08284,MACHINE_H,H37697,298.9,310.6,1615,33.0,221,False,2024-02-04T12:18:00
RUN_08285,MACHINE_L,L55464,298.8,310.6,1651,33.3,0,False,2024-02-04T12:24:00
RUN_08286,MACHINE_L,L55465,298.9,310.6,1387,52.7,2,False,2024-02-04T12:30:00
RUN_08287,MACHINE_M,M23146,298.8,310.5,1678,32.8,4,False,2024-02-04T12:36:00
RUN_08288,MACHINE_L,L55467,298.9,310.6,1585,38.1,7,False,2024-02-04T12:42:00
RUN_08289,MACHINE_M,M23148,298.8,310.6,1640,33.8,9,False,2024-02-04T12:48:00
RUN_08290,MACHINE_L,L55469,298.9,310.6,1406,43.8,12,False,2024-02-04T12:54:00
RUN_08291,MACHINE_M,M23150,298.9,310.6,1679,35.8,14,False,2024-02-04T13:00:00
RUN_08292,MACHINE_L,L55471,298.9,310.5,1717,26.9,17,False,2024-02-04T13:06:00
RUN_08293,MACHINE_H,H37706,298.9,310.5,1429,39.9,19,False,2024-02-04T13:12:00
RUN_08294,MACHINE_M,M23153,298.9,310.4,1533,44.4,24,False,2024-02-04T13:18:00
RUN_08295,MACHINE_M,M23154,298.9,310.5,1525,38.5,27,False,2024-02-04T13:24:00
RUN_08296,MACHINE_L,L55475,298.9,310.4,1739,26.3,30,False,2024-02-04T13:30:00
RUN_08297,MACHINE_L,L55476,298.9,310.3,1436,39.0,32,False,2024-02-04T13:36:00
RUN_08298,MACHINE_M,M23157,298.8,310.2,1595,33.1,34,False,2024-02-04T13:42:00
RUN_08299,MACHINE_H,H37712,298.7,310.1,1435,45.6,37,False,2024-02-04T13:48:00
RUN_08300,MACHINE_L,L55479,298.7,310.0,1637,31.8,42,False,2024-02-04T13:54:00
RUN_08301,MACHINE_L,L55480,298.7,310.1,1558,37.6,44,False,2024-02-04T14:00:00
RUN_08302,MACHINE_M,M23161,298.7,310.1,1644,34.1,46,False,2024-02-04T14:06:00
RUN_08303,MACHINE_L,L55482,298.7,310.1,1641,31.1,49,False,2024-02-04T14:12:00
RUN_08304,MACHINE_L,L55483,298.8,310.2,1504,41.0,51,False,2024-02-04T14:18:00
RUN_08305,MACHINE_M,M23164,298.7,310.1,1506,50.7,53,False,2024-02-04T14:24:00
RUN_08306,MACHINE_H,H37719,298.8,310.1,1380,44.0,56,False,2024-02-04T14:30:00
RUN_08307,MACHINE_M,M23166,298.7,310.1,1549,42.5,61,False,2024-02-04T14:36:00
RUN_08308,MACHINE_M,M23167,298.7,310.1,1402,69.7,64,True,2024-02-04T14:42:00
RUN_08309,MACHINE_L,L55488,298.7,310.1,1401,45.3,67,False,2024-02-04T14:48:00
RUN_08310,MACHINE_M,M23169,298.7,310.0,1459,40.2,69,False,2024-02-04T14:54:00
RUN_08311,MACHINE_L,L55490,298.7,309.9,1465,39.7,72,False,2024-02-04T15:00:00
RUN_08312,MACHINE_M,M23171,298.8,310.0,1295,52.7,74,False,2024-02-04T15:06:00
RUN_08313,MACHINE_M,M23172,298.8,310.0,1529,38.5,77,False,2024-02-04T15:12:00
RUN_08314,MACHINE_M,M23173,298.8,310.0,1484,44.9,80,False,2024-02-04T15:18:00
RUN_08315,MACHINE_L,L55494,298.8,309.9,1739,30.6,83,False,2024-02-04T15:24:00
RUN_08316,MACHINE_H,H37729,298.7,309.8,1422,40.7,85,False,2024-02-04T15:30:00
RUN_08317,MACHINE_L,L55496,298.8,309.8,1463,40.0,90,False,2024-02-04T15:36:00
RUN_08318,MACHINE_L,L55497,298.7,309.7,1667,30.4,92,False,2024-02-04T15:42:00
RUN_08319,MACHINE_H,H37732,298.7,309.7,1565,39.3,94,False,2024-02-04T15:48:00
RUN_08320,MACHINE_L,L55499,298.7,309.7,1393,45.7,99,False,2024-02-04T15:54:00
RUN_08321,MACHINE_M,M23180,298.8,309.7,1453,47.7,101,False,2024-02-04T16:00:00
RUN_08322,MACHINE_L,L55501,298.8,309.6,1442,50.0,104,False,2024-02-04T16:06:00
RUN_08323,MACHINE_L,L55502,298.7,309.6,1364,44.9,106,False,2024-02-04T16:12:00
RUN_08324,MACHINE_H,H37737,298.7,309.5,1453,40.4,108,False,2024-02-04T16:18:00
RUN_08325,MACHINE_M,M23184,298.7,309.5,1394,46.0,113,False,2024-02-04T16:24:00
RUN_08326,MACHINE_M,M23185,298.7,309.5,1500,38.8,116,False,2024-02-04T16:30:00
RUN_08327,MACHINE_H,H37740,298.6,309.5,1523,34.2,119,False,2024-02-04T16:36:00
RUN_08328,MACHINE_M,M23187,298.7,309.6,1254,57.1,124,False,2024-02-04T16:42:00
RUN_08329,MACHINE_L,L55508,298.6,309.5,1325,52.2,127,False,2024-02-04T16:48:00
RUN_08330,MACHINE_L,L55509,298.8,309.7,1424,49.6,129,False,2024-02-04T16:54:00
RUN_08331,MACHINE_L,L55510,298.8,309.7,1505,39.0,131,False,2024-02-04T17:00:00
RUN_08332,MACHINE_M,M23191,298.8,309.7,1392,48.7,133,False,2024-02-04T17:06:00
RUN_08333,MACHINE_L,L55512,298.8,309.7,1529,44.0,136,False,2024-02-04T17:12:00
RUN_08334,MACHINE_M,M23193,298.8,309.7,1477,48.5,138,False,2024-02-04T17:18:00
RUN_08335,MACHINE_M,M23194,298.8,309.7,1459,47.3,141,False,2024-02-04T17:24:00
RUN_08336,MACHINE_M,M23195,299.0,309.8,2240,15.9,144,False,2024-02-04T17:30:00
RUN_08337,MACHINE_L,L55516,298.9,309.7,1449,48.8,147,False,2024-02-04T17:36:00
RUN_08338,MACHINE_M,M23197,298.8,309.7,1589,35.3,149,False,2024-02-04T17:42:00
RUN_08339,MACHINE_L,L55518,298.8,309.7,1740,28.5,152,False,2024-02-04T17:48:00
RUN_08340,MACHINE_M,M23199,298.8,309.7,1499,40.3,154,False,2024-02-04T17:54:00
RUN_08341,MACHINE_M,M23200,298.8,309.7,1480,38.1,157,False,2024-02-04T18:00:00
RUN_08342,MACHINE_L,L55521,298.8,309.7,1751,29.6,160,False,2024-02-04T18:06:00
RUN_08343,MACHINE_L,L55522,298.7,309.7,1510,40.6,162,False,2024-02-04T18:12:00
RUN_08344,MACHINE_H,H37757,298.8,309.8,1437,48.2,164,False,2024-02-04T18:18:00
RUN_08345,MACHINE_L,L55524,298.8,309.7,1609,40.4,169,False,2024-02-04T18:24:00
RUN_08346,MACHINE_H,H37759,298.8,309.8,1490,35.9,171,False,2024-02-04T18:30:00
RUN_08347,MACHINE_L,L55526,298.7,309.7,1601,35.7,176,False,2024-02-04T18:36:00
RUN_08348,MACHINE_L,L55527,298.7,309.6,1665,31.1,178,False,2024-02-04T18:42:00
RUN_08349,MACHINE_M,M23208,298.7,309.6,1452,42.7,180,False,2024-02-04T18:48:00
RUN_08350,MACHINE_M,M23209,298.7,309.5,1487,33.6,183,False,2024-02-04T18:54:00
RUN_08351,MACHINE_M,M23210,298.7,309.6,1382,48.1,186,False,2024-02-04T19:00:00
RUN_08352,MACHINE_M,M23211,298.7,309.6,1686,26.2,189,False,2024-02-04T19:06:00
RUN_08353,MACHINE_L,L55532,298.6,309.6,1491,36.9,192,False,2024-02-04T19:12:00
RUN_08354,MACHINE_L,L55533,298.7,309.6,1442,55.6,194,False,2024-02-04T19:18:00
RUN_08355,MACHINE_L,L55534,298.6,309.6,1390,50.3,196,False,2024-02-04T19:24:00
RUN_08356,MACHINE_L,L55535,298.7,309.6,1502,46.7,198,False,2024-02-04T19:30:00
RUN_08357,MACHINE_M,M23216,298.6,309.6,1344,59.4,200,False,2024-02-04T19:36:00
RUN_08358,MACHINE_L,L55537,298.5,309.5,1385,46.3,203,True,2024-02-04T19:42:00
RUN_08359,MACHINE_L,L55538,298.7,309.7,1547,37.4,0,False,2024-02-04T19:48:00
RUN_08360,MACHINE_M,M23219,298.6,309.6,1525,42.4,2,False,2024-02-04T19:54:00
RUN_08361,MACHINE_L,L55540,298.6,309.6,1540,35.8,5,False,2024-02-04T20:00:00
RUN_08362,MACHINE_L,L55541,298.6,309.5,1450,44.3,7,False,2024-02-04T20:06:00
RUN_08363,MACHINE_L,L55542,298.6,309.6,1353,62.5,9,False,2024-02-04T20:12:00
RUN_08364,MACHINE_L,L55543,298.8,309.7,1582,45.0,11,False,2024-02-04T20:18:00
RUN_08365,MACHINE_L,L55544,298.9,309.8,1396,49.0,13,False,2024-02-04T20:24:00
RUN_08366,MACHINE_M,M23225,298.8,309.8,1551,36.6,15,False,2024-02-04T20:30:00
RUN_08367,MACHINE_M,M23226,298.9,309.8,1836,22.8,18,False,2024-02-04T20:36:00
RUN_08368,MACHINE_L,L55547,298.9,309.8,1390,49.9,21,False,2024-02-04T20:42:00
RUN_08369,MACHINE_L,L55548,298.9,309.8,1534,42.1,23,False,2024-02-04T20:48:00
RUN_08370,MACHINE_L,L55549,298.8,309.7,1953,20.6,25,False,2024-02-04T20:54:00
RUN_08371,MACHINE_L,L55550,298.8,309.8,1634,33.6,27,False,2024-02-04T21:00:00
RUN_08372,MACHINE_L,L55551,298.7,309.7,1881,21.7,29,False,2024-02-04T21:06:00
RUN_08373,MACHINE_M,M23232,298.8,309.7,1448,44.8,31,False,2024-02-04T21:12:00
RUN_08374,MACHINE_M,M23233,298.7,309.7,1362,50.5,34,False,2024-02-04T21:18:00
RUN_08375,MACHINE_L,L55554,298.8,309.7,1225,63.4,37,False,2024-02-04T21:24:00
RUN_08376,MACHINE_M,M23235,298.8,309.6,1384,48.2,39,False,2024-02-04T21:30:00
RUN_08377,MACHINE_L,L55556,298.8,309.8,1334,49.3,42,False,2024-02-04T21:36:00
RUN_08378,MACHINE_L,L55557,298.8,309.7,1336,50.3,44,False,2024-02-04T21:42:00
RUN_08379,MACHINE_M,M23238,298.8,309.9,1331,61.6,46,False,2024-02-04T21:48:00
RUN_08380,MACHINE_L,L55559,298.8,309.9,1629,31.9,49,False,2024-02-04T21:54:00
RUN_08381,MACHINE_L,L55560,298.9,310.0,1776,25.7,51,False,2024-02-04T22:00:00
RUN_08382,MACHINE_H,H37795,298.8,310.0,1530,38.3,53,False,2024-02-04T22:06:00
RUN_08383,MACHINE_L,L55562,298.9,310.0,1719,27.3,58,False,2024-02-04T22:12:00
RUN_08384,MACHINE_M,M23243,298.8,309.9,1495,35.2,60,False,2024-02-04T22:18:00
RUN_08385,MACHINE_L,L55564,298.8,309.7,1450,43.1,63,False,2024-02-04T22:24:00
RUN_08386,MACHINE_H,H37799,298.8,309.8,1563,38.8,65,False,2024-02-04T22:30:00
RUN_08387,MACHINE_M,M23246,298.9,309.9,1501,37.1,70,False,2024-02-04T22:36:00
RUN_08388,MACHINE_L,L55567,298.8,309.9,1351,47.2,73,False,2024-02-04T22:42:00
RUN_08389,MACHINE_L,L55568,298.9,309.9,1365,46.5,75,False,2024-02-04T22:48:00
RUN_08390,MACHINE_L,L55569,298.8,309.9,1525,39.7,77,False,2024-02-04T22:54:00
RUN_08391,MACHINE_M,M23250,298.8,309.8,1288,61.9,79,False,2024-02-04T23:00:00
RUN_08392,MACHINE_L,L55571,298.6,309.6,1423,42.7,82,False,2024-02-04T23:06:00
RUN_08393,MACHINE_M,M23252,298.5,309.6,1502,39.4,84,False,2024-02-04T23:12:00
RUN_08394,MACHINE_L,L55573,298.5,309.5,1428,43.5,87,False,2024-02-04T23:18:00
RUN_08395,MACHINE_M,M23254,298.6,309.5,1566,38.1,89,False,2024-02-04T23:24:00
RUN_08396,MACHINE_M,M23255,298.5,309.5,1483,44.8,92,False,2024-02-04T23:30:00
RUN_08397,MACHINE_H,H37810,298.6,309.6,1593,33.3,95,False,2024-02-04T23:36:00
RUN_08398,MACHINE_L,L55577,298.5,309.6,1724,26.4,100,False,2024-02-04T23:42:00
RUN_08399,MACHINE_L,L55578,298.5,309.7,2617,12.1,102,True,2024-02-04T23:48:00
RUN_08400,MACHINE_L,L55579,298.6,309.7,1294,59.4,104,False,2024-02-04T23:54:00
RUN_08401,MACHINE_L,L55580,298.6,309.6,1533,40.7,106,False,2024-02-05T00:00:00
RUN_08402,MACHINE_H,H37815,298.5,309.4,1671,31.8,108,False,2024-02-05T00:06:00
RUN_08403,MACHINE_L,L55582,298.5,309.5,1370,52.4,113,False,2024-02-05T00:12:00
RUN_08404,MACHINE_L,L55583,298.5,309.6,1462,45.1,115,False,2024-02-05T00:18:00
RUN_08405,MACHINE_L,L55584,298.4,309.5,1545,36.6,117,False,2024-02-05T00:24:00
RUN_08406,MACHINE_M,M23265,298.4,309.5,1484,41.7,119,False,2024-02-05T00:30:00
RUN_08407,MACHINE_M,M23266,298.4,309.5,1344,45.3,122,False,2024-02-05T00:36:00
RUN_08408,MACHINE_L,L55587,298.4,309.5,1357,50.1,125,False,2024-02-05T00:42:00
RUN_08409,MACHINE_M,M23268,298.5,309.6,1572,33.0,127,False,2024-02-05T00:48:00
RUN_08410,MACHINE_L,L55589,298.5,309.6,1861,26.9,130,False,2024-02-05T00:54:00
RUN_08411,MACHINE_L,L55590,298.5,309.5,1548,44.5,132,False,2024-02-05T01:00:00
RUN_08412,MACHINE_L,L55591,298.6,309.8,1496,37.7,134,False,2024-02-05T01:06:00
RUN_08413,MACHINE_M,M23272,298.6,309.7,1314,49.7,136,False,2024-02-05T01:12:00
RUN_08414,MACHINE_M,M23273,298.6,309.7,1422,49.7,139,False,2024-02-05T01:18:00
RUN_08415,MACHINE_L,L55594,298.6,309.8,1842,20.1,142,False,2024-02-05T01:24:00
RUN_08416,MACHINE_M,M23275,298.7,309.9,1434,53.0,144,False,2024-02-05T01:30:00
RUN_08417,MACHINE_M,M23276,298.8,310.1,1585,31.3,147,False,2024-02-05T01:36:00
RUN_08418,MACHINE_H,H37831,298.8,310.1,1704,30.7,150,False,2024-02-05T01:42:00
RUN_08419,MACHINE_L,L55598,298.9,310.2,1971,23.2,155,False,2024-02-05T01:48:00
RUN_08420,MACHINE_L,L55599,299.0,310.3,1431,39.9,157,False,2024-02-05T01:54:00
RUN_08421,MACHINE_L,L55600,298.9,310.4,1546,37.7,159,False,2024-02-05T02:00:00
RUN_08422,MACHINE_L,L55601,298.9,310.3,1496,36.3,161,False,2024-02-05T02:06:00
RUN_08423,MACHINE_H,H37836,298.9,310.3,1243,63.0,163,False,2024-02-05T02:12:00
RUN_08424,MACHINE_L,L55603,299.0,310.4,1452,46.2,168,False,2024-02-05T02:18:00
RUN_08425,MACHINE_L,L55604,299.1,310.6,1380,44.7,170,False,2024-02-05T02:24:00
RUN_08426,MACHINE_L,L55605,299.2,310.6,1567,38.4,172,False,2024-02-05T02:30:00
RUN_08427,MACHINE_L,L55606,299.1,310.5,1628,35.9,174,False,2024-02-05T02:36:00
RUN_08428,MACHINE_L,L55607,299.1,310.4,1505,46.1,176,False,2024-02-05T02:42:00
RUN_08429,MACHINE_M,M23288,299.0,310.3,1827,28.0,178,False,2024-02-05T02:48:00
RUN_08430,MACHINE_L,L55609,299.0,310.3,1577,40.0,181,False,2024-02-05T02:54:00
RUN_08431,MACHINE_L,L55610,298.9,310.2,1304,57.2,183,False,2024-02-05T03:00:00
RUN_08432,MACHINE_H,H37845,298.9,310.1,1324,54.6,185,False,2024-02-05T03:06:00
RUN_08433,MACHINE_L,L55612,298.8,310.0,1537,39.9,190,False,2024-02-05T03:12:00
RUN_08434,MACHINE_M,M23293,298.8,310.1,1501,48.7,192,False,2024-02-05T03:18:00
RUN_08435,MACHINE_M,M23294,298.7,309.9,1654,29.1,195,False,2024-02-05T03:24:00
RUN_08436,MACHINE_M,M23295,298.7,310.0,1519,38.1,198,False,2024-02-05T03:30:00
RUN_08437,MACHINE_L,L55616,298.7,309.9,1371,51.3,201,False,2024-02-05T03:36:00
RUN_08438,MACHINE_L,L55617,298.7,309.8,1181,65.9,203,True,2024-02-05T03:42:00
RUN_08439,MACHINE_L,L55618,298.6,309.8,1469,42.8,205,False,2024-02-05T03:48:00
RUN_08440,MACHINE_L,L55619,298.6,309.8,1637,34.6,207,False,2024-02-05T03:54:00
RUN_08441,MACHINE_L,L55620,298.6,309.8,1370,56.0,0,False,2024-02-05T04:00:00
RUN_08442,MACHINE_L,L55621,298.6,309.9,1630,30.6,2,False,2024-02-05T04:06:00
RUN_08443,MACHINE_L,L55622,298.6,310.0,1517,39.0,4,False,2024-02-05T04:12:00
RUN_08444,MACHINE_M,M23303,298.6,309.9,1668,32.3,6,False,2024-02-05T04:18:00
RUN_08445,MACHINE_M,M23304,298.6,309.9,1818,24.9,9,False,2024-02-05T04:24:00
RUN_08446,MACHINE_M,M23305,298.6,310.0,1541,36.9,12,False,2024-02-05T04:30:00
RUN_08447,MACHINE_L,L55626,298.5,309.9,1482,42.1,15,False,2024-02-05T04:36:00
RUN_08448,MACHINE_L,L55627,298.6,310.1,1439,49.9,17,False,2024-02-05T04:42:00
RUN_08449,MACHINE_L,L55628,298.5,310.0,1492,41.2,19,False,2024-02-05T04:48:00
RUN_08450,MACHINE_L,L55629,298.4,309.9,1725,27.8,21,False,2024-02-05T04:54:00
RUN_08451,MACHINE_L,L55630,298.4,310.0,1559,44.2,23,False,2024-02-05T05:00:00
RUN_08452,MACHINE_L,L55631,298.5,310.0,1435,42.5,25,False,2024-02-05T05:06:00
RUN_08453,MACHINE_M,M23312,298.6,310.0,1512,37.5,27,False,2024-02-05T05:12:00
RUN_08454,MACHINE_L,L55633,298.6,309.9,1564,37.1,30,False,2024-02-05T05:18:00
RUN_08455,MACHINE_L,L55634,298.6,310.0,1522,40.3,32,False,2024-02-05T05:24:00
RUN_08456,MACHINE_L,L55635,298.6,309.9,1356,59.5,34,False,2024-02-05T05:30:00
RUN_08457,MACHINE_L,L55636,298.6,309.9,1556,38.6,36,False,2024-02-05T05:36:00
RUN_08458,MACHINE_L,L55637,298.6,309.9,1393,45.5,38,False,2024-02-05T05:42:00
RUN_08459,MACHINE_L,L55638,298.7,309.9,1753,26.8,40,False,2024-02-05T05:48:00
RUN_08460,MACHINE_L,L55639,298.7,309.9,1651,29.5,42,False,2024-02-05T05:54:00
RUN_08461,MACHINE_L,L55640,298.7,309.9,1372,54.7,44,False,2024-02-05T06:00:00
RUN_08462,MACHINE_L,L55641,298.7,309.9,1446,43.3,46,False,2024-02-05T06:06:00
RUN_08463,MACHINE_M,M23322,298.7,309.8,1501,44.7,48,False,2024-02-05T06:12:00
RUN_08464,MACHINE_M,M23323,298.7,309.9,1411,45.1,51,False,2024-02-05T06:18:00
RUN_08465,MACHINE_H,H37878,298.6,309.7,1672,27.5,54,False,2024-02-05T06:24:00
RUN_08466,MACHINE_M,M23325,298.7,309.8,1475,40.5,59,False,2024-02-05T06:30:00
RUN_08467,MACHINE_L,L55646,298.7,309.8,1469,38.4,62,False,2024-02-05T06:36:00
RUN_08468,MACHINE_L,L55647,298.6,309.8,1704,28.3,64,False,2024-02-05T06:42:00
RUN_08469,MACHINE_H,H37882,298.6,309.7,1463,39.1,66,False,2024-02-05T06:48:00
RUN_08470,MACHINE_M,M23329,298.6,309.7,1280,64.1,71,False,2024-02-05T06:54:00
RUN_08471,MACHINE_L,L55650,298.7,309.9,1464,38.0,74,False,2024-02-05T07:00:00
RUN_08472,MACHINE_L,L55651,298.6,309.8,1332,46.4,76,False,2024-02-05T07:06:00
RUN_08473,MACHINE_L,L55652,298.5,309.7,1634,37.8,78,False,2024-02-05T07:12:00
RUN_08474,MACHINE_M,M23333,298.6,309.8,1430,43.1,80,False,2024-02-05T07:18:00
RUN_08475,MACHINE_M,M23334,298.5,309.7,1523,44.6,83,False,2024-02-05T07:24:00
RUN_08476,MACHINE_M,M23335,298.5,309.7,1557,37.7,86,False,2024-02-05T07:30:00
RUN_08477,MACHINE_L,L55656,298.5,309.6,1585,32.2,89,False,2024-02-05T07:36:00
RUN_08478,MACHINE_H,H37891,298.5,309.6,1579,33.5,91,False,2024-02-05T07:42:00
RUN_08479,MACHINE_M,M23338,298.5,309.7,1354,60.8,96,False,2024-02-05T07:48:00
RUN_08480,MACHINE_L,L55659,298.6,309.7,1627,33.4,99,False,2024-02-05T07:54:00
RUN_08481,MACHINE_L,L55660,298.4,309.6,1477,35.6,101,False,2024-02-05T08:00:00
RUN_08482,MACHINE_M,M23341,298.3,309.4,1595,29.0,103,False,2024-02-05T08:06:00
RUN_08483,MACHINE_L,L55662,298.4,309.5,1520,38.1,106,False,2024-02-05T08:12:00
RUN_08484,MACHINE_L,L55663,298.3,309.4,1618,31.5,108,False,2024-02-05T08:18:00
RUN_08485,MACHINE_L,L55664,298.4,309.5,1397,50.3,110,False,2024-02-05T08:24:00
RUN_08486,MACHINE_L,L55665,298.4,309.5,1450,47.9,112,False,2024-02-05T08:30:00
RUN_08487,MACHINE_M,M23346,298.5,309.5,1501,40.2,114,False,2024-02-05T08:36:00
RUN_08488,MACHINE_L,L55667,298.4,309.4,1392,50.1,117,False,2024-02-05T08:42:00
RUN_08489,MACHINE_L,L55668,298.4,309.4,1385,43.2,119,False,2024-02-05T08:48:00
RUN_08490,MACHINE_L,L55669,298.4,309.4,1461,46.3,121,False,2024-02-05T08:54:00
RUN_08491,MACHINE_M,M23350,298.5,309.6,1364,58.7,123,False,2024-02-05T09:00:00
RUN_08492,MACHINE_L,L55671,298.5,309.5,1579,38.6,126,False,2024-02-05T09:06:00
RUN_08493,MACHINE_M,M23352,298.4,309.5,1514,38.8,128,False,2024-02-05T09:12:00
RUN_08494,MACHINE_M,M23353,298.3,309.5,1560,36.9,131,False,2024-02-05T09:18:00
RUN_08495,MACHINE_L,L55674,298.3,309.5,1542,36.7,134,False,2024-02-05T09:24:00
RUN_08496,MACHINE_L,L55675,298.3,309.4,1668,27.1,136,False,2024-02-05T09:30:00
RUN_08497,MACHINE_M,M23356,298.3,309.4,1816,22.6,138,False,2024-02-05T09:36:00
RUN_08498,MACHINE_M,M23357,298.3,309.4,1509,34.2,141,False,2024-02-05T09:42:00
RUN_08499,MACHINE_L,L55678,298.4,309.6,1479,37.8,144,False,2024-02-05T09:48:00
RUN_08500,MACHINE_L,L55679,298.4,309.6,1655,30.2,146,False,2024-02-05T09:54:00
RUN_08501,MACHINE_L,L55680,298.3,309.5,1711,30.3,148,False,2024-02-05T10:00:00
RUN_08502,MACHINE_L,L55681,298.4,309.7,1581,34.6,150,False,2024-02-05T10:06:00
RUN_08503,MACHINE_H,H37916,298.6,309.8,1279,55.9,152,False,2024-02-05T10:12:00
RUN_08504,MACHINE_L,L55683,298.5,309.8,1468,40.9,157,False,2024-02-05T10:18:00
RUN_08505,MACHINE_L,L55684,298.4,309.7,1419,41.3,159,False,2024-02-05T10:24:00
RUN_08506,MACHINE_L,L55685,298.4,309.7,1530,38.6,161,False,2024-02-05T10:30:00
RUN_08507,MACHINE_L,L55686,298.4,309.6,1710,27.3,163,True,2024-02-05T10:36:00
RUN_08508,MACHINE_L,L55687,298.4,309.7,1518,39.8,165,False,2024-02-05T10:42:00
RUN_08509,MACHINE_M,M23368,298.4,309.7,1679,33.3,167,False,2024-02-05T10:48:00
RUN_08510,MACHINE_M,M23369,298.4,309.7,1870,22.5,170,False,2024-02-05T10:54:00
RUN_08511,MACHINE_L,L55690,298.3,309.7,1484,44.3,173,False,2024-02-05T11:00:00
RUN_08512,MACHINE_L,L55691,298.4,309.7,1457,44.2,175,False,2024-02-05T11:06:00
RUN_08513,MACHINE_H,H37926,298.3,309.6,1546,36.2,177,False,2024-02-05T11:12:00
RUN_08514,MACHINE_M,M23373,298.2,309.5,1478,36.5,182,False,2024-02-05T11:18:00
RUN_08515,MACHINE_L,L55694,298.2,309.4,1447,47.1,185,False,2024-02-05T11:24:00
RUN_08516,MACHINE_L,L55695,298.2,309.4,1443,45.4,187,False,2024-02-05T11:30:00
RUN_08517,MACHINE_L,L55696,298.3,309.6,1527,30.9,189,False,2024-02-05T11:36:00
RUN_08518,MACHINE_M,M23377,298.3,309.6,1469,54.8,191,False,2024-02-05T11:42:00
RUN_08519,MACHINE_M,M23378,298.3,309.6,1681,27.1,194,False,2024-02-05T11:48:00
RUN_08520,MACHINE_L,L55699,298.3,309.6,1420,44.1,197,False,2024-02-05T11:54:00
RUN_08521,MACHINE_M,M23380,298.3,309.5,1543,49.9,199,False,2024-02-05T12:00:00
RUN_08522,MACHINE_L,L55701,298.4,309.5,1376,50.4,202,False,2024-02-05T12:06:00
RUN_08523,MACHINE_H,H37936,298.3,309.4,1631,29.8,0,False,2024-02-05T12:12:00
RUN_08524,MACHINE_H,H37937,298.3,309.3,1529,41.7,5,False,2024-02-05T12:18:00
RUN_08525,MACHINE_L,L55704,298.3,309.4,1468,46.2,10,False,2024-02-05T12:24:00
RUN_08526,MACHINE_L,L55705,298.3,309.4,1378,52.3,12,False,2024-02-05T12:30:00
RUN_08527,MACHINE_L,L55706,298.3,309.3,1401,51.9,14,False,2024-02-05T12:36:00
RUN_08528,MACHINE_L,L55707,298.4,309.3,1531,37.4,16,False,2024-02-05T12:42:00
RUN_08529,MACHINE_L,L55708,298.4,309.3,1512,35.8,18,False,2024-02-05T12:48:00
RUN_08530,MACHINE_M,M23389,298.5,309.4,1522,47.4,20,False,2024-02-05T12:54:00
RUN_08531,MACHINE_M,M23390,298.5,309.3,1615,31.8,23,False,2024-02-05T13:00:00
RUN_08532,MACHINE_L,L55711,298.6,309.3,1449,46.5,26,False,2024-02-05T13:06:00
RUN_08533,MACHINE_L,L55712,298.6,309.4,1315,55.5,28,False,2024-02-05T13:12:00
RUN_08534,MACHINE_M,M23393,298.6,309.4,1465,41.1,30,False,2024-02-05T13:18:00
RUN_08535,MACHINE_M,M23394,298.6,309.5,1404,43.3,33,False,2024-02-05T13:24:00
RUN_08536,MACHINE_L,L55715,298.6,309.5,1547,44.8,36,False,2024-02-05T13:30:00
RUN_08537,MACHINE_M,M23396,298.6,309.5,1426,45.4,38,False,2024-02-05T13:36:00
RUN_08538,MACHINE_L,L55717,298.6,309.5,1730,30.2,41,False,2024-02-05T13:42:00
RUN_08539,MACHINE_L,L55718,298.5,309.4,1548,37.7,43,False,2024-02-05T13:48:00
RUN_08540,MACHINE_L,L55719,298.5,309.4,1517,40.2,45,False,2024-02-05T13:54:00
RUN_08541,MACHINE_L,L55720,298.6,309.5,1687,29.3,47,False,2024-02-05T14:00:00
RUN_08542,MACHINE_L,L55721,298.5,309.5,1738,25.2,49,False,2024-02-05T14:06:00
RUN_08543,MACHINE_H,H37956,298.4,309.4,1512,35.3,51,False,2024-02-05T14:12:00
RUN_08544,MACHINE_M,M23403,298.5,309.4,1365,48.7,56,False,2024-02-05T14:18:00
RUN_08545,MACHINE_H,H37958,298.5,309.4,2011,21.0,59,False,2024-02-05T14:24:00
RUN_08546,MACHINE_L,L55725,298.4,309.3,1806,27.6,64,False,2024-02-05T14:30:00
RUN_08547,MACHINE_L,L55726,298.4,309.3,1716,28.4,66,False,2024-02-05T14:36:00
RUN_08548,MACHINE_M,M23407,298.4,309.4,1666,24.3,68,False,2024-02-05T14:42:00
RUN_08549,MACHINE_L,L55728,298.5,309.4,1578,36.3,71,False,2024-02-05T14:48:00
RUN_08550,MACHINE_L,L55729,298.3,309.3,1558,37.2,73,False,2024-02-05T14:54:00
RUN_08551,MACHINE_L,L55730,298.3,309.2,1456,45.5,75,False,2024-02-05T15:00:00
RUN_08552,MACHINE_M,M23411,298.2,309.1,1457,49.0,77,False,2024-02-05T15:06:00
RUN_08553,MACHINE_L,L55732,298.2,309.1,1467,44.5,80,False,2024-02-05T15:12:00
RUN_08554,MACHINE_M,M23413,298.1,309.0,1661,38.2,82,False,2024-02-05T15:18:00
RUN_08555,MACHINE_L,L55734,298.1,309.0,1592,33.9,85,False,2024-02-05T15:24:00
RUN_08556,MACHINE_L,L55735,298.2,309.0,1596,37.2,87,False,2024-02-05T15:30:00
RUN_08557,MACHINE_L,L55736,298.2,309.0,1489,40.6,89,False,2024-02-05T15:36:00
RUN_08558,MACHINE_L,L55737,298.3,309.0,1471,48.3,91,False,2024-02-05T15:42:00
RUN_08559,MACHINE_M,M23418,298.3,309.0,1505,41.3,93,False,2024-02-05T15:48:00
RUN_08560,MACHINE_L,L55739,298.3,309.0,1519,40.0,96,False,2024-02-05T15:54:00
RUN_08561,MACHINE_L,L55740,298.3,309.0,1408,45.4,98,False,2024-02-05T16:00:00
RUN_08562,MACHINE_L,L55741,298.2,308.9,1332,44.4,100,False,2024-02-05T16:06:00
RUN_08563,MACHINE_L,L55742,298.1,308.9,1351,52.4,102,False,2024-02-05T16:12:00
RUN_08564,MACHINE_L,L55743,298.0,308.9,1500,36.7,104,False,2024-02-05T16:18:00
RUN_08565,MACHINE_M,M23424,298.0,308.7,1614,30.7,106,False,2024-02-05T16:24:00
RUN_08566,MACHINE_L,L55745,298.0,308.8,1489,36.5,109,False,2024-02-05T16:30:00
RUN_08567,MACHINE_M,M23426,297.9,308.7,1751,26.6,111,False,2024-02-05T16:36:00
RUN_08568,MACHINE_L,L55747,298.0,308.7,1511,45.8,114,False,2024-02-05T16:42:00
RUN_08569,MACHINE_L,L55748,297.9,308.6,1691,29.6,116,False,2024-02-05T16:48:00
RUN_08570,MACHINE_L,L55749,297.9,308.6,1757,27.5,118,False,2024-02-05T16:54:00
RUN_08571,MACHINE_H,H37984,297.9,308.7,1545,35.9,120,False,2024-02-05T17:00:00
RUN_08572,MACHINE_L,L55751,297.9,308.6,2262,15.7,125,False,2024-02-05T17:06:00
RUN_08573,MACHINE_M,M23432,297.7,308.5,1559,35.2,127,False,2024-02-05T17:12:00
RUN_08574,MACHINE_L,L55753,297.6,308.4,1626,32.4,130,False,2024-02-05T17:18:00
RUN_08575,MACHINE_L,L55754,297.6,308.3,1424,53.9,132,False,2024-02-05T17:24:00
RUN_08576,MACHINE_M,M23435,297.6,308.3,1648,29.1,134,False,2024-02-05T17:30:00
RUN_08577,MACHINE_L,L55756,297.6,308.3,1523,39.5,137,False,2024-02-05T17:36:00
RUN_08578,MACHINE_L,L55757,297.6,308.3,1502,43.2,139,False,2024-02-05T17:42:00
RUN_08579,MACHINE_L,L55758,297.5,308.2,1489,40.7,141,False,2024-02-05T17:48:00
RUN_08580,MACHINE_M,M23439,297.4,308.1,1620,31.2,143,False,2024-02-05T17:54:00
RUN_08581,MACHINE_L,L55760,297.5,308.1,1631,30.6,146,False,2024-02-05T18:00:00
RUN_08582,MACHINE_M,M23441,297.5,308.0,1429,45.8,148,False,2024-02-05T18:06:00
RUN_08583,MACHINE_M,M23442,297.5,308.1,1334,72.0,151,True,2024-02-05T18:12:00
RUN_08584,MACHINE_L,L55763,297.4,308.0,1423,38.0,154,False,2024-02-05T18:18:00
RUN_08585,MACHINE_L,L55764,297.4,307.9,1390,47.7,156,False,2024-02-05T18:24:00
RUN_08586,MACHINE_M,M23445,297.4,307.9,1338,48.5,158,False,2024-02-05T18:30:00
RUN_08587,MACHINE_H,H38000,297.3,307.9,1461,37.5,161,False,2024-02-05T18:36:00
RUN_08588,MACHINE_M,M23447,297.4,307.9,1627,34.3,166,False,2024-02-05T18:42:00
RUN_08589,MACHINE_L,L55768,297.3,307.8,1385,44.4,169,False,2024-02-05T18:48:00
RUN_08590,MACHINE_M,M23449,297.3,307.8,1538,48.0,171,False,2024-02-05T18:54:00
RUN_08591,MACHINE_L,L55770,297.4,307.9,1557,35.5,174,False,2024-02-05T19:00:00
RUN_08592,MACHINE_L,L55771,297.4,307.9,1606,33.4,176,False,2024-02-05T19:06:00
RUN_08593,MACHINE_M,M23452,297.5,308.0,1430,44.5,178,False,2024-02-05T19:12:00
RUN_08594,MACHINE_M,M23453,297.4,308.0,1601,34.6,181,False,2024-02-05T19:18:00
RUN_08595,MACHINE_L,L55774,297.4,308.0,1356,51.9,184,False,2024-02-05T19:24:00
RUN_08596,MACHINE_M,M23455,297.5,308.2,1624,30.9,186,False,2024-02-05T19:30:00
RUN_08597,MACHINE_L,L55776,297.5,308.2,1327,56.5,189,False,2024-02-05T19:36:00
RUN_08598,MACHINE_L,L55777,297.6,308.3,1410,47.0,191,False,2024-02-05T19:42:00
RUN_08599,MACHINE_L,L55778,297.6,308.3,1478,42.3,193,False,2024-02-05T19:48:00
RUN_08600,MACHINE_L,L55779,297.6,308.4,1460,40.3,195,False,2024-02-05T19:54:00
RUN_08601,MACHINE_L,L55780,297.5,308.3,1435,40.3,197,False,2024-02-05T20:00:00
RUN_08602,MACHINE_H,H38015,297.4,308.2,1359,46.9,199,False,2024-02-05T20:06:00
RUN_08603,MACHINE_L,L55782,297.4,308.1,1729,31.7,204,False,2024-02-05T20:12:00
RUN_08604,MACHINE_H,H38017,297.3,308.0,1384,49.1,206,False,2024-02-05T20:18:00
RUN_08605,MACHINE_L,L55784,297.4,308.2,1297,52.1,211,False,2024-02-05T20:24:00
RUN_08606,MACHINE_L,L55785,297.5,308.4,1633,33.3,213,False,2024-02-05T20:30:00
RUN_08607,MACHINE_M,M23466,297.5,308.4,1505,37.2,215,False,2024-02-05T20:36:00
RUN_08608,MACHINE_L,L55787,297.5,308.4,1433,50.0,218,False,2024-02-05T20:42:00
RUN_08609,MACHINE_L,L55788,297.4,308.4,1369,50.6,220,True,2024-02-05T20:48:00
RUN_08610,MACHINE_L,L55789,297.4,308.3,1475,40.5,222,True,2024-02-05T20:54:00
RUN_08611,MACHINE_L,L55790,297.4,308.3,1561,38.3,0,False,2024-02-05T21:00:00
RUN_08612,MACHINE_L,L55791,297.4,308.3,1472,45.5,2,False,2024-02-05T21:06:00
RUN_08613,MACHINE_L,L55792,297.5,308.4,1441,44.5,4,False,2024-02-05T21:12:00
RUN_08614,MACHINE_M,M23473,297.5,308.5,1401,50.5,6,False,2024-02-05T21:18:00
RUN_08615,MACHINE_L,L55794,297.5,308.5,1691,33.1,9,False,2024-02-05T21:24:00
RUN_08616,MACHINE_L,L55795,297.6,308.6,1382,47.1,11,False,2024-02-05T21:30:00
RUN_08617,MACHINE_L,L55796,297.6,308.6,1355,46.4,13,False,2024-02-05T21:36:00
RUN_08618,MACHINE_L,L55797,297.6,308.6,1529,45.3,15,False,2024-02-05T21:42:00
RUN_08619,MACHINE_L,L55798,297.7,308.7,1829,24.9,17,False,2024-02-05T21:48:00
RUN_08620,MACHINE_H,H38033,297.6,308.6,1480,39.8,19,False,2024-02-05T21:54:00
RUN_08621,MACHINE_L,L55800,297.6,308.5,1475,42.4,24,False,2024-02-05T22:00:00
RUN_08622,MACHINE_M,M23481,297.6,308.5,1431,52.6,26,False,2024-02-05T22:06:00
RUN_08623,MACHINE_L,L55802,297.5,308.3,1437,42.3,29,False,2024-02-05T22:12:00
RUN_08624,MACHINE_M,M23483,297.5,308.3,1476,45.6,31,False,2024-02-05T22:18:00
RUN_08625,MACHINE_H,H38038,297.5,308.4,1490,39.7,34,False,2024-02-05T22:24:00
RUN_08626,MACHINE_L,L55805,297.4,308.3,1632,33.5,39,False,2024-02-05T22:30:00
RUN_08627,MACHINE_L,L55806,297.4,308.2,1402,49.7,41,False,2024-02-05T22:36:00
RUN_08628,MACHINE_L,L55807,297.4,308.3,1347,45.8,43,False,2024-02-05T22:42:00
RUN_08629,MACHINE_L,L55808,297.5,308.4,1747,31.0,45,False,2024-02-05T22:48:00
RUN_08630,MACHINE_H,H38043,297.5,308.5,1557,39.1,47,False,2024-02-05T22:54:00
RUN_08631,MACHINE_L,L55810,297.4,308.4,1371,57.4,52,False,2024-02-05T23:00:00
RUN_08632,MACHINE_H,H38045,297.3,308.3,1506,37.0,54,False,2024-02-05T23:06:00
RUN_08633,MACHINE_L,L55812,297.3,308.3,1590,35.5,59,False,2024-02-05T23:12:00
RUN_08634,MACHINE_L,L55813,297.4,308.3,1336,53.7,61,False,2024-02-05T23:18:00
RUN_08635,MACHINE_L,L55814,297.3,308.3,1411,43.2,63,False,2024-02-05T23:24:00
RUN_08636,MACHINE_L,L55815,297.4,308.3,1704,27.3,65,False,2024-02-05T23:30:00
RUN_08637,MACHINE_L,L55816,297.5,308.4,1723,27.3,67,False,2024-02-05T23:36:00
RUN_08638,MACHINE_L,L55817,297.5,308.5,1459,39.7,69,False,2024-02-05T23:42:00
RUN_08639,MACHINE_L,L55818,297.6,308.5,1572,35.9,71,False,2024-02-05T23:48:00
RUN_08640,MACHINE_L,L55819,297.5,308.4,1384,56.0,73,False,2024-02-05T23:54:00
RUN_08641,MACHINE_L,L55820,297.6,308.6,1383,47.5,75,False,2024-02-06T00:00:00
RUN_08642,MACHINE_M,M23501,297.6,308.5,1360,48.6,77,False,2024-02-06T00:06:00
RUN_08643,MACHINE_M,M23502,297.5,308.4,1596,36.6,80,False,2024-02-06T00:12:00
RUN_08644,MACHINE_L,L55823,297.5,308.5,1448,54.3,83,False,2024-02-06T00:18:00
RUN_08645,MACHINE_M,M23504,297.6,308.5,1443,38.2,85,False,2024-02-06T00:24:00
RUN_08646,MACHINE_M,M23505,297.6,308.6,1492,35.5,88,False,2024-02-06T00:30:00
RUN_08647,MACHINE_L,L55826,297.5,308.6,1497,43.9,91,False,2024-02-06T00:36:00
RUN_08648,MACHINE_L,L55827,297.5,308.5,1530,38.5,93,False,2024-02-06T00:42:00
RUN_08649,MACHINE_M,M23508,297.4,308.4,1478,46.2,95,False,2024-02-06T00:48:00
RUN_08650,MACHINE_L,L55829,297.4,308.4,1328,61.8,98,False,2024-02-06T00:54:00
RUN_08651,MACHINE_H,H38064,297.4,308.3,1771,27.4,100,False,2024-02-06T01:00:00
RUN_08652,MACHINE_M,M23511,297.4,308.4,1564,35.0,105,False,2024-02-06T01:06:00
RUN_08653,MACHINE_H,H38066,297.3,308.3,1461,41.5,108,False,2024-02-06T01:12:00
RUN_08654,MACHINE_M,M23513,297.4,308.3,1335,57.9,113,False,2024-02-06T01:18:00
RUN_08655,MACHINE_M,M23514,297.4,308.4,1441,46.8,116,False,2024-02-06T01:24:00
RUN_08656,MACHINE_L,L55835,297.3,308.3,1268,60.6,119,False,2024-02-06T01:30:00
RUN_08657,MACHINE_M,M23516,297.3,308.3,1697,27.4,121,False,2024-02-06T01:36:00
RUN_08658,MACHINE_L,L55837,297.4,308.4,1421,46.0,124,False,2024-02-06T01:42:00
RUN_08659,MACHINE_L,L55838,297.4,308.5,1496,36.4,126,False,2024-02-06T01:48:00
RUN_08660,MACHINE_L,L55839,297.5,308.5,1375,55.6,128,False,2024-02-06T01:54:00
RUN_08661,MACHINE_L,L55840,297.4,308.5,1295,52.1,130,False,2024-02-06T02:00:00
RUN_08662,MACHINE_L,L55841,297.4,308.5,1643,33.8,132,False,2024-02-06T02:06:00
RUN_08663,MACHINE_L,L55842,297.5,308.6,1514,36.9,134,False,2024-02-06T02:12:00
RUN_08664,MACHINE_L,L55843,297.5,308.6,1671,29.4,136,False,2024-02-06T02:18:00
RUN_08665,MACHINE_H,H38078,297.5,308.6,1355,58.9,138,False,2024-02-06T02:24:00
RUN_08666,MACHINE_L,L55845,297.6,308.7,1365,50.6,143,False,2024-02-06T02:30:00
RUN_08667,MACHINE_L,L55846,297.5,308.7,1407,42.5,145,False,2024-02-06T02:36:00
RUN_08668,MACHINE_M,M23527,297.5,308.8,1455,46.1,147,False,2024-02-06T02:42:00
RUN_08669,MACHINE_L,L55848,297.5,308.8,1502,45.9,150,False,2024-02-06T02:48:00
RUN_08670,MACHINE_M,M23529,297.5,308.8,1471,52.3,152,False,2024-02-06T02:54:00
RUN_08671,MACHINE_L,L55850,297.5,308.9,1581,30.4,155,False,2024-02-06T03:00:00
RUN_08672,MACHINE_L,L55851,297.5,308.8,1530,37.8,157,False,2024-02-06T03:06:00
RUN_08673,MACHINE_L,L55852,297.5,308.8,1312,50.3,159,False,2024-02-06T03:12:00
RUN_08674,MACHINE_L,L55853,297.4,308.6,1494,42.6,161,False,2024-02-06T03:18:00
RUN_08675,MACHINE_M,M23534,297.4,308.6,1528,29.1,163,False,2024-02-06T03:24:00
RUN_08676,MACHINE_H,H38089,297.3,308.6,1688,29.4,166,False,2024-02-06T03:30:00
RUN_08677,MACHINE_M,M23536,297.3,308.5,1520,42.4,171,False,2024-02-06T03:36:00
RUN_08678,MACHINE_M,M23537,297.3,308.5,1664,28.9,174,False,2024-02-06T03:42:00
RUN_08679,MACHINE_L,L55858,297.3,308.5,1514,44.5,177,False,2024-02-06T03:48:00
RUN_08680,MACHINE_L,L55859,297.3,308.5,1456,54.2,179,False,2024-02-06T03:54:00
RUN_08681,MACHINE_L,L55860,297.2,308.5,1494,39.6,181,False,2024-02-06T04:00:00
RUN_08682,MACHINE_L,L55861,297.2,308.4,1605,30.0,183,False,2024-02-06T04:06:00
RUN_08683,MACHINE_M,M23542,297.2,308.5,1353,46.5,185,False,2024-02-06T04:12:00
RUN_08684,MACHINE_L,L55863,297.2,308.5,1447,47.9,188,False,2024-02-06T04:18:00
RUN_08685,MACHINE_L,L55864,297.2,308.5,1588,40.4,190,False,2024-02-06T04:24:00
RUN_08686,MACHINE_H,H38099,297.2,308.5,1524,41.4,192,False,2024-02-06T04:30:00
RUN_08687,MACHINE_M,M23546,297.2,308.5,1611,31.6,197,False,2024-02-06T04:36:00
RUN_08688,MACHINE_M,M23547,297.2,308.5,1604,34.9,200,False,2024-02-06T04:42:00
RUN_08689,MACHINE_L,L55868,297.1,308.5,1483,46.9,203,False,2024-02-06T04:48:00
RUN_08690,MACHINE_L,L55869,297.1,308.4,1543,39.6,205,False,2024-02-06T04:54:00
RUN_08691,MACHINE_L,L55870,297.1,308.5,1323,44.4,207,True,2024-02-06T05:00:00
RUN_08692,MACHINE_L,L55871,297.1,308.5,1555,36.2,0,False,2024-02-06T05:06:00
RUN_08693,MACHINE_L,L55872,297.1,308.4,1583,31.9,2,False,2024-02-06T05:12:00
RUN_08694,MACHINE_M,M23553,297.2,308.5,1584,40.0,4,False,2024-02-06T05:18:00
RUN_08695,MACHINE_L,L55874,297.2,308.5,1766,25.8,7,False,2024-02-06T05:24:00
RUN_08696,MACHINE_M,M23555,297.2,308.6,1498,44.4,9,False,2024-02-06T05:30:00
RUN_08697,MACHINE_L,L55876,297.2,308.6,1413,49.8,12,False,2024-02-06T05:36:00
RUN_08698,MACHINE_L,L55877,297.3,308.6,1505,33.5,14,False,2024-02-06T05:42:00
RUN_08699,MACHINE_H,H38112,297.3,308.7,1438,46.2,16,False,2024-02-06T05:48:00
RUN_08700,MACHINE_M,M23559,297.3,308.7,1655,34.1,21,False,2024-02-06T05:54:00
RUN_08701,MACHINE_M,M23560,297.3,308.7,1451,43.8,24,False,2024-02-06T06:00:00
RUN_08702,MACHINE_M,M23561,297.3,308.7,1466,38.4,27,False,2024-02-06T06:06:00
RUN_08703,MACHINE_L,L55882,297.2,308.6,1774,23.0,30,False,2024-02-06T06:12:00
RUN_08704,MACHINE_M,M23563,297.2,308.6,1284,51.3,32,False,2024-02-06T06:18:00
RUN_08705,MACHINE_L,L55884,297.1,308.5,1425,40.0,35,False,2024-02-06T06:24:00
RUN_08706,MACHINE_L,L55885,297.2,308.6,1437,52.4,37,False,2024-02-06T06:30:00
RUN_08707,MACHINE_L,L55886,297.2,308.6,1335,53.0,39,False,2024-02-06T06:36:00
RUN_08708,MACHINE_L,L55887,297.2,308.5,1471,41.7,41,False,2024-02-06T06:42:00
RUN_08709,MACHINE_M,M23568,297.2,308.5,1364,54.0,43,False,2024-02-06T06:48:00
RUN_08710,MACHINE_L,L55889,297.1,308.5,1578,35.6,46,False,2024-02-06T06:54:00
RUN_08711,MACHINE_L,L55890,297.1,308.5,1712,32.1,48,False,2024-02-06T07:00:00
RUN_08712,MACHINE_L,L55891,297.1,308.5,1733,28.7,50,False,2024-02-06T07:06:00
RUN_08713,MACHINE_L,L55892,297.2,308.6,1652,32.1,52,False,2024-02-06T07:12:00
RUN_08714,MACHINE_L,L55893,297.2,308.6,1917,24.1,54,False,2024-02-06T07:18:00
RUN_08715,MACHINE_M,M23574,297.2,308.6,1444,41.1,56,False,2024-02-06T07:24:00
RUN_08716,MACHINE_L,L55895,297.1,308.6,1442,37.1,59,False,2024-02-06T07:30:00
RUN_08717,MACHINE_M,M23576,297.1,308.6,1717,31.3,61,False,2024-02-06T07:36:00
RUN_08718,MACHINE_L,L55897,297.1,308.7,1474,42.3,64,False,2024-02-06T07:42:00
RUN_08719,MACHINE_L,L55898,297.2,308.7,1509,39.3,66,False,2024-02-06T07:48:00
RUN_08720,MACHINE_L,L55899,297.2,308.8,1451,43.1,68,False,2024-02-06T07:54:00
RUN_08721,MACHINE_L,L55900,297.3,308.8,1554,36.1,70,False,2024-02-06T08:00:00
RUN_08722,MACHINE_L,L55901,297.2,308.7,1669,30.7,72,False,2024-02-06T08:06:00
RUN_08723,MACHINE_L,L55902,297.2,308.6,1366,50.4,74,False,2024-02-06T08:12:00
RUN_08724,MACHINE_L,L55903,297.2,308.6,1578,34.4,76,False,2024-02-06T08:18:00
RUN_08725,MACHINE_M,M23584,297.2,308.6,1513,39.0,78,False,2024-02-06T08:24:00
RUN_08726,MACHINE_M,M23585,297.1,308.5,1515,42.1,81,False,2024-02-06T08:30:00
RUN_08727,MACHINE_L,L55906,297.2,308.6,1562,33.0,84,False,2024-02-06T08:36:00
RUN_08728,MACHINE_L,L55907,297.2,308.7,1501,38.5,86,False,2024-02-06T08:42:00
RUN_08729,MACHINE_M,M23588,297.2,308.7,1398,38.1,88,False,2024-02-06T08:48:00
RUN_08730,MACHINE_L,L55909,297.3,308.7,1352,53.8,91,False,2024-02-06T08:54:00
RUN_08731,MACHINE_H,H38144,297.3,308.7,1569,33.9,93,False,2024-02-06T09:00:00
RUN_08732,MACHINE_H,H38145,297.2,308.6,1486,46.6,98,False,2024-02-06T09:06:00
RUN_08733,MACHINE_L,L55912,297.2,308.6,1864,23.6,103,False,2024-02-06T09:12:00
RUN_08734,MACHINE_M,M23593,297.3,308.7,1447,44.5,105,False,2024-02-06T09:18:00
RUN_08735,MACHINE_L,L55914,297.2,308.6,1392,41.5,108,False,2024-02-06T09:24:00
RUN_08736,MACHINE_L,L55915,297.3,308.6,1358,47.6,110,False,2024-02-06T09:30:00
RUN_08737,MACHINE_L,L55916,297.3,308.7,1491,40.2,112,False,2024-02-06T09:36:00
RUN_08738,MACHINE_L,L55917,297.3,308.7,1556,36.7,114,False,2024-02-06T09:42:00
RUN_08739,MACHINE_L,L55918,297.3,308.7,1531,36.7,116,False,2024-02-06T09:48:00
RUN_08740,MACHINE_H,H38153,297.4,308.7,1429,37.6,118,False,2024-02-06T09:54:00
RUN_08741,MACHINE_M,M23600,297.4,308.8,1573,33.9,123,False,2024-02-06T10:00:00
RUN_08742,MACHINE_L,L55921,297.4,308.8,1538,41.2,126,False,2024-02-06T10:06:00
RUN_08743,MACHINE_L,L55922,297.4,308.8,1467,39.0,128,False,2024-02-06T10:12:00
RUN_08744,MACHINE_H,H38157,297.4,308.7,1323,51.1,130,False,2024-02-06T10:18:00
RUN_08745,MACHINE_M,M23604,297.4,308.7,1798,23.0,135,False,2024-02-06T10:24:00
RUN_08746,MACHINE_L,L55925,297.4,308.6,1411,46.3,138,False,2024-02-06T10:30:00
RUN_08747,MACHINE_L,L55926,297.3,308.5,1528,44.5,140,False,2024-02-06T10:36:00
RUN_08748,MACHINE_L,L55927,297.3,308.5,1504,42.0,142,False,2024-02-06T10:42:00
RUN_08749,MACHINE_L,L55928,297.3,308.5,1384,39.6,144,False,2024-02-06T10:48:00
RUN_08750,MACHINE_L,L55929,297.2,308.4,1677,26.4,146,False,2024-02-06T10:54:00
RUN_08751,MACHINE_L,L55930,297.3,308.5,1764,30.8,148,False,2024-02-06T11:00:00
RUN_08752,MACHINE_M,M23611,297.4,308.5,1472,42.0,150,False,2024-02-06T11:06:00
RUN_08753,MACHINE_M,M23612,297.4,308.5,1465,55.9,153,False,2024-02-06T11:12:00
RUN_08754,MACHINE_M,M23613,297.4,308.6,1657,33.1,156,False,2024-02-06T11:18:00
RUN_08755,MACHINE_L,L55934,297.4,308.6,1635,30.5,159,False,2024-02-06T11:24:00
RUN_08756,MACHINE_M,M23615,297.4,308.7,1582,31.9,161,False,2024-02-06T11:30:00
RUN_08757,MACHINE_L,L55936,297.5,308.7,1761,26.2,164,False,2024-02-06T11:36:00
RUN_08758,MACHINE_L,L55937,297.5,308.8,1587,34.9,166,False,2024-02-06T11:42:00
RUN_08759,MACHINE_M,M23618,297.5,308.7,1446,53.0,168,False,2024-02-06T11:48:00
RUN_08760,MACHINE_M,M23619,297.5,308.7,1352,53.0,171,False,2024-02-06T11:54:00
RUN_08761,MACHINE_M,M23620,297.4,308.7,1392,46.4,174,False,2024-02-06T12:00:00
RUN_08762,MACHINE_L,L55941,297.5,308.8,1417,49.8,177,False,2024-02-06T12:06:00
RUN_08763,MACHINE_H,H38176,297.5,308.8,1824,24.0,179,False,2024-02-06T12:12:00
RUN_08764,MACHINE_L,L55943,297.5,308.8,1603,36.7,184,False,2024-02-06T12:18:00
RUN_08765,MACHINE_L,L55944,297.4,308.8,1620,33.4,186,False,2024-02-06T12:24:00
RUN_08766,MACHINE_L,L55945,297.4,308.8,1353,49.4,188,False,2024-02-06T12:30:00
RUN_08767,MACHINE_L,L55946,297.5,308.8,1360,50.7,190,False,2024-02-06T12:36:00
RUN_08768,MACHINE_L,L55947,297.5,308.6,1380,53.5,192,False,2024-02-06T12:42:00
RUN_08769,MACHINE_M,M23628,297.5,308.7,1363,53.6,194,False,2024-02-06T12:48:00
RUN_08770,MACHINE_M,M23629,297.4,308.6,1452,41.2,197,False,2024-02-06T12:54:00
RUN_08771,MACHINE_L,L55950,297.4,308.6,1680,32.8,200,False,2024-02-06T13:00:00
RUN_08772,MACHINE_L,L55951,297.5,308.6,1536,39.0,202,False,2024-02-06T13:06:00
RUN_08773,MACHINE_L,L55952,297.5,308.6,1621,28.9,0,False,2024-02-06T13:12:00
RUN_08774,MACHINE_L,L55953,297.5,308.6,1585,37.6,2,False,2024-02-06T13:18:00
RUN_08775,MACHINE_M,M23634,297.6,308.7,1408,51.5,4,False,2024-02-06T13:24:00
RUN_08776,MACHINE_H,H38189,297.5,308.6,1536,38.7,7,False,2024-02-06T13:30:00
RUN_08777,MACHINE_L,L55956,297.5,308.6,1352,52.6,12,False,2024-02-06T13:36:00
RUN_08778,MACHINE_H,H38191,297.5,308.6,1481,38.8,14,False,2024-02-06T13:42:00
RUN_08779,MACHINE_L,L55958,297.5,308.7,1454,45.0,19,False,2024-02-06T13:48:00
RUN_08780,MACHINE_M,M23639,297.5,308.6,1349,51.5,21,False,2024-02-06T13:54:00
RUN_08781,MACHINE_M,M23640,297.5,308.6,1327,52.1,24,False,2024-02-06T14:00:00
RUN_08782,MACHINE_L,L55961,297.6,308.7,1552,42.3,27,False,2024-02-06T14:06:00
RUN_08783,MACHINE_L,L55962,297.5,308.7,1456,44.7,29,False,2024-02-06T14:12:00
RUN_08784,MACHINE_M,M23643,297.6,308.6,1254,45.8,31,False,2024-02-06T14:18:00
RUN_08785,MACHINE_L,L55964,297.5,308.6,1437,43.3,34,False,2024-02-06T14:24:00
RUN_08786,MACHINE_L,L55965,297.5,308.6,1694,27.1,36,False,2024-02-06T14:30:00
RUN_08787,MACHINE_L,L55966,297.5,308.5,1306,50.7,38,False,2024-02-06T14:36:00
RUN_08788,MACHINE_M,M23647,297.5,308.5,1699,30.1,40,False,2024-02-06T14:42:00
RUN_08789,MACHINE_L,L55968,297.4,308.5,1369,53.2,43,False,2024-02-06T14:48:00
RUN_08790,MACHINE_L,L55969,297.4,308.5,1471,43.9,45,False,2024-02-06T14:54:00
RUN_08791,MACHINE_L,L55970,297.4,308.5,1410,43.9,47,False,2024-02-06T15:00:00
RUN_08792,MACHINE_M,M23651,297.4,308.5,1412,45.5,49,False,2024-02-06T15:06:00
RUN_08793,MACHINE_L,L55972,297.4,308.5,1418,51.2,52,False,2024-02-06T15:12:00
RUN_08794,MACHINE_L,L55973,297.4,308.5,1782,25.9,54,False,2024-02-06T15:18:00
RUN_08795,MACHINE_M,M23654,297.4,308.5,1497,36.4,56,False,2024-02-06T15:24:00
RUN_08796,MACHINE_L,L55975,297.3,308.4,1459,39.4,59,False,2024-02-06T15:30:00
RUN_08797,MACHINE_L,L55976,297.2,308.3,1796,23.8,61,False,2024-02-06T15:36:00
RUN_08798,MACHINE_L,L55977,297.2,308.3,1569,31.2,63,False,2024-02-06T15:42:00
RUN_08799,MACHINE_L,L55978,297.3,308.4,1469,46.7,65,False,2024-02-06T15:48:00
RUN_08800,MACHINE_L,L55979,297.3,308.4,1472,41.3,67,False,2024-02-06T15:54:00
RUN_08801,MACHINE_L,L55980,297.4,308.5,1475,47.2,69,False,2024-02-06T16:00:00
RUN_08802,MACHINE_L,L55981,297.4,308.6,1488,36.4,71,False,2024-02-06T16:06:00
RUN_08803,MACHINE_L,L55982,297.4,308.6,1524,43.1,73,False,2024-02-06T16:12:00
RUN_08804,MACHINE_L,L55983,297.4,308.5,1486,48.6,75,False,2024-02-06T16:18:00
RUN_08805,MACHINE_M,M23664,297.5,308.6,1255,60.7,77,False,2024-02-06T16:24:00
RUN_08806,MACHINE_M,M23665,297.4,308.6,1469,42.6,80,False,2024-02-06T16:30:00
RUN_08807,MACHINE_L,L55986,297.4,308.5,1692,34.3,83,False,2024-02-06T16:36:00
RUN_08808,MACHINE_M,M23667,297.4,308.6,1604,32.8,85,False,2024-02-06T16:42:00
RUN_08809,MACHINE_L,L55988,297.4,308.6,1446,48.1,88,False,2024-02-06T16:48:00
RUN_08810,MACHINE_L,L55989,297.3,308.5,1503,43.3,90,False,2024-02-06T16:54:00
RUN_08811,MACHINE_M,M23670,297.3,308.5,1625,32.8,92,False,2024-02-06T17:00:00
RUN_08812,MACHINE_L,L55991,297.2,308.5,1574,35.8,95,False,2024-02-06T17:06:00
RUN_08813,MACHINE_M,M23672,297.2,308.4,1378,41.9,97,False,2024-02-06T17:12:00
RUN_08814,MACHINE_L,L55993,297.1,308.4,1693,29.5,100,False,2024-02-06T17:18:00
RUN_08815,MACHINE_L,L55994,297.2,308.4,1462,51.2,102,False,2024-02-06T17:24:00
RUN_08816,MACHINE_H,H38229,297.3,308.5,1435,55.0,104,False,2024-02-06T17:30:00
RUN_08817,MACHINE_M,M23676,297.2,308.5,1425,45.8,109,False,2024-02-06T17:36:00
RUN_08818,MACHINE_H,H38231,297.3,308.6,1376,53.5,112,False,2024-02-06T17:42:00
RUN_08819,MACHINE_M,M23678,297.4,308.7,1481,48.0,117,False,2024-02-06T17:48:00
RUN_08820,MACHINE_H,H38233,297.4,308.7,1349,48.9,120,False,2024-02-06T17:54:00
RUN_08821,MACHINE_L,L56000,297.3,308.7,1551,40.0,125,False,2024-02-06T18:00:00
RUN_08822,MACHINE_H,H38235,297.4,308.7,1623,33.8,127,False,2024-02-06T18:06:00
RUN_08823,MACHINE_L,L56002,297.4,308.8,1462,49.7,132,False,2024-02-06T18:12:00
RUN_08824,MACHINE_M,M23683,297.3,308.8,1447,57.4,134,False,2024-02-06T18:18:00
RUN_08825,MACHINE_M,M23684,297.3,308.9,1799,24.5,137,False,2024-02-06T18:24:00
RUN_08826,MACHINE_M,M23685,297.3,308.8,1548,41.3,140,False,2024-02-06T18:30:00
RUN_08827,MACHINE_M,M23686,297.2,308.8,1485,47.9,143,False,2024-02-06T18:36:00
RUN_08828,MACHINE_L,L56007,297.2,308.7,1463,49.9,146,False,2024-02-06T18:42:00
RUN_08829,MACHINE_L,L56008,297.3,308.7,1587,35.8,148,False,2024-02-06T18:48:00
RUN_08830,MACHINE_M,M23689,297.3,308.8,1469,44.1,150,False,2024-02-06T18:54:00
RUN_08831,MACHINE_H,H38244,297.3,308.7,1430,42.8,153,False,2024-02-06T19:00:00
RUN_08832,MACHINE_H,H38245,297.4,308.7,1726,26.8,158,False,2024-02-06T19:06:00
RUN_08833,MACHINE_L,L56012,297.4,308.8,1651,34.1,163,False,2024-02-06T19:12:00
RUN_08834,MACHINE_L,L56013,297.4,308.8,1529,41.3,165,False,2024-02-06T19:18:00
RUN_08835,MACHINE_L,L56014,297.4,308.8,1473,46.2,167,False,2024-02-06T19:24:00
RUN_08836,MACHINE_H,H38249,297.4,308.8,1324,53.5,169,False,2024-02-06T19:30:00
RUN_08837,MACHINE_L,L56016,297.4,308.9,1708,28.8,174,False,2024-02-06T19:36:00
RUN_08838,MACHINE_M,M23697,297.5,309.1,1540,38.5,176,False,2024-02-06T19:42:00
RUN_08839,MACHINE_L,L56018,297.5,309.0,1320,54.7,179,False,2024-02-06T19:48:00
RUN_08840,MACHINE_M,M23699,297.4,308.9,1376,39.0,181,False,2024-02-06T19:54:00
RUN_08841,MACHINE_M,M23700,297.3,308.7,1542,37.0,184,False,2024-02-06T20:00:00
RUN_08842,MACHINE_L,L56021,297.3,308.7,1506,39.3,187,False,2024-02-06T20:06:00
RUN_08843,MACHINE_L,L56022,297.3,308.7,1492,43.6,189,False,2024-02-06T20:12:00
RUN_08844,MACHINE_H,H38257,297.3,308.8,1564,38.0,191,False,2024-02-06T20:18:00
RUN_08845,MACHINE_H,H38258,297.4,308.9,1645,30.8,196,False,2024-02-06T20:24:00
RUN_08846,MACHINE_M,M23705,297.4,308.9,1348,59.1,201,False,2024-02-06T20:30:00
RUN_08847,MACHINE_M,M23706,297.4,308.8,1325,62.4,204,True,2024-02-06T20:36:00
RUN_08848,MACHINE_L,L56027,297.5,308.9,1443,43.5,0,False,2024-02-06T20:42:00
RUN_08849,MACHINE_M,M23708,297.5,308.9,1436,44.8,2,False,2024-02-06T20:48:00
RUN_08850,MACHINE_L,L56029,297.5,308.9,1596,30.7,5,False,2024-02-06T20:54:00
RUN_08851,MACHINE_L,L56030,297.6,309.0,1491,43.2,7,False,2024-02-06T21:00:00
RUN_08852,MACHINE_M,M23711,297.7,308.9,1573,35.1,9,False,2024-02-06T21:06:00
RUN_08853,MACHINE_L,L56032,297.7,308.9,1575,39.9,12,False,2024-02-06T21:12:00
RUN_08854,MACHINE_L,L56033,297.7,308.9,1458,41.1,14,False,2024-02-06T21:18:00
RUN_08855,MACHINE_M,M23714,297.7,309.0,1433,41.8,16,False,2024-02-06T21:24:00
RUN_08856,MACHINE_L,L56035,297.7,308.9,1662,28.1,19,False,2024-02-06T21:30:00
RUN_08857,MACHINE_M,M23716,297.7,308.9,1327,63.7,21,False,2024-02-06T21:36:00
RUN_08858,MACHINE_L,L56037,297.7,308.9,1742,26.3,24,False,2024-02-06T21:42:00
RUN_08859,MACHINE_L,L56038,297.8,308.9,1506,33.5,26,False,2024-02-06T21:48:00
RUN_08860,MACHINE_L,L56039,297.9,309.1,1457,44.4,28,False,2024-02-06T21:54:00
RUN_08861,MACHINE_M,M23720,297.9,309.1,1488,37.3,30,False,2024-02-06T22:00:00
RUN_08862,MACHINE_L,L56041,297.9,309.1,1619,34.7,33,False,2024-02-06T22:06:00
RUN_08863,MACHINE_M,M23722,298.0,309.2,1558,41.7,35,False,2024-02-06T22:12:00
RUN_08864,MACHINE_L,L56043,298.0,309.2,1731,28.7,38,False,2024-02-06T22:18:00
RUN_08865,MACHINE_M,M23724,298.0,309.1,1574,34.8,40,False,2024-02-06T22:24:00
RUN_08866,MACHINE_L,L56045,297.9,309.0,1290,49.8,43,False,2024-02-06T22:30:00
RUN_08867,MACHINE_H,H38280,297.9,308.9,1416,39.6,45,False,2024-02-06T22:36:00
RUN_08868,MACHINE_L,L56047,297.9,308.9,1566,41.9,50,False,2024-02-06T22:42:00
RUN_08869,MACHINE_L,L56048,297.9,309.0,1456,46.5,52,False,2024-02-06T22:48:00
RUN_08870,MACHINE_L,L56049,297.9,309.0,1528,37.5,54,False,2024-02-06T22:54:00
RUN_08871,MACHINE_M,M23730,297.9,309.1,1338,49.6,56,False,2024-02-06T23:00:00
RUN_08872,MACHINE_M,M23731,297.9,309.1,1558,39.2,59,False,2024-02-06T23:06:00
RUN_08873,MACHINE_M,M23732,297.9,309.1,1614,38.1,62,False,2024-02-06T23:12:00
RUN_08874,MACHINE_H,H38287,298.0,309.1,1557,36.4,65,False,2024-02-06T23:18:00
RUN_08875,MACHINE_L,L56054,298.1,309.3,1443,45.3,70,False,2024-02-06T23:24:00
RUN_08876,MACHINE_H,H38289,298.1,309.3,1332,51.0,72,False,2024-02-06T23:30:00
RUN_08877,MACHINE_M,M23736,298.1,309.3,1752,25.2,77,False,2024-02-06T23:36:00
RUN_08878,MACHINE_M,M23737,298.1,309.2,1460,45.8,80,False,2024-02-06T23:42:00
RUN_08879,MACHINE_L,L56058,298.1,309.2,1802,26.9,83,False,2024-02-06T23:48:00
RUN_08880,MACHINE_L,L56059,298.0,309.2,1527,39.5,85,False,2024-02-06T23:54:00
RUN_08881,MACHINE_L,L56060,298.0,309.2,1458,39.8,87,False,2024-02-07T00:00:00
RUN_08882,MACHINE_H,H38295,298.0,309.2,1520,37.9,89,False,2024-02-07T00:06:00
RUN_08883,MACHINE_L,L56062,298.0,309.2,1378,49.7,94,False,2024-02-07T00:12:00
RUN_08884,MACHINE_M,M23743,297.9,309.2,1529,38.1,96,False,2024-02-07T00:18:00
RUN_08885,MACHINE_L,L56064,298.0,309.2,1527,32.4,99,False,2024-02-07T00:24:00
RUN_08886,MACHINE_M,M23745,298.0,309.2,1438,42.9,101,False,2024-02-07T00:30:00
RUN_08887,MACHINE_L,L56066,297.9,309.0,1583,36.7,104,False,2024-02-07T00:36:00
RUN_08888,MACHINE_L,L56067,297.8,308.9,1530,37.6,106,False,2024-02-07T00:42:00
RUN_08889,MACHINE_M,M23748,297.7,308.9,1530,39.1,108,False,2024-02-07T00:48:00
RUN_08890,MACHINE_M,M23749,297.7,308.8,2089,19.1,111,False,2024-02-07T00:54:00
RUN_08891,MACHINE_L,L56070,297.7,308.8,1616,34.2,114,False,2024-02-07T01:00:00
RUN_08892,MACHINE_M,M23751,297.7,308.9,1681,28.3,116,False,2024-02-07T01:06:00
RUN_08893,MACHINE_L,L56072,297.6,308.8,1475,43.0,119,False,2024-02-07T01:12:00
RUN_08894,MACHINE_L,L56073,297.5,308.7,1371,46.5,121,False,2024-02-07T01:18:00
RUN_08895,MACHINE_M,M23754,297.5,308.7,1546,38.0,123,False,2024-02-07T01:24:00
RUN_08896,MACHINE_H,H38309,297.4,308.6,1461,40.1,126,False,2024-02-07T01:30:00
RUN_08897,MACHINE_L,L56076,297.4,308.7,1638,31.9,131,False,2024-02-07T01:36:00
RUN_08898,MACHINE_M,M23757,297.3,308.7,1577,35.6,133,False,2024-02-07T01:42:00
RUN_08899,MACHINE_L,L56078,297.4,308.6,1532,38.7,136,False,2024-02-07T01:48:00
RUN_08900,MACHINE_M,M23759,297.3,308.5,1710,27.7,138,False,2024-02-07T01:54:00
RUN_08901,MACHINE_M,M23760,297.3,308.6,1584,29.4,141,False,2024-02-07T02:00:00
RUN_08902,MACHINE_L,L56081,297.3,308.6,1446,50.1,144,False,2024-02-07T02:06:00
RUN_08903,MACHINE_H,H38316,297.4,308.7,1522,46.3,146,False,2024-02-07T02:12:00
RUN_08904,MACHINE_M,M23763,297.4,308.7,1382,49.9,151,False,2024-02-07T02:18:00
RUN_08905,MACHINE_L,L56084,297.4,308.7,1584,38.2,154,False,2024-02-07T02:24:00
RUN_08906,MACHINE_L,L56085,297.3,308.6,1385,55.2,156,False,2024-02-07T02:30:00
RUN_08907,MACHINE_L,L56086,297.3,308.7,1592,34.4,158,False,2024-02-07T02:36:00
RUN_08908,MACHINE_M,M23767,297.2,308.6,1404,43.7,160,False,2024-02-07T02:42:00
RUN_08909,MACHINE_L,L56088,297.2,308.5,1518,44.3,163,False,2024-02-07T02:48:00
RUN_08910,MACHINE_L,L56089,297.1,308.4,1529,40.4,165,False,2024-02-07T02:54:00
RUN_08911,MACHINE_L,L56090,297.1,308.4,1550,37.0,167,False,2024-02-07T03:00:00
RUN_08912,MACHINE_L,L56091,297.1,308.3,1773,23.8,169,False,2024-02-07T03:06:00
RUN_08913,MACHINE_L,L56092,297.2,308.5,1446,43.7,171,False,2024-02-07T03:12:00
RUN_08914,MACHINE_M,M23773,297.2,308.5,1487,46.9,173,False,2024-02-07T03:18:00
RUN_08915,MACHINE_M,M23774,297.3,308.5,1524,49.3,176,False,2024-02-07T03:24:00
RUN_08916,MACHINE_L,L56095,297.1,308.3,1403,54.1,179,False,2024-02-07T03:30:00
RUN_08917,MACHINE_L,L56096,297.1,308.2,2267,15.7,181,False,2024-02-07T03:36:00
RUN_08918,MACHINE_M,M23777,297.1,308.2,1529,37.9,183,False,2024-02-07T03:42:00
RUN_08919,MACHINE_L,L56098,297.1,308.2,1402,51.2,186,False,2024-02-07T03:48:00
RUN_08920,MACHINE_L,L56099,297.2,308.3,1693,28.0,188,False,2024-02-07T03:54:00
RUN_08921,MACHINE_L,L56100,297.1,308.3,1496,45.8,190,False,2024-02-07T04:00:00
RUN_08922,MACHINE_L,L56101,297.1,308.1,1633,33.3,192,False,2024-02-07T04:06:00
RUN_08923,MACHINE_L,L56102,297.1,308.2,1399,42.6,194,False,2024-02-07T04:12:00
RUN_08924,MACHINE_M,M23783,297.0,308.1,1363,45.3,196,False,2024-02-07T04:18:00
RUN_08925,MACHINE_H,H38338,297.1,308.2,1527,42.2,199,False,2024-02-07T04:24:00
RUN_08926,MACHINE_M,M23785,297.2,308.2,1405,42.5,204,False,2024-02-07T04:30:00
RUN_08927,MACHINE_M,M23786,297.3,308.3,1459,59.6,207,True,2024-02-07T04:36:00
RUN_08928,MACHINE_M,M23787,297.4,308.4,1789,25.0,210,False,2024-02-07T04:42:00
RUN_08929,MACHINE_L,L56108,297.4,308.4,1531,41.5,213,False,2024-02-07T04:48:00
RUN_08930,MACHINE_M,M23789,297.4,308.4,1620,35.8,215,False,2024-02-07T04:54:00
RUN_08931,MACHINE_L,L56110,297.4,308.4,1571,39.4,0,False,2024-02-07T05:00:00
RUN_08932,MACHINE_L,L56111,297.4,308.4,1434,39.9,2,False,2024-02-07T05:06:00
RUN_08933,MACHINE_L,L56112,297.4,308.4,1474,43.6,4,False,2024-02-07T05:12:00
RUN_08934,MACHINE_M,M23793,297.3,308.3,1544,41.7,6,False,2024-02-07T05:18:00
RUN_08935,MACHINE_L,L56114,297.3,308.2,1601,35.7,9,False,2024-02-07T05:24:00
RUN_08936,MACHINE_L,L56115,297.4,308.3,1801,26.9,11,False,2024-02-07T05:30:00
RUN_08937,MACHINE_L,L56116,297.4,308.3,1465,42.0,13,False,2024-02-07T05:36:00
RUN_08938,MACHINE_M,M23797,297.4,308.4,1340,52.6,15,False,2024-02-07T05:42:00
RUN_08939,MACHINE_M,M23798,297.4,308.4,1517,41.0,18,False,2024-02-07T05:48:00
RUN_08940,MACHINE_M,M23799,297.3,308.4,1434,44.8,21,False,2024-02-07T05:54:00
RUN_08941,MACHINE_H,H38354,297.3,308.3,1935,19.3,24,False,2024-02-07T06:00:00
RUN_08942,MACHINE_M,M23801,297.3,308.3,1595,32.2,29,False,2024-02-07T06:06:00
RUN_08943,MACHINE_L,L56122,297.3,308.3,2188,17.0,32,False,2024-02-07T06:12:00
RUN_08944,MACHINE_M,M23803,297.3,308.4,1449,44.4,34,False,2024-02-07T06:18:00
RUN_08945,MACHINE_L,L56124,297.3,308.3,1471,38.2,37,False,2024-02-07T06:24:00
RUN_08946,MACHINE_L,L56125,297.4,308.2,1639,33.8,39,False,2024-02-07T06:30:00
RUN_08947,MACHINE_M,M23806,297.3,308.2,1846,24.5,41,False,2024-02-07T06:36:00
RUN_08948,MACHINE_M,M23807,297.3,308.2,1452,38.2,44,False,2024-02-07T06:42:00
RUN_08949,MACHINE_M,M23808,297.4,308.3,1483,41.9,47,False,2024-02-07T06:48:00
RUN_08950,MACHINE_L,L56129,297.4,308.3,1284,60.3,50,False,2024-02-07T06:54:00
RUN_08951,MACHINE_L,L56130,297.4,308.2,1419,50.0,52,False,2024-02-07T07:00:00
RUN_08952,MACHINE_L,L56131,297.3,308.1,1763,28.4,54,False,2024-02-07T07:06:00
RUN_08953,MACHINE_M,M23812,297.2,308.0,1478,42.5,56,False,2024-02-07T07:12:00
RUN_08954,MACHINE_L,L56133,297.3,308.0,1518,36.0,59,False,2024-02-07T07:18:00
RUN_08955,MACHINE_L,L56134,297.3,308.0,1447,49.0,61,False,2024-02-07T07:24:00
RUN_08956,MACHINE_M,M23815,297.4,308.0,1355,55.1,63,False,2024-02-07T07:30:00
RUN_08957,MACHINE_L,L56136,297.4,308.1,1348,57.4,66,False,2024-02-07T07:36:00
RUN_08958,MACHINE_L,L56137,297.4,308.1,1348,53.7,68,False,2024-02-07T07:42:00
RUN_08959,MACHINE_M,M23818,297.4,308.1,1734,27.7,70,False,2024-02-07T07:48:00
RUN_08960,MACHINE_L,L56139,297.3,308.0,1420,46.5,73,False,2024-02-07T07:54:00
RUN_08961,MACHINE_L,L56140,297.3,307.9,1797,24.7,75,False,2024-02-07T08:00:00
RUN_08962,MACHINE_M,M23821,297.3,308.0,1403,45.0,77,False,2024-02-07T08:06:00
RUN_08963,MACHINE_L,L56142,297.3,307.9,1628,30.2,80,False,2024-02-07T08:12:00
RUN_08964,MACHINE_M,M23823,297.2,307.9,1687,30.4,82,False,2024-02-07T08:18:00
RUN_08965,MACHINE_M,M23824,297.2,307.9,1456,44.9,85,False,2024-02-07T08:24:00
RUN_08966,MACHINE_L,L56145,297.1,307.9,1496,44.7,88,False,2024-02-07T08:30:00
RUN_08967,MACHINE_L,L56146,297.1,307.8,1636,30.3,90,False,2024-02-07T08:36:00
RUN_08968,MACHINE_L,L56147,297.1,307.8,1536,40.4,92,False,2024-02-07T08:42:00
RUN_08969,MACHINE_L,L56148,297.1,307.8,1454,50.6,94,False,2024-02-07T08:48:00
RUN_08970,MACHINE_L,L56149,297.0,307.8,1396,50.0,96,False,2024-02-07T08:54:00
RUN_08971,MACHINE_L,L56150,297.0,307.6,1575,37.4,98,False,2024-02-07T09:00:00
RUN_08972,MACHINE_L,L56151,296.9,307.6,1514,35.7,100,False,2024-02-07T09:06:00
RUN_08973,MACHINE_M,M23832,296.8,307.4,1455,49.9,102,False,2024-02-07T09:12:00
RUN_08974,MACHINE_L,L56153,296.8,307.4,1549,48.3,105,False,2024-02-07T09:18:00
RUN_08975,MACHINE_L,L56154,296.8,307.5,1474,42.4,107,False,2024-02-07T09:24:00
RUN_08976,MACHINE_H,H38389,296.7,307.4,1661,34.2,109,False,2024-02-07T09:30:00
RUN_08977,MACHINE_L,L56156,296.7,307.4,1535,34.6,114,False,2024-02-07T09:36:00
RUN_08978,MACHINE_M,M23837,296.9,307.5,1556,31.2,116,False,2024-02-07T09:42:00
RUN_08979,MACHINE_L,L56158,296.9,307.6,1435,45.0,119,False,2024-02-07T09:48:00
RUN_08980,MACHINE_M,M23839,296.9,307.5,1332,51.1,121,False,2024-02-07T09:54:00
RUN_08981,MACHINE_L,L56160,297.0,307.6,1513,42.4,124,False,2024-02-07T10:00:00
RUN_08982,MACHINE_L,L56161,297.0,307.7,1502,39.4,126,False,2024-02-07T10:06:00
RUN_08983,MACHINE_L,L56162,297.0,307.7,1315,60.1,128,False,2024-02-07T10:12:00
RUN_08984,MACHINE_M,M23843,297.0,307.7,1261,51.1,130,False,2024-02-07T10:18:00
RUN_08985,MACHINE_L,L56164,297.1,307.8,1406,60.4,133,False,2024-02-07T10:24:00
RUN_08986,MACHINE_L,L56165,297.1,307.8,1584,42.3,135,False,2024-02-07T10:30:00
RUN_08987,MACHINE_M,M23846,297.1,307.8,1443,43.9,137,False,2024-02-07T10:36:00
RUN_08988,MACHINE_L,L56167,297.2,307.9,1580,35.8,140,False,2024-02-07T10:42:00
RUN_08989,MACHINE_L,L56168,297.2,307.9,1825,24.6,142,False,2024-02-07T10:48:00
RUN_08990,MACHINE_L,L56169,297.2,307.9,1469,48.2,144,False,2024-02-07T10:54:00
RUN_08991,MACHINE_L,L56170,297.2,307.9,1493,38.4,146,False,2024-02-07T11:00:00
RUN_08992,MACHINE_M,M23851,297.3,308.0,1598,29.4,148,False,2024-02-07T11:06:00
RUN_08993,MACHINE_H,H38406,297.2,307.9,1450,37.2,151,False,2024-02-07T11:12:00
RUN_08994,MACHINE_M,M23853,297.2,307.9,1632,37.5,156,False,2024-02-07T11:18:00
RUN_08995,MACHINE_M,M23854,297.1,307.9,1980,20.3,159,False,2024-02-07T11:24:00
RUN_08996,MACHINE_L,L56175,297.2,308.0,1474,43.7,162,False,2024-02-07T11:30:00
RUN_08997,MACHINE_L,L56176,297.2,307.9,1540,37.1,164,False,2024-02-07T11:36:00
RUN_08998,MACHINE_M,M23857,297.1,307.9,1609,38.9,166,False,2024-02-07T11:42:00
RUN_08999,MACHINE_L,L56178,297.1,308.0,1467,42.8,169,False,2024-02-07T11:48:00
RUN_09000,MACHINE_L,L56179,297.1,307.9,1492,39.4,171,False,2024-02-07T11:54:00
RUN_09001,MACHINE_L,L56180,297.0,307.9,1493,46.1,173,False,2024-02-07T12:00:00
RUN_09002,MACHINE_L,L56181,297.0,307.8,1500,39.9,175,False,2024-02-07T12:06:00
RUN_09003,MACHINE_L,L56182,297.1,307.8,1477,36.6,177,False,2024-02-07T12:12:00
RUN_09004,MACHINE_L,L56183,297.1,307.9,1342,49.1,179,False,2024-02-07T12:18:00
RUN_09005,MACHINE_M,M23864,297.1,307.8,1538,34.3,181,False,2024-02-07T12:24:00
RUN_09006,MACHINE_L,L56185,297.2,307.9,1337,58.1,184,False,2024-02-07T12:30:00
RUN_09007,MACHINE_L,L56186,297.3,307.9,1417,41.8,186,False,2024-02-07T12:36:00
RUN_09008,MACHINE_L,L56187,297.4,308.0,1383,46.2,188,False,2024-02-07T12:42:00
RUN_09009,MACHINE_M,M23868,297.4,308.0,1440,42.4,190,False,2024-02-07T12:48:00
RUN_09010,MACHINE_L,L56189,297.3,307.9,1579,34.4,193,False,2024-02-07T12:54:00
RUN_09011,MACHINE_L,L56190,297.2,307.9,1441,40.0,195,False,2024-02-07T13:00:00
RUN_09012,MACHINE_M,M23871,297.2,307.9,1530,35.9,197,False,2024-02-07T13:06:00
RUN_09013,MACHINE_L,L56192,297.2,308.0,1705,26.0,200,False,2024-02-07T13:12:00
RUN_09014,MACHINE_H,H38427,297.2,308.0,1435,43.0,202,False,2024-02-07T13:18:00
RUN_09015,MACHINE_M,M23874,297.2,308.1,1340,61.3,207,True,2024-02-07T13:24:00
RUN_09016,MACHINE_L,L56195,297.2,308.1,1431,49.7,210,True,2024-02-07T13:30:00
RUN_09017,MACHINE_L,L56196,297.3,308.2,1396,52.7,212,True,2024-02-07T13:36:00
RUN_09018,MACHINE_M,M23877,297.3,308.1,1369,52.0,214,False,2024-02-07T13:42:00
RUN_09019,MACHINE_L,L56198,297.3,308.1,1615,35.4,217,True,2024-02-07T13:48:00
RUN_09020,MACHINE_L,L56199,297.2,308.1,1662,31.3,0,False,2024-02-07T13:54:00
RUN_09021,MACHINE_L,L56200,297.3,308.2,1553,33.5,2,False,2024-02-07T14:00:00
RUN_09022,MACHINE_M,M23881,297.4,308.2,1536,34.6,4,False,2024-02-07T14:06:00
RUN_09023,MACHINE_L,L56202,297.4,308.3,1548,46.6,7,False,2024-02-07T14:12:00
RUN_09024,MACHINE_L,L56203,297.4,308.3,1706,30.9,9,False,2024-02-07T14:18:00
RUN_09025,MACHINE_L,L56204,297.4,308.3,1366,45.5,11,False,2024-02-07T14:24:00
RUN_09026,MACHINE_L,L56205,297.5,308.4,1440,35.9,13,False,2024-02-07T14:30:00
RUN_09027,MACHINE_M,M23886,297.5,308.4,1685,28.1,15,False,2024-02-07T14:36:00
RUN_09028,MACHINE_M,M23887,297.4,308.3,1444,44.0,18,False,2024-02-07T14:42:00
RUN_09029,MACHINE_L,L56208,297.4,308.3,1395,48.7,21,False,2024-02-07T14:48:00
RUN_09030,MACHINE_L,L56209,297.4,308.3,1483,38.8,23,False,2024-02-07T14:54:00
RUN_09031,MACHINE_M,M23890,297.5,308.4,1403,44.3,25,False,2024-02-07T15:00:00
RUN_09032,MACHINE_H,H38445,297.5,308.4,1793,23.9,28,False,2024-02-07T15:06:00
RUN_09033,MACHINE_L,L56212,297.4,308.3,1723,28.8,33,False,2024-02-07T15:12:00
RUN_09034,MACHINE_L,L56213,297.4,308.2,1386,41.0,35,False,2024-02-07T15:18:00
RUN_09035,MACHINE_H,H38448,297.4,308.2,1585,46.2,37,False,2024-02-07T15:24:00
RUN_09036,MACHINE_M,M23895,297.3,308.1,1731,27.7,42,False,2024-02-07T15:30:00
RUN_09037,MACHINE_L,L56216,297.3,308.3,1519,37.7,45,False,2024-02-07T15:36:00
RUN_09038,MACHINE_L,L56217,297.3,308.2,1896,24.4,47,False,2024-02-07T15:42:00
RUN_09039,MACHINE_L,L56218,297.3,308.3,2358,14.9,49,False,2024-02-07T15:48:00
RUN_09040,MACHINE_M,M23899,297.3,308.3,1341,51.9,51,False,2024-02-07T15:54:00
RUN_09041,MACHINE_L,L56220,297.3,308.3,1550,37.0,54,False,2024-02-07T16:00:00
RUN_09042,MACHINE_L,L56221,297.3,308.3,1309,61.5,56,False,2024-02-07T16:06:00
RUN_09043,MACHINE_M,M23902,297.3,308.4,1599,32.9,58,False,2024-02-07T16:12:00
RUN_09044,MACHINE_L,L56223,297.4,308.4,1343,40.0,61,False,2024-02-07T16:18:00
RUN_09045,MACHINE_L,L56224,297.4,308.4,1378,39.9,63,False,2024-02-07T16:24:00
RUN_09046,MACHINE_L,L56225,297.4,308.4,1603,34.6,65,False,2024-02-07T16:30:00
RUN_09047,MACHINE_L,L56226,297.4,308.4,1664,28.1,67,False,2024-02-07T16:36:00
RUN_09048,MACHINE_L,L56227,297.3,308.4,1488,37.4,69,False,2024-02-07T16:42:00
RUN_09049,MACHINE_M,M23908,297.3,308.4,1370,50.5,71,False,2024-02-07T16:48:00
RUN_09050,MACHINE_L,L56229,297.3,308.5,1545,34.3,74,False,2024-02-07T16:54:00
RUN_09051,MACHINE_M,M23910,297.4,308.5,1566,31.4,76,False,2024-02-07T17:00:00
RUN_09052,MACHINE_L,L56231,297.4,308.6,1820,24.6,79,False,2024-02-07T17:06:00
RUN_09053,MACHINE_M,M23912,297.4,308.6,1901,22.1,81,False,2024-02-07T17:12:00
RUN_09054,MACHINE_M,M23913,297.4,308.5,1638,32.2,84,False,2024-02-07T17:18:00
RUN_09055,MACHINE_M,M23914,297.3,308.4,1521,38.2,87,False,2024-02-07T17:24:00
RUN_09056,MACHINE_H,H38469,297.3,308.4,1864,23.1,90,False,2024-02-07T17:30:00
RUN_09057,MACHINE_L,L56236,297.3,308.3,1430,41.9,95,False,2024-02-07T17:36:00
RUN_09058,MACHINE_M,M23917,297.3,308.4,1686,34.5,97,False,2024-02-07T17:42:00
RUN_09059,MACHINE_M,M23918,297.2,308.3,1326,57.2,100,False,2024-02-07T17:48:00
RUN_09060,MACHINE_L,L56239,297.2,308.3,1805,25.6,103,False,2024-02-07T17:54:00
RUN_09061,MACHINE_H,H38474,297.2,308.3,1453,45.8,105,False,2024-02-07T18:00:00
RUN_09062,MACHINE_M,M23921,297.2,308.4,1863,26.0,110,False,2024-02-07T18:06:00
RUN_09063,MACHINE_L,L56242,297.2,308.3,1576,35.3,113,False,2024-02-07T18:12:00
RUN_09064,MACHINE_L,L56243,297.2,308.3,1419,39.7,115,False,2024-02-07T18:18:00
RUN_09065,MACHINE_L,L56244,297.2,308.4,1833,25.2,117,False,2024-02-07T18:24:00
RUN_09066,MACHINE_H,H38479,297.2,308.4,2182,17.3,119,False,2024-02-07T18:30:00
RUN_09067,MACHINE_L,L56246,297.2,308.3,1656,30.3,124,False,2024-02-07T18:36:00
RUN_09068,MACHINE_L,L56247,297.1,308.2,1351,56.6,126,False,2024-02-07T18:42:00
RUN_09069,MACHINE_H,H38482,297.1,308.2,1790,30.3,128,False,2024-02-07T18:48:00
RUN_09070,MACHINE_M,M23929,297.2,308.2,1678,28.1,133,False,2024-02-07T18:54:00
RUN_09071,MACHINE_L,L56250,297.1,308.2,1427,45.2,136,False,2024-02-07T19:00:00
RUN_09072,MACHINE_L,L56251,297.0,308.1,1429,54.0,138,False,2024-02-07T19:06:00
RUN_09073,MACHINE_H,H38486,297.2,308.1,1770,27.2,140,False,2024-02-07T19:12:00
RUN_09074,MACHINE_L,L56253,297.2,308.1,1689,31.2,145,False,2024-02-07T19:18:00
RUN_09075,MACHINE_M,M23934,297.2,308.1,1554,41.3,147,False,2024-02-07T19:24:00
RUN_09076,MACHINE_L,L56255,297.3,308.1,1506,36.0,150,False,2024-02-07T19:30:00
RUN_09077,MACHINE_L,L56256,297.2,308.1,1474,44.3,152,False,2024-02-07T19:36:00
RUN_09078,MACHINE_L,L56257,297.3,308.1,1762,26.1,154,False,2024-02-07T19:42:00
RUN_09079,MACHINE_L,L56258,297.3,308.1,1566,35.7,156,False,2024-02-07T19:48:00
RUN_09080,MACHINE_H,H38493,297.3,308.1,1554,42.4,158,False,2024-02-07T19:54:00
RUN_09081,MACHINE_L,L56260,297.2,308.0,1869,25.4,163,False,2024-02-07T20:00:00
RUN_09082,MACHINE_L,L56261,297.3,308.0,1527,35.1,165,False,2024-02-07T20:06:00
RUN_09083,MACHINE_L,L56262,297.2,307.9,1309,49.6,167,False,2024-02-07T20:12:00
RUN_09084,MACHINE_M,M23943,297.2,307.9,1541,35.7,169,False,2024-02-07T20:18:00
RUN_09085,MACHINE_L,L56264,297.2,307.9,1326,75.4,172,True,2024-02-07T20:24:00
RUN_09086,MACHINE_H,H38499,297.1,307.9,1365,54.0,174,False,2024-02-07T20:30:00
RUN_09087,MACHINE_L,L56266,297.1,307.8,1428,43.7,179,False,2024-02-07T20:36:00
RUN_09088,MACHINE_L,L56267,297.1,307.8,1681,27.6,181,False,2024-02-07T20:42:00
RUN_09089,MACHINE_M,M23948,297.1,307.9,1662,26.9,183,False,2024-02-07T20:48:00
RUN_09090,MACHINE_L,L56269,297.2,307.9,1989,20.3,186,False,2024-02-07T20:54:00
RUN_09091,MACHINE_M,M23950,297.2,307.9,1747,29.0,188,False,2024-02-07T21:00:00
RUN_09092,MACHINE_M,M23951,297.2,308.0,1765,31.1,191,False,2024-02-07T21:06:00
RUN_09093,MACHINE_L,L56272,297.3,308.1,1568,34.4,194,False,2024-02-07T21:12:00
RUN_09094,MACHINE_M,M23953,297.3,308.1,1709,30.6,196,False,2024-02-07T21:18:00
RUN_09095,MACHINE_M,M23954,297.3,308.1,1370,58.8,199,False,2024-02-07T21:24:00
RUN_09096,MACHINE_L,L56275,297.3,308.1,1458,45.7,202,False,2024-02-07T21:30:00
RUN_09097,MACHINE_L,L56276,297.2,308.1,1712,30.9,204,False,2024-02-07T21:36:00
RUN_09098,MACHINE_L,L56277,297.3,308.1,1642,36.9,206,False,2024-02-07T21:42:00
RUN_09099,MACHINE_L,L56278,297.3,308.1,1468,49.8,0,False,2024-02-07T21:48:00
RUN_09100,MACHINE_H,H38513,297.3,308.1,1477,52.3,2,False,2024-02-07T21:54:00
RUN_09101,MACHINE_L,L56280,297.3,308.2,1446,53.5,7,False,2024-02-07T22:00:00
RUN_09102,MACHINE_H,H38515,297.3,308.2,1653,31.4,9,False,2024-02-07T22:06:00
RUN_09103,MACHINE_L,L56282,297.3,308.3,1494,38.2,14,False,2024-02-07T22:12:00
RUN_09104,MACHINE_L,L56283,297.3,308.2,1490,41.0,16,False,2024-02-07T22:18:00
RUN_09105,MACHINE_M,M23964,297.4,308.3,1550,47.8,18,False,2024-02-07T22:24:00
RUN_09106,MACHINE_M,M23965,297.3,308.2,1677,34.9,21,False,2024-02-07T22:30:00
RUN_09107,MACHINE_L,L56286,297.4,308.3,1854,21.8,24,False,2024-02-07T22:36:00
RUN_09108,MACHINE_M,M23967,297.5,308.5,1662,30.3,26,False,2024-02-07T22:42:00
RUN_09109,MACHINE_M,M23968,297.5,308.6,1440,38.8,29,False,2024-02-07T22:48:00
RUN_09110,MACHINE_L,L56289,297.5,308.6,1513,39.7,32,False,2024-02-07T22:54:00
RUN_09111,MACHINE_M,M23970,297.6,308.6,1389,49.0,34,False,2024-02-07T23:00:00
RUN_09112,MACHINE_L,L56291,297.6,308.6,1351,51.0,37,False,2024-02-07T23:06:00
RUN_09113,MACHINE_M,M23972,297.6,308.6,1482,38.3,39,False,2024-02-07T23:12:00
RUN_09114,MACHINE_L,L56293,297.6,308.6,1744,28.5,42,False,2024-02-07T23:18:00
RUN_09115,MACHINE_L,L56294,297.6,308.7,1476,39.0,44,False,2024-02-07T23:24:00
RUN_09116,MACHINE_M,M23975,297.6,308.6,1444,48.2,46,False,2024-02-07T23:30:00
RUN_09117,MACHINE_H,H38530,297.6,308.7,1659,32.1,49,False,2024-02-07T23:36:00
RUN_09118,MACHINE_M,M23977,297.6,308.7,1475,46.6,54,False,2024-02-07T23:42:00
RUN_09119,MACHINE_L,L56298,297.6,308.6,1526,42.1,57,False,2024-02-07T23:48:00
RUN_09120,MACHINE_M,M23979,297.4,308.4,1675,29.5,59,False,2024-02-07T23:54:00
RUN_09121,MACHINE_L,L56300,297.4,308.4,1525,38.7,62,False,2024-02-08T00:00:00
RUN_09122,MACHINE_L,L56301,297.3,308.3,1396,45.9,64,False,2024-02-08T00:06:00
RUN_09123,MACHINE_L,L56302,297.4,308.4,1580,41.2,66,False,2024-02-08T00:12:00
RUN_09124,MACHINE_L,L56303,297.4,308.5,1462,42.8,68,False,2024-02-08T00:18:00
RUN_09125,MACHINE_L,L56304,297.4,308.4,1426,50.4,70,False,2024-02-08T00:24:00
RUN_09126,MACHINE_L,L56305,297.4,308.5,1569,34.2,72,False,2024-02-08T00:30:00
RUN_09127,MACHINE_L,L56306,297.4,308.5,1477,40.7,74,False,2024-02-08T00:36:00
RUN_09128,MACHINE_L,L56307,297.4,308.5,1761,27.2,76,False,2024-02-08T00:42:00
RUN_09129,MACHINE_M,M23988,297.5,308.6,1486,45.9,78,False,2024-02-08T00:48:00
RUN_09130,MACHINE_L,L56309,297.6,308.6,1664,30.1,81,False,2024-02-08T00:54:00
RUN_09131,MACHINE_L,L56310,297.6,308.6,1576,32.7,83,False,2024-02-08T01:00:00
RUN_09132,MACHINE_H,H38545,297.6,308.6,1463,46.7,85,False,2024-02-08T01:06:00
RUN_09133,MACHINE_M,M23992,297.6,308.6,1585,42.0,90,False,2024-02-08T01:12:00
RUN_09134,MACHINE_L,L56313,297.7,308.7,1479,45.7,93,False,2024-02-08T01:18:00
RUN_09135,MACHINE_L,L56314,297.7,308.7,1449,40.2,95,False,2024-02-08T01:24:00
RUN_09136,MACHINE_H,H38549,297.7,308.8,1404,50.3,97,False,2024-02-08T01:30:00
RUN_09137,MACHINE_L,L56316,297.7,308.7,1694,29.1,102,False,2024-02-08T01:36:00
RUN_09138,MACHINE_L,L56317,297.7,308.7,1731,28.4,104,False,2024-02-08T01:42:00
RUN_09139,MACHINE_L,L56318,297.6,308.6,1522,37.0,106,False,2024-02-08T01:48:00
RUN_09140,MACHINE_L,L56319,297.5,308.5,1536,36.9,108,False,2024-02-08T01:54:00
RUN_09141,MACHINE_L,L56320,297.5,308.5,1373,39.9,110,False,2024-02-08T02:00:00
RUN_09142,MACHINE_L,L56321,297.5,308.5,1597,36.4,112,False,2024-02-08T02:06:00
RUN_09143,MACHINE_L,L56322,297.6,308.5,1678,34.2,114,False,2024-02-08T02:12:00
RUN_09144,MACHINE_L,L56323,297.6,308.5,1452,42.6,116,False,2024-02-08T02:18:00
RUN_09145,MACHINE_M,M24004,297.5,308.5,1447,41.6,118,False,2024-02-08T02:24:00
RUN_09146,MACHINE_L,L56325,297.6,308.5,1574,37.1,121,False,2024-02-08T02:30:00
RUN_09147,MACHINE_L,L56326,297.6,308.6,1528,40.0,123,False,2024-02-08T02:36:00
RUN_09148,MACHINE_L,L56327,297.7,308.7,1688,27.2,125,False,2024-02-08T02:42:00
RUN_09149,MACHINE_L,L56328,297.6,308.6,1393,40.4,127,False,2024-02-08T02:48:00
RUN_09150,MACHINE_M,M24009,297.5,308.6,1429,50.5,129,False,2024-02-08T02:54:00
RUN_09151,MACHINE_M,M24010,297.5,308.6,1347,57.0,132,False,2024-02-08T03:00:00
RUN_09152,MACHINE_L,L56331,297.6,308.6,1553,40.5,135,False,2024-02-08T03:06:00
RUN_09153,MACHINE_L,L56332,297.5,308.6,1260,53.6,137,False,2024-02-08T03:12:00
RUN_09154,MACHINE_L,L56333,297.5,308.6,1546,33.8,139,False,2024-02-08T03:18:00
RUN_09155,MACHINE_L,L56334,297.5,308.6,1596,36.0,141,False,2024-02-08T03:24:00
RUN_09156,MACHINE_L,L56335,297.5,308.5,1340,57.4,143,False,2024-02-08T03:30:00
RUN_09157,MACHINE_M,M24016,297.5,308.4,1369,54.8,145,False,2024-02-08T03:36:00
RUN_09158,MACHINE_L,L56337,297.5,308.5,1462,52.3,148,False,2024-02-08T03:42:00
RUN_09159,MACHINE_H,H38572,297.4,308.4,1487,46.2,150,False,2024-02-08T03:48:00
RUN_09160,MACHINE_M,M24019,297.5,308.6,1510,35.5,155,False,2024-02-08T03:54:00
RUN_09161,MACHINE_H,H38574,297.5,308.5,1671,28.0,158,False,2024-02-08T04:00:00
RUN_09162,MACHINE_M,M24021,297.5,308.5,1612,30.0,163,False,2024-02-08T04:06:00
RUN_09163,MACHINE_M,M24022,297.6,308.6,1509,39.7,166,False,2024-02-08T04:12:00
RUN_09164,MACHINE_L,L56343,297.6,308.6,1415,47.3,169,False,2024-02-08T04:18:00
RUN_09165,MACHINE_L,L56344,297.6,308.6,2384,14.4,171,False,2024-02-08T04:24:00
RUN_09166,MACHINE_L,L56345,297.6,308.6,1326,62.4,173,False,2024-02-08T04:30:00
RUN_09167,MACHINE_M,M24026,297.6,308.6,1390,53.4,175,False,2024-02-08T04:36:00
RUN_09168,MACHINE_M,M24027,297.6,308.7,1392,41.2,178,False,2024-02-08T04:42:00
RUN_09169,MACHINE_H,H38582,297.6,308.8,1385,44.4,181,False,2024-02-08T04:48:00
RUN_09170,MACHINE_L,L56349,297.7,308.8,1896,24.5,186,False,2024-02-08T04:54:00
RUN_09171,MACHINE_L,L56350,297.7,308.7,1474,46.8,188,False,2024-02-08T05:00:00
RUN_09172,MACHINE_M,M24031,297.7,308.8,1388,45.6,190,False,2024-02-08T05:06:00
RUN_09173,MACHINE_L,L56352,297.7,308.9,1715,27.2,193,False,2024-02-08T05:12:00
RUN_09174,MACHINE_H,H38587,297.8,308.9,1650,32.2,195,False,2024-02-08T05:18:00
RUN_09175,MACHINE_L,L56354,297.8,308.9,1871,25.6,200,True,2024-02-08T05:24:00
RUN_09176,MACHINE_L,L56355,297.8,309.0,1403,64.2,0,True,2024-02-08T05:30:00
RUN_09177,MACHINE_L,L56356,297.8,308.9,1518,40.4,2,False,2024-02-08T05:36:00
RUN_09178,MACHINE_L,L56357,297.9,309.1,1504,43.0,4,False,2024-02-08T05:42:00
RUN_09179,MACHINE_L,L56358,297.8,309.0,1340,56.9,6,False,2024-02-08T05:48:00
RUN_09180,MACHINE_H,H38593,297.9,309.1,1435,44.7,8,False,2024-02-08T05:54:00
RUN_09181,MACHINE_L,L56360,297.9,309.1,1507,36.9,13,False,2024-02-08T06:00:00
RUN_09182,MACHINE_L,L56361,297.9,309.1,1521,36.1,15,False,2024-02-08T06:06:00
RUN_09183,MACHINE_M,M24042,297.8,309.0,1576,45.0,17,False,2024-02-08T06:12:00
RUN_09184,MACHINE_L,L56363,297.9,309.1,1543,36.6,20,False,2024-02-08T06:18:00
RUN_09185,MACHINE_L,L56364,298.0,309.2,1665,36.6,22,False,2024-02-08T06:24:00
RUN_09186,MACHINE_L,L56365,297.9,309.1,1442,50.3,24,False,2024-02-08T06:30:00
RUN_09187,MACHINE_L,L56366,297.9,309.0,1629,29.0,26,False,2024-02-08T06:36:00
RUN_09188,MACHINE_L,L56367,297.9,309.0,1379,47.3,28,False,2024-02-08T06:42:00
RUN_09189,MACHINE_L,L56368,297.9,309.0,1502,40.2,30,False,2024-02-08T06:48:00
RUN_09190,MACHINE_L,L56369,297.9,309.1,1595,32.0,32,False,2024-02-08T06:54:00
RUN_09191,MACHINE_M,M24050,298.0,309.0,1439,38.5,34,False,2024-02-08T07:00:00
RUN_09192,MACHINE_M,M24051,297.9,309.0,1970,21.6,37,False,2024-02-08T07:06:00
RUN_09193,MACHINE_L,L56372,297.9,309.0,1562,35.8,40,False,2024-02-08T07:12:00
RUN_09194,MACHINE_M,M24053,297.9,309.0,1530,40.9,42,False,2024-02-08T07:18:00
RUN_09195,MACHINE_L,L56374,297.9,308.9,1393,40.6,45,False,2024-02-08T07:24:00
RUN_09196,MACHINE_L,L56375,297.9,309.0,1532,37.6,47,False,2024-02-08T07:30:00
RUN_09197,MACHINE_L,L56376,298.0,308.9,1607,37.7,49,False,2024-02-08T07:36:00
RUN_09198,MACHINE_M,M24057,297.9,308.8,1469,49.0,51,False,2024-02-08T07:42:00
RUN_09199,MACHINE_M,M24058,297.9,308.8,1538,37.6,54,False,2024-02-08T07:48:00
RUN_09200,MACHINE_L,L56379,297.9,308.8,1613,31.4,57,False,2024-02-08T07:54:00
RUN_09201,MACHINE_M,M24060,297.9,308.8,1602,32.1,59,False,2024-02-08T08:00:00
RUN_09202,MACHINE_L,L56381,297.8,308.7,1404,44.2,62,False,2024-02-08T08:06:00
RUN_09203,MACHINE_L,L56382,297.8,308.8,1548,36.9,64,False,2024-02-08T08:12:00
RUN_09204,MACHINE_L,L56383,297.8,308.8,1559,35.2,66,False,2024-02-08T08:18:00
RUN_09205,MACHINE_L,L56384,297.8,308.8,1621,36.1,68,False,2024-02-08T08:24:00
RUN_09206,MACHINE_L,L56385,297.8,308.8,1579,32.9,70,False,2024-02-08T08:30:00
RUN_09207,MACHINE_M,M24066,297.9,308.9,1547,44.0,72,False,2024-02-08T08:36:00
RUN_09208,MACHINE_L,L56387,297.9,308.8,1386,48.6,75,False,2024-02-08T08:42:00
RUN_09209,MACHINE_L,L56388,298.0,308.9,1406,40.9,77,False,2024-02-08T08:48:00
RUN_09210,MACHINE_M,M24069,298.0,309.0,1393,55.9,79,False,2024-02-08T08:54:00
RUN_09211,MACHINE_M,M24070,297.9,309.0,2456,13.9,82,False,2024-02-08T09:00:00
RUN_09212,MACHINE_M,M24071,298.0,309.0,1409,49.1,85,False,2024-02-08T09:06:00
RUN_09213,MACHINE_L,L56392,298.0,308.9,1390,53.9,88,False,2024-02-08T09:12:00
RUN_09214,MACHINE_L,L56393,298.0,309.0,1679,32.4,90,False,2024-02-08T09:18:00
RUN_09215,MACHINE_L,L56394,298.0,308.9,1508,37.1,92,False,2024-02-08T09:24:00
RUN_09216,MACHINE_L,L56395,297.9,308.8,1681,31.7,94,False,2024-02-08T09:30:00
RUN_09217,MACHINE_H,H38630,297.7,308.8,1469,43.7,96,False,2024-02-08T09:36:00
RUN_09218,MACHINE_L,L56397,297.8,308.8,1421,49.6,101,False,2024-02-08T09:42:00
RUN_09219,MACHINE_L,L56398,297.7,308.8,1354,50.2,103,False,2024-02-08T09:48:00
RUN_09220,MACHINE_M,M24079,297.7,308.8,1350,57.0,105,False,2024-02-08T09:54:00
RUN_09221,MACHINE_L,L56400,297.8,308.9,1282,58.1,108,False,2024-02-08T10:00:00
RUN_09222,MACHINE_M,M24081,297.8,309.0,1675,30.0,110,False,2024-02-08T10:06:00
RUN_09223,MACHINE_M,M24082,297.9,309.0,1525,38.5,113,False,2024-02-08T10:12:00
RUN_09224,MACHINE_L,L56403,297.9,309.0,1382,43.9,116,False,2024-02-08T10:18:00
RUN_09225,MACHINE_L,L56404,297.9,309.0,1450,46.8,118,False,2024-02-08T10:24:00
RUN_09226,MACHINE_L,L56405,298.0,309.1,1820,23.6,120,False,2024-02-08T10:30:00
RUN_09227,MACHINE_L,L56406,298.0,309.1,1822,23.5,122,False,2024-02-08T10:36:00
RUN_09228,MACHINE_L,L56407,298.0,309.1,1473,44.3,124,False,2024-02-08T10:42:00
RUN_09229,MACHINE_M,M24088,298.1,309.1,1572,37.5,126,False,2024-02-08T10:48:00
RUN_09230,MACHINE_M,M24089,298.1,309.0,2042,17.8,129,False,2024-02-08T10:54:00
RUN_09231,MACHINE_L,L56410,298.2,309.2,1922,22.6,132,False,2024-02-08T11:00:00
RUN_09232,MACHINE_L,L56411,298.2,309.1,1539,36.5,134,False,2024-02-08T11:06:00
RUN_09233,MACHINE_L,L56412,298.2,309.1,1350,52.0,136,False,2024-02-08T11:12:00
RUN_09234,MACHINE_L,L56413,298.3,309.1,1403,45.1,138,False,2024-02-08T11:18:00
RUN_09235,MACHINE_L,L56414,298.3,309.1,1904,20.3,140,False,2024-02-08T11:24:00
RUN_09236,MACHINE_M,M24095,298.2,308.9,1592,35.2,142,False,2024-02-08T11:30:00
RUN_09237,MACHINE_L,L56416,298.1,308.7,1556,31.6,145,False,2024-02-08T11:36:00
RUN_09238,MACHINE_M,M24097,298.1,308.8,1811,25.4,147,False,2024-02-08T11:42:00
RUN_09239,MACHINE_M,M24098,298.2,308.8,1456,41.2,150,False,2024-02-08T11:48:00
RUN_09240,MACHINE_H,H38653,298.2,308.8,1436,51.9,153,False,2024-02-08T11:54:00
RUN_09241,MACHINE_M,M24100,298.1,308.7,1362,49.6,158,False,2024-02-08T12:00:00
RUN_09242,MACHINE_L,L56421,298.1,308.7,1683,29.1,161,False,2024-02-08T12:06:00
RUN_09243,MACHINE_M,M24102,298.2,308.7,1269,60.9,163,False,2024-02-08T12:12:00
RUN_09244,MACHINE_L,L56423,298.3,308.8,1454,49.0,166,False,2024-02-08T12:18:00
RUN_09245,MACHINE_L,L56424,298.3,308.8,1767,27.3,168,False,2024-02-08T12:24:00
RUN_09246,MACHINE_L,L56425,298.3,308.9,1708,27.3,170,False,2024-02-08T12:30:00
RUN_09247,MACHINE_L,L56426,298.3,308.9,1862,27.0,172,False,2024-02-08T12:36:00
RUN_09248,MACHINE_L,L56427,298.3,308.9,1695,30.7,174,False,2024-02-08T12:42:00
RUN_09249,MACHINE_M,M24108,298.3,309.1,1488,40.6,176,False,2024-02-08T12:48:00
RUN_09250,MACHINE_L,L56429,298.3,309.0,1657,32.2,179,False,2024-02-08T12:54:00
RUN_09251,MACHINE_H,H38664,298.3,309.0,1823,25.9,181,False,2024-02-08T13:00:00
RUN_09252,MACHINE_M,M24111,298.2,309.1,1651,28.8,186,False,2024-02-08T13:06:00
RUN_09253,MACHINE_M,M24112,298.1,309.0,1533,36.1,189,False,2024-02-08T13:12:00
RUN_09254,MACHINE_M,M24113,298.2,309.0,1508,40.5,192,False,2024-02-08T13:18:00
RUN_09255,MACHINE_L,L56434,298.3,309.1,1616,31.1,195,False,2024-02-08T13:24:00
RUN_09256,MACHINE_L,L56435,298.2,309.0,1651,31.5,197,False,2024-02-08T13:30:00
RUN_09257,MACHINE_L,L56436,298.2,309.1,1569,35.2,199,False,2024-02-08T13:36:00
RUN_09258,MACHINE_M,M24117,298.3,309.1,1296,58.7,201,False,2024-02-08T13:42:00
RUN_09259,MACHINE_H,H38672,298.3,309.0,1379,43.2,0,False,2024-02-08T13:48:00
RUN_09260,MACHINE_M,M24119,298.2,309.0,1694,28.0,5,False,2024-02-08T13:54:00
RUN_09261,MACHINE_L,L56440,298.2,309.0,1377,57.8,8,False,2024-02-08T14:00:00
RUN_09262,MACHINE_H,H38675,298.3,309.0,1470,38.4,10,False,2024-02-08T14:06:00
RUN_09263,MACHINE_M,M24122,298.3,309.1,1404,47.0,15,False,2024-02-08T14:12:00
RUN_09264,MACHINE_L,L56443,298.3,309.1,1593,40.1,18,False,2024-02-08T14:18:00
RUN_09265,MACHINE_M,M24124,298.3,309.0,1526,36.9,20,False,2024-02-08T14:24:00
RUN_09266,MACHINE_M,M24125,298.3,308.9,1390,49.7,23,False,2024-02-08T14:30:00
RUN_09267,MACHINE_L,L56446,298.2,308.9,1737,25.5,26,False,2024-02-08T14:36:00
RUN_09268,MACHINE_L,L56447,298.2,308.8,1362,57.3,28,False,2024-02-08T14:42:00
RUN_09269,MACHINE_L,L56448,298.2,308.8,1666,31.5,30,False,2024-02-08T14:48:00
RUN_09270,MACHINE_L,L56449,298.2,308.8,1354,60.9,32,False,2024-02-08T14:54:00
RUN_09271,MACHINE_L,L56450,298.2,308.8,1302,60.4,34,False,2024-02-08T15:00:00
RUN_09272,MACHINE_L,L56451,298.2,308.7,1991,20.5,36,False,2024-02-08T15:06:00
RUN_09273,MACHINE_L,L56452,298.2,308.6,1353,54.1,38,False,2024-02-08T15:12:00
RUN_09274,MACHINE_H,H38687,298.2,308.7,1520,35.7,40,False,2024-02-08T15:18:00
RUN_09275,MACHINE_L,L56454,298.2,308.7,1428,54.9,45,False,2024-02-08T15:24:00
RUN_09276,MACHINE_L,L56455,298.2,308.7,1605,29.4,47,False,2024-02-08T15:30:00
RUN_09277,MACHINE_L,L56456,298.1,308.7,1691,30.3,49,False,2024-02-08T15:36:00
RUN_09278,MACHINE_L,L56457,298.2,308.7,1447,48.4,51,False,2024-02-08T15:42:00
RUN_09279,MACHINE_H,H38692,298.2,308.8,1606,39.9,53,False,2024-02-08T15:48:00
RUN_09280,MACHINE_M,M24139,298.2,308.8,1645,28.2,58,False,2024-02-08T15:54:00
RUN_09281,MACHINE_H,H38694,298.2,308.8,1470,43.3,61,False,2024-02-08T16:00:00
RUN_09282,MACHINE_L,L56461,298.2,308.9,1336,45.0,66,False,2024-02-08T16:06:00
RUN_09283,MACHINE_M,M24142,298.2,308.9,1414,44.3,68,False,2024-02-08T16:12:00
RUN_09284,MACHINE_M,M24143,298.3,309.0,1802,27.5,71,False,2024-02-08T16:18:00
RUN_09285,MACHINE_L,L56464,298.2,308.9,1683,31.7,74,False,2024-02-08T16:24:00
RUN_09286,MACHINE_M,M24145,298.2,309.0,1410,47.6,76,False,2024-02-08T16:30:00
RUN_09287,MACHINE_L,L56466,298.2,308.9,1605,32.0,79,False,2024-02-08T16:36:00
RUN_09288,MACHINE_L,L56467,298.2,308.9,1709,28.1,81,False,2024-02-08T16:42:00
RUN_09289,MACHINE_L,L56468,298.2,308.9,1444,53.1,83,False,2024-02-08T16:48:00
RUN_09290,MACHINE_L,L56469,298.2,308.9,1367,45.0,85,False,2024-02-08T16:54:00
RUN_09291,MACHINE_L,L56470,298.2,309.0,1418,44.2,87,False,2024-02-08T17:00:00
RUN_09292,MACHINE_L,L56471,298.2,309.0,1353,57.8,89,False,2024-02-08T17:06:00
RUN_09293,MACHINE_L,L56472,298.2,309.0,1643,34.1,91,False,2024-02-08T17:12:00
RUN_09294,MACHINE_L,L56473,298.3,309.1,1437,38.0,93,False,2024-02-08T17:18:00
RUN_09295,MACHINE_L,L56474,298.1,309.0,1437,36.2,95,False,2024-02-08T17:24:00
RUN_09296,MACHINE_M,M24155,298.2,309.0,1413,47.9,97,False,2024-02-08T17:30:00
RUN_09297,MACHINE_H,H38710,298.2,309.0,1524,39.1,100,False,2024-02-08T17:36:00
RUN_09298,MACHINE_M,M24157,298.1,308.9,1479,43.4,105,False,2024-02-08T17:42:00
RUN_09299,MACHINE_L,L56478,298.1,308.9,1313,50.6,108,False,2024-02-08T17:48:00
RUN_09300,MACHINE_M,M24159,298.1,308.9,1335,50.4,110,False,2024-02-08T17:54:00
RUN_09301,MACHINE_L,L56480,298.1,308.9,1367,41.9,113,False,2024-02-08T18:00:00
RUN_09302,MACHINE_M,M24161,298.1,308.9,1459,50.3,115,False,2024-02-08T18:06:00
RUN_09303,MACHINE_M,M24162,298.1,308.9,1804,25.1,118,False,2024-02-08T18:12:00
RUN_09304,MACHINE_L,L56483,298.2,309.0,1491,38.3,121,False,2024-02-08T18:18:00
RUN_09305,MACHINE_L,L56484,298.3,309.1,1537,43.0,123,False,2024-02-08T18:24:00
RUN_09306,MACHINE_H,H38719,298.3,309.1,1646,30.2,125,False,2024-02-08T18:30:00
RUN_09307,MACHINE_M,M24166,298.3,309.2,1783,28.3,130,False,2024-02-08T18:36:00
RUN_09308,MACHINE_L,L56487,298.3,309.1,1395,49.8,133,False,2024-02-08T18:42:00
RUN_09309,MACHINE_L,L56488,298.4,309.1,1423,48.0,135,False,2024-02-08T18:48:00
RUN_09310,MACHINE_L,L56489,298.3,309.2,1562,37.6,137,False,2024-02-08T18:54:00
RUN_09311,MACHINE_L,L56490,298.4,309.3,1549,40.8,139,False,2024-02-08T19:00:00
RUN_09312,MACHINE_L,L56491,298.4,309.4,1540,43.2,141,False,2024-02-08T19:06:00
RUN_09313,MACHINE_H,H38726,298.5,309.4,1573,33.6,143,False,2024-02-08T19:12:00
RUN_09314,MACHINE_L,L56493,298.5,309.4,1418,45.1,148,False,2024-02-08T19:18:00
RUN_09315,MACHINE_M,M24174,298.5,309.4,1565,33.7,150,False,2024-02-08T19:24:00
RUN_09316,MACHINE_L,L56495,298.5,309.5,1569,41.0,153,False,2024-02-08T19:30:00
RUN_09317,MACHINE_H,H38730,298.5,309.4,1417,41.2,155,False,2024-02-08T19:36:00
RUN_09318,MACHINE_L,L56497,298.5,309.5,1480,38.1,160,False,2024-02-08T19:42:00
RUN_09319,MACHINE_L,L56498,298.5,309.4,1364,44.5,162,False,2024-02-08T19:48:00
RUN_09320,MACHINE_L,L56499,298.5,309.4,1911,21.5,164,False,2024-02-08T19:54:00
RUN_09321,MACHINE_L,L56500,298.4,309.3,1409,43.1,166,False,2024-02-08T20:00:00
RUN_09322,MACHINE_L,L56501,298.4,309.2,1335,53.5,168,False,2024-02-08T20:06:00
RUN_09323,MACHINE_M,M24182,298.5,309.3,1512,38.1,170,False,2024-02-08T20:12:00
RUN_09324,MACHINE_L,L56503,298.6,309.4,1447,40.2,173,False,2024-02-08T20:18:00
RUN_09325,MACHINE_L,L56504,298.6,309.3,1537,37.6,175,False,2024-02-08T20:24:00
RUN_09326,MACHINE_M,M24185,298.6,309.3,1510,40.8,177,False,2024-02-08T20:30:00
RUN_09327,MACHINE_L,L56506,298.6,309.3,1677,31.2,180,False,2024-02-08T20:36:00
RUN_09328,MACHINE_L,L56507,298.5,309.2,1504,33.7,182,False,2024-02-08T20:42:00
RUN_09329,MACHINE_H,H38742,298.5,309.1,2051,19.0,184,False,2024-02-08T20:48:00
RUN_09330,MACHINE_L,L56509,298.5,309.1,1474,41.3,189,False,2024-02-08T20:54:00
RUN_09331,MACHINE_M,M24190,298.4,309.0,1507,36.1,191,False,2024-02-08T21:00:00
RUN_09332,MACHINE_L,L56511,298.4,308.9,1496,37.9,194,False,2024-02-08T21:06:00
RUN_09333,MACHINE_M,M24192,298.5,309.0,1921,22.0,196,False,2024-02-08T21:12:00
RUN_09334,MACHINE_L,L56513,298.5,309.0,1450,40.5,199,False,2024-02-08T21:18:00
RUN_09335,MACHINE_L,L56514,298.4,308.9,1402,44.8,201,False,2024-02-08T21:24:00
RUN_09336,MACHINE_L,L56515,298.4,308.9,1501,50.0,203,False,2024-02-08T21:30:00
RUN_09337,MACHINE_L,L56516,298.5,308.9,1725,31.9,205,False,2024-02-08T21:36:00
RUN_09338,MACHINE_H,H38751,298.5,308.9,1500,40.3,207,False,2024-02-08T21:42:00
RUN_09339,MACHINE_H,H38752,298.5,309.0,1531,30.8,212,False,2024-02-08T21:48:00
RUN_09340,MACHINE_L,L56519,298.5,309.0,1458,44.8,217,False,2024-02-08T21:54:00
RUN_09341,MACHINE_H,H38754,298.4,308.9,1577,37.1,0,False,2024-02-08T22:00:00
RUN_09342,MACHINE_M,M24201,298.3,308.9,1363,46.1,5,False,2024-02-08T22:06:00
RUN_09343,MACHINE_H,H38756,298.3,308.9,1706,31.8,8,False,2024-02-08T22:12:00
RUN_09344,MACHINE_M,M24203,298.3,308.8,1391,50.4,13,False,2024-02-08T22:18:00
RUN_09345,MACHINE_L,L56524,298.2,308.8,1616,33.7,16,False,2024-02-08T22:24:00
RUN_09346,MACHINE_L,L56525,298.2,308.8,1442,47.0,18,False,2024-02-08T22:30:00
RUN_09347,MACHINE_M,M24206,298.2,308.8,1626,40.4,20,False,2024-02-08T22:36:00
RUN_09348,MACHINE_M,M24207,298.2,308.7,1426,42.6,23,False,2024-02-08T22:42:00
RUN_09349,MACHINE_L,L56528,298.2,308.7,1436,49.1,26,False,2024-02-08T22:48:00
RUN_09350,MACHINE_M,M24209,298.2,308.7,1599,36.2,28,False,2024-02-08T22:54:00
RUN_09351,MACHINE_L,L56530,298.2,308.7,2186,17.8,31,False,2024-02-08T23:00:00
RUN_09352,MACHINE_L,L56531,298.3,308.8,1645,30.4,33,False,2024-02-08T23:06:00
RUN_09353,MACHINE_L,L56532,298.2,308.7,1780,27.9,35,False,2024-02-08T23:12:00
RUN_09354,MACHINE_L,L56533,298.2,308.8,1345,44.3,37,False,2024-02-08T23:18:00
RUN_09355,MACHINE_M,M24214,298.2,308.8,1607,31.9,39,False,2024-02-08T23:24:00
RUN_09356,MACHINE_L,L56535,298.3,308.9,1708,28.0,42,False,2024-02-08T23:30:00
RUN_09357,MACHINE_L,L56536,298.3,308.9,1270,52.7,44,False,2024-02-08T23:36:00
RUN_09358,MACHINE_M,M24217,298.3,308.9,1646,25.4,46,False,2024-02-08T23:42:00
RUN_09359,MACHINE_L,L56538,298.2,308.7,1407,45.1,49,False,2024-02-08T23:48:00
RUN_09360,MACHINE_M,M24219,298.1,308.7,1581,47.4,51,False,2024-02-08T23:54:00
RUN_09361,MACHINE_L,L56540,298.0,308.6,1532,42.6,54,False,2024-02-09T00:00:00
RUN_09362,MACHINE_L,L56541,298.0,308.6,1610,33.1,56,False,2024-02-09T00:06:00
RUN_09363,MACHINE_M,M24222,298.0,308.5,1682,33.0,58,False,2024-02-09T00:12:00
RUN_09364,MACHINE_L,L56543,297.9,308.5,1519,34.3,61,False,2024-02-09T00:18:00
RUN_09365,MACHINE_L,L56544,297.9,308.5,1683,28.5,63,False,2024-02-09T00:24:00
RUN_09366,MACHINE_M,M24225,298.0,308.6,1254,55.8,65,False,2024-02-09T00:30:00
RUN_09367,MACHINE_L,L56546,298.0,308.5,1461,48.0,68,False,2024-02-09T00:36:00
RUN_09368,MACHINE_L,L56547,297.9,308.5,1472,45.1,70,False,2024-02-09T00:42:00
RUN_09369,MACHINE_L,L56548,297.7,308.4,1510,38.6,72,False,2024-02-09T00:48:00
RUN_09370,MACHINE_M,M24229,297.7,308.3,1547,36.8,74,False,2024-02-09T00:54:00
RUN_09371,MACHINE_H,H38784,297.7,308.4,1418,51.9,77,False,2024-02-09T01:00:00
RUN_09372,MACHINE_L,L56551,297.7,308.4,1289,51.3,82,False,2024-02-09T01:06:00
RUN_09373,MACHINE_L,L56552,297.7,308.4,1487,41.4,84,False,2024-02-09T01:12:00
RUN_09374,MACHINE_L,L56553,297.7,308.5,1453,45.5,86,False,2024-02-09T01:18:00
RUN_09375,MACHINE_M,M24234,297.8,308.5,1466,44.7,88,False,2024-02-09T01:24:00
RUN_09376,MACHINE_H,H38789,297.7,308.4,1288,49.5,91,False,2024-02-09T01:30:00
RUN_09377,MACHINE_H,H38790,297.7,308.4,1738,27.7,96,False,2024-02-09T01:36:00
RUN_09378,MACHINE_H,H38791,297.7,308.3,1488,41.0,101,False,2024-02-09T01:42:00
RUN_09379,MACHINE_L,L56558,297.6,308.3,1816,28.8,106,False,2024-02-09T01:48:00
RUN_09380,MACHINE_L,L56559,297.5,308.2,1419,48.5,108,False,2024-02-09T01:54:00
RUN_09381,MACHINE_L,L56560,297.4,308.1,1435,45.7,110,False,2024-02-09T02:00:00
RUN_09382,MACHINE_M,M24241,297.5,308.1,1480,42.4,112,False,2024-02-09T02:06:00
RUN_09383,MACHINE_L,L56562,297.5,308.2,1610,33.6,115,False,2024-02-09T02:12:00
RUN_09384,MACHINE_H,H38797,297.5,308.1,1548,38.2,117,False,2024-02-09T02:18:00
RUN_09385,MACHINE_M,M24244,297.6,308.1,1379,57.4,122,False,2024-02-09T02:24:00
RUN_09386,MACHINE_M,M24245,297.5,308.1,1907,23.5,125,False,2024-02-09T02:30:00
RUN_09387,MACHINE_M,M24246,297.5,308.0,2033,16.7,128,False,2024-02-09T02:36:00
RUN_09388,MACHINE_H,H38801,297.4,307.9,1390,52.0,131,False,2024-02-09T02:42:00
RUN_09389,MACHINE_M,M24248,297.5,307.9,1544,37.9,136,False,2024-02-09T02:48:00
RUN_09390,MACHINE_L,L56569,297.6,308.0,1258,57.4,139,False,2024-02-09T02:54:00
RUN_09391,MACHINE_M,M24250,297.5,308.0,1560,39.0,141,False,2024-02-09T03:00:00
RUN_09392,MACHINE_H,H38805,297.6,308.2,2071,18.5,144,False,2024-02-09T03:06:00
RUN_09393,MACHINE_L,L56572,297.6,308.1,1437,46.3,149,False,2024-02-09T03:12:00
RUN_09394,MACHINE_H,H38807,297.7,308.2,1489,43.0,151,False,2024-02-09T03:18:00
RUN_09395,MACHINE_L,L56574,297.7,308.2,1334,53.0,156,False,2024-02-09T03:24:00
RUN_09396,MACHINE_L,L56575,297.7,308.2,1500,39.9,158,False,2024-02-09T03:30:00
RUN_09397,MACHINE_L,L56576,297.8,308.3,1498,47.3,160,False,2024-02-09T03:36:00
RUN_09398,MACHINE_M,M24257,297.7,308.2,1370,53.4,162,False,2024-02-09T03:42:00
RUN_09399,MACHINE_H,H38812,297.7,308.2,1526,40.1,165,False,2024-02-09T03:48:00
RUN_09400,MACHINE_L,L56579,297.8,308.3,1477,44.8,170,False,2024-02-09T03:54:00
RUN_09401,MACHINE_L,L56580,297.7,308.2,1446,43.9,172,False,2024-02-09T04:00:00
RUN_09402,MACHINE_M,M24261,297.7,308.2,1720,25.6,174,False,2024-02-09T04:06:00
RUN_09403,MACHINE_L,L56582,297.7,308.1,1734,30.7,177,False,2024-02-09T04:12:00
RUN_09404,MACHINE_L,L56583,297.7,308.1,1697,29.1,179,False,2024-02-09T04:18:00
RUN_09405,MACHINE_L,L56584,297.7,308.2,2007,19.3,181,False,2024-02-09T04:24:00
RUN_09406,MACHINE_M,M24265,297.7,308.1,1469,48.8,183,False,2024-02-09T04:30:00
RUN_09407,MACHINE_M,M24266,297.7,308.1,2189,15.6,186,False,2024-02-09T04:36:00
RUN_09408,MACHINE_L,L56587,297.8,308.3,1435,50.1,189,False,2024-02-09T04:42:00
RUN_09409,MACHINE_H,H38822,297.9,308.4,1637,34.5,191,False,2024-02-09T04:48:00
RUN_09410,MACHINE_L,L56589,298.0,308.5,1664,28.3,196,False,2024-02-09T04:54:00
RUN_09411,MACHINE_M,M24270,298.0,308.5,1666,31.0,198,False,2024-02-09T05:00:00
RUN_09412,MACHINE_L,L56591,298.0,308.5,1404,46.6,201,False,2024-02-09T05:06:00
RUN_09413,MACHINE_L,L56592,298.0,308.5,1702,26.7,203,False,2024-02-09T05:12:00
RUN_09414,MACHINE_L,L56593,298.1,308.6,1439,44.9,205,False,2024-02-09T05:18:00
RUN_09415,MACHINE_L,L56594,298.1,308.6,1354,53.9,207,True,2024-02-09T05:24:00
RUN_09416,MACHINE_M,M24275,298.2,308.7,1361,44.2,0,False,2024-02-09T05:30:00
RUN_09417,MACHINE_M,M24276,298.1,308.5,1463,45.9,3,False,2024-02-09T05:36:00
RUN_09418,MACHINE_H,H38831,298.1,308.4,1515,43.8,6,False,2024-02-09T05:42:00
RUN_09419,MACHINE_L,L56598,298.0,308.4,1432,46.2,11,False,2024-02-09T05:48:00
RUN_09420,MACHINE_L,L56599,298.0,308.4,1911,22.0,13,False,2024-02-09T05:54:00
RUN_09421,MACHINE_L,L56600,298.0,308.4,1472,42.0,15,False,2024-02-09T06:00:00
RUN_09422,MACHINE_M,M24281,298.1,308.5,1382,54.5,17,False,2024-02-09T06:06:00
RUN_09423,MACHINE_L,L56602,298.1,308.5,1665,29.6,20,False,2024-02-09T06:12:00
RUN_09424,MACHINE_L,L56603,298.1,308.5,1676,30.5,22,False,2024-02-09T06:18:00
RUN_09425,MACHINE_M,M24284,298.0,308.5,1585,33.0,24,False,2024-02-09T06:24:00
RUN_09426,MACHINE_M,M24285,298.1,308.6,1415,46.3,27,False,2024-02-09T06:30:00
RUN_09427,MACHINE_L,L56606,298.1,308.7,1341,55.7,30,False,2024-02-09T06:36:00
RUN_09428,MACHINE_L,L56607,298.2,308.8,1540,34.8,32,False,2024-02-09T06:42:00
RUN_09429,MACHINE_H,H38842,298.2,308.8,1837,28.4,34,False,2024-02-09T06:48:00
RUN_09430,MACHINE_L,L56609,298.2,308.8,1498,36.0,39,False,2024-02-09T06:54:00
RUN_09431,MACHINE_L,L56610,298.1,308.7,1671,28.8,41,False,2024-02-09T07:00:00
RUN_09432,MACHINE_L,L56611,298.0,308.6,1430,57.0,43,False,2024-02-09T07:06:00
RUN_09433,MACHINE_L,L56612,298.0,308.7,1619,40.1,45,False,2024-02-09T07:12:00
RUN_09434,MACHINE_M,M24293,298.0,308.7,1430,51.9,47,False,2024-02-09T07:18:00
RUN_09435,MACHINE_L,L56614,298.0,308.6,1626,33.3,50,False,2024-02-09T07:24:00
RUN_09436,MACHINE_L,L56615,298.0,308.7,1443,49.3,52,False,2024-02-09T07:30:00
RUN_09437,MACHINE_L,L56616,298.0,308.6,1481,42.5,54,False,2024-02-09T07:36:00
RUN_09438,MACHINE_M,M24297,298.1,308.7,1527,43.0,56,False,2024-02-09T07:42:00
RUN_09439,MACHINE_M,M24298,298.1,308.7,1315,56.8,59,False,2024-02-09T07:48:00
RUN_09440,MACHINE_M,M24299,298.1,308.8,1433,48.2,62,False,2024-02-09T07:54:00
RUN_09441,MACHINE_M,M24300,298.1,308.8,1378,53.5,65,False,2024-02-09T08:00:00
RUN_09442,MACHINE_L,L56621,298.1,308.8,1432,43.4,68,False,2024-02-09T08:06:00
RUN_09443,MACHINE_M,M24302,298.1,308.8,1394,47.9,70,False,2024-02-09T08:12:00
RUN_09444,MACHINE_H,H38857,298.0,308.8,1411,53.8,73,False,2024-02-09T08:18:00
RUN_09445,MACHINE_L,L56624,298.1,308.9,2136,15.9,78,False,2024-02-09T08:24:00
RUN_09446,MACHINE_M,M24305,298.2,309.0,1446,45.8,80,False,2024-02-09T08:30:00
RUN_09447,MACHINE_H,H38860,298.1,308.9,1388,53.5,83,False,2024-02-09T08:36:00
RUN_09448,MACHINE_M,M24307,298.1,308.9,1323,51.7,88,False,2024-02-09T08:42:00
RUN_09449,MACHINE_L,L56628,298.2,309.0,1780,29.3,91,False,2024-02-09T08:48:00
RUN_09450,MACHINE_M,M24309,298.1,308.8,1434,41.8,93,False,2024-02-09T08:54:00
RUN_09451,MACHINE_M,M24310,298.0,308.7,1494,42.6,96,False,2024-02-09T09:00:00
RUN_09452,MACHINE_H,H38865,298.0,308.7,1536,39.6,99,False,2024-02-09T09:06:00
RUN_09453,MACHINE_M,M24312,298.0,308.7,1392,53.4,104,False,2024-02-09T09:12:00
RUN_09454,MACHINE_H,H38867,298.2,309.0,1360,56.8,107,False,2024-02-09T09:18:00
RUN_09455,MACHINE_L,L56634,298.4,309.2,1583,35.4,112,False,2024-02-09T09:24:00
RUN_09456,MACHINE_L,L56635,298.5,309.2,1983,20.2,114,False,2024-02-09T09:30:00
RUN_09457,MACHINE_L,L56636,298.5,309.3,1630,33.3,116,False,2024-02-09T09:36:00
RUN_09458,MACHINE_M,M24317,298.5,309.3,1692,26.7,118,False,2024-02-09T09:42:00
RUN_09459,MACHINE_L,L56638,298.4,309.1,1417,40.6,121,False,2024-02-09T09:48:00
RUN_09460,MACHINE_L,L56639,298.4,309.1,1579,36.1,123,False,2024-02-09T09:54:00
RUN_09461,MACHINE_M,M24320,298.4,309.2,1399,45.2,125,False,2024-02-09T10:00:00
RUN_09462,MACHINE_M,M24321,298.4,309.2,1414,46.4,128,False,2024-02-09T10:06:00
RUN_09463,MACHINE_L,L56642,298.5,309.3,1570,40.1,131,False,2024-02-09T10:12:00
RUN_09464,MACHINE_M,M24323,298.5,309.3,1552,36.8,133,False,2024-02-09T10:18:00
RUN_09465,MACHINE_L,L56644,298.6,309.4,1440,48.2,136,False,2024-02-09T10:24:00
RUN_09466,MACHINE_M,M24325,298.6,309.4,1460,43.8,138,False,2024-02-09T10:30:00
RUN_09467,MACHINE_L,L56646,298.6,309.4,1471,48.0,141,False,2024-02-09T10:36:00
RUN_09468,MACHINE_L,L56647,298.6,309.3,1702,27.6,143,False,2024-02-09T10:42:00
RUN_09469,MACHINE_L,L56648,298.6,309.4,1375,55.4,145,False,2024-02-09T10:48:00
RUN_09470,MACHINE_L,L56649,298.6,309.4,1698,33.2,147,False,2024-02-09T10:54:00
RUN_09471,MACHINE_H,H38884,298.6,309.4,1439,47.1,149,False,2024-02-09T11:00:00
RUN_09472,MACHINE_M,M24331,298.6,309.4,1774,27.5,154,False,2024-02-09T11:06:00
RUN_09473,MACHINE_M,M24332,298.7,309.4,1375,48.3,157,False,2024-02-09T11:12:00
RUN_09474,MACHINE_L,L56653,298.7,309.5,1446,40.0,160,False,2024-02-09T11:18:00
RUN_09475,MACHINE_M,M24334,298.7,309.6,1455,46.8,162,False,2024-02-09T11:24:00
RUN_09476,MACHINE_L,L56655,298.8,309.6,1523,41.9,165,False,2024-02-09T11:30:00
RUN_09477,MACHINE_M,M24336,298.8,309.6,1692,31.9,167,False,2024-02-09T11:36:00
RUN_09478,MACHINE_M,M24337,298.8,309.6,1693,33.3,170,False,2024-02-09T11:42:00
RUN_09479,MACHINE_L,L56658,298.8,309.6,1890,24.0,173,False,2024-02-09T11:48:00
RUN_09480,MACHINE_H,H38893,298.9,309.6,1600,33.5,175,False,2024-02-09T11:54:00
RUN_09481,MACHINE_M,M24340,298.9,309.6,1434,43.8,180,False,2024-02-09T12:00:00
RUN_09482,MACHINE_L,L56661,298.9,309.6,1365,50.9,183,False,2024-02-09T12:06:00
RUN_09483,MACHINE_H,H38896,298.8,309.6,1309,57.4,185,False,2024-02-09T12:12:00
RUN_09484,MACHINE_H,H38897,298.9,309.6,1546,35.3,190,False,2024-02-09T12:18:00
RUN_09485,MACHINE_L,L56664,298.9,309.6,1663,33.7,195,False,2024-02-09T12:24:00
RUN_09486,MACHINE_L,L56665,298.9,309.6,1589,34.2,197,False,2024-02-09T12:30:00
RUN_09487,MACHINE_M,M24346,298.9,309.6,1472,46.0,199,False,2024-02-09T12:36:00
RUN_09488,MACHINE_L,L56667,298.9,309.6,1583,39.8,202,False,2024-02-09T12:42:00
RUN_09489,MACHINE_M,M24348,298.9,309.6,1567,34.5,204,False,2024-02-09T12:48:00
RUN_09490,MACHINE_L,L56669,298.9,309.7,1407,41.9,207,False,2024-02-09T12:54:00
RUN_09491,MACHINE_M,M24350,299.0,309.7,1418,44.7,209,False,2024-02-09T13:00:00
RUN_09492,MACHINE_M,M24351,299.0,309.7,1489,40.7,212,False,2024-02-09T13:06:00
RUN_09493,MACHINE_L,L56672,299.1,309.9,1586,36.6,215,False,2024-02-09T13:12:00
RUN_09494,MACHINE_L,L56673,299.1,309.8,1398,55.4,217,True,2024-02-09T13:18:00
RUN_09495,MACHINE_L,L56674,299.2,309.9,1516,41.4,219,False,2024-02-09T13:24:00
RUN_09496,MACHINE_H,H38909,299.3,310.0,1373,44.8,221,False,2024-02-09T13:30:00
RUN_09497,MACHINE_M,M24356,299.2,310.0,1349,50.4,226,False,2024-02-09T13:36:00
RUN_09498,MACHINE_H,H38911,299.1,309.9,1443,40.3,0,False,2024-02-09T13:42:00
RUN_09499,MACHINE_H,H38912,299.2,310.1,1542,36.1,5,False,2024-02-09T13:48:00
RUN_09500,MACHINE_L,L56679,299.2,310.1,1534,37.7,10,False,2024-02-09T13:54:00
RUN_09501,MACHINE_L,L56680,299.2,310.2,1697,30.6,12,False,2024-02-09T14:00:00
RUN_09502,MACHINE_L,L56681,299.3,310.3,1396,47.4,14,False,2024-02-09T14:06:00
RUN_09503,MACHINE_L,L56682,299.3,310.2,1495,49.2,16,False,2024-02-09T14:12:00
RUN_09504,MACHINE_M,M24363,299.2,310.3,1551,44.8,18,False,2024-02-09T14:18:00
RUN_09505,MACHINE_L,L56684,299.2,310.3,1440,47.0,21,False,2024-02-09T14:24:00
RUN_09506,MACHINE_L,L56685,299.2,310.3,1429,40.1,23,False,2024-02-09T14:30:00
RUN_09507,MACHINE_H,H38920,299.3,310.4,1548,41.6,25,False,2024-02-09T14:36:00
RUN_09508,MACHINE_L,L56687,299.3,310.5,1505,38.8,30,False,2024-02-09T14:42:00
RUN_09509,MACHINE_L,L56688,299.2,310.4,1611,36.4,32,False,2024-02-09T14:48:00
RUN_09510,MACHINE_M,M24369,299.2,310.4,1502,39.8,34,False,2024-02-09T14:54:00
RUN_09511,MACHINE_M,M24370,299.2,310.4,1504,43.3,37,False,2024-02-09T15:00:00
RUN_09512,MACHINE_L,L56691,299.1,310.3,1449,40.7,40,False,2024-02-09T15:06:00
RUN_09513,MACHINE_L,L56692,299.0,310.2,1575,37.8,42,False,2024-02-09T15:12:00
RUN_09514,MACHINE_M,M24373,299.0,310.2,1598,33.4,44,False,2024-02-09T15:18:00
RUN_09515,MACHINE_L,L56694,299.0,310.1,1416,45.9,47,False,2024-02-09T15:24:00
RUN_09516,MACHINE_L,L56695,299.0,310.2,1682,28.8,49,False,2024-02-09T15:30:00
RUN_09517,MACHINE_L,L56696,298.9,310.1,1341,54.5,51,False,2024-02-09T15:36:00
RUN_09518,MACHINE_L,L56697,298.9,310.1,1523,39.1,53,False,2024-02-09T15:42:00
RUN_09519,MACHINE_L,L56698,299.0,310.1,1580,41.9,55,False,2024-02-09T15:48:00
RUN_09520,MACHINE_L,L56699,299.0,310.1,1531,36.0,57,False,2024-02-09T15:54:00
RUN_09521,MACHINE_L,L56700,299.0,310.1,1375,48.9,59,False,2024-02-09T16:00:00
RUN_09522,MACHINE_M,M24381,298.9,310.1,1484,40.4,61,False,2024-02-09T16:06:00
RUN_09523,MACHINE_M,M24382,299.0,310.2,1657,32.3,64,False,2024-02-09T16:12:00
RUN_09524,MACHINE_L,L56703,299.0,310.2,1494,40.6,67,False,2024-02-09T16:18:00
RUN_09525,MACHINE_H,H38938,299.0,310.3,1658,27.6,69,False,2024-02-09T16:24:00
RUN_09526,MACHINE_L,L56705,299.1,310.3,1411,42.1,74,False,2024-02-09T16:30:00
RUN_09527,MACHINE_M,M24386,299.2,310.4,1395,55.4,76,False,2024-02-09T16:36:00
RUN_09528,MACHINE_L,L56707,299.1,310.4,1550,43.9,79,False,2024-02-09T16:42:00
RUN_09529,MACHINE_M,M24388,299.1,310.3,1233,59.0,81,False,2024-02-09T16:48:00
RUN_09530,MACHINE_L,L56709,299.1,310.3,1459,46.7,84,False,2024-02-09T16:54:00
RUN_09531,MACHINE_H,H38944,299.1,310.4,1405,53.6,86,False,2024-02-09T17:00:00
RUN_09532,MACHINE_L,L56711,299.2,310.5,1458,44.1,91,False,2024-02-09T17:06:00
RUN_09533,MACHINE_L,L56712,299.2,310.5,1384,48.7,93,False,2024-02-09T17:12:00
RUN_09534,MACHINE_L,L56713,299.2,310.5,1705,29.5,95,False,2024-02-09T17:18:00
RUN_09535,MACHINE_L,L56714,299.3,310.6,1443,45.7,97,False,2024-02-09T17:24:00
RUN_09536,MACHINE_M,M24395,299.3,310.6,1609,31.4,99,False,2024-02-09T17:30:00
RUN_09537,MACHINE_L,L56716,299.3,310.5,1818,26.0,102,False,2024-02-09T17:36:00
RUN_09538,MACHINE_M,M24397,299.3,310.6,1457,42.1,104,False,2024-02-09T17:42:00
RUN_09539,MACHINE_L,L56718,299.3,310.6,1480,45.1,107,False,2024-02-09T17:48:00
RUN_09540,MACHINE_L,L56719,299.4,310.8,1424,47.7,109,False,2024-02-09T17:54:00
RUN_09541,MACHINE_M,M24400,299.4,310.8,1628,40.2,111,False,2024-02-09T18:00:00
RUN_09542,MACHINE_M,M24401,299.5,310.8,1754,31.3,114,False,2024-02-09T18:06:00
RUN_09543,MACHINE_L,L56722,299.6,310.9,1716,28.5,117,False,2024-02-09T18:12:00
RUN_09544,MACHINE_M,M24403,299.5,310.9,1378,48.7,119,False,2024-02-09T18:18:00
RUN_09545,MACHINE_L,L56724,299.6,311.0,1708,31.0,122,False,2024-02-09T18:24:00
RUN_09546,MACHINE_L,L56725,299.6,311.0,1430,38.3,124,False,2024-02-09T18:30:00
RUN_09547,MACHINE_M,M24406,299.7,311.2,1560,43.9,126,False,2024-02-09T18:36:00
RUN_09548,MACHINE_L,L56727,299.6,311.1,1679,30.7,129,False,2024-02-09T18:42:00
RUN_09549,MACHINE_L,L56728,299.6,311.1,1521,37.2,131,False,2024-02-09T18:48:00
RUN_09550,MACHINE_M,M24409,299.6,311.1,1649,33.8,133,False,2024-02-09T18:54:00
RUN_09551,MACHINE_M,M24410,299.5,311.0,1451,43.3,136,False,2024-02-09T19:00:00
RUN_09552,MACHINE_L,L56731,299.4,310.8,1391,48.9,139,False,2024-02-09T19:06:00
RUN_09553,MACHINE_M,M24412,299.3,310.8,1523,40.9,141,False,2024-02-09T19:12:00
RUN_09554,MACHINE_L,L56733,299.3,310.7,1495,39.2,144,False,2024-02-09T19:18:00
RUN_09555,MACHINE_M,M24414,299.3,310.7,1440,45.5,146,False,2024-02-09T19:24:00
RUN_09556,MACHINE_H,H38969,299.4,310.8,1585,31.4,149,False,2024-02-09T19:30:00
RUN_09557,MACHINE_L,L56736,299.5,310.8,1374,48.3,154,False,2024-02-09T19:36:00
RUN_09558,MACHINE_M,M24417,299.5,310.8,1507,40.2,156,False,2024-02-09T19:42:00
RUN_09559,MACHINE_M,M24418,299.5,310.9,1577,34.6,159,False,2024-02-09T19:48:00
RUN_09560,MACHINE_L,L56739,299.5,310.9,1496,38.5,162,False,2024-02-09T19:54:00
RUN_09561,MACHINE_L,L56740,299.6,310.9,1487,42.5,164,False,2024-02-09T20:00:00
RUN_09562,MACHINE_L,L56741,299.6,310.9,1853,26.3,166,False,2024-02-09T20:06:00
RUN_09563,MACHINE_M,M24422,299.7,311.0,1435,50.1,168,False,2024-02-09T20:12:00
RUN_09564,MACHINE_M,M24423,299.8,311.1,1763,25.5,171,False,2024-02-09T20:18:00
RUN_09565,MACHINE_L,L56744,299.8,311.1,1820,24.9,174,False,2024-02-09T20:24:00
RUN_09566,MACHINE_M,M24425,299.8,311.1,1498,38.1,176,False,2024-02-09T20:30:00
RUN_09567,MACHINE_L,L56746,299.8,311.1,1603,35.1,179,False,2024-02-09T20:36:00
RUN_09568,MACHINE_L,L56747,299.8,311.1,1412,42.5,181,False,2024-02-09T20:42:00
RUN_09569,MACHINE_L,L56748,299.8,311.1,1588,38.0,183,False,2024-02-09T20:48:00
RUN_09570,MACHINE_M,M24429,299.8,311.0,1948,20.0,185,False,2024-02-09T20:54:00
RUN_09571,MACHINE_L,L56750,299.7,310.9,1384,48.2,188,False,2024-02-09T21:00:00
RUN_09572,MACHINE_L,L56751,299.7,310.8,1589,36.0,190,False,2024-02-09T21:06:00
RUN_09573,MACHINE_M,M24432,299.7,310.8,1405,47.6,192,False,2024-02-09T21:12:00
RUN_09574,MACHINE_L,L56753,299.7,310.9,1491,40.1,195,False,2024-02-09T21:18:00
RUN_09575,MACHINE_H,H38988,299.7,310.8,1418,46.6,197,False,2024-02-09T21:24:00
RUN_09576,MACHINE_M,M24435,299.6,310.8,1603,35.4,202,False,2024-02-09T21:30:00
RUN_09577,MACHINE_L,L56756,299.6,310.7,1922,23.3,205,True,2024-02-09T21:36:00
RUN_09578,MACHINE_M,M24437,299.5,310.7,1364,49.5,0,False,2024-02-09T21:42:00
RUN_09579,MACHINE_L,L56758,299.4,310.7,1551,41.2,3,False,2024-02-09T21:48:00
RUN_09580,MACHINE_L,L56759,299.5,310.7,1589,33.5,5,False,2024-02-09T21:54:00
RUN_09581,MACHINE_M,M24440,299.5,310.7,1423,56.5,7,False,2024-02-09T22:00:00
RUN_09582,MACHINE_L,L56761,299.4,310.6,1418,53.1,10,False,2024-02-09T22:06:00
RUN_09583,MACHINE_M,M24442,299.3,310.5,1404,47.5,12,False,2024-02-09T22:12:00
RUN_09584,MACHINE_L,L56763,299.3,310.5,1281,59.8,15,False,2024-02-09T22:18:00
RUN_09585,MACHINE_L,L56764,299.3,310.5,1529,41.3,17,False,2024-02-09T22:24:00
RUN_09586,MACHINE_M,M24445,299.3,310.5,1563,42.1,19,False,2024-02-09T22:30:00
RUN_09587,MACHINE_L,L56766,299.4,310.6,1348,54.5,22,False,2024-02-09T22:36:00
RUN_09588,MACHINE_M,M24447,299.3,310.5,1462,40.5,24,False,2024-02-09T22:42:00
RUN_09589,MACHINE_H,H39002,299.3,310.4,1510,45.5,27,False,2024-02-09T22:48:00
RUN_09590,MACHINE_L,L56769,299.2,310.4,1472,43.3,32,False,2024-02-09T22:54:00
RUN_09591,MACHINE_M,M24450,299.2,310.4,1325,52.0,34,False,2024-02-09T23:00:00
RUN_09592,MACHINE_L,L56771,299.2,310.4,1570,37.3,37,False,2024-02-09T23:06:00
RUN_09593,MACHINE_L,L56772,299.2,310.4,1379,46.8,39,False,2024-02-09T23:12:00
RUN_09594,MACHINE_L,L56773,299.1,310.2,1352,52.8,41,False,2024-02-09T23:18:00
RUN_09595,MACHINE_L,L56774,299.1,310.3,1727,28.7,43,False,2024-02-09T23:24:00
RUN_09596,MACHINE_H,H39009,299.0,310.1,1432,50.0,45,False,2024-02-09T23:30:00
RUN_09597,MACHINE_L,L56776,298.9,310.1,1466,43.4,50,False,2024-02-09T23:36:00
RUN_09598,MACHINE_L,L56777,298.9,310.1,1510,38.0,52,False,2024-02-09T23:42:00
RUN_09599,MACHINE_L,L56778,299.0,310.2,1490,41.1,54,False,2024-02-09T23:48:00
RUN_09600,MACHINE_L,L56779,299.0,310.1,1463,37.4,56,False,2024-02-09T23:54:00
RUN_09601,MACHINE_M,M24460,298.9,310.0,1561,45.3,58,False,2024-02-10T00:00:00
RUN_09602,MACHINE_L,L56781,298.9,310.1,2109,18.0,61,False,2024-02-10T00:06:00
RUN_09603,MACHINE_L,L56782,298.9,310.2,1705,32.5,63,False,2024-02-10T00:12:00
RUN_09604,MACHINE_M,M24463,298.9,310.1,1549,40.2,65,False,2024-02-10T00:18:00
RUN_09605,MACHINE_H,H39018,299.0,310.2,1637,38.0,68,False,2024-02-10T00:24:00
RUN_09606,MACHINE_M,M24465,298.9,310.1,1484,37.9,73,False,2024-02-10T00:30:00
RUN_09607,MACHINE_L,L56786,298.9,310.1,1401,44.4,76,False,2024-02-10T00:36:00
RUN_09608,MACHINE_L,L56787,298.9,310.1,1571,36.8,78,False,2024-02-10T00:42:00
RUN_09609,MACHINE_M,M24468,298.9,310.1,1513,41.5,80,False,2024-02-10T00:48:00
RUN_09610,MACHINE_L,L56789,299.0,310.1,1470,40.3,83,False,2024-02-10T00:54:00
RUN_09611,MACHINE_L,L56790,299.0,310.1,1505,41.3,85,False,2024-02-10T01:00:00
RUN_09612,MACHINE_L,L56791,299.0,310.2,1432,42.2,87,False,2024-02-10T01:06:00
RUN_09613,MACHINE_M,M24472,299.0,310.2,1625,31.8,89,False,2024-02-10T01:12:00
RUN_09614,MACHINE_L,L56793,299.0,310.2,1377,62.5,92,True,2024-02-10T01:18:00
RUN_09615,MACHINE_M,M24474,299.1,310.3,1441,43.9,94,False,2024-02-10T01:24:00
RUN_09616,MACHINE_M,M24475,299.0,310.2,1564,39.9,97,False,2024-02-10T01:30:00
RUN_09617,MACHINE_L,L56796,298.9,310.1,1580,37.3,100,False,2024-02-10T01:36:00
RUN_09618,MACHINE_L,L56797,299.0,310.2,1516,35.3,102,False,2024-02-10T01:42:00
RUN_09619,MACHINE_L,L56798,299.0,310.1,1447,42.8,104,False,2024-02-10T01:48:00
RUN_09620,MACHINE_M,M24479,298.9,310.0,1323,52.9,106,False,2024-02-10T01:54:00
RUN_09621,MACHINE_L,L56800,298.9,310.0,1470,45.9,109,False,2024-02-10T02:00:00
RUN_09622,MACHINE_M,M24481,299.0,310.0,2049,19.5,111,False,2024-02-10T02:06:00
RUN_09623,MACHINE_L,L56802,298.9,310.0,1794,27.2,114,False,2024-02-10T02:12:00
RUN_09624,MACHINE_L,L56803,298.9,310.1,1356,47.8,116,False,2024-02-10T02:18:00
RUN_09625,MACHINE_H,H39038,299.0,310.1,1555,38.6,118,False,2024-02-10T02:24:00
RUN_09626,MACHINE_M,M24485,299.0,310.1,1487,47.5,123,False,2024-02-10T02:30:00
RUN_09627,MACHINE_M,M24486,299.0,310.0,1341,58.9,126,False,2024-02-10T02:36:00
RUN_09628,MACHINE_M,M24487,298.9,310.0,1487,36.6,129,False,2024-02-10T02:42:00
RUN_09629,MACHINE_H,H39042,299.0,310.0,1569,34.3,132,False,2024-02-10T02:48:00
RUN_09630,MACHINE_H,H39043,299.0,310.1,2053,19.7,137,False,2024-02-10T02:54:00
RUN_09631,MACHINE_L,L56810,299.0,310.1,1583,35.8,142,False,2024-02-10T03:00:00
RUN_09632,MACHINE_L,L56811,299.0,310.0,1672,33.2,144,False,2024-02-10T03:06:00
RUN_09633,MACHINE_M,M24492,299.0,310.0,1337,57.4,146,False,2024-02-10T03:12:00
RUN_09634,MACHINE_H,H39047,299.1,310.1,1421,41.2,149,False,2024-02-10T03:18:00
RUN_09635,MACHINE_L,L56814,299.1,310.2,1425,52.7,154,False,2024-02-10T03:24:00
RUN_09636,MACHINE_L,L56815,299.2,310.2,1609,33.2,156,False,2024-02-10T03:30:00
RUN_09637,MACHINE_L,L56816,299.2,310.3,1507,41.3,158,False,2024-02-10T03:36:00
RUN_09638,MACHINE_L,L56817,299.2,310.3,1463,38.9,160,False,2024-02-10T03:42:00
RUN_09639,MACHINE_H,H39052,299.3,310.4,1393,44.9,162,False,2024-02-10T03:48:00
RUN_09640,MACHINE_L,L56819,299.3,310.4,1725,26.8,167,False,2024-02-10T03:54:00
RUN_09641,MACHINE_L,L56820,299.4,310.5,1514,36.1,169,False,2024-02-10T04:00:00
RUN_09642,MACHINE_L,L56821,299.3,310.4,1365,53.9,171,False,2024-02-10T04:06:00
RUN_09643,MACHINE_L,L56822,299.4,310.5,1372,46.3,173,False,2024-02-10T04:12:00
RUN_09644,MACHINE_L,L56823,299.4,310.4,1509,40.6,175,False,2024-02-10T04:18:00
RUN_09645,MACHINE_L,L56824,299.3,310.4,1629,32.6,177,False,2024-02-10T04:24:00
RUN_09646,MACHINE_L,L56825,299.4,310.5,1749,28.1,179,False,2024-02-10T04:30:00
RUN_09647,MACHINE_L,L56826,299.4,310.4,1582,31.7,181,False,2024-02-10T04:36:00
RUN_09648,MACHINE_L,L56827,299.2,310.2,1458,47.0,183,False,2024-02-10T04:42:00
RUN_09649,MACHINE_L,L56828,299.1,310.1,1416,41.2,185,False,2024-02-10T04:48:00
RUN_09650,MACHINE_H,H39063,299.1,310.0,1657,33.1,187,False,2024-02-10T04:54:00
RUN_09651,MACHINE_M,M24510,299.1,310.0,1437,41.1,192,False,2024-02-10T05:00:00
RUN_09652,MACHINE_M,M24511,299.1,310.0,1580,36.0,195,False,2024-02-10T05:06:00
RUN_09653,MACHINE_M,M24512,299.0,310.0,1488,46.3,198,False,2024-02-10T05:12:00
RUN_09654,MACHINE_L,L56833,299.0,309.9,1373,55.7,201,True,2024-02-10T05:18:00
RUN_09655,MACHINE_L,L56834,299.1,310.0,1367,56.3,203,True,2024-02-10T05:24:00
RUN_09656,MACHINE_H,H39069,299.1,310.0,1431,49.5,205,False,2024-02-10T05:30:00
RUN_09657,MACHINE_L,L56836,299.0,310.1,1623,33.0,210,False,2024-02-10T05:36:00
RUN_09658,MACHINE_L,L56837,299.0,310.0,1484,39.6,212,False,2024-02-10T05:42:00
RUN_09659,MACHINE_L,L56838,299.0,309.9,1548,34.5,214,False,2024-02-10T05:48:00
RUN_09660,MACHINE_L,L56839,298.9,309.8,1287,61.9,216,True,2024-02-10T05:54:00
RUN_09661,MACHINE_M,M24520,298.9,309.8,1392,43.1,218,False,2024-02-10T06:00:00
RUN_09662,MACHINE_H,H39075,299.0,310.0,1458,44.9,221,False,2024-02-10T06:06:00
RUN_09663,MACHINE_M,M24522,299.1,310.1,1570,30.9,226,False,2024-02-10T06:12:00
RUN_09664,MACHINE_L,L56843,299.1,310.1,1435,48.8,229,True,2024-02-10T06:18:00
RUN_09665,MACHINE_L,L56844,299.1,310.2,1317,54.8,231,True,2024-02-10T06:24:00
RUN_09666,MACHINE_L,L56845,299.2,310.3,1610,33.3,233,False,2024-02-10T06:30:00
RUN_09667,MACHINE_M,M24526,299.1,310.3,1838,24.0,235,False,2024-02-10T06:36:00
RUN_09668,MACHINE_L,L56847,299.2,310.3,1352,48.9,238,True,2024-02-10T06:42:00
RUN_09669,MACHINE_L,L56848,299.1,310.3,1619,35.2,240,False,2024-02-10T06:48:00
RUN_09670,MACHINE_L,L56849,299.1,310.3,1619,31.1,242,False,2024-02-10T06:54:00
RUN_09671,MACHINE_L,L56850,299.0,310.2,1690,30.7,244,False,2024-02-10T07:00:00
RUN_09672,MACHINE_L,L56851,299.0,310.2,1412,44.1,246,False,2024-02-10T07:06:00
RUN_09673,MACHINE_H,H39086,299.0,310.2,1744,31.5,0,False,2024-02-10T07:12:00
RUN_09674,MACHINE_M,M24533,299.0,310.1,1593,35.4,5,False,2024-02-10T07:18:00
RUN_09675,MACHINE_L,L56854,299.1,310.2,1695,29.6,8,False,2024-02-10T07:24:00
RUN_09676,MACHINE_M,M24535,299.0,310.2,1298,57.2,10,False,2024-02-10T07:30:00
RUN_09677,MACHINE_L,L56856,299.0,310.1,1886,21.2,13,False,2024-02-10T07:36:00
RUN_09678,MACHINE_L,L56857,299.0,310.1,2033,19.3,15,False,2024-02-10T07:42:00
RUN_09679,MACHINE_M,M24538,299.1,310.2,1711,28.1,17,False,2024-02-10T07:48:00
RUN_09680,MACHINE_L,L56859,299.1,310.2,1598,33.4,20,False,2024-02-10T07:54:00
RUN_09681,MACHINE_L,L56860,299.1,310.1,1894,24.2,22,False,2024-02-10T08:00:00
RUN_09682,MACHINE_M,M24541,299.1,310.1,1412,44.4,24,False,2024-02-10T08:06:00
RUN_09683,MACHINE_L,L56862,299.1,310.0,1394,46.6,27,False,2024-02-10T08:12:00
RUN_09684,MACHINE_M,M24543,299.0,310.0,1338,56.4,29,False,2024-02-10T08:18:00
RUN_09685,MACHINE_H,H39098,298.9,309.9,1376,51.0,32,False,2024-02-10T08:24:00
RUN_09686,MACHINE_L,L56865,299.0,310.0,1360,48.1,37,False,2024-02-10T08:30:00
RUN_09687,MACHINE_L,L56866,299.1,310.1,1486,40.7,39,False,2024-02-10T08:36:00
RUN_09688,MACHINE_M,M24547,299.1,310.1,1649,31.6,41,False,2024-02-10T08:42:00
RUN_09689,MACHINE_L,L56868,299.1,310.1,1367,45.6,44,False,2024-02-10T08:48:00
RUN_09690,MACHINE_L,L56869,299.0,310.1,1362,59.5,46,False,2024-02-10T08:54:00
RUN_09691,MACHINE_M,M24550,298.9,310.0,1520,35.6,48,False,2024-02-10T09:00:00
RUN_09692,MACHINE_L,L56871,299.0,310.0,1582,31.9,51,False,2024-02-10T09:06:00
RUN_09693,MACHINE_M,M24552,299.0,310.0,1667,30.0,53,False,2024-02-10T09:12:00
RUN_09694,MACHINE_L,L56873,298.9,310.0,1693,28.8,56,False,2024-02-10T09:18:00
RUN_09695,MACHINE_L,L56874,298.9,310.0,1559,33.4,58,False,2024-02-10T09:24:00
RUN_09696,MACHINE_L,L56875,298.9,309.9,1592,32.0,60,False,2024-02-10T09:30:00
RUN_09697,MACHINE_L,L56876,298.9,309.9,1404,39.8,62,False,2024-02-10T09:36:00
RUN_09698,MACHINE_M,M24557,298.8,309.8,1413,45.5,64,False,2024-02-10T09:42:00
RUN_09699,MACHINE_L,L56878,298.8,309.8,1663,28.2,67,False,2024-02-10T09:48:00
RUN_09700,MACHINE_L,L56879,298.8,309.8,1508,36.3,69,False,2024-02-10T09:54:00
RUN_09701,MACHINE_M,M24560,298.9,309.8,1353,53.7,71,False,2024-02-10T10:00:00
RUN_09702,MACHINE_L,L56881,298.8,309.8,1485,42.4,74,False,2024-02-10T10:06:00
RUN_09703,MACHINE_L,L56882,298.9,310.0,1633,31.2,76,False,2024-02-10T10:12:00
RUN_09704,MACHINE_L,L56883,298.9,310.0,1422,43.6,78,False,2024-02-10T10:18:00
RUN_09705,MACHINE_L,L56884,298.9,310.1,1577,41.4,80,False,2024-02-10T10:24:00
RUN_09706,MACHINE_L,L56885,298.9,310.0,1482,41.1,82,False,2024-02-10T10:30:00
RUN_09707,MACHINE_M,M24566,299.0,310.1,1705,30.1,84,False,2024-02-10T10:36:00
RUN_09708,MACHINE_L,L56887,299.0,310.1,1699,32.9,87,False,2024-02-10T10:42:00
RUN_09709,MACHINE_L,L56888,299.0,310.1,1664,29.7,89,False,2024-02-10T10:48:00
RUN_09710,MACHINE_M,M24569,299.0,310.0,1486,34.6,91,False,2024-02-10T10:54:00
RUN_09711,MACHINE_L,L56890,299.1,310.1,1336,61.3,94,False,2024-02-10T11:00:00
RUN_09712,MACHINE_H,H39125,299.1,310.1,1429,42.9,96,False,2024-02-10T11:06:00
RUN_09713,MACHINE_M,M24572,299.1,310.2,1456,48.4,101,False,2024-02-10T11:12:00
RUN_09714,MACHINE_L,L56893,299.1,310.2,1496,45.0,104,False,2024-02-10T11:18:00
RUN_09715,MACHINE_L,L56894,299.1,310.1,1894,20.1,106,False,2024-02-10T11:24:00
RUN_09716,MACHINE_L,L56895,299.1,310.1,1373,55.6,108,False,2024-02-10T11:30:00
RUN_09717,MACHINE_H,H39130,299.0,310.0,1387,45.2,110,False,2024-02-10T11:36:00
RUN_09718,MACHINE_L,L56897,298.9,309.9,1500,44.2,115,False,2024-02-10T11:42:00
RUN_09719,MACHINE_L,L56898,298.9,309.9,1517,36.6,117,False,2024-02-10T11:48:00
RUN_09720,MACHINE_L,L56899,298.9,309.9,1309,56.2,119,False,2024-02-10T11:54:00
RUN_09721,MACHINE_M,M24580,298.9,309.9,1357,54.5,121,False,2024-02-10T12:00:00
RUN_09722,MACHINE_L,L56901,298.8,309.8,1490,40.6,124,False,2024-02-10T12:06:00
RUN_09723,MACHINE_H,H39136,298.8,309.8,1911,21.6,126,False,2024-02-10T12:12:00
RUN_09724,MACHINE_L,L56903,298.8,309.8,1599,33.6,131,False,2024-02-10T12:18:00
RUN_09725,MACHINE_M,M24584,298.8,309.7,2098,19.0,133,False,2024-02-10T12:24:00
RUN_09726,MACHINE_M,M24585,298.7,309.7,1629,27.9,136,False,2024-02-10T12:30:00
RUN_09727,MACHINE_L,L56906,298.8,309.8,1557,37.2,139,False,2024-02-10T12:36:00
RUN_09728,MACHINE_L,L56907,298.8,309.8,1461,39.4,141,False,2024-02-10T12:42:00
RUN_09729,MACHINE_L,L56908,298.8,309.8,1563,33.7,143,False,2024-02-10T12:48:00
RUN_09730,MACHINE_L,L56909,298.7,309.8,1695,29.0,145,False,2024-02-10T12:54:00
RUN_09731,MACHINE_L,L56910,298.8,310.0,1528,36.7,147,False,2024-02-10T13:00:00
RUN_09732,MACHINE_L,L56911,298.8,310.0,1389,49.6,149,False,2024-02-10T13:06:00
RUN_09733,MACHINE_L,L56912,298.9,310.0,2231,17.4,151,False,2024-02-10T13:12:00
RUN_09734,MACHINE_M,M24593,298.9,310.1,1442,42.9,153,False,2024-02-10T13:18:00
RUN_09735,MACHINE_H,H39148,298.9,310.1,1458,44.3,156,False,2024-02-10T13:24:00
RUN_09736,MACHINE_L,L56915,299.0,310.1,1444,47.7,161,False,2024-02-10T13:30:00
RUN_09737,MACHINE_M,M24596,298.9,310.0,1348,58.2,163,False,2024-02-10T13:36:00
RUN_09738,MACHINE_L,L56917,298.9,310.0,1791,27.6,166,False,2024-02-10T13:42:00
RUN_09739,MACHINE_L,L56918,299.0,310.0,1509,38.0,168,False,2024-02-10T13:48:00
RUN_09740,MACHINE_L,L56919,298.9,310.0,1515,42.9,170,False,2024-02-10T13:54:00
RUN_09741,MACHINE_M,M24600,298.9,310.1,1655,31.5,172,False,2024-02-10T14:00:00
RUN_09742,MACHINE_L,L56921,298.9,310.1,1495,42.9,175,False,2024-02-10T14:06:00
RUN_09743,MACHINE_L,L56922,298.9,310.2,1623,37.2,177,False,2024-02-10T14:12:00
RUN_09744,MACHINE_L,L56923,298.9,310.2,1562,42.5,179,False,2024-02-10T14:18:00
RUN_09745,MACHINE_L,L56924,298.8,310.1,1574,36.2,181,False,2024-02-10T14:24:00
RUN_09746,MACHINE_L,L56925,298.8,310.0,1611,32.4,183,False,2024-02-10T14:30:00
RUN_09747,MACHINE_L,L56926,298.8,310.0,1403,45.6,185,False,2024-02-10T14:36:00
RUN_09748,MACHINE_L,L56927,298.8,310.1,1481,47.4,187,False,2024-02-10T14:42:00
RUN_09749,MACHINE_M,M24608,298.9,310.1,1441,41.2,189,False,2024-02-10T14:48:00
RUN_09750,MACHINE_H,H39163,298.8,310.1,1483,45.4,192,False,2024-02-10T14:54:00
RUN_09751,MACHINE_L,L56930,298.7,310.0,1555,32.6,197,False,2024-02-10T15:00:00
RUN_09752,MACHINE_L,L56931,298.6,309.9,1615,28.8,199,False,2024-02-10T15:06:00
RUN_09753,MACHINE_L,L56932,298.6,309.8,1561,32.6,201,False,2024-02-10T15:12:00
RUN_09754,MACHINE_L,L56933,298.5,309.8,1593,35.1,203,False,2024-02-10T15:18:00
RUN_09755,MACHINE_M,M24614,298.5,309.7,1552,34.0,205,False,2024-02-10T15:24:00
RUN_09756,MACHINE_H,H39169,298.5,309.7,1561,35.3,208,False,2024-02-10T15:30:00
RUN_09757,MACHINE_L,L56936,298.6,309.8,1597,35.9,213,False,2024-02-10T15:36:00
RUN_09758,MACHINE_M,M24617,298.6,309.9,1517,34.0,215,False,2024-02-10T15:42:00
RUN_09759,MACHINE_L,L56938,298.6,309.8,2271,16.2,218,True,2024-02-10T15:48:00
RUN_09760,MACHINE_L,L56939,298.5,309.7,1613,36.7,0,False,2024-02-10T15:54:00
RUN_09761,MACHINE_M,M24620,298.5,309.6,1509,47.3,2,False,2024-02-10T16:00:00
RUN_09762,MACHINE_L,L56941,298.6,309.7,1703,26.1,5,False,2024-02-10T16:06:00
RUN_09763,MACHINE_L,L56942,298.6,309.7,1925,22.1,7,False,2024-02-10T16:12:00
RUN_09764,MACHINE_M,M24623,298.6,309.6,1635,29.7,9,False,2024-02-10T16:18:00
RUN_09765,MACHINE_L,L56944,298.5,309.5,1294,66.7,12,True,2024-02-10T16:24:00
RUN_09766,MACHINE_L,L56945,298.6,309.6,1472,39.1,14,False,2024-02-10T16:30:00
RUN_09767,MACHINE_H,H39180,298.6,309.6,1449,42.5,16,False,2024-02-10T16:36:00
RUN_09768,MACHINE_L,L56947,298.6,309.6,1563,35.0,21,False,2024-02-10T16:42:00
RUN_09769,MACHINE_L,L56948,298.6,309.6,1611,35.7,23,False,2024-02-10T16:48:00
RUN_09770,MACHINE_L,L56949,298.6,309.6,1386,48.6,25,False,2024-02-10T16:54:00
RUN_09771,MACHINE_H,H39184,298.6,309.5,1584,31.8,27,False,2024-02-10T17:00:00
RUN_09772,MACHINE_M,M24631,298.7,309.6,1424,50.4,32,False,2024-02-10T17:06:00
RUN_09773,MACHINE_L,L56952,298.5,309.5,1561,34.8,35,False,2024-02-10T17:12:00
RUN_09774,MACHINE_L,L56953,298.5,309.4,1560,37.9,37,False,2024-02-10T17:18:00
RUN_09775,MACHINE_H,H39188,298.6,309.5,1375,41.0,39,False,2024-02-10T17:24:00
RUN_09776,MACHINE_M,M24635,298.6,309.5,1684,27.8,44,False,2024-02-10T17:30:00
RUN_09777,MACHINE_M,M24636,298.6,309.6,1397,54.1,47,False,2024-02-10T17:36:00
RUN_09778,MACHINE_L,L56957,298.6,309.6,1387,57.6,50,False,2024-02-10T17:42:00
RUN_09779,MACHINE_H,H39192,298.7,309.7,1311,54.5,52,False,2024-02-10T17:48:00
RUN_09780,MACHINE_L,L56959,298.8,309.8,1509,36.2,57,False,2024-02-10T17:54:00
RUN_09781,MACHINE_M,M24640,298.8,309.8,1477,46.7,59,False,2024-02-10T18:00:00
RUN_09782,MACHINE_L,L56961,298.8,309.9,1441,41.6,62,False,2024-02-10T18:06:00
RUN_09783,MACHINE_L,L56962,298.7,309.9,1404,47.1,64,False,2024-02-10T18:12:00
RUN_09784,MACHINE_H,H39197,298.8,309.9,1466,44.6,66,False,2024-02-10T18:18:00
RUN_09785,MACHINE_M,M24644,298.7,309.8,1435,48.8,71,False,2024-02-10T18:24:00
RUN_09786,MACHINE_H,H39199,298.7,309.7,1697,29.8,74,False,2024-02-10T18:30:00
RUN_09787,MACHINE_M,M24646,298.7,309.6,1738,27.3,79,False,2024-02-10T18:36:00
RUN_09788,MACHINE_H,H39201,298.6,309.5,1420,50.4,82,False,2024-02-10T18:42:00
RUN_09789,MACHINE_M,M24648,298.5,309.5,1535,39.8,87,False,2024-02-10T18:48:00
RUN_09790,MACHINE_L,L56969,298.6,309.6,1715,28.4,90,False,2024-02-10T18:54:00
RUN_09791,MACHINE_L,L56970,298.6,309.5,1483,43.2,92,False,2024-02-10T19:00:00
RUN_09792,MACHINE_M,M24651,298.5,309.4,1521,37.5,94,False,2024-02-10T19:06:00
RUN_09793,MACHINE_H,H39206,298.5,309.4,1573,36.0,97,False,2024-02-10T19:12:00
RUN_09794,MACHINE_H,H39207,298.5,309.4,1414,46.7,102,False,2024-02-10T19:18:00
RUN_09795,MACHINE_L,L56974,298.5,309.3,1590,33.9,107,False,2024-02-10T19:24:00
RUN_09796,MACHINE_L,L56975,298.5,309.3,1623,33.1,109,False,2024-02-10T19:30:00
RUN_09797,MACHINE_H,H39210,298.4,309.3,1694,30.9,111,False,2024-02-10T19:36:00
RUN_09798,MACHINE_M,M24657,298.4,309.2,1597,33.5,116,False,2024-02-10T19:42:00
RUN_09799,MACHINE_L,L56978,298.5,309.3,1471,44.7,119,False,2024-02-10T19:48:00
RUN_09800,MACHINE_M,M24659,298.5,309.3,1551,34.7,121,False,2024-02-10T19:54:00
RUN_09801,MACHINE_H,H39214,298.5,309.3,1421,50.3,124,False,2024-02-10T20:00:00
RUN_09802,MACHINE_M,M24661,298.4,309.3,1496,45.6,129,False,2024-02-10T20:06:00
RUN_09803,MACHINE_H,H39216,298.4,309.3,1984,19.2,132,False,2024-02-10T20:12:00
RUN_09804,MACHINE_L,L56983,298.4,309.2,1692,29.8,137,False,2024-02-10T20:18:00
RUN_09805,MACHINE_L,L56984,298.4,309.1,1467,42.5,139,False,2024-02-10T20:24:00
RUN_09806,MACHINE_L,L56985,298.4,309.2,1651,28.5,141,False,2024-02-10T20:30:00
RUN_09807,MACHINE_L,L56986,298.3,309.1,1417,60.5,143,False,2024-02-10T20:36:00
RUN_09808,MACHINE_L,L56987,298.2,309.0,1413,55.0,145,False,2024-02-10T20:42:00
RUN_09809,MACHINE_M,M24668,298.2,309.0,1441,44.2,147,False,2024-02-10T20:48:00
RUN_09810,MACHINE_M,M24669,298.2,309.0,1353,50.3,150,False,2024-02-10T20:54:00
RUN_09811,MACHINE_L,L56990,298.1,309.0,1502,40.9,153,False,2024-02-10T21:00:00
RUN_09812,MACHINE_L,L56991,298.2,309.0,1610,31.7,155,False,2024-02-10T21:06:00
RUN_09813,MACHINE_M,M24672,298.2,309.1,1411,45.8,157,False,2024-02-10T21:12:00
RUN_09814,MACHINE_L,L56993,298.3,309.1,1387,52.3,160,False,2024-02-10T21:18:00
RUN_09815,MACHINE_H,H39228,298.3,309.1,1430,40.9,162,False,2024-02-10T21:24:00
RUN_09816,MACHINE_M,M24675,298.4,309.1,1576,38.8,167,False,2024-02-10T21:30:00
RUN_09817,MACHINE_M,M24676,298.5,309.2,1721,29.4,170,False,2024-02-10T21:36:00
RUN_09818,MACHINE_M,M24677,298.5,309.3,1465,42.4,173,False,2024-02-10T21:42:00
RUN_09819,MACHINE_M,M24678,298.6,309.4,1407,45.1,176,False,2024-02-10T21:48:00
RUN_09820,MACHINE_M,M24679,298.6,309.4,1464,36.9,179,False,2024-02-10T21:54:00
RUN_09821,MACHINE_M,M24680,298.6,309.5,1568,36.7,182,False,2024-02-10T22:00:00
RUN_09822,MACHINE_L,L57001,298.6,309.4,1667,35.6,185,False,2024-02-10T22:06:00
RUN_09823,MACHINE_L,L57002,298.5,309.4,1360,60.9,187,True,2024-02-10T22:12:00
RUN_09824,MACHINE_M,M24683,298.5,309.3,1488,43.7,189,False,2024-02-10T22:18:00
RUN_09825,MACHINE_L,L57004,298.4,309.3,1504,39.3,192,False,2024-02-10T22:24:00
RUN_09826,MACHINE_L,L57005,298.4,309.2,1610,32.4,194,False,2024-02-10T22:30:00
RUN_09827,MACHINE_L,L57006,298.4,309.2,1345,52.7,196,False,2024-02-10T22:36:00
RUN_09828,MACHINE_M,M24687,298.3,309.3,1376,57.0,198,False,2024-02-10T22:42:00
RUN_09829,MACHINE_L,L57008,298.4,309.4,1385,50.0,201,False,2024-02-10T22:48:00
RUN_09830,MACHINE_M,M24689,298.4,309.4,1429,41.8,203,False,2024-02-10T22:54:00
RUN_09831,MACHINE_L,L57010,298.3,309.3,1337,56.1,206,True,2024-02-10T23:00:00
RUN_09832,MACHINE_L,L57011,298.4,309.3,1542,35.4,208,False,2024-02-10T23:06:00
RUN_09833,MACHINE_L,L57012,298.4,309.2,2118,17.7,210,False,2024-02-10T23:12:00
RUN_09834,MACHINE_L,L57013,298.3,309.1,1386,45.3,212,False,2024-02-10T23:18:00
RUN_09835,MACHINE_M,M24694,298.3,309.1,1632,32.7,0,False,2024-02-10T23:24:00
RUN_09836,MACHINE_L,L57015,298.4,309.3,1545,36.9,3,False,2024-02-10T23:30:00
RUN_09837,MACHINE_M,M24696,298.4,309.3,1390,53.6,5,False,2024-02-10T23:36:00
RUN_09838,MACHINE_M,M24697,298.4,309.3,1355,50.6,8,False,2024-02-10T23:42:00
RUN_09839,MACHINE_L,L57018,298.4,309.2,1425,45.5,11,False,2024-02-10T23:48:00
RUN_09840,MACHINE_M,M24699,298.4,309.2,1491,51.2,13,False,2024-02-10T23:54:00
RUN_09841,MACHINE_H,H39254,298.3,309.2,1486,42.4,16,False,2024-02-11T00:00:00
RUN_09842,MACHINE_M,M24701,298.3,309.2,1359,51.4,21,False,2024-02-11T00:06:00
RUN_09843,MACHINE_L,L57022,298.4,309.3,1395,47.6,24,False,2024-02-11T00:12:00
RUN_09844,MACHINE_L,L57023,298.3,309.2,1383,52.1,26,False,2024-02-11T00:18:00
RUN_09845,MACHINE_H,H39258,298.3,309.1,1484,37.0,28,False,2024-02-11T00:24:00
RUN_09846,MACHINE_L,L57025,298.3,309.1,1421,47.4,33,False,2024-02-11T00:30:00
RUN_09847,MACHINE_L,L57026,298.3,309.0,1339,58.8,35,False,2024-02-11T00:36:00
RUN_09848,MACHINE_L,L57027,298.4,309.1,1362,46.1,37,False,2024-02-11T00:42:00
RUN_09849,MACHINE_H,H39262,298.5,309.2,1568,40.6,39,False,2024-02-11T00:48:00
RUN_09850,MACHINE_L,L57029,298.6,309.4,2312,15.5,44,False,2024-02-11T00:54:00
RUN_09851,MACHINE_M,M24710,298.5,309.3,1498,34.6,46,False,2024-02-11T01:00:00
RUN_09852,MACHINE_M,M24711,298.5,309.3,1761,27.2,49,False,2024-02-11T01:06:00
RUN_09853,MACHINE_L,L57032,298.6,309.4,1316,51.4,52,False,2024-02-11T01:12:00
RUN_09854,MACHINE_L,L57033,298.6,309.4,1525,37.8,54,False,2024-02-11T01:18:00
RUN_09855,MACHINE_H,H39268,298.6,309.4,1362,45.3,56,False,2024-02-11T01:24:00
RUN_09856,MACHINE_L,L57035,298.7,309.6,1516,38.5,61,False,2024-02-11T01:30:00
RUN_09857,MACHINE_L,L57036,298.6,309.5,1450,44.2,63,False,2024-02-11T01:36:00
RUN_09858,MACHINE_M,M24717,298.6,309.5,1366,55.0,65,False,2024-02-11T01:42:00
RUN_09859,MACHINE_L,L57038,298.5,309.5,1547,33.1,68,False,2024-02-11T01:48:00
RUN_09860,MACHINE_M,M24719,298.6,309.5,1580,33.9,70,False,2024-02-11T01:54:00
RUN_09861,MACHINE_H,H39274,298.7,309.6,1755,26.9,73,False,2024-02-11T02:00:00
RUN_09862,MACHINE_M,M24721,298.7,309.6,1800,24.8,78,False,2024-02-11T02:06:00
RUN_09863,MACHINE_M,M24722,298.8,309.7,1439,45.8,81,False,2024-02-11T02:12:00
RUN_09864,MACHINE_L,L57043,298.9,309.8,1411,56.3,84,False,2024-02-11T02:18:00
RUN_09865,MACHINE_M,M24724,298.9,309.9,1645,31.4,86,False,2024-02-11T02:24:00
RUN_09866,MACHINE_M,M24725,298.9,309.8,2450,13.9,89,False,2024-02-11T02:30:00
RUN_09867,MACHINE_L,L57046,299.0,309.9,1630,34.0,92,False,2024-02-11T02:36:00
RUN_09868,MACHINE_L,L57047,299.0,309.9,1411,44.7,94,False,2024-02-11T02:42:00
RUN_09869,MACHINE_L,L57048,298.9,309.9,1526,35.4,96,False,2024-02-11T02:48:00
RUN_09870,MACHINE_L,L57049,298.9,309.9,1590,31.3,98,False,2024-02-11T02:54:00
RUN_09871,MACHINE_H,H39284,299.0,309.9,1884,25.6,100,False,2024-02-11T03:00:00
RUN_09872,MACHINE_M,M24731,298.9,309.8,1947,21.7,105,False,2024-02-11T03:06:00
RUN_09873,MACHINE_L,L57052,298.9,309.9,1373,52.1,108,False,2024-02-11T03:12:00
RUN_09874,MACHINE_L,L57053,298.9,309.8,1616,36.5,110,False,2024-02-11T03:18:00
RUN_09875,MACHINE_M,M24734,298.9,309.9,1449,44.1,112,False,2024-02-11T03:24:00
RUN_09876,MACHINE_M,M24735,298.9,309.8,1363,50.6,115,False,2024-02-11T03:30:00
RUN_09877,MACHINE_H,H39290,298.8,309.7,1461,55.1,118,False,2024-02-11T03:36:00
RUN_09878,MACHINE_L,L57057,298.8,309.7,1374,58.6,123,False,2024-02-11T03:42:00
RUN_09879,MACHINE_L,L57058,298.7,309.7,1293,59.1,125,False,2024-02-11T03:48:00
RUN_09880,MACHINE_M,M24739,298.8,309.8,1490,38.6,127,False,2024-02-11T03:54:00
RUN_09881,MACHINE_L,L57060,298.8,309.8,1753,27.5,130,False,2024-02-11T04:00:00
RUN_09882,MACHINE_L,L57061,298.8,309.8,1493,38.5,132,False,2024-02-11T04:06:00
RUN_09883,MACHINE_L,L57062,298.8,309.8,1895,22.0,134,False,2024-02-11T04:12:00
RUN_09884,MACHINE_H,H39297,298.7,309.6,1654,34.3,136,False,2024-02-11T04:18:00
RUN_09885,MACHINE_L,L57064,298.7,309.5,1673,30.8,141,False,2024-02-11T04:24:00
RUN_09886,MACHINE_L,L57065,298.8,309.6,1613,27.7,143,False,2024-02-11T04:30:00
RUN_09887,MACHINE_L,L57066,298.8,309.6,1903,22.3,145,False,2024-02-11T04:36:00
RUN_09888,MACHINE_L,L57067,298.8,309.5,1368,44.7,147,False,2024-02-11T04:42:00
RUN_09889,MACHINE_M,M24748,298.8,309.6,1575,34.4,149,False,2024-02-11T04:48:00
RUN_09890,MACHINE_H,H39303,298.8,309.6,1516,40.2,152,False,2024-02-11T04:54:00
RUN_09891,MACHINE_L,L57070,298.8,309.5,1645,32.8,157,False,2024-02-11T05:00:00
RUN_09892,MACHINE_L,L57071,298.8,309.5,1374,48.1,159,False,2024-02-11T05:06:00
RUN_09893,MACHINE_H,H39306,298.9,309.7,1407,48.6,161,False,2024-02-11T05:12:00
RUN_09894,MACHINE_M,M24753,298.9,309.6,1284,55.3,166,False,2024-02-11T05:18:00
RUN_09895,MACHINE_L,L57074,298.9,309.5,1645,31.1,169,False,2024-02-11T05:24:00
RUN_09896,MACHINE_L,L57075,298.8,309.4,1387,54.1,171,False,2024-02-11T05:30:00
RUN_09897,MACHINE_M,M24756,298.8,309.3,1618,35.1,173,False,2024-02-11T05:36:00
RUN_09898,MACHINE_L,L57077,298.8,309.3,1357,47.1,176,False,2024-02-11T05:42:00
RUN_09899,MACHINE_L,L57078,298.7,309.2,1396,44.8,178,False,2024-02-11T05:48:00
RUN_09900,MACHINE_L,L57079,298.7,309.2,1586,31.4,180,False,2024-02-11T05:54:00
RUN_09901,MACHINE_H,H39314,298.7,309.2,1449,42.3,182,False,2024-02-11T06:00:00
RUN_09902,MACHINE_M,M24761,298.7,309.2,1423,48.9,187,False,2024-02-11T06:06:00
RUN_09903,MACHINE_H,H39316,298.7,309.3,1402,45.3,190,False,2024-02-11T06:12:00
RUN_09904,MACHINE_M,M24763,298.7,309.2,1437,45.7,195,False,2024-02-11T06:18:00
RUN_09905,MACHINE_L,L57084,298.6,309.1,1537,35.7,198,False,2024-02-11T06:24:00
RUN_09906,MACHINE_M,M24765,298.7,309.1,1423,49.5,200,False,2024-02-11T06:30:00
RUN_09907,MACHINE_M,M24766,298.6,309.1,1587,37.3,203,False,2024-02-11T06:36:00
RUN_09908,MACHINE_M,M24767,298.6,309.1,1487,43.2,206,False,2024-02-11T06:42:00
RUN_09909,MACHINE_L,L57088,298.6,309.0,1456,47.7,0,False,2024-02-11T06:48:00
RUN_09910,MACHINE_L,L57089,298.7,309.1,1607,32.7,2,False,2024-02-11T06:54:00
RUN_09911,MACHINE_L,L57090,298.6,309.0,1469,46.0,4,False,2024-02-11T07:00:00
RUN_09912,MACHINE_M,M24771,298.6,309.0,1481,40.8,6,False,2024-02-11T07:06:00
RUN_09913,MACHINE_L,L57092,298.6,308.9,1327,58.8,9,False,2024-02-11T07:12:00
RUN_09914,MACHINE_L,L57093,298.5,308.8,1589,30.6,11,False,2024-02-11T07:18:00
RUN_09915,MACHINE_L,L57094,298.5,308.8,1670,29.6,13,False,2024-02-11T07:24:00
RUN_09916,MACHINE_M,M24775,298.5,308.7,1662,28.3,15,False,2024-02-11T07:30:00
RUN_09917,MACHINE_M,M24776,298.5,308.8,1553,34.9,18,False,2024-02-11T07:36:00
RUN_09918,MACHINE_M,M24777,298.5,308.8,1557,36.0,21,False,2024-02-11T07:42:00
RUN_09919,MACHINE_L,L57098,298.4,308.8,1352,56.7,24,False,2024-02-11T07:48:00
RUN_09920,MACHINE_L,L57099,298.5,308.8,1305,58.7,26,False,2024-02-11T07:54:00
RUN_09921,MACHINE_H,H39334,298.5,308.7,1450,43.9,28,False,2024-02-11T08:00:00
RUN_09922,MACHINE_M,M24781,298.5,308.7,1347,48.5,33,False,2024-02-11T08:06:00
RUN_09923,MACHINE_H,H39336,298.6,308.8,1566,39.1,36,False,2024-02-11T08:12:00
RUN_09924,MACHINE_M,M24783,298.5,308.7,1615,33.3,41,False,2024-02-11T08:18:00
RUN_09925,MACHINE_M,M24784,298.5,308.6,1384,54.4,44,False,2024-02-11T08:24:00
RUN_09926,MACHINE_M,M24785,298.5,308.7,1367,47.3,47,False,2024-02-11T08:30:00
RUN_09927,MACHINE_M,M24786,298.5,308.6,1897,20.2,50,False,2024-02-11T08:36:00
RUN_09928,MACHINE_L,L57107,298.5,308.6,1522,36.9,53,False,2024-02-11T08:42:00
RUN_09929,MACHINE_M,M24788,298.4,308.5,1576,27.4,55,False,2024-02-11T08:48:00
RUN_09930,MACHINE_H,H39343,298.4,308.4,1479,39.2,58,False,2024-02-11T08:54:00
RUN_09931,MACHINE_L,L57110,298.3,308.3,1452,45.5,63,False,2024-02-11T09:00:00
RUN_09932,MACHINE_L,L57111,298.3,308.3,1432,46.9,65,False,2024-02-11T09:06:00
RUN_09933,MACHINE_L,L57112,298.3,308.2,1663,28.4,67,False,2024-02-11T09:12:00
RUN_09934,MACHINE_L,L57113,298.3,308.3,1597,32.4,69,False,2024-02-11T09:18:00
RUN_09935,MACHINE_L,L57114,298.3,308.2,1472,44.3,71,False,2024-02-11T09:24:00
RUN_09936,MACHINE_L,L57115,298.4,308.3,1452,48.5,73,False,2024-02-11T09:30:00
RUN_09937,MACHINE_H,H39350,298.3,308.2,1534,33.2,75,False,2024-02-11T09:36:00
RUN_09938,MACHINE_L,L57117,298.3,308.1,1505,46.1,80,False,2024-02-11T09:42:00
RUN_09939,MACHINE_L,L57118,298.3,308.1,1528,33.9,82,False,2024-02-11T09:48:00
RUN_09940,MACHINE_H,H39353,298.3,308.1,2636,12.8,84,False,2024-02-11T09:54:00
RUN_09941,MACHINE_M,M24800,298.3,308.1,1722,28.6,89,False,2024-02-11T10:00:00
RUN_09942,MACHINE_L,L57121,298.4,308.1,1395,44.0,92,False,2024-02-11T10:06:00
RUN_09943,MACHINE_L,L57122,298.4,308.1,1375,50.8,94,False,2024-02-11T10:12:00
RUN_09944,MACHINE_M,M24803,298.3,308.0,1766,26.0,96,False,2024-02-11T10:18:00
RUN_09945,MACHINE_L,L57124,298.3,307.9,1399,47.8,99,False,2024-02-11T10:24:00
RUN_09946,MACHINE_L,L57125,298.3,308.0,1578,37.8,101,False,2024-02-11T10:30:00
RUN_09947,MACHINE_L,L57126,298.3,307.9,1502,42.0,103,False,2024-02-11T10:36:00
RUN_09948,MACHINE_M,M24807,298.2,307.9,1529,36.6,105,False,2024-02-11T10:42:00
RUN_09949,MACHINE_L,L57128,298.2,307.8,1804,25.1,108,False,2024-02-11T10:48:00
RUN_09950,MACHINE_M,M24809,298.2,307.8,1411,53.4,110,False,2024-02-11T10:54:00
RUN_09951,MACHINE_L,L57130,298.1,307.8,1413,54.1,113,False,2024-02-11T11:00:00
RUN_09952,MACHINE_L,L57131,298.2,307.8,1355,59.4,115,False,2024-02-11T11:06:00
RUN_09953,MACHINE_L,L57132,298.2,307.8,1429,46.9,117,False,2024-02-11T11:12:00
RUN_09954,MACHINE_L,L57133,298.1,307.8,1565,35.3,119,False,2024-02-11T11:18:00
RUN_09955,MACHINE_M,M24814,298.1,307.9,1446,42.8,121,False,2024-02-11T11:24:00
RUN_09956,MACHINE_M,M24815,298.2,307.9,1462,38.8,124,False,2024-02-11T11:30:00
RUN_09957,MACHINE_M,M24816,298.2,307.8,1578,34.5,127,False,2024-02-11T11:36:00
RUN_09958,MACHINE_L,L57137,298.1,307.8,1606,33.0,130,False,2024-02-11T11:42:00
RUN_09959,MACHINE_M,M24818,298.1,307.8,1525,35.9,132,False,2024-02-11T11:48:00
RUN_09960,MACHINE_L,L57139,298.1,307.8,1379,49.1,135,False,2024-02-11T11:54:00
RUN_09961,MACHINE_L,L57140,298.2,307.8,1575,35.0,137,False,2024-02-11T12:00:00
RUN_09962,MACHINE_L,L57141,298.2,307.9,1399,54.9,139,False,2024-02-11T12:06:00
RUN_09963,MACHINE_L,L57142,298.2,307.9,1429,49.4,141,False,2024-02-11T12:12:00
RUN_09964,MACHINE_L,L57143,298.3,307.9,1435,39.9,143,False,2024-02-11T12:18:00
RUN_09965,MACHINE_L,L57144,298.3,307.9,1766,26.5,145,False,2024-02-11T12:24:00
RUN_09966,MACHINE_L,L57145,298.3,307.9,1703,28.9,147,False,2024-02-11T12:30:00
RUN_09967,MACHINE_L,L57146,298.3,307.9,1507,41.2,149,False,2024-02-11T12:36:00
RUN_09968,MACHINE_M,M24827,298.3,307.9,1609,32.4,151,False,2024-02-11T12:42:00
RUN_09969,MACHINE_L,L57148,298.4,308.0,1605,32.4,154,False,2024-02-11T12:48:00
RUN_09970,MACHINE_L,L57149,298.4,308.1,1491,50.0,156,False,2024-02-11T12:54:00
RUN_09971,MACHINE_H,H39384,298.4,308.1,1891,24.7,158,False,2024-02-11T13:00:00
RUN_09972,MACHINE_H,H39385,298.5,308.2,1563,44.6,163,False,2024-02-11T13:06:00
RUN_09973,MACHINE_L,L57152,298.6,308.2,1390,51.4,168,False,2024-02-11T13:12:00
RUN_09974,MACHINE_L,L57153,298.5,308.2,1444,40.5,170,False,2024-02-11T13:18:00
RUN_09975,MACHINE_L,L57154,298.6,308.2,1361,68.2,172,True,2024-02-11T13:24:00
RUN_09976,MACHINE_M,M24835,298.6,308.3,1589,34.1,174,False,2024-02-11T13:30:00
RUN_09977,MACHINE_L,L57156,298.6,308.2,1705,26.3,177,False,2024-02-11T13:36:00
RUN_09978,MACHINE_L,L57157,298.6,308.3,1422,40.4,179,False,2024-02-11T13:42:00
RUN_09979,MACHINE_H,H39392,298.6,308.3,1377,52.1,181,False,2024-02-11T13:48:00
RUN_09980,MACHINE_L,L57159,298.5,308.3,1334,49.8,186,False,2024-02-11T13:54:00
RUN_09981,MACHINE_L,L57160,298.6,308.4,1559,36.6,188,False,2024-02-11T14:00:00
RUN_09982,MACHINE_L,L57161,298.7,308.5,1353,47.0,190,False,2024-02-11T14:06:00
RUN_09983,MACHINE_M,M24842,298.7,308.4,1507,45.7,192,False,2024-02-11T14:12:00
RUN_09984,MACHINE_L,L57163,298.7,308.4,1694,28.7,195,False,2024-02-11T14:18:00
RUN_09985,MACHINE_H,H39398,298.7,308.4,1432,42.8,197,False,2024-02-11T14:24:00
RUN_09986,MACHINE_H,H39399,298.7,308.5,1572,35.6,202,False,2024-02-11T14:30:00
RUN_09987,MACHINE_M,M24846,298.8,308.6,1507,42.3,207,False,2024-02-11T14:36:00
RUN_09988,MACHINE_M,M24847,298.8,308.6,1500,37.1,210,False,2024-02-11T14:42:00
RUN_09989,MACHINE_L,L57168,298.9,308.6,1771,24.1,213,False,2024-02-11T14:48:00
RUN_09990,MACHINE_M,M24849,298.8,308.5,1577,33.2,0,False,2024-02-11T14:54:00
RUN_09991,MACHINE_L,L57170,298.8,308.5,1527,36.2,3,False,2024-02-11T15:00:00
RUN_09992,MACHINE_M,M24851,298.9,308.4,1827,26.1,5,False,2024-02-11T15:06:00
RUN_09993,MACHINE_L,L57172,298.8,308.4,1484,39.2,8,False,2024-02-11T15:12:00
RUN_09994,MACHINE_L,L57173,298.8,308.4,1401,47.3,10,False,2024-02-11T15:18:00
RUN_09995,MACHINE_L,L57174,298.8,308.3,1634,27.9,12,False,2024-02-11T15:24:00
RUN_09996,MACHINE_M,M24855,298.8,308.4,1604,29.5,14,False,2024-02-11T15:30:00
RUN_09997,MACHINE_H,H39410,298.9,308.4,1632,31.8,17,False,2024-02-11T15:36:00
RUN_09998,MACHINE_M,M24857,299.0,308.6,1645,33.4,22,False,2024-02-11T15:42:00
RUN_09999,MACHINE_H,H39412,299.0,308.7,1408,48.5,25,False,2024-02-11T15:48:00
RUN_10000,MACHINE_M,M24859,299.0,308.7,1500,40.2,30,False,2024-02-11T15:54:00
