lot_id,alarm_id,sensor_value,sigma_deviation
LOT_0001,SPC_ATTR_092,-0.3274,-3.7617
LOT_0001,SPC_ATTR_109,0.3196,3.8082
LOT_0001,SPC_ATTR_228,0.0744,5.139
LOT_0001,SPC_ATTR_229,0.0546,3.4208
LOT_0001,SPC_ATTR_366,0.017,4.4431
LOT_0001,SPC_ATTR_367,0.0148,4.1923
LOT_0001,SPC_ATTR_368,0.0124,3.1964
LOT_0001,SPC_ATTR_369,0.0114,3.9051
LOT_0002,SPC_ATTR_038,64.9193,-4.2808
LOT_0002,SPC_ATTR_213,0.1651,3.5996
LOT_0002,SPC_ATTR_351,0.0768,3.7413
LOT_0003,SPC_ATTR_039,84.7327,-4.7092
LOT_0003,SPC_ATTR_056,2936.0,3.1002
LOT_0003,SPC_ATTR_511,240.7767,4.9086
LOT_0003,SPC_ATTR_559,1.5021,6.0469
LOT_0003,SPC_ATTR_566,0.6219,5.8713
LOT_0003,SPC_ATTR_568,0.2562,5.9862
LOT_0003,SPC_ATTR_570,68.8489,4.6734
LOT_0003,SPC_ATTR_579,0.0584,3.136
LOT_0003,SPC_ATTR_580,0.0484,3.275
LOT_0003,SPC_ATTR_581,0.0148,3.018
LOT_0003,SPC_ATTR_588,0.0484,3.6245
LOT_0003,SPC_ATTR_589,0.0148,3.3195
LOT_0004,SPC_ATTR_038,65.1951,-3.374
LOT_0004,SPC_ATTR_056,2936.0,3.1002
LOT_0004,SPC_ATTR_134,980.451,-3.6086
LOT_0004,SPC_ATTR_548,372.822,-6.0674
LOT_0004,SPC_ATTR_551,131.68,23.0859
LOT_0004,SPC_ATTR_552,39.33,27.9912
LOT_0004,SPC_ATTR_554,56.9303,22.4507
LOT_0004,SPC_ATTR_555,17.4781,28.345
LOT_0004,SPC_ATTR_557,35.3198,24.299
LOT_0004,SPC_ATTR_558,54.2917,28.1585
LOT_0004,SPC_ATTR_561,0.271,3.8496
LOT_0005,SPC_ATTR_046,176.3136,5.0413
LOT_0005,SPC_ATTR_047,789.7523,4.6079
LOT_0005,SPC_ATTR_051,667.7418,4.1055
LOT_0005,SPC_ATTR_063,144.0191,3.1889
LOT_0005,SPC_ATTR_067,745.6025,3.3497
LOT_0005,SPC_ATTR_497,107.6905,3.1608
LOT_0005,SPC_ATTR_583,0.48,-5.9036
LOT_0005,SPC_ATTR_584,0.4766,26.8499
LOT_0005,SPC_ATTR_585,0.1045,27.0573
LOT_0005,SPC_ATTR_586,99.3032,26.8962
LOT_0006,SPC_ATTR_172,0.3176,3.2497
LOT_0006,SPC_ATTR_220,0.0117,5.1312
LOT_0006,SPC_ATTR_307,0.1379,3.5148
LOT_0006,SPC_ATTR_358,0.0036,5.1916
LOT_0006,SPC_ATTR_473,285.9,3.1031
LOT_0006,SPC_ATTR_492,8.2199,4.7189
LOT_0008,SPC_ATTR_038,65.0665,-3.7968
LOT_0008,SPC_ATTR_151,19.388,3.8786
LOT_0008,SPC_ATTR_219,7.5616,3.2382
LOT_0008,SPC_ATTR_286,5.6741,3.6912
LOT_0008,SPC_ATTR_357,2.46,3.0016
LOT_0008,SPC_ATTR_477,71.7657,3.4562
LOT_0008,SPC_ATTR_491,121.6359,3.894
LOT_0008,SPC_ATTR_575,92.5866,3.099
LOT_0008,SPC_ATTR_577,56.4274,3.0059
LOT_0009,SPC_ATTR_027,1.323,-3.248
LOT_0009,SPC_ATTR_028,2.2675,-3.5131
LOT_0009,SPC_ATTR_160,5781.0,4.9828
LOT_0009,SPC_ATTR_161,2900.0,4.079
LOT_0009,SPC_ATTR_164,0.912,6.3268
LOT_0009,SPC_ATTR_165,1.766,6.7539
LOT_0009,SPC_ATTR_166,3.039,6.8421
LOT_0009,SPC_ATTR_295,2803.1611,5.0337
LOT_0009,SPC_ATTR_296,1377.7589,3.967
LOT_0009,SPC_ATTR_299,0.4553,6.0957
LOT_0009,SPC_ATTR_300,0.882,6.2812
LOT_0009,SPC_ATTR_301,1.5118,6.3584
LOT_0009,SPC_ATTR_431,137.7577,3.3094
LOT_0009,SPC_ATTR_432,140.8109,3.2546
LOT_0009,SPC_ATTR_435,133.5286,3.4828
LOT_0009,SPC_ATTR_436,133.4845,3.6111
LOT_0009,SPC_ATTR_437,134.0243,3.6609
LOT_0009,SPC_ATTR_486,892.1933,3.1601
LOT_0010,SPC_ATTR_038,65.0665,-3.7968
LOT_0010,SPC_ATTR_485,979.8817,3.5875
LOT_0011,SPC_ATTR_022,-2727.5,4.612
LOT_0011,SPC_ATTR_023,1400.0,-4.3972
LOT_0011,SPC_ATTR_026,0.455,-4.2165
LOT_0011,SPC_ATTR_027,0.8847,-5.561
LOT_0011,SPC_ATTR_028,1.532,-4.1042
LOT_0011,SPC_ATTR_039,84.7327,-4.7092
LOT_0011,SPC_ATTR_160,5655.0,4.8546
LOT_0011,SPC_ATTR_161,2942.0,4.1521
LOT_0011,SPC_ATTR_164,0.921,6.4005
LOT_0011,SPC_ATTR_165,1.779,6.8075
LOT_0011,SPC_ATTR_166,3.077,6.9354
LOT_0011,SPC_ATTR_196,4.617,10.9566
LOT_0011,SPC_ATTR_295,3153.6764,5.7685
LOT_0011,SPC_ATTR_296,1620.7332,4.8239
LOT_0011,SPC_ATTR_299,0.5255,7.1887
LOT_0011,SPC_ATTR_300,1.0217,7.349
LOT_0011,SPC_ATTR_301,1.769,7.532
LOT_0011,SPC_ATTR_332,0.6542,9.0023
LOT_0011,SPC_ATTR_431,207.3327,5.2388
LOT_0011,SPC_ATTR_432,210.1429,5.1596
LOT_0011,SPC_ATTR_435,202.4176,5.5025
LOT_0011,SPC_ATTR_436,201.0737,5.5777
LOT_0011,SPC_ATTR_437,200.8486,5.5945
LOT_0011,SPC_ATTR_468,102.9947,11.1535
LOT_0011,SPC_ATTR_559,1.3569,4.3154
LOT_0011,SPC_ATTR_561,0.2722,3.8729
LOT_0012,SPC_ATTR_089,1632.312,-3.2781
LOT_0013,SPC_ATTR_038,65.1951,-3.374
LOT_0013,SPC_ATTR_056,2936.0,3.1002
LOT_0013,SPC_ATTR_561,0.271,3.8496
LOT_0014,SPC_ATTR_013,226.0086,7.998
LOT_0014,SPC_ATTR_019,215.5977,9.1873
LOT_0014,SPC_ATTR_020,10.7029,-8.1579
LOT_0014,SPC_ATTR_038,65.1111,-3.6502
LOT_0014,SPC_ATTR_156,12.71,10.8718
LOT_0014,SPC_ATTR_291,4.4163,15.8416
LOT_0014,SPC_ATTR_367,0.012,3.0168
LOT_0014,SPC_ATTR_429,118.7533,10.7717
LOT_0015,SPC_ATTR_022,-1431.5,6.6796
LOT_0015,SPC_ATTR_023,619.5,-7.0385
LOT_0015,SPC_ATTR_026,0.2328,-5.4676
LOT_0015,SPC_ATTR_027,0.439,-7.913
LOT_0015,SPC_ATTR_028,0.7672,-4.7189
LOT_0015,SPC_ATTR_039,88.3312,3.3455
LOT_0015,SPC_ATTR_090,1.3861,22.8629
LOT_0015,SPC_ATTR_160,5726.0,4.9269
LOT_0015,SPC_ATTR_161,2478.0,3.3449
LOT_0015,SPC_ATTR_164,0.931,6.4825
LOT_0015,SPC_ATTR_165,1.756,6.7127
LOT_0015,SPC_ATTR_166,3.069,6.9157
LOT_0015,SPC_ATTR_225,0.9851,12.9998
LOT_0015,SPC_ATTR_295,2863.0,5.1592
LOT_0015,SPC_ATTR_296,1239.0,3.4776
LOT_0015,SPC_ATTR_299,0.4655,6.2545
LOT_0015,SPC_ATTR_300,0.878,6.2506
LOT_0015,SPC_ATTR_301,1.5345,6.4619
LOT_0015,SPC_ATTR_363,0.3087,13.4133
LOT_0015,SPC_ATTR_431,400.0,10.5817
LOT_0015,SPC_ATTR_432,400.0,10.3761
LOT_0015,SPC_ATTR_435,400.0,11.2952
LOT_0015,SPC_ATTR_436,400.0,11.3655
LOT_0015,SPC_ATTR_437,400.0,11.3574
LOT_0016,SPC_ATTR_022,-2694.75,4.6642
LOT_0016,SPC_ATTR_023,1476.25,-4.1392
LOT_0016,SPC_ATTR_026,0.4495,-4.2474
LOT_0016,SPC_ATTR_027,0.8882,-5.5425
LOT_0016,SPC_ATTR_028,1.4915,-4.1367
LOT_0016,SPC_ATTR_039,88.3312,3.3455
LOT_0016,SPC_ATTR_090,1.4727,24.5164
LOT_0016,SPC_ATTR_160,5803.0,5.0052
LOT_0016,SPC_ATTR_161,3530.0,5.175
LOT_0016,SPC_ATTR_164,0.942,6.5727
LOT_0016,SPC_ATTR_165,1.801,6.8982
LOT_0016,SPC_ATTR_166,3.042,6.8494
LOT_0016,SPC_ATTR_225,1.4361,19.3331
LOT_0016,SPC_ATTR_295,3129.8922,5.7186
LOT_0016,SPC_ATTR_296,1768.6406,5.3456
LOT_0016,SPC_ATTR_299,0.5202,7.1062
LOT_0016,SPC_ATTR_300,1.0259,7.3811
LOT_0016,SPC_ATTR_301,1.7229,7.3216
LOT_0016,SPC_ATTR_363,0.4163,18.3846
LOT_0016,SPC_ATTR_431,215.3447,5.461
LOT_0016,SPC_ATTR_432,239.1194,5.9557
LOT_0016,SPC_ATTR_435,209.5662,5.7121
LOT_0016,SPC_ATTR_436,202.7582,5.6267
LOT_0016,SPC_ATTR_437,203.9557,5.6845
LOT_0016,SPC_ATTR_511,263.4538,5.5102
LOT_0017,SPC_ATTR_485,981.4324,3.5948
LOT_0017,SPC_ATTR_559,1.3569,4.3154
LOT_0017,SPC_ATTR_561,0.2722,3.8729
LOT_0018,SPC_ATTR_079,-0.3482,-6.9886
LOT_0018,SPC_ATTR_176,1.172,3.3868
LOT_0018,SPC_ATTR_214,1.2837,23.0691
LOT_0018,SPC_ATTR_218,0.5522,10.3832
LOT_0018,SPC_ATTR_311,0.4438,3.1994
LOT_0018,SPC_ATTR_352,0.6188,24.0694
LOT_0018,SPC_ATTR_356,0.2548,9.8739
LOT_0018,SPC_ATTR_447,1.7639,3.343
LOT_0020,SPC_ATTR_038,65.1951,-3.374
LOT_0020,SPC_ATTR_056,2936.0,3.1002
LOT_0020,SPC_ATTR_209,172.349,3.5303
LOT_0020,SPC_ATTR_345,55.7952,3.6624
LOT_0020,SPC_ATTR_511,349.2063,7.7853
LOT_0021,SPC_ATTR_038,65.0894,-3.7215
LOT_0022,SPC_ATTR_102,0.0009,4.1041
LOT_0022,SPC_ATTR_108,-0.3074,-3.494
LOT_0022,SPC_ATTR_219,7.3083,3.0218
LOT_0022,SPC_ATTR_491,106.0296,3.0293
LOT_0024,SPC_ATTR_022,-2664.25,4.7129
LOT_0024,SPC_ATTR_023,1542.0,-3.9167
LOT_0024,SPC_ATTR_026,0.4425,-4.2869
LOT_0024,SPC_ATTR_027,0.8915,-5.5251
LOT_0024,SPC_ATTR_028,1.4838,-4.1429
LOT_0024,SPC_ATTR_039,88.3312,3.3455
LOT_0024,SPC_ATTR_160,5665.0,4.8648
LOT_0024,SPC_ATTR_161,3623.0,5.3368
LOT_0024,SPC_ATTR_164,0.915,6.3514
LOT_0024,SPC_ATTR_165,1.802,6.9024
LOT_0024,SPC_ATTR_166,3.043,6.8519
LOT_0024,SPC_ATTR_248,0.2587,3.0701
LOT_0024,SPC_ATTR_295,3088.6554,5.6322
LOT_0024,SPC_ATTR_296,1834.1299,5.5766
LOT_0024,SPC_ATTR_299,0.5115,6.9707
LOT_0024,SPC_ATTR_300,1.0295,7.4086
LOT_0024,SPC_ATTR_301,1.7144,7.2828
LOT_0024,SPC_ATTR_431,212.6302,5.3857
LOT_0024,SPC_ATTR_432,234.9546,5.8413
LOT_0024,SPC_ATTR_434,930.9577,3.213
LOT_0024,SPC_ATTR_435,206.7797,5.6304
LOT_0024,SPC_ATTR_436,202.1312,5.6084
LOT_0024,SPC_ATTR_437,205.0885,5.7172
LOT_0025,SPC_ATTR_022,-2681.75,4.685
LOT_0025,SPC_ATTR_023,1496.25,-4.0715
LOT_0025,SPC_ATTR_026,0.443,-4.284
LOT_0025,SPC_ATTR_027,0.8862,-5.5531
LOT_0025,SPC_ATTR_028,1.4365,-4.1809
LOT_0025,SPC_ATTR_039,88.2425,3.147
LOT_0025,SPC_ATTR_160,5366.0,4.5607
LOT_0025,SPC_ATTR_161,3130.0,4.4791
LOT_0025,SPC_ATTR_164,0.89,6.1464
LOT_0025,SPC_ATTR_165,1.776,6.7952
LOT_0025,SPC_ATTR_166,2.904,6.5106
LOT_0025,SPC_ATTR_295,3096.6188,5.6489
LOT_0025,SPC_ATTR_296,1731.3645,5.2141
LOT_0025,SPC_ATTR_299,0.5115,6.9707
LOT_0025,SPC_ATTR_300,1.0234,7.362
LOT_0025,SPC_ATTR_301,1.6589,7.0296
LOT_0025,SPC_ATTR_431,200.0932,5.038
LOT_0025,SPC_ATTR_432,209.1896,5.1334
LOT_0025,SPC_ATTR_435,200.9029,5.4581
LOT_0025,SPC_ATTR_436,200.3949,5.5579
LOT_0025,SPC_ATTR_437,202.158,5.6324
LOT_0026,SPC_ATTR_022,-2706.0,4.6463
LOT_0026,SPC_ATTR_023,1445.75,-4.2424
LOT_0026,SPC_ATTR_026,0.4515,-4.2362
LOT_0026,SPC_ATTR_027,0.8895,-5.5356
LOT_0026,SPC_ATTR_028,1.5685,-4.0748
LOT_0026,SPC_ATTR_160,5913.0,5.1171
LOT_0026,SPC_ATTR_161,3301.0,4.7766
LOT_0026,SPC_ATTR_164,0.95,6.6383
LOT_0026,SPC_ATTR_165,1.804,6.9106
LOT_0026,SPC_ATTR_166,3.217,7.2791
LOT_0026,SPC_ATTR_295,3151.2826,5.7635
LOT_0026,SPC_ATTR_296,1702.5621,5.1125
LOT_0026,SPC_ATTR_299,0.5228,7.1467
LOT_0026,SPC_ATTR_300,1.0273,7.3918
LOT_0026,SPC_ATTR_301,1.8123,7.7296
LOT_0026,SPC_ATTR_360,0.0456,3.6099
LOT_0026,SPC_ATTR_431,218.5144,5.5489
LOT_0026,SPC_ATTR_432,228.3244,5.6591
LOT_0026,SPC_ATTR_435,210.4097,5.7368
LOT_0026,SPC_ATTR_436,202.8106,5.6282
LOT_0026,SPC_ATTR_437,205.1004,5.7176
LOT_0027,SPC_ATTR_038,64.9193,-4.2808
LOT_0027,SPC_ATTR_212,0.1774,4.8248
LOT_0027,SPC_ATTR_350,0.0733,4.5315
LOT_0028,SPC_ATTR_038,65.1893,-3.3931
LOT_0028,SPC_ATTR_072,204.8898,3.1771
LOT_0028,SPC_ATTR_109,0.278,3.3287
LOT_0028,SPC_ATTR_119,0.5633,-4.3337
LOT_0028,SPC_ATTR_220,0.0117,5.1312
LOT_0028,SPC_ATTR_254,0.4472,18.4608
LOT_0028,SPC_ATTR_358,0.0036,5.1916
LOT_0028,SPC_ATTR_392,0.1375,18.7806
LOT_0028,SPC_ATTR_492,8.2199,4.7189
LOT_0028,SPC_ATTR_526,79.3919,18.8328
LOT_0029,SPC_ATTR_039,85.1414,-3.7944
LOT_0029,SPC_ATTR_040,111.7128,-3.855
LOT_0029,SPC_ATTR_080,0.0775,3.2081
LOT_0030,SPC_ATTR_039,88.3548,3.3983
LOT_0030,SPC_ATTR_559,1.5024,6.0505
LOT_0031,SPC_ATTR_033,101.9072,8.1763
LOT_0031,SPC_ATTR_034,23.3453,10.6995
LOT_0031,SPC_ATTR_035,57.6663,5.9898
LOT_0031,SPC_ATTR_036,74.7081,3.943
LOT_0031,SPC_ATTR_037,42.3337,-5.9898
LOT_0031,SPC_ATTR_040,126.5662,4.364
LOT_0031,SPC_ATTR_080,0.0729,3.0088
LOT_0032,SPC_ATTR_039,88.2847,3.2414
LOT_0032,SPC_ATTR_080,0.079,3.2731
LOT_0032,SPC_ATTR_091,7397.31,-3.6088
LOT_0033,SPC_ATTR_126,0.3122,-3.1108
LOT_0033,SPC_ATTR_162,19038.0,3.5316
LOT_0033,SPC_ATTR_297,9195.3919,3.7042
LOT_0034,SPC_ATTR_022,-2622.5,4.7795
LOT_0034,SPC_ATTR_023,1550.0,-3.8896
LOT_0034,SPC_ATTR_026,0.446,-4.2671
LOT_0034,SPC_ATTR_027,0.8912,-5.5267
LOT_0034,SPC_ATTR_028,1.5313,-4.1047
LOT_0034,SPC_ATTR_126,0.3122,-3.1108
LOT_0034,SPC_ATTR_160,5575.0,4.7733
LOT_0034,SPC_ATTR_161,3511.0,5.142
LOT_0034,SPC_ATTR_164,0.918,6.376
LOT_0034,SPC_ATTR_165,1.799,6.89
LOT_0034,SPC_ATTR_166,3.098,6.9869
LOT_0034,SPC_ATTR_295,3040.1658,5.5306
LOT_0034,SPC_ATTR_296,1820.9743,5.5302
LOT_0034,SPC_ATTR_299,0.5154,7.0315
LOT_0034,SPC_ATTR_300,1.0292,7.4063
LOT_0034,SPC_ATTR_301,1.7684,7.5293
LOT_0034,SPC_ATTR_431,212.5834,5.3844
LOT_0034,SPC_ATTR_432,226.5161,5.6094
LOT_0034,SPC_ATTR_435,205.8296,5.6025
LOT_0034,SPC_ATTR_436,201.8513,5.6003
LOT_0034,SPC_ATTR_437,202.3184,5.6371
LOT_0035,SPC_ATTR_038,65.1893,-3.3931
LOT_0035,SPC_ATTR_062,9.5543,-3.1608
LOT_0035,SPC_ATTR_109,0.3659,4.3418
LOT_0035,SPC_ATTR_220,0.0117,5.1312
LOT_0035,SPC_ATTR_358,0.0036,5.1916
LOT_0035,SPC_ATTR_492,8.2199,4.7189
LOT_0036,SPC_ATTR_038,65.1902,-3.3901
LOT_0036,SPC_ATTR_126,0.3122,-3.1108
LOT_0036,SPC_ATTR_559,1.3569,4.3154
LOT_0036,SPC_ATTR_561,0.2722,3.8729
LOT_0037,SPC_ATTR_022,-1362.0,6.7904
LOT_0037,SPC_ATTR_023,710.25,-6.7314
LOT_0037,SPC_ATTR_026,0.224,-5.5171
LOT_0037,SPC_ATTR_027,0.4407,-7.904
LOT_0037,SPC_ATTR_028,0.7198,-4.7569
LOT_0037,SPC_ATTR_039,88.3548,3.3983
LOT_0037,SPC_ATTR_072,200.0261,3.0234
LOT_0037,SPC_ATTR_160,5448.0,4.6441
LOT_0037,SPC_ATTR_161,2841.0,3.9764
LOT_0037,SPC_ATTR_164,0.896,6.1956
LOT_0037,SPC_ATTR_165,1.763,6.7416
LOT_0037,SPC_ATTR_166,2.879,6.4493
LOT_0037,SPC_ATTR_225,0.2743,3.0182
LOT_0037,SPC_ATTR_295,2724.0,4.8678
LOT_0037,SPC_ATTR_296,1420.5,4.1177
LOT_0037,SPC_ATTR_299,0.448,5.982
LOT_0037,SPC_ATTR_300,0.8815,6.2773
LOT_0037,SPC_ATTR_301,1.4395,6.0284
LOT_0037,SPC_ATTR_363,0.0841,3.0363
LOT_0037,SPC_ATTR_431,400.0,10.5817
LOT_0037,SPC_ATTR_432,400.0,10.3761
LOT_0037,SPC_ATTR_435,400.0,11.2952
LOT_0037,SPC_ATTR_436,400.0,11.3655
LOT_0037,SPC_ATTR_437,400.0,11.3574
LOT_0037,SPC_ATTR_497,122.1544,3.7483
LOT_0038,SPC_ATTR_039,88.3548,3.3983
LOT_0039,SPC_ATTR_039,84.7327,-4.7092
LOT_0039,SPC_ATTR_056,2936.0,3.1002
LOT_0039,SPC_ATTR_511,172.0755,3.0859
LOT_0039,SPC_ATTR_551,90.7,14.8354
LOT_0039,SPC_ATTR_552,25.47,17.8084
LOT_0039,SPC_ATTR_554,38.4212,14.0092
LOT_0039,SPC_ATTR_555,11.16,17.7946
LOT_0039,SPC_ATTR_557,23.0201,14.6899
LOT_0039,SPC_ATTR_558,35.5806,18.1549
LOT_0039,SPC_ATTR_559,1.5021,6.0469
LOT_0040,SPC_ATTR_033,101.9072,8.1763
LOT_0040,SPC_ATTR_034,23.3453,10.6995
LOT_0040,SPC_ATTR_035,57.6663,5.9898
LOT_0040,SPC_ATTR_036,74.7081,3.943
LOT_0040,SPC_ATTR_037,42.3337,-5.9898
LOT_0040,SPC_ATTR_040,126.5662,4.364
LOT_0041,SPC_ATTR_161,4170.0,6.2884
LOT_0041,SPC_ATTR_213,0.1536,3.2354
LOT_0041,SPC_ATTR_296,2005.8744,6.1823
LOT_0041,SPC_ATTR_351,0.0673,3.0782
LOT_0041,SPC_ATTR_433,582.364,3.8276
LOT_0041,SPC_ATTR_485,887.8613,3.1557
LOT_0042,SPC_ATTR_126,0.3122,-3.1108
LOT_0042,SPC_ATTR_173,0.5484,3.2043
LOT_0042,SPC_ATTR_175,0.5484,3.2042
LOT_0042,SPC_ATTR_444,1.0851,3.1428
LOT_0042,SPC_ATTR_446,1.1087,3.268
LOT_0043,SPC_ATTR_039,88.2074,3.0684
LOT_0043,SPC_ATTR_126,0.3122,-3.1108
LOT_0043,SPC_ATTR_561,0.271,3.8496
LOT_0044,SPC_ATTR_002,2748.67,3.1442
LOT_0044,SPC_ATTR_062,9.5055,-3.3384
LOT_0044,SPC_ATTR_077,-0.1394,-3.3133
LOT_0044,SPC_ATTR_522,1000.0,9.5846
LOT_0045,SPC_ATTR_027,1.3322,-3.1994
LOT_0045,SPC_ATTR_028,2.323,-3.4685
LOT_0045,SPC_ATTR_160,7569.0,6.8017
LOT_0045,SPC_ATTR_161,3309.0,4.7906
LOT_0045,SPC_ATTR_164,0.926,6.4415
LOT_0045,SPC_ATTR_165,1.804,6.9106
LOT_0045,SPC_ATTR_166,3.1,6.9918
LOT_0045,SPC_ATTR_295,3280.8927,6.0352
LOT_0045,SPC_ATTR_296,1471.4602,4.2975
LOT_0045,SPC_ATTR_299,0.4495,6.0054
LOT_0045,SPC_ATTR_300,0.8884,6.3301
LOT_0045,SPC_ATTR_301,1.5487,6.5267
LOT_0045,SPC_ATTR_431,159.9873,3.9258
LOT_0045,SPC_ATTR_432,154.0144,3.6174
LOT_0045,SPC_ATTR_435,137.644,3.6035
LOT_0045,SPC_ATTR_436,135.41,3.6672
LOT_0045,SPC_ATTR_437,133.4481,3.6442
LOT_0045,SPC_ATTR_561,0.2525,3.491
LOT_0047,SPC_ATTR_022,-3281.0,3.729
LOT_0047,SPC_ATTR_023,1523.25,-3.9801
LOT_0047,SPC_ATTR_026,0.4397,-4.3026
LOT_0047,SPC_ATTR_027,0.8885,-5.5409
LOT_0047,SPC_ATTR_028,1.4655,-4.1576
LOT_0047,SPC_ATTR_039,88.2425,3.147
LOT_0047,SPC_ATTR_151,20.684,4.2783
LOT_0047,SPC_ATTR_160,7600.0,6.8332
LOT_0047,SPC_ATTR_161,3290.0,4.7575
LOT_0047,SPC_ATTR_164,0.901,6.2366
LOT_0047,SPC_ATTR_165,1.789,6.8488
LOT_0047,SPC_ATTR_166,2.96,6.6481
LOT_0047,SPC_ATTR_286,5.6141,3.6289
LOT_0047,SPC_ATTR_295,3882.2129,7.2957
LOT_0047,SPC_ATTR_296,1770.0986,5.3507
LOT_0047,SPC_ATTR_299,0.5081,6.9178
LOT_0047,SPC_ATTR_300,1.026,7.3819
LOT_0047,SPC_ATTR_301,1.6924,7.1825
LOT_0047,SPC_ATTR_431,231.6367,5.9128
LOT_0047,SPC_ATTR_432,215.9856,5.3201
LOT_0047,SPC_ATTR_435,204.8891,5.5749
LOT_0047,SPC_ATTR_436,201.3506,5.5857
LOT_0047,SPC_ATTR_437,201.9788,5.6273
LOT_0048,SPC_ATTR_002,2788.4,3.6383
LOT_0048,SPC_ATTR_026,0.668,-3.0171
LOT_0048,SPC_ATTR_027,1.3305,-3.2084
LOT_0048,SPC_ATTR_028,2.2195,-3.5516
LOT_0048,SPC_ATTR_039,88.3312,3.3455
LOT_0048,SPC_ATTR_160,7653.0,6.8871
LOT_0048,SPC_ATTR_161,3417.0,4.9784
LOT_0048,SPC_ATTR_164,0.947,6.6137
LOT_0048,SPC_ATTR_165,1.797,6.8817
LOT_0048,SPC_ATTR_166,2.972,6.6776
LOT_0048,SPC_ATTR_295,3307.3123,6.0906
LOT_0048,SPC_ATTR_296,1586.2346,4.7023
LOT_0048,SPC_ATTR_299,0.4471,5.968
LOT_0048,SPC_ATTR_300,0.8875,6.3232
LOT_0048,SPC_ATTR_301,1.4797,6.2119
LOT_0048,SPC_ATTR_431,163.9724,4.0363
LOT_0048,SPC_ATTR_432,150.8276,3.5298
LOT_0048,SPC_ATTR_435,141.7665,3.7243
LOT_0048,SPC_ATTR_436,135.062,3.657
LOT_0048,SPC_ATTR_437,133.904,3.6574
LOT_0049,SPC_ATTR_033,101.9072,8.1763
LOT_0049,SPC_ATTR_034,23.3453,10.6995
LOT_0049,SPC_ATTR_035,57.6663,5.9898
LOT_0049,SPC_ATTR_036,74.7081,3.943
LOT_0049,SPC_ATTR_037,42.3337,-5.9898
LOT_0049,SPC_ATTR_040,126.5662,4.364
LOT_0049,SPC_ATTR_103,0.2263,3.5762
LOT_0051,SPC_ATTR_033,101.9072,8.1763
LOT_0051,SPC_ATTR_034,23.3453,10.6995
LOT_0051,SPC_ATTR_035,57.6663,5.9898
LOT_0051,SPC_ATTR_036,74.7081,3.943
LOT_0051,SPC_ATTR_037,42.3337,-5.9898
LOT_0051,SPC_ATTR_040,126.5662,4.364
LOT_0051,SPC_ATTR_058,0.9362,-3.1166
LOT_0052,SPC_ATTR_022,-2575.5,4.8545
LOT_0052,SPC_ATTR_023,1544.5,-3.9082
LOT_0052,SPC_ATTR_026,0.4373,-4.3161
LOT_0052,SPC_ATTR_027,0.892,-5.5225
LOT_0052,SPC_ATTR_028,1.4932,-4.1354
LOT_0052,SPC_ATTR_039,88.2425,3.147
LOT_0052,SPC_ATTR_151,20.298,4.1593
LOT_0052,SPC_ATTR_160,5391.0,4.5861
LOT_0052,SPC_ATTR_161,3294.0,4.7645
LOT_0052,SPC_ATTR_164,0.891,6.1546
LOT_0052,SPC_ATTR_165,1.795,6.8735
LOT_0052,SPC_ATTR_166,3.0,6.7463
LOT_0052,SPC_ATTR_214,0.4961,8.2171
LOT_0052,SPC_ATTR_286,5.4366,3.4445
LOT_0052,SPC_ATTR_295,2980.3803,5.4052
LOT_0052,SPC_ATTR_296,1791.2725,5.4254
LOT_0052,SPC_ATTR_299,0.5051,6.8711
LOT_0052,SPC_ATTR_300,1.03,7.4124
LOT_0052,SPC_ATTR_301,1.7243,7.328
LOT_0052,SPC_ATTR_352,0.2308,8.2733
LOT_0052,SPC_ATTR_431,209.3186,5.2939
LOT_0052,SPC_ATTR_432,213.2729,5.2456
LOT_0052,SPC_ATTR_435,203.7736,5.5422
LOT_0052,SPC_ATTR_436,201.2332,5.5823
LOT_0052,SPC_ATTR_437,200.9041,5.5962
LOT_0053,SPC_ATTR_065,38.4118,3.5901
LOT_0053,SPC_ATTR_114,0.8991,-3.818
LOT_0053,SPC_ATTR_248,0.2956,3.6218
LOT_0053,SPC_ATTR_520,64.9501,3.3654
LOT_0054,SPC_ATTR_163,31669.0,4.1003
LOT_0054,SPC_ATTR_298,13313.012,3.3996
LOT_0054,SPC_ATTR_360,0.0456,3.6099
LOT_0055,SPC_ATTR_026,0.652,-3.1072
LOT_0055,SPC_ATTR_027,1.3458,-3.1277
LOT_0055,SPC_ATTR_028,2.2767,-3.5057
LOT_0055,SPC_ATTR_039,88.3282,3.3388
LOT_0055,SPC_ATTR_160,7657.0,6.8912
LOT_0055,SPC_ATTR_161,3278.0,4.7366
LOT_0055,SPC_ATTR_164,0.906,6.2776
LOT_0055,SPC_ATTR_165,1.809,6.9312
LOT_0055,SPC_ATTR_166,3.078,6.9378
LOT_0055,SPC_ATTR_220,0.0105,4.4022
LOT_0055,SPC_ATTR_239,0.0141,5.4823
LOT_0055,SPC_ATTR_295,3235.5781,5.9402
LOT_0055,SPC_ATTR_296,1537.8514,4.5316
LOT_0055,SPC_ATTR_299,0.4354,5.7858
LOT_0055,SPC_ATTR_300,0.8974,6.3989
LOT_0055,SPC_ATTR_301,1.5182,6.3876
LOT_0055,SPC_ATTR_358,0.003,3.994
LOT_0055,SPC_ATTR_377,0.0045,5.4288
LOT_0055,SPC_ATTR_431,169.3746,4.1862
LOT_0055,SPC_ATTR_432,143.914,3.3399
LOT_0055,SPC_ATTR_435,138.9571,3.642
LOT_0055,SPC_ATTR_436,134.4232,3.6384
LOT_0055,SPC_ATTR_437,135.1927,3.6947
LOT_0055,SPC_ATTR_492,8.0405,4.5723
LOT_0055,SPC_ATTR_511,200.7117,3.8456
LOT_0056,SPC_ATTR_002,2809.79,3.9043
LOT_0056,SPC_ATTR_039,88.3282,3.3388
LOT_0057,SPC_ATTR_080,0.0817,3.39
LOT_0058,SPC_ATTR_022,-1368.75,6.7797
LOT_0058,SPC_ATTR_023,653.75,-6.9226
LOT_0058,SPC_ATTR_026,0.2253,-5.5098
LOT_0058,SPC_ATTR_027,0.4425,-7.8945
LOT_0058,SPC_ATTR_028,0.7398,-4.7409
LOT_0058,SPC_ATTR_039,88.2425,3.147
LOT_0058,SPC_ATTR_058,0.9362,-3.1166
LOT_0058,SPC_ATTR_065,37.4791,3.4027
LOT_0058,SPC_ATTR_093,0.0116,3.4333
LOT_0058,SPC_ATTR_103,-0.2292,-3.6577
LOT_0058,SPC_ATTR_106,-0.0116,-3.4672
LOT_0058,SPC_ATTR_114,0.9016,-3.612
LOT_0058,SPC_ATTR_115,0.0228,13.5953
LOT_0058,SPC_ATTR_160,5475.0,4.6715
LOT_0058,SPC_ATTR_161,2615.0,3.5832
LOT_0058,SPC_ATTR_164,0.901,6.2366
LOT_0058,SPC_ATTR_165,1.77,6.7704
LOT_0058,SPC_ATTR_166,2.959,6.6457
LOT_0058,SPC_ATTR_249,0.3324,6.2401
LOT_0058,SPC_ATTR_250,0.2067,13.0388
LOT_0058,SPC_ATTR_295,2737.5,4.8961
LOT_0058,SPC_ATTR_296,1307.5,3.7192
LOT_0058,SPC_ATTR_299,0.4505,6.021
LOT_0058,SPC_ATTR_300,0.885,6.3041
LOT_0058,SPC_ATTR_301,1.4795,6.211
LOT_0058,SPC_ATTR_387,0.1013,6.0059
LOT_0058,SPC_ATTR_388,0.065,12.9607
LOT_0058,SPC_ATTR_431,400.0,10.5817
LOT_0058,SPC_ATTR_432,400.0,10.3761
LOT_0058,SPC_ATTR_435,400.0,11.2952
LOT_0058,SPC_ATTR_436,400.0,11.3655
LOT_0058,SPC_ATTR_437,400.0,11.3574
LOT_0058,SPC_ATTR_521,36.8703,5.993
LOT_0058,SPC_ATTR_522,907.91,8.6916
LOT_0059,SPC_ATTR_026,0.6557,-3.0864
LOT_0059,SPC_ATTR_027,1.3438,-3.1382
LOT_0059,SPC_ATTR_028,2.2685,-3.5123
LOT_0059,SPC_ATTR_039,88.3282,3.3388
LOT_0059,SPC_ATTR_080,0.0796,3.299
LOT_0059,SPC_ATTR_132,1.005,3.195
LOT_0059,SPC_ATTR_160,7709.0,6.9441
LOT_0059,SPC_ATTR_161,3253.0,4.6931
LOT_0059,SPC_ATTR_164,0.894,6.1792
LOT_0059,SPC_ATTR_165,1.801,6.8982
LOT_0059,SPC_ATTR_166,3.041,6.847
LOT_0059,SPC_ATTR_295,3234.6965,5.9383
LOT_0059,SPC_ATTR_296,1560.1131,4.6101
LOT_0059,SPC_ATTR_299,0.4374,5.817
LOT_0059,SPC_ATTR_300,0.8959,6.3874
LOT_0059,SPC_ATTR_301,1.5125,6.3615
LOT_0059,SPC_ATTR_431,171.6735,4.2499
LOT_0059,SPC_ATTR_432,140.2004,3.2378
LOT_0059,SPC_ATTR_435,136.3324,3.565
LOT_0059,SPC_ATTR_436,134.0279,3.6269
LOT_0059,SPC_ATTR_437,134.0533,3.6617
LOT_0060,SPC_ATTR_038,64.9193,-4.2808
LOT_0060,SPC_ATTR_058,0.9362,-3.1166
LOT_0061,SPC_ATTR_019,181.2176,-3.175
LOT_0061,SPC_ATTR_076,-0.0769,-3.14
LOT_0061,SPC_ATTR_080,0.0803,3.3294
LOT_0062,SPC_ATTR_022,-2597.0,4.8202
LOT_0062,SPC_ATTR_023,1474.25,-4.146
LOT_0062,SPC_ATTR_026,0.4385,-4.3094
LOT_0062,SPC_ATTR_027,0.891,-5.5277
LOT_0062,SPC_ATTR_028,1.4697,-4.1543
LOT_0062,SPC_ATTR_039,88.3548,3.3983
LOT_0062,SPC_ATTR_160,5477.0,4.6736
LOT_0062,SPC_ATTR_161,3184.0,4.5731
LOT_0062,SPC_ATTR_164,0.899,6.2202
LOT_0062,SPC_ATTR_165,1.798,6.8859
LOT_0062,SPC_ATTR_166,2.958,6.6432
LOT_0062,SPC_ATTR_295,3007.6466,5.4624
LOT_0062,SPC_ATTR_296,1713.1426,5.1499
LOT_0062,SPC_ATTR_299,0.5067,6.896
LOT_0062,SPC_ATTR_300,1.0289,7.404
LOT_0062,SPC_ATTR_301,1.6972,7.2044
LOT_0062,SPC_ATTR_431,210.8972,5.3376
LOT_0062,SPC_ATTR_432,215.9742,5.3198
LOT_0062,SPC_ATTR_435,205.0171,5.5787
LOT_0062,SPC_ATTR_436,201.7957,5.5987
LOT_0062,SPC_ATTR_437,201.2587,5.6064
LOT_0062,SPC_ATTR_511,218.1818,4.3091
LOT_0063,SPC_ATTR_220,0.0105,4.4022
LOT_0063,SPC_ATTR_358,0.003,3.994
LOT_0063,SPC_ATTR_492,8.0405,4.5723
LOT_0064,SPC_ATTR_039,88.2207,3.0982
LOT_0064,SPC_ATTR_058,0.9362,-3.1166
LOT_0064,SPC_ATTR_076,-0.0933,-3.8757
LOT_0064,SPC_ATTR_139,107.6001,4.0499
LOT_0064,SPC_ATTR_274,39.8882,5.1448
LOT_0064,SPC_ATTR_412,4.7897,3.9415
LOT_0064,SPC_ATTR_485,950.3546,3.449
LOT_0064,SPC_ATTR_497,119.3038,3.6325
LOT_0065,SPC_ATTR_109,0.3324,3.9557
LOT_0065,SPC_ATTR_196,4.838,11.5159
LOT_0065,SPC_ATTR_332,0.6813,9.4295
LOT_0065,SPC_ATTR_468,104.1248,11.2838
LOT_0065,SPC_ATTR_580,0.0556,4.0219
LOT_0065,SPC_ATTR_581,0.015,3.0822
LOT_0065,SPC_ATTR_588,0.0556,4.442
LOT_0065,SPC_ATTR_589,0.015,3.3893
LOT_0066,SPC_ATTR_485,934.2282,3.3733
LOT_0067,SPC_ATTR_109,0.2801,3.3529
LOT_0067,SPC_ATTR_159,2505.2998,3.6024
LOT_0067,SPC_ATTR_220,0.0117,5.1312
LOT_0067,SPC_ATTR_226,2492.7998,3.3514
LOT_0067,SPC_ATTR_294,879.226,3.9485
LOT_0067,SPC_ATTR_358,0.0036,5.1916
LOT_0067,SPC_ATTR_364,882.5964,3.9573
LOT_0067,SPC_ATTR_492,8.2199,4.7189
LOT_0067,SPC_ATTR_498,28.5414,3.3733
LOT_0068,SPC_ATTR_039,88.2109,3.0762
LOT_0069,SPC_ATTR_039,88.2847,3.2414
LOT_0069,SPC_ATTR_076,-0.0769,-3.14
LOT_0069,SPC_ATTR_080,0.0964,4.0269
LOT_0069,SPC_ATTR_139,107.6001,4.0499
LOT_0069,SPC_ATTR_274,39.8882,5.1448
LOT_0069,SPC_ATTR_349,0.0623,3.1693
LOT_0069,SPC_ATTR_412,4.7897,3.9415
LOT_0070,SPC_ATTR_076,-0.0989,-4.1269
LOT_0070,SPC_ATTR_080,0.0958,4.001
LOT_0071,SPC_ATTR_139,107.6001,4.0499
LOT_0071,SPC_ATTR_225,0.5337,6.6609
LOT_0071,SPC_ATTR_274,39.8882,5.1448
LOT_0071,SPC_ATTR_363,0.1616,6.6169
LOT_0071,SPC_ATTR_412,4.7897,3.9415
LOT_0071,SPC_ATTR_497,213.148,7.444
LOT_0073,SPC_ATTR_022,-2649.25,4.7368
LOT_0073,SPC_ATTR_023,1461.25,-4.19
LOT_0073,SPC_ATTR_026,0.441,-4.2953
LOT_0073,SPC_ATTR_027,0.8882,-5.5425
LOT_0073,SPC_ATTR_028,1.4625,-4.16
LOT_0073,SPC_ATTR_039,88.2425,3.147
LOT_0073,SPC_ATTR_160,5684.0,4.8841
LOT_0073,SPC_ATTR_161,3287.0,4.7523
LOT_0073,SPC_ATTR_164,0.913,6.335
LOT_0073,SPC_ATTR_165,1.795,6.8735
LOT_0073,SPC_ATTR_166,2.934,6.5843
LOT_0073,SPC_ATTR_295,3075.2411,5.6041
LOT_0073,SPC_ATTR_296,1713.3521,5.1506
LOT_0073,SPC_ATTR_299,0.5099,6.9458
LOT_0073,SPC_ATTR_300,1.0258,7.3803
LOT_0073,SPC_ATTR_301,1.6888,7.166
LOT_0073,SPC_ATTR_431,214.5513,5.439
LOT_0073,SPC_ATTR_432,224.9444,5.5663
LOT_0073,SPC_ATTR_435,207.0295,5.6377
LOT_0073,SPC_ATTR_436,202.0827,5.607
LOT_0073,SPC_ATTR_437,200.6154,5.5878
LOT_0073,SPC_ATTR_511,174.8988,3.1608
LOT_0074,SPC_ATTR_039,85.1414,-3.7944
LOT_0074,SPC_ATTR_040,111.7128,-3.855
LOT_0074,SPC_ATTR_058,0.9362,-3.1166
LOT_0074,SPC_ATTR_076,-0.0973,-4.0551
LOT_0074,SPC_ATTR_080,0.1013,4.2393
LOT_0074,SPC_ATTR_559,1.5121,6.1661
LOT_0075,SPC_ATTR_121,6.6967,3.104
LOT_0076,SPC_ATTR_039,88.3548,3.3983
LOT_0076,SPC_ATTR_161,3775.0,5.6013
LOT_0076,SPC_ATTR_296,1823.7921,5.5401
LOT_0077,SPC_ATTR_109,0.2745,3.2883
LOT_0077,SPC_ATTR_117,0.9369,-5.289
LOT_0078,SPC_ATTR_039,88.3282,3.3388
LOT_0078,SPC_ATTR_424,213.0178,4.1525
LOT_0078,SPC_ATTR_580,0.0542,3.8767
LOT_0078,SPC_ATTR_588,0.0542,4.283
LOT_0078,SPC_ATTR_589,0.014,3.0405
LOT_0079,SPC_ATTR_109,0.2968,3.5454
LOT_0079,SPC_ATTR_434,907.5269,3.1093
LOT_0080,SPC_ATTR_076,-0.1049,-4.3961
LOT_0080,SPC_ATTR_139,107.6001,4.0499
LOT_0080,SPC_ATTR_274,39.8882,5.1448
LOT_0080,SPC_ATTR_412,4.7897,3.9415
LOT_0081,SPC_ATTR_039,88.3282,3.3388
LOT_0082,SPC_ATTR_062,9.4952,-3.3758
LOT_0082,SPC_ATTR_076,-0.088,-3.6379
LOT_0082,SPC_ATTR_139,107.6001,4.0499
LOT_0082,SPC_ATTR_157,0.5645,6.3962
LOT_0082,SPC_ATTR_274,39.8882,5.1448
LOT_0082,SPC_ATTR_292,0.1737,6.0188
LOT_0082,SPC_ATTR_412,4.7897,3.9415
LOT_0082,SPC_ATTR_430,41.5704,5.8114
LOT_0082,SPC_ATTR_485,911.332,3.2659
LOT_0083,SPC_ATTR_039,88.2109,3.0762
LOT_0083,SPC_ATTR_139,95.4001,3.0616
LOT_0083,SPC_ATTR_274,36.4053,4.2355
LOT_0084,SPC_ATTR_117,0.9382,-5.1522
LOT_0085,SPC_ATTR_026,0.6565,-3.0819
LOT_0085,SPC_ATTR_027,1.3362,-3.1783
LOT_0085,SPC_ATTR_028,2.1907,-3.5748
LOT_0085,SPC_ATTR_039,88.3282,3.3388
LOT_0085,SPC_ATTR_076,-0.0929,-3.8578
LOT_0085,SPC_ATTR_139,107.6001,4.0499
LOT_0085,SPC_ATTR_160,7791.0,7.0275
LOT_0085,SPC_ATTR_161,3267.0,4.7175
LOT_0085,SPC_ATTR_164,0.899,6.2202
LOT_0085,SPC_ATTR_165,1.789,6.8488
LOT_0085,SPC_ATTR_166,2.963,6.6555
LOT_0085,SPC_ATTR_220,0.0105,4.4022
LOT_0085,SPC_ATTR_274,39.8882,5.1448
LOT_0085,SPC_ATTR_295,3277.3157,6.0277
LOT_0085,SPC_ATTR_296,1522.3693,4.477
LOT_0085,SPC_ATTR_299,0.438,5.8263
LOT_0085,SPC_ATTR_300,0.8909,6.3492
LOT_0085,SPC_ATTR_301,1.4613,6.1279
LOT_0085,SPC_ATTR_358,0.003,3.994
LOT_0085,SPC_ATTR_412,4.7897,3.9415
LOT_0085,SPC_ATTR_431,171.0053,4.2314
LOT_0085,SPC_ATTR_432,144.6055,3.3589
LOT_0085,SPC_ATTR_435,136.9383,3.5828
LOT_0085,SPC_ATTR_436,133.8821,3.6227
LOT_0085,SPC_ATTR_437,135.2505,3.6963
LOT_0085,SPC_ATTR_485,893.5167,3.1823
LOT_0085,SPC_ATTR_492,8.0405,4.5723
LOT_0086,SPC_ATTR_038,65.1893,-3.3931
LOT_0086,SPC_ATTR_157,0.4733,5.2443
LOT_0086,SPC_ATTR_196,4.838,11.5159
LOT_0086,SPC_ATTR_292,0.1427,4.8054
LOT_0086,SPC_ATTR_332,0.6813,9.4295
LOT_0086,SPC_ATTR_430,34.8972,4.7744
LOT_0086,SPC_ATTR_468,104.1248,11.2838
LOT_0086,SPC_ATTR_573,439.05,4.7576
LOT_0086,SPC_ATTR_574,1.2098,3.4778
LOT_0086,SPC_ATTR_575,137.833,4.7797
LOT_0086,SPC_ATTR_576,0.3739,3.9706
LOT_0086,SPC_ATTR_577,85.9341,4.7496
LOT_0086,SPC_ATTR_578,69.196,4.2093
LOT_0087,SPC_ATTR_002,2739.19,3.0263
LOT_0087,SPC_ATTR_196,4.838,11.5159
LOT_0087,SPC_ATTR_332,0.6813,9.4295
LOT_0087,SPC_ATTR_468,104.1248,11.2838
LOT_0087,SPC_ATTR_573,439.05,4.7576
LOT_0087,SPC_ATTR_574,1.2098,3.4778
LOT_0087,SPC_ATTR_575,137.833,4.7797
LOT_0087,SPC_ATTR_576,0.3739,3.9706
LOT_0087,SPC_ATTR_577,85.9341,4.7496
LOT_0087,SPC_ATTR_578,69.196,4.2093
LOT_0088,SPC_ATTR_559,1.296,3.5892
LOT_0089,SPC_ATTR_076,-0.0879,-3.6335
LOT_0089,SPC_ATTR_146,0.2381,6.5739
LOT_0089,SPC_ATTR_147,0.1252,3.2132
LOT_0089,SPC_ATTR_184,5.733,-3.0614
LOT_0089,SPC_ATTR_212,0.2064,5.9846
LOT_0089,SPC_ATTR_248,0.3297,4.1317
LOT_0089,SPC_ATTR_281,0.0755,8.8641
LOT_0089,SPC_ATTR_282,0.0344,3.4817
LOT_0089,SPC_ATTR_350,0.0892,6.0311
LOT_0089,SPC_ATTR_386,0.0642,3.6735
LOT_0089,SPC_ATTR_456,0.7975,-3.0256
LOT_0089,SPC_ATTR_520,76.0012,4.0642
LOT_0090,SPC_ATTR_196,4.838,11.5159
LOT_0090,SPC_ATTR_332,0.6813,9.4295
LOT_0090,SPC_ATTR_434,935.5316,3.2333
LOT_0090,SPC_ATTR_468,104.1248,11.2838
LOT_0090,SPC_ATTR_573,439.05,4.7576
LOT_0090,SPC_ATTR_574,1.2098,3.4778
LOT_0090,SPC_ATTR_575,137.833,4.7797
LOT_0090,SPC_ATTR_576,0.3739,3.9706
LOT_0090,SPC_ATTR_577,85.9341,4.7496
LOT_0090,SPC_ATTR_578,69.196,4.2093
LOT_0091,SPC_ATTR_054,4.761,3.0579
LOT_0091,SPC_ATTR_184,5.476,-3.099
LOT_0091,SPC_ATTR_456,0.7439,-3.0827
LOT_0092,SPC_ATTR_011,0.0349,3.7362
LOT_0092,SPC_ATTR_022,-2665.5,4.7109
LOT_0092,SPC_ATTR_023,1485.75,-4.1071
LOT_0092,SPC_ATTR_026,0.4525,-4.2305
LOT_0092,SPC_ATTR_027,0.8912,-5.5267
LOT_0092,SPC_ATTR_028,1.5433,-4.0951
LOT_0092,SPC_ATTR_160,5703.0,4.9035
LOT_0092,SPC_ATTR_161,3454.0,5.0428
LOT_0092,SPC_ATTR_164,0.957,6.6957
LOT_0092,SPC_ATTR_165,1.817,6.9642
LOT_0092,SPC_ATTR_166,3.168,7.1588
LOT_0092,SPC_ATTR_280,0.1172,3.7529
LOT_0092,SPC_ATTR_295,3092.805,5.6409
LOT_0092,SPC_ATTR_296,1760.2485,5.316
LOT_0092,SPC_ATTR_299,0.5242,7.1685
LOT_0092,SPC_ATTR_300,1.0295,7.4086
LOT_0092,SPC_ATTR_301,1.7832,7.5968
LOT_0092,SPC_ATTR_431,213.9561,5.4225
LOT_0092,SPC_ATTR_432,232.4752,5.7732
LOT_0092,SPC_ATTR_435,211.4917,5.7685
LOT_0092,SPC_ATTR_436,203.871,5.659
LOT_0092,SPC_ATTR_437,205.2811,5.7228
LOT_0093,SPC_ATTR_039,88.2074,3.0684
LOT_0093,SPC_ATTR_058,0.9362,-3.1166
LOT_0093,SPC_ATTR_139,107.6001,4.0499
LOT_0093,SPC_ATTR_274,39.8882,5.1448
LOT_0093,SPC_ATTR_412,4.7897,3.9415
LOT_0093,SPC_ATTR_433,678.8889,4.5925
LOT_0094,SPC_ATTR_027,1.3355,-3.182
LOT_0094,SPC_ATTR_028,2.4405,-3.374
LOT_0094,SPC_ATTR_039,85.1414,-3.7944
LOT_0094,SPC_ATTR_040,111.7128,-3.855
LOT_0094,SPC_ATTR_063,89.8127,-3.093
LOT_0094,SPC_ATTR_072,211.8448,3.3968
LOT_0094,SPC_ATTR_160,7716.0,6.9512
LOT_0094,SPC_ATTR_161,3046.0,4.333
LOT_0094,SPC_ATTR_164,0.954,6.6711
LOT_0094,SPC_ATTR_165,1.8,6.8941
LOT_0094,SPC_ATTR_166,3.286,7.4485
LOT_0094,SPC_ATTR_295,3308.1092,6.0922
LOT_0094,SPC_ATTR_296,1424.5622,4.1321
LOT_0094,SPC_ATTR_299,0.4591,6.1549
LOT_0094,SPC_ATTR_300,0.8905,6.3461
LOT_0094,SPC_ATTR_301,1.6276,6.8868
LOT_0094,SPC_ATTR_431,164.3363,4.0464
LOT_0094,SPC_ATTR_432,144.7031,3.3615
LOT_0094,SPC_ATTR_435,138.8141,3.6378
LOT_0094,SPC_ATTR_436,134.781,3.6489
LOT_0094,SPC_ATTR_437,134.6445,3.6788
LOT_0095,SPC_ATTR_573,439.05,4.7576
LOT_0095,SPC_ATTR_574,1.2098,3.4778
LOT_0095,SPC_ATTR_575,137.833,4.7797
LOT_0095,SPC_ATTR_576,0.3739,3.9706
LOT_0095,SPC_ATTR_577,85.9341,4.7496
LOT_0095,SPC_ATTR_578,69.196,4.2093
LOT_0096,SPC_ATTR_038,64.9193,-4.2808
LOT_0096,SPC_ATTR_093,-0.0105,-3.4067
LOT_0096,SPC_ATTR_106,0.0106,3.466
LOT_0096,SPC_ATTR_109,0.255,3.0636
LOT_0096,SPC_ATTR_136,299.0,3.1461
LOT_0096,SPC_ATTR_196,4.838,11.5159
LOT_0096,SPC_ATTR_220,0.0117,5.1312
LOT_0096,SPC_ATTR_332,0.6813,9.4295
LOT_0096,SPC_ATTR_358,0.0036,5.1916
LOT_0096,SPC_ATTR_409,13.7283,3.2533
LOT_0096,SPC_ATTR_468,104.1248,11.2838
LOT_0096,SPC_ATTR_492,8.2199,4.7189
LOT_0097,SPC_ATTR_022,-2609.25,4.8006
LOT_0097,SPC_ATTR_023,1505.5,-4.0402
LOT_0097,SPC_ATTR_026,0.438,-4.3122
LOT_0097,SPC_ATTR_027,0.8925,-5.5198
LOT_0097,SPC_ATTR_028,1.4817,-4.1446
LOT_0097,SPC_ATTR_039,88.3548,3.3983
LOT_0097,SPC_ATTR_160,5480.0,4.6766
LOT_0097,SPC_ATTR_161,3218.0,4.6322
LOT_0097,SPC_ATTR_164,0.895,6.1874
LOT_0097,SPC_ATTR_165,1.801,6.8982
LOT_0097,SPC_ATTR_166,2.98,6.6972
LOT_0097,SPC_ATTR_295,3020.4584,5.4892
LOT_0097,SPC_ATTR_296,1746.5985,5.2679
LOT_0097,SPC_ATTR_299,0.506,6.8851
LOT_0097,SPC_ATTR_300,1.0307,7.4178
LOT_0097,SPC_ATTR_301,1.711,7.2673
LOT_0097,SPC_ATTR_431,210.022,5.3134
LOT_0097,SPC_ATTR_432,213.7496,5.2587
LOT_0097,SPC_ATTR_435,204.3379,5.5588
LOT_0097,SPC_ATTR_436,201.7927,5.5986
LOT_0097,SPC_ATTR_437,201.1135,5.6022
LOT_0097,SPC_ATTR_559,1.5024,6.0505
LOT_0098,SPC_ATTR_077,-0.139,-3.3012
LOT_0098,SPC_ATTR_080,0.0893,3.7193
LOT_0098,SPC_ATTR_184,5.014,-3.1666
LOT_0098,SPC_ATTR_248,0.2973,3.6472
LOT_0098,SPC_ATTR_456,0.6948,-3.135
LOT_0098,SPC_ATTR_520,64.1552,3.3151
LOT_0099,SPC_ATTR_076,-0.0819,-3.3643
LOT_0099,SPC_ATTR_473,292.8947,3.2497
LOT_0100,SPC_ATTR_022,-1502.75,6.5659
LOT_0100,SPC_ATTR_023,606.5,-7.0825
LOT_0100,SPC_ATTR_026,0.2367,-5.4456
LOT_0100,SPC_ATTR_027,0.4368,-7.9246
LOT_0100,SPC_ATTR_028,0.7555,-4.7283
LOT_0100,SPC_ATTR_039,88.3312,3.3455
LOT_0100,SPC_ATTR_063,90.29,-3.0377
LOT_0100,SPC_ATTR_076,-0.0748,-3.0458
LOT_0100,SPC_ATTR_160,6011.0,5.2168
LOT_0100,SPC_ATTR_161,2426.0,3.2544
LOT_0100,SPC_ATTR_164,0.947,6.6137
LOT_0100,SPC_ATTR_165,1.747,6.6756
LOT_0100,SPC_ATTR_166,3.022,6.8003
LOT_0100,SPC_ATTR_248,0.4075,5.2949
LOT_0100,SPC_ATTR_295,3005.5,5.4579
LOT_0100,SPC_ATTR_296,1213.0,3.3859
LOT_0100,SPC_ATTR_299,0.4735,6.3791
LOT_0100,SPC_ATTR_300,0.8735,6.2162
LOT_0100,SPC_ATTR_301,1.511,6.3547
LOT_0100,SPC_ATTR_386,0.0739,4.3487
LOT_0100,SPC_ATTR_431,400.0,10.5817
LOT_0100,SPC_ATTR_432,400.0,10.3761
LOT_0100,SPC_ATTR_435,400.0,11.2952
LOT_0100,SPC_ATTR_436,400.0,11.3655
LOT_0100,SPC_ATTR_437,400.0,11.3574
LOT_0100,SPC_ATTR_520,92.0761,5.0807
LOT_0101,SPC_ATTR_077,-0.1347,-3.1717
LOT_0101,SPC_ATTR_080,0.0915,3.8146
LOT_0102,SPC_ATTR_015,17.8597,3.1661
LOT_0102,SPC_ATTR_019,198.736,3.1242
LOT_0102,SPC_ATTR_076,-0.0768,-3.1355
LOT_0102,SPC_ATTR_151,17.233,3.2138
LOT_0102,SPC_ATTR_286,5.021,3.0129
LOT_0103,SPC_ATTR_015,18.8626,3.5247
LOT_0103,SPC_ATTR_019,199.1236,3.2636
LOT_0103,SPC_ATTR_076,-0.0884,-3.6559
LOT_0103,SPC_ATTR_080,0.0772,3.1951
LOT_0103,SPC_ATTR_151,18.857,3.7148
LOT_0103,SPC_ATTR_286,5.9393,3.9666
LOT_0103,SPC_ATTR_565,15.07,3.275
LOT_0103,SPC_ATTR_567,6.4277,3.6958
LOT_0103,SPC_ATTR_569,5.6545,3.2129
LOT_0103,SPC_ATTR_573,420.24,4.5396
LOT_0103,SPC_ATTR_574,1.4316,4.3705
LOT_0103,SPC_ATTR_575,116.2324,3.9773
LOT_0103,SPC_ATTR_576,0.3807,4.0709
LOT_0103,SPC_ATTR_577,76.326,4.1818
LOT_0103,SPC_ATTR_578,66.455,3.9897
LOT_0104,SPC_ATTR_076,-0.0849,-3.4989
LOT_0104,SPC_ATTR_080,0.0916,3.819
LOT_0104,SPC_ATTR_145,0.3109,3.1119
LOT_0104,SPC_ATTR_184,6.093,-3.0088
LOT_0107,SPC_ATTR_039,88.4188,3.5416
LOT_0108,SPC_ATTR_076,-0.0788,-3.2252
LOT_0108,SPC_ATTR_080,0.0918,3.8276
LOT_0108,SPC_ATTR_109,0.2791,3.3414
LOT_0108,SPC_ATTR_485,927.5362,3.3419
LOT_0109,SPC_ATTR_567,5.7707,3.0596
LOT_0110,SPC_ATTR_039,88.4188,3.5416
LOT_0110,SPC_ATTR_076,-0.0892,-3.6918
LOT_0110,SPC_ATTR_117,0.89,-10.2274
LOT_0110,SPC_ATTR_252,0.9909,26.3294
LOT_0110,SPC_ATTR_390,0.3127,26.3509
LOT_0110,SPC_ATTR_524,111.333,26.7334
LOT_0111,SPC_ATTR_038,65.1893,-3.3931
LOT_0111,SPC_ATTR_109,0.3119,3.7194
LOT_0111,SPC_ATTR_220,0.0117,5.1312
LOT_0111,SPC_ATTR_358,0.0036,5.1916
LOT_0111,SPC_ATTR_492,8.2199,4.7189
LOT_0112,SPC_ATTR_136,551.0,7.5253
LOT_0112,SPC_ATTR_271,74.3874,5.371
LOT_0112,SPC_ATTR_409,25.187,7.6979
LOT_0113,SPC_ATTR_039,88.2109,3.0762
LOT_0113,SPC_ATTR_076,-0.0785,-3.2118
LOT_0113,SPC_ATTR_077,-0.1478,-3.5662
LOT_0113,SPC_ATTR_080,0.085,3.533
LOT_0113,SPC_ATTR_121,6.7662,3.6631
LOT_0113,SPC_ATTR_163,28916.0,3.6803
LOT_0113,SPC_ATTR_298,12760.166,3.2283
LOT_0114,SPC_ATTR_119,0.5392,-7.3083
LOT_0114,SPC_ATTR_148,0.2157,7.3107
LOT_0114,SPC_ATTR_154,0.1879,18.8288
LOT_0114,SPC_ATTR_283,0.0654,6.9743
LOT_0114,SPC_ATTR_289,0.0571,18.1117
LOT_0114,SPC_ATTR_421,22.8941,6.8917
LOT_0114,SPC_ATTR_427,19.7458,18.5934
LOT_0115,SPC_ATTR_212,0.175,4.7289
LOT_0115,SPC_ATTR_220,0.0105,4.4022
LOT_0115,SPC_ATTR_350,0.0715,4.3618
LOT_0115,SPC_ATTR_358,0.003,3.994
LOT_0115,SPC_ATTR_492,8.0405,4.5723
LOT_0116,SPC_ATTR_039,88.2207,3.0982
LOT_0116,SPC_ATTR_550,6.2712,8.3285
LOT_0116,SPC_ATTR_552,11.42,7.486
LOT_0116,SPC_ATTR_553,2.5245,8.1374
LOT_0116,SPC_ATTR_555,4.6523,6.9277
LOT_0116,SPC_ATTR_556,303.55,6.9816
LOT_0116,SPC_ATTR_558,15.6096,7.4777
LOT_0117,SPC_ATTR_039,88.4188,3.5416
LOT_0117,SPC_ATTR_151,18.415,3.5784
LOT_0117,SPC_ATTR_485,963.8095,3.5121
LOT_0118,SPC_ATTR_002,2810.12,3.9085
LOT_0119,SPC_ATTR_039,88.2109,3.0762
LOT_0120,SPC_ATTR_220,0.0105,4.4022
LOT_0120,SPC_ATTR_358,0.003,3.994
LOT_0120,SPC_ATTR_492,8.0405,4.5723
LOT_0120,SPC_ATTR_566,0.5631,5.1464
LOT_0120,SPC_ATTR_568,0.2341,5.3116
LOT_0120,SPC_ATTR_570,79.4174,5.7082
LOT_0121,SPC_ATTR_015,18.1408,3.2666
LOT_0121,SPC_ATTR_091,10746.6,4.8423
LOT_0121,SPC_ATTR_151,17.579,3.3206
LOT_0121,SPC_ATTR_196,4.838,11.5159
LOT_0121,SPC_ATTR_286,6.8698,4.9329
LOT_0121,SPC_ATTR_332,0.6813,9.4295
LOT_0121,SPC_ATTR_468,104.1248,11.2838
LOT_0121,SPC_ATTR_511,301.4493,6.5183
LOT_0122,SPC_ATTR_038,65.1902,-3.3901
LOT_0122,SPC_ATTR_087,2.2481,-4.119
LOT_0122,SPC_ATTR_220,0.0117,5.1312
LOT_0122,SPC_ATTR_358,0.0036,5.1916
LOT_0122,SPC_ATTR_492,8.2199,4.7189
LOT_0122,SPC_ATTR_580,0.0547,3.9285
LOT_0122,SPC_ATTR_588,0.0547,4.3398
LOT_0122,SPC_ATTR_589,0.0147,3.2846
LOT_0124,SPC_ATTR_013,210.5179,3.2423
LOT_0124,SPC_ATTR_019,200.1544,3.6343
LOT_0124,SPC_ATTR_039,88.2207,3.0982
LOT_0124,SPC_ATTR_117,0.958,-3.0673
LOT_0124,SPC_ATTR_424,178.7377,3.1008
LOT_0124,SPC_ATTR_511,243.4783,4.9803
LOT_0126,SPC_ATTR_039,88.24,3.1414
LOT_0126,SPC_ATTR_151,17.633,3.3372
LOT_0126,SPC_ATTR_566,0.5451,4.9246
LOT_0126,SPC_ATTR_568,0.2117,4.6279
LOT_0126,SPC_ATTR_570,60.273,3.8338
LOT_0127,SPC_ATTR_039,88.2207,3.0982
LOT_0127,SPC_ATTR_065,36.0945,3.1246
LOT_0128,SPC_ATTR_559,1.296,3.5892
LOT_0129,SPC_ATTR_038,65.1893,-3.3931
LOT_0129,SPC_ATTR_552,6.84,4.1211
LOT_0129,SPC_ATTR_555,2.8545,3.9256
LOT_0129,SPC_ATTR_558,9.3791,4.1466
LOT_0130,SPC_ATTR_039,88.2109,3.0762
LOT_0131,SPC_ATTR_013,210.618,3.273
LOT_0131,SPC_ATTR_019,200.3134,3.6914
LOT_0131,SPC_ATTR_091,10358.1,3.862
LOT_0131,SPC_ATTR_116,913.7342,3.3984
LOT_0131,SPC_ATTR_117,0.9586,-3.0041
LOT_0131,SPC_ATTR_119,0.5643,-4.2103
LOT_0131,SPC_ATTR_254,0.4517,18.6615
LOT_0131,SPC_ATTR_392,0.1345,18.3354
LOT_0131,SPC_ATTR_526,80.0406,18.9983
LOT_0132,SPC_ATTR_079,0.1347,3.0987
LOT_0132,SPC_ATTR_094,0.011,3.8342
LOT_0132,SPC_ATTR_107,-0.011,-3.8621
LOT_0132,SPC_ATTR_214,0.5775,9.7521
LOT_0132,SPC_ATTR_352,0.2839,10.435
LOT_0133,SPC_ATTR_039,88.2074,3.0684
LOT_0133,SPC_ATTR_085,0.1505,3.4433
LOT_0133,SPC_ATTR_220,0.0103,4.2807
LOT_0133,SPC_ATTR_358,0.0034,4.7924
LOT_0133,SPC_ATTR_492,6.8146,3.571
LOT_0134,SPC_ATTR_039,85.1414,-3.7944
LOT_0134,SPC_ATTR_040,111.7128,-3.855
LOT_0134,SPC_ATTR_063,90.3318,-3.0328
LOT_0134,SPC_ATTR_064,39.6172,3.5994
LOT_0134,SPC_ATTR_065,39.1518,3.7388
LOT_0134,SPC_ATTR_196,4.838,11.5159
LOT_0134,SPC_ATTR_332,0.6813,9.4295
LOT_0134,SPC_ATTR_468,104.1248,11.2838
LOT_0135,SPC_ATTR_039,88.2109,3.0762
LOT_0135,SPC_ATTR_571,466.5409,-3.6562
LOT_0135,SPC_ATTR_575,104.372,3.5367
LOT_0135,SPC_ATTR_577,60.6656,3.2563
LOT_0136,SPC_ATTR_039,88.2109,3.0762
LOT_0136,SPC_ATTR_121,6.7772,3.7516
LOT_0137,SPC_ATTR_096,0.0004,3.2692
LOT_0138,SPC_ATTR_039,88.4188,3.5416
LOT_0140,SPC_ATTR_039,88.4188,3.5416
LOT_0141,SPC_ATTR_226,2887.2002,4.2619
LOT_0141,SPC_ATTR_364,788.762,3.2812
LOT_0141,SPC_ATTR_498,30.7942,3.8278
LOT_0142,SPC_ATTR_065,37.9336,3.494
LOT_0142,SPC_ATTR_066,50.0217,3.2141
LOT_0143,SPC_ATTR_039,88.4188,3.5416
LOT_0143,SPC_ATTR_147,0.1664,5.0993
LOT_0143,SPC_ATTR_282,0.0384,4.2031
LOT_0144,SPC_ATTR_022,-3293.5,3.709
LOT_0144,SPC_ATTR_023,1515.5,-4.0064
LOT_0144,SPC_ATTR_026,0.4417,-4.2914
LOT_0144,SPC_ATTR_027,0.893,-5.5172
LOT_0144,SPC_ATTR_028,1.522,-4.1122
LOT_0144,SPC_ATTR_039,88.2425,3.147
LOT_0144,SPC_ATTR_063,81.49,-4.0575
LOT_0144,SPC_ATTR_064,38.8027,3.485
LOT_0144,SPC_ATTR_065,48.3127,5.5793
LOT_0144,SPC_ATTR_066,50.757,3.3174
LOT_0144,SPC_ATTR_067,667.8784,-3.3373
LOT_0144,SPC_ATTR_071,581.7773,-3.9127
LOT_0144,SPC_ATTR_160,7669.0,6.9034
LOT_0144,SPC_ATTR_161,3295.0,4.7662
LOT_0144,SPC_ATTR_164,0.901,6.2366
LOT_0144,SPC_ATTR_165,1.798,6.8859
LOT_0144,SPC_ATTR_166,3.062,6.8985
LOT_0144,SPC_ATTR_295,3904.2719,7.3419
LOT_0144,SPC_ATTR_296,1763.1745,5.3263
LOT_0144,SPC_ATTR_299,0.5103,6.9521
LOT_0144,SPC_ATTR_300,1.0312,7.4216
LOT_0144,SPC_ATTR_301,1.7575,7.4795
LOT_0144,SPC_ATTR_431,232.8526,5.9465
LOT_0144,SPC_ATTR_432,217.42,5.3595
LOT_0144,SPC_ATTR_435,203.9615,5.5478
LOT_0144,SPC_ATTR_436,201.3438,5.5855
LOT_0144,SPC_ATTR_437,201.1827,5.6042
LOT_0145,SPC_ATTR_022,-1918.25,5.903
LOT_0145,SPC_ATTR_023,736.75,-6.6418
LOT_0145,SPC_ATTR_026,0.219,-5.5453
LOT_0145,SPC_ATTR_027,0.4445,-7.884
LOT_0145,SPC_ATTR_028,0.7415,-4.7395
LOT_0145,SPC_ATTR_039,88.3282,3.3388
LOT_0145,SPC_ATTR_119,0.5647,-4.1609
LOT_0145,SPC_ATTR_160,7673.0,6.9074
LOT_0145,SPC_ATTR_161,2947.0,4.1608
LOT_0145,SPC_ATTR_164,0.876,6.0317
LOT_0145,SPC_ATTR_165,1.778,6.8034
LOT_0145,SPC_ATTR_166,2.966,6.6629
LOT_0145,SPC_ATTR_254,0.4507,18.6169
LOT_0145,SPC_ATTR_295,3836.5,7.1998
LOT_0145,SPC_ATTR_296,1473.5,4.3047
LOT_0145,SPC_ATTR_299,0.438,5.8263
LOT_0145,SPC_ATTR_300,0.889,6.3347
LOT_0145,SPC_ATTR_301,1.483,6.2269
LOT_0145,SPC_ATTR_392,0.131,17.816
LOT_0145,SPC_ATTR_431,400.0,10.5817
LOT_0145,SPC_ATTR_432,400.0,10.3761
LOT_0145,SPC_ATTR_435,400.0,11.2952
LOT_0145,SPC_ATTR_436,400.0,11.3655
LOT_0145,SPC_ATTR_437,400.0,11.3574
LOT_0145,SPC_ATTR_526,79.8006,18.937
LOT_0145,SPC_ATTR_582,397.5003,3.4228
LOT_0145,SPC_ATTR_590,397.5003,3.1721
LOT_0146,SPC_ATTR_039,88.24,3.1414
LOT_0146,SPC_ATTR_215,0.5211,7.7553
LOT_0146,SPC_ATTR_353,0.1273,7.9003
LOT_0146,SPC_ATTR_590,397.5003,3.1721
LOT_0147,SPC_ATTR_590,397.5003,3.1721
LOT_0148,SPC_ATTR_039,88.2207,3.0982
LOT_0148,SPC_ATTR_590,397.5003,3.1721
LOT_0149,SPC_ATTR_248,0.3002,3.6906
LOT_0149,SPC_ATTR_354,0.0871,3.0175
LOT_0149,SPC_ATTR_520,63.7908,3.2921
LOT_0149,SPC_ATTR_590,397.5003,3.1721
LOT_0150,SPC_ATTR_063,88.4391,-3.2522
LOT_0150,SPC_ATTR_064,40.0636,3.6621
LOT_0150,SPC_ATTR_065,41.2055,4.1514
LOT_0150,SPC_ATTR_066,49.0237,3.074
LOT_0150,SPC_ATTR_071,589.64,-3.0885
LOT_0150,SPC_ATTR_217,0.1666,3.2261
LOT_0150,SPC_ATTR_559,1.3569,4.3154
LOT_0150,SPC_ATTR_561,0.2722,3.8729
LOT_0151,SPC_ATTR_088,0.9142,-5.3098
LOT_0151,SPC_ATTR_216,0.3035,7.3077
LOT_0151,SPC_ATTR_223,0.651,11.4804
LOT_0151,SPC_ATTR_354,0.1441,6.6952
LOT_0151,SPC_ATTR_361,0.2046,10.0812
LOT_0151,SPC_ATTR_495,71.2133,10.6205
LOT_0152,SPC_ATTR_021,1.3454,-3.5642
LOT_0152,SPC_ATTR_108,0.2673,3.0759
LOT_0152,SPC_ATTR_559,1.4224,5.0965
LOT_0154,SPC_ATTR_092,-0.2801,-3.2223
LOT_0154,SPC_ATTR_108,-0.2753,-3.127
LOT_0154,SPC_ATTR_228,0.0607,3.8653
LOT_0154,SPC_ATTR_248,0.3004,3.6936
LOT_0154,SPC_ATTR_366,0.0136,3.163
LOT_0154,SPC_ATTR_520,63.8524,3.296
LOT_0155,SPC_ATTR_121,6.7499,3.532
LOT_0157,SPC_ATTR_039,88.2074,3.0684
LOT_0158,SPC_ATTR_039,88.4188,3.5416
LOT_0158,SPC_ATTR_072,222.2734,3.7263
LOT_0158,SPC_ATTR_414,179.3389,3.2494
LOT_0160,SPC_ATTR_065,41.5664,4.2239
LOT_0160,SPC_ATTR_066,52.5262,3.5658
LOT_0161,SPC_ATTR_015,19.5465,3.7693
LOT_0161,SPC_ATTR_151,22.318,4.7824
LOT_0161,SPC_ATTR_286,6.6897,4.7459
LOT_0162,SPC_ATTR_039,88.24,3.1414
LOT_0162,SPC_ATTR_511,289.6552,6.2054
LOT_0164,SPC_ATTR_027,1.326,-3.2322
LOT_0164,SPC_ATTR_028,2.3273,-3.465
LOT_0164,SPC_ATTR_160,5921.0,5.1252
LOT_0164,SPC_ATTR_161,2844.0,3.9816
LOT_0164,SPC_ATTR_164,0.949,6.6301
LOT_0164,SPC_ATTR_165,1.779,6.8075
LOT_0164,SPC_ATTR_166,3.133,7.0728
LOT_0164,SPC_ATTR_196,4.838,11.5159
LOT_0164,SPC_ATTR_295,2826.3162,5.0823
LOT_0164,SPC_ATTR_296,1369.1151,3.9365
LOT_0164,SPC_ATTR_299,0.4588,6.1502
LOT_0164,SPC_ATTR_300,0.8841,6.2972
LOT_0164,SPC_ATTR_301,1.5519,6.5413
LOT_0164,SPC_ATTR_332,0.6813,9.4295
LOT_0164,SPC_ATTR_431,140.0426,3.3727
LOT_0164,SPC_ATTR_432,139.5315,3.2194
LOT_0164,SPC_ATTR_435,138.0866,3.6164
LOT_0164,SPC_ATTR_436,134.1629,3.6309
LOT_0164,SPC_ATTR_437,134.6224,3.6782
LOT_0164,SPC_ATTR_468,104.1248,11.2838
LOT_0164,SPC_ATTR_559,1.3569,4.3154
LOT_0164,SPC_ATTR_561,0.2722,3.8729
LOT_0164,SPC_ATTR_573,439.05,4.7576
LOT_0164,SPC_ATTR_574,1.2098,3.4778
LOT_0164,SPC_ATTR_575,137.833,4.7797
LOT_0164,SPC_ATTR_576,0.3739,3.9706
LOT_0164,SPC_ATTR_577,85.9341,4.7496
LOT_0164,SPC_ATTR_578,69.196,4.2093
LOT_0168,SPC_ATTR_065,37.4173,3.3903
LOT_0168,SPC_ATTR_169,0.319,4.085
LOT_0168,SPC_ATTR_304,0.0995,4.0766
LOT_0170,SPC_ATTR_065,35.5718,3.0195
LOT_0170,SPC_ATTR_082,-0.0766,-3.2576
LOT_0170,SPC_ATTR_108,-0.5226,-5.9541
LOT_0170,SPC_ATTR_228,0.0684,4.5812
LOT_0170,SPC_ATTR_346,93.2429,4.8698
LOT_0170,SPC_ATTR_347,92.5861,5.0836
LOT_0170,SPC_ATTR_366,0.0187,5.0832
LOT_0171,SPC_ATTR_039,88.2207,3.0982
LOT_0171,SPC_ATTR_511,205.5866,3.975
LOT_0172,SPC_ATTR_039,88.24,3.1414
LOT_0172,SPC_ATTR_184,5.381,-3.1129
LOT_0172,SPC_ATTR_456,0.7465,-3.0799
LOT_0173,SPC_ATTR_026,0.6518,-3.1084
LOT_0173,SPC_ATTR_027,1.3408,-3.1541
LOT_0173,SPC_ATTR_028,2.1807,-3.5828
LOT_0173,SPC_ATTR_039,88.2425,3.147
LOT_0173,SPC_ATTR_080,0.0747,3.0867
LOT_0173,SPC_ATTR_160,7708.0,6.9431
LOT_0173,SPC_ATTR_161,3235.0,4.6618
LOT_0173,SPC_ATTR_164,0.875,6.0235
LOT_0173,SPC_ATTR_165,1.793,6.8653
LOT_0173,SPC_ATTR_166,2.926,6.5647
LOT_0173,SPC_ATTR_295,3616.6944,6.7391
LOT_0173,SPC_ATTR_296,1593.2287,4.7269
LOT_0173,SPC_ATTR_299,0.4345,5.7718
LOT_0173,SPC_ATTR_300,0.8938,6.3714
LOT_0173,SPC_ATTR_301,1.4539,6.0941
LOT_0173,SPC_ATTR_431,151.9342,3.7025
LOT_0173,SPC_ATTR_432,135.3981,3.1059
LOT_0173,SPC_ATTR_435,134.2539,3.5041
LOT_0173,SPC_ATTR_436,133.7311,3.6183
LOT_0173,SPC_ATTR_437,134.174,3.6652
LOT_0174,SPC_ATTR_012,0.9022,-4.9914
LOT_0174,SPC_ATTR_018,0.9083,-5.235
LOT_0174,SPC_ATTR_109,0.332,3.9511
LOT_0174,SPC_ATTR_147,0.2479,8.8303
LOT_0174,SPC_ATTR_154,0.0657,5.7537
LOT_0174,SPC_ATTR_282,0.0544,7.0885
LOT_0174,SPC_ATTR_289,0.0218,6.0886
LOT_0174,SPC_ATTR_427,7.2347,6.0272
LOT_0174,SPC_ATTR_485,955.8824,3.4749
LOT_0174,SPC_ATTR_567,5.8148,3.1023
LOT_0175,SPC_ATTR_039,88.2207,3.0982
LOT_0175,SPC_ATTR_212,0.1371,3.2132
LOT_0175,SPC_ATTR_219,7.9727,3.5895
LOT_0175,SPC_ATTR_350,0.0594,3.2206
LOT_0175,SPC_ATTR_357,2.4849,3.0659
LOT_0175,SPC_ATTR_481,191.6302,3.2471
LOT_0175,SPC_ATTR_491,126.6469,4.1717
LOT_0176,SPC_ATTR_145,0.3229,3.3075
LOT_0176,SPC_ATTR_280,0.1028,3.0432
LOT_0176,SPC_ATTR_511,252.6316,5.2231
LOT_0176,SPC_ATTR_565,32.58,9.9237
LOT_0176,SPC_ATTR_567,14.0141,11.0415
LOT_0176,SPC_ATTR_569,12.7462,10.3284
LOT_0178,SPC_ATTR_039,88.2894,3.2519
LOT_0178,SPC_ATTR_161,2940.0,4.1486
LOT_0178,SPC_ATTR_296,1402.906,4.0557
LOT_0179,SPC_ATTR_146,0.2449,6.8301
LOT_0179,SPC_ATTR_281,0.0533,5.4398
LOT_0180,SPC_ATTR_045,10.6071,3.2903
LOT_0180,SPC_ATTR_046,108.8464,-3.5541
LOT_0180,SPC_ATTR_063,86.5655,-3.4693
LOT_0180,SPC_ATTR_071,588.2882,-3.2302
LOT_0180,SPC_ATTR_136,371.0,4.3973
LOT_0180,SPC_ATTR_172,0.4375,5.2223
LOT_0180,SPC_ATTR_271,59.1771,3.5607
LOT_0180,SPC_ATTR_307,0.1683,4.7117
LOT_0180,SPC_ATTR_409,16.4608,4.3132
LOT_0180,SPC_ATTR_443,4.4425,4.6985
LOT_0181,SPC_ATTR_039,88.24,3.1414
LOT_0182,SPC_ATTR_184,6.119,-3.005
LOT_0182,SPC_ATTR_571,367.44,-9.3192
LOT_0182,SPC_ATTR_574,1.1022,3.0448
LOT_0183,SPC_ATTR_039,88.24,3.1414
LOT_0184,SPC_ATTR_022,-2595.0,4.8234
LOT_0184,SPC_ATTR_023,1455.5,-4.2094
LOT_0184,SPC_ATTR_026,0.4527,-4.2294
LOT_0184,SPC_ATTR_027,0.888,-5.5436
LOT_0184,SPC_ATTR_028,1.564,-4.0785
LOT_0184,SPC_ATTR_160,5978.0,5.1832
LOT_0184,SPC_ATTR_161,3363.0,4.8845
LOT_0184,SPC_ATTR_164,0.944,6.5891
LOT_0184,SPC_ATTR_165,1.799,6.89
LOT_0184,SPC_ATTR_166,3.187,7.2054
LOT_0184,SPC_ATTR_295,3064.7451,5.5821
LOT_0184,SPC_ATTR_296,1720.71,5.1766
LOT_0184,SPC_ATTR_299,0.5237,7.1607
LOT_0184,SPC_ATTR_300,1.0255,7.378
LOT_0184,SPC_ATTR_301,1.8066,7.7036
LOT_0184,SPC_ATTR_360,0.0456,3.6099
LOT_0184,SPC_ATTR_431,230.3661,5.8775
LOT_0184,SPC_ATTR_432,231.0546,5.7341
LOT_0184,SPC_ATTR_435,208.5036,5.6809
LOT_0184,SPC_ATTR_436,202.5901,5.6218
LOT_0184,SPC_ATTR_437,203.7724,5.6792
LOT_0185,SPC_ATTR_136,371.0,4.3973
LOT_0185,SPC_ATTR_145,0.309,3.0809
LOT_0185,SPC_ATTR_146,0.2224,5.9824
LOT_0185,SPC_ATTR_172,0.4375,5.2223
LOT_0185,SPC_ATTR_271,59.1771,3.5607
LOT_0185,SPC_ATTR_281,0.0496,4.869
LOT_0185,SPC_ATTR_307,0.1683,4.7117
LOT_0185,SPC_ATTR_409,16.4608,4.3132
LOT_0185,SPC_ATTR_443,4.4425,4.6985
LOT_0185,SPC_ATTR_511,202.7397,3.8994
LOT_0186,SPC_ATTR_522,1000.0,9.5846
LOT_0187,SPC_ATTR_022,-1480.75,6.601
LOT_0187,SPC_ATTR_023,609.5,-7.0724
LOT_0187,SPC_ATTR_026,0.2315,-5.4749
LOT_0187,SPC_ATTR_027,0.4385,-7.9157
LOT_0187,SPC_ATTR_028,0.7652,-4.7205
LOT_0187,SPC_ATTR_039,88.3312,3.3455
LOT_0187,SPC_ATTR_160,5923.0,5.1273
LOT_0187,SPC_ATTR_161,2438.0,3.2753
LOT_0187,SPC_ATTR_164,0.926,6.4415
LOT_0187,SPC_ATTR_165,1.754,6.7045
LOT_0187,SPC_ATTR_166,3.061,6.8961
LOT_0187,SPC_ATTR_295,2961.5,5.3657
LOT_0187,SPC_ATTR_296,1219.0,3.407
LOT_0187,SPC_ATTR_299,0.463,6.2156
LOT_0187,SPC_ATTR_300,0.877,6.2429
LOT_0187,SPC_ATTR_301,1.5305,6.4437
LOT_0187,SPC_ATTR_431,400.0,10.5817
LOT_0187,SPC_ATTR_432,400.0,10.3761
LOT_0187,SPC_ATTR_435,400.0,11.2952
LOT_0187,SPC_ATTR_436,400.0,11.3655
LOT_0187,SPC_ATTR_437,400.0,11.3574
LOT_0188,SPC_ATTR_065,39.5164,3.812
LOT_0188,SPC_ATTR_066,49.9263,3.2007
LOT_0189,SPC_ATTR_011,0.0285,3.0482
LOT_0189,SPC_ATTR_039,88.2074,3.0684
LOT_0189,SPC_ATTR_282,0.033,3.2292
LOT_0190,SPC_ATTR_486,869.3446,3.0556
LOT_0190,SPC_ATTR_511,171.1628,3.0617
LOT_0191,SPC_ATTR_046,164.5955,3.5484
LOT_0191,SPC_ATTR_434,908.0021,3.1114
LOT_0192,SPC_ATTR_046,163.1527,3.3646
LOT_0192,SPC_ATTR_225,0.467,5.7243
LOT_0192,SPC_ATTR_363,0.1433,5.7714
LOT_0192,SPC_ATTR_497,194.72,6.6955
LOT_0193,SPC_ATTR_065,37.9573,3.4988
LOT_0193,SPC_ATTR_066,48.6919,3.0274
LOT_0194,SPC_ATTR_046,167.1618,3.8754
LOT_0194,SPC_ATTR_063,144.5618,3.2518
LOT_0194,SPC_ATTR_082,-0.093,-4.2211
LOT_0194,SPC_ATTR_108,-0.3425,-3.8952
LOT_0195,SPC_ATTR_065,36.72,3.2502
LOT_0195,SPC_ATTR_485,980.0643,3.5884
LOT_0196,SPC_ATTR_022,-3345.75,3.6257
LOT_0196,SPC_ATTR_023,1397.0,-4.4074
LOT_0196,SPC_ATTR_026,0.4552,-4.2153
LOT_0196,SPC_ATTR_027,0.885,-5.5594
LOT_0196,SPC_ATTR_028,1.5295,-4.1062
LOT_0196,SPC_ATTR_160,7599.0,6.8322
LOT_0196,SPC_ATTR_161,3132.0,4.4826
LOT_0196,SPC_ATTR_164,0.945,6.5973
LOT_0196,SPC_ATTR_165,1.792,6.8611
LOT_0196,SPC_ATTR_166,3.097,6.9845
LOT_0196,SPC_ATTR_295,3933.755,7.4037
LOT_0196,SPC_ATTR_296,1636.5537,4.8797
LOT_0196,SPC_ATTR_299,0.5264,7.2027
LOT_0196,SPC_ATTR_300,1.0221,7.3521
LOT_0196,SPC_ATTR_301,1.7664,7.5201
LOT_0196,SPC_ATTR_431,227.124,5.7876
LOT_0196,SPC_ATTR_432,224.1947,5.5457
LOT_0196,SPC_ATTR_435,207.5783,5.6538
LOT_0196,SPC_ATTR_436,202.4859,5.6187
LOT_0196,SPC_ATTR_437,202.4845,5.6419
LOT_0197,SPC_ATTR_003,2304.2111,3.5125
LOT_0197,SPC_ATTR_022,-2668.5,4.7061
LOT_0197,SPC_ATTR_023,1538.25,-3.9294
LOT_0197,SPC_ATTR_026,0.4477,-4.2576
LOT_0197,SPC_ATTR_027,0.8855,-5.5568
LOT_0197,SPC_ATTR_028,1.4937,-4.135
LOT_0197,SPC_ATTR_065,37.3591,3.3786
LOT_0197,SPC_ATTR_160,5704.0,4.9045
LOT_0197,SPC_ATTR_161,3635.0,5.3577
LOT_0197,SPC_ATTR_164,0.935,6.5153
LOT_0197,SPC_ATTR_165,1.793,6.8653
LOT_0197,SPC_ATTR_166,3.062,6.8985
LOT_0197,SPC_ATTR_295,3095.8546,5.6473
LOT_0197,SPC_ATTR_296,1833.8209,5.5755
LOT_0197,SPC_ATTR_299,0.518,7.072
LOT_0197,SPC_ATTR_300,1.0226,7.3559
LOT_0197,SPC_ATTR_301,1.7259,7.3353
LOT_0197,SPC_ATTR_431,213.753,5.4168
LOT_0197,SPC_ATTR_432,236.3075,5.8785
LOT_0197,SPC_ATTR_435,208.8219,5.6903
LOT_0197,SPC_ATTR_436,202.4845,5.6187
LOT_0197,SPC_ATTR_437,204.9874,5.7143
LOT_0199,SPC_ATTR_039,88.2894,3.2519
LOT_0200,SPC_ATTR_039,88.24,3.1414
LOT_0200,SPC_ATTR_065,38.8827,3.6847
LOT_0200,SPC_ATTR_066,49.2895,3.1113
LOT_0200,SPC_ATTR_091,10206.58,3.4797
LOT_0200,SPC_ATTR_116,920.359,3.5338
LOT_0200,SPC_ATTR_469,995.2807,3.3415
LOT_0201,SPC_ATTR_046,169.0418,4.1149
LOT_0202,SPC_ATTR_039,88.2894,3.2519
LOT_0202,SPC_ATTR_065,35.5318,3.0115
LOT_0202,SPC_ATTR_360,0.0456,3.6099
LOT_0203,SPC_ATTR_162,28188.0,5.69
LOT_0203,SPC_ATTR_297,12202.3579,5.2266
LOT_0203,SPC_ATTR_553,1.1849,3.2879
LOT_0203,SPC_ATTR_556,209.0685,4.298
LOT_0204,SPC_ATTR_049,125.9727,-3.0943
LOT_0205,SPC_ATTR_559,1.2718,3.3006
LOT_0206,SPC_ATTR_145,0.4031,4.6149
LOT_0206,SPC_ATTR_280,0.1305,4.4084
LOT_0206,SPC_ATTR_418,26.6943,4.5637
LOT_0206,SPC_ATTR_559,1.2718,3.3006
LOT_0207,SPC_ATTR_046,163.6618,3.4295
LOT_0207,SPC_ATTR_093,-0.0104,-3.3757
LOT_0207,SPC_ATTR_106,0.0104,3.4035
LOT_0208,SPC_ATTR_082,-0.085,-3.7511
LOT_0209,SPC_ATTR_226,2448.5996,3.2494
LOT_0209,SPC_ATTR_364,872.4855,3.8844
LOT_0209,SPC_ATTR_559,1.2718,3.3006
LOT_0211,SPC_ATTR_413,110.4287,4.3184
LOT_0212,SPC_ATTR_363,0.0961,3.5907
LOT_0212,SPC_ATTR_497,109.6534,3.2406
LOT_0212,SPC_ATTR_559,1.2718,3.3006
LOT_0213,SPC_ATTR_162,20118.0,3.7863
LOT_0213,SPC_ATTR_297,8411.1223,3.3071
LOT_0215,SPC_ATTR_101,0.0018,5.1152
LOT_0215,SPC_ATTR_511,175.3425,3.1726
LOT_0218,SPC_ATTR_002,2162.87,-4.1411
LOT_0218,SPC_ATTR_559,1.2606,3.1671
LOT_0219,SPC_ATTR_139,111.9001,4.3982
LOT_0219,SPC_ATTR_274,33.9937,3.6059
LOT_0219,SPC_ATTR_412,4.9214,4.1803
LOT_0220,SPC_ATTR_104,-0.0002,3.1285
LOT_0220,SPC_ATTR_136,371.0,4.3973
LOT_0220,SPC_ATTR_271,59.1771,3.5607
LOT_0220,SPC_ATTR_409,16.4608,4.3132
LOT_0221,SPC_ATTR_433,511.4653,3.2657
LOT_0222,SPC_ATTR_559,1.2718,3.3006
LOT_0224,SPC_ATTR_473,312.5152,3.6611
LOT_0228,SPC_ATTR_161,3785.0,5.6187
LOT_0228,SPC_ATTR_222,0.1879,5.4573
LOT_0228,SPC_ATTR_296,1841.666,5.6032
LOT_0228,SPC_ATTR_360,0.0565,5.1373
LOT_0228,SPC_ATTR_494,7.6479,5.2548
LOT_0229,SPC_ATTR_065,41.8473,4.2803
LOT_0229,SPC_ATTR_066,52.5657,3.5713
LOT_0229,SPC_ATTR_434,887.0027,3.0184
LOT_0232,SPC_ATTR_469,957.554,3.178
LOT_0233,SPC_ATTR_213,0.2169,5.24
LOT_0233,SPC_ATTR_351,0.0946,4.9838
LOT_0235,SPC_ATTR_136,551.0,7.5253
LOT_0235,SPC_ATTR_271,74.3874,5.371
LOT_0235,SPC_ATTR_409,25.187,7.6979
LOT_0236,SPC_ATTR_254,0.2588,10.0595
LOT_0236,SPC_ATTR_392,0.0794,10.1579
LOT_0236,SPC_ATTR_526,44.276,9.8755
LOT_0239,SPC_ATTR_560,0.9412,3.0562
LOT_0239,SPC_ATTR_562,95.8686,3.3419
LOT_0241,SPC_ATTR_103,0.2011,3.176
LOT_0241,SPC_ATTR_511,400.0,9.1329
LOT_0243,SPC_ATTR_486,866.3636,3.042
LOT_0244,SPC_ATTR_088,0.7749,-16.1519
LOT_0244,SPC_ATTR_116,914.8248,3.4207
LOT_0244,SPC_ATTR_223,0.9886,17.5158
LOT_0244,SPC_ATTR_361,0.409,20.2997
LOT_0244,SPC_ATTR_495,127.5728,19.1402
LOT_0245,SPC_ATTR_325,33.3704,3.0288
LOT_0245,SPC_ATTR_461,78.3719,3.6876
LOT_0246,SPC_ATTR_042,37.88,14.6274
LOT_0246,SPC_ATTR_461,75.0239,3.4365
LOT_0247,SPC_ATTR_215,0.5122,7.5976
LOT_0247,SPC_ATTR_353,0.1248,7.7103
LOT_0247,SPC_ATTR_485,885.4271,3.1443
LOT_0249,SPC_ATTR_035,59.7711,7.7696
LOT_0249,SPC_ATTR_036,79.2786,5.7182
LOT_0249,SPC_ATTR_037,40.2289,-7.7696
LOT_0249,SPC_ATTR_040,133.3898,8.1397
LOT_0249,SPC_ATTR_161,3418.0,4.9802
LOT_0249,SPC_ATTR_296,1594.0159,4.7297
LOT_0249,SPC_ATTR_511,439.2157,10.1734
LOT_0249,SPC_ATTR_571,391.5764,-7.94
LOT_0250,SPC_ATTR_024,1614.75,3.9278
LOT_0250,SPC_ATTR_088,0.9424,-3.1149
LOT_0250,SPC_ATTR_162,21777.0,4.1777
LOT_0250,SPC_ATTR_223,0.3224,5.6059
LOT_0250,SPC_ATTR_297,10686.905,4.4593
LOT_0250,SPC_ATTR_361,0.1031,5.007
LOT_0250,SPC_ATTR_495,34.2105,5.0269
LOT_0250,SPC_ATTR_571,401.4482,-7.3758
LOT_0250,SPC_ATTR_575,117.7337,4.0331
LOT_0250,SPC_ATTR_577,70.3627,3.8294
LOT_0251,SPC_ATTR_219,7.5869,3.2598
LOT_0251,SPC_ATTR_491,118.7222,3.7326
LOT_0252,SPC_ATTR_035,59.7711,7.7696
LOT_0252,SPC_ATTR_036,79.2786,5.7182
LOT_0252,SPC_ATTR_037,40.2289,-7.7696
LOT_0252,SPC_ATTR_040,133.3898,8.1397
LOT_0254,SPC_ATTR_045,10.5903,3.1944
LOT_0254,SPC_ATTR_571,364.1436,-9.5076
LOT_0254,SPC_ATTR_577,77.1097,4.2281
LOT_0255,SPC_ATTR_211,0.459,8.7991
LOT_0255,SPC_ATTR_215,0.5928,9.0253
LOT_0255,SPC_ATTR_349,0.0968,6.0777
LOT_0255,SPC_ATTR_353,0.1331,8.3411
LOT_0256,SPC_ATTR_368,0.013,3.4187
LOT_0257,SPC_ATTR_157,0.3436,3.6061
LOT_0257,SPC_ATTR_292,0.104,3.2907
LOT_0257,SPC_ATTR_430,24.9711,3.232
LOT_0258,SPC_ATTR_146,0.1461,3.1076
LOT_0258,SPC_ATTR_281,0.0429,3.8356
LOT_0258,SPC_ATTR_560,0.9412,3.0562
LOT_0258,SPC_ATTR_562,95.8686,3.3419
LOT_0259,SPC_ATTR_042,37.88,14.6274
LOT_0259,SPC_ATTR_215,0.6196,9.5
LOT_0259,SPC_ATTR_353,0.1366,8.6071
LOT_0260,SPC_ATTR_162,18949.0,3.5106
LOT_0260,SPC_ATTR_297,8271.0964,3.2362
LOT_0260,SPC_ATTR_485,976.4103,3.5712
LOT_0261,SPC_ATTR_181,30.52,3.4746
LOT_0261,SPC_ATTR_453,8.4639,3.3911
LOT_0264,SPC_ATTR_033,92.072,3.3232
LOT_0264,SPC_ATTR_035,59.3488,7.4125
LOT_0264,SPC_ATTR_036,78.254,5.3202
LOT_0264,SPC_ATTR_037,40.6512,-7.4125
LOT_0264,SPC_ATTR_040,132.5378,7.6683
LOT_0264,SPC_ATTR_220,0.0105,4.4022
LOT_0264,SPC_ATTR_358,0.003,3.994
LOT_0264,SPC_ATTR_492,8.0405,4.5723
LOT_0265,SPC_ATTR_225,0.3649,4.2905
LOT_0265,SPC_ATTR_363,0.1103,4.2468
LOT_0265,SPC_ATTR_497,152.6705,4.9877
LOT_0267,SPC_ATTR_136,551.0,7.5253
LOT_0267,SPC_ATTR_271,74.3874,5.371
LOT_0267,SPC_ATTR_409,25.187,7.6979
LOT_0267,SPC_ATTR_485,901.5385,3.2199
LOT_0269,SPC_ATTR_161,3190.0,4.5835
LOT_0269,SPC_ATTR_296,1490.9418,4.3662
LOT_0270,SPC_ATTR_560,0.9412,3.0562
LOT_0270,SPC_ATTR_562,95.8686,3.3419
LOT_0272,SPC_ATTR_213,0.2664,6.8075
LOT_0272,SPC_ATTR_351,0.1145,6.3729
LOT_0272,SPC_ATTR_433,643.2664,4.3102
LOT_0273,SPC_ATTR_102,0.0011,5.009
LOT_0274,SPC_ATTR_108,-0.2896,-3.2905
LOT_0274,SPC_ATTR_115,0.0197,11.7368
LOT_0274,SPC_ATTR_136,306.0,3.2677
LOT_0274,SPC_ATTR_250,0.197,12.4238
LOT_0274,SPC_ATTR_388,0.0623,12.4195
LOT_0274,SPC_ATTR_409,13.5007,3.165
LOT_0274,SPC_ATTR_522,1000.0,9.5846
LOT_0275,SPC_ATTR_434,914.7125,3.1411
LOT_0276,SPC_ATTR_060,87.0391,8.8205
LOT_0276,SPC_ATTR_061,324.7145,-5.0506
LOT_0276,SPC_ATTR_062,11.496,3.903
LOT_0276,SPC_ATTR_063,189.6609,8.4782
LOT_0276,SPC_ATTR_064,89.5305,10.6098
LOT_0276,SPC_ATTR_066,84.5752,8.066
LOT_0276,SPC_ATTR_068,6363.6566,20.6403
LOT_0276,SPC_ATTR_069,127.5891,-4.6811
LOT_0276,SPC_ATTR_073,74.1243,-4.1459
LOT_0276,SPC_ATTR_074,567.8403,5.662
LOT_0276,SPC_ATTR_197,238.89,14.643
LOT_0276,SPC_ATTR_198,250.14,21.801
LOT_0276,SPC_ATTR_199,10.017,17.5926
LOT_0276,SPC_ATTR_200,237.57,13.7446
LOT_0276,SPC_ATTR_201,199.62,20.9442
LOT_0276,SPC_ATTR_202,25.06,3.3736
LOT_0276,SPC_ATTR_203,178.877,11.5371
LOT_0276,SPC_ATTR_204,283.429,14.5092
LOT_0276,SPC_ATTR_205,9997.8648,17.6352
LOT_0276,SPC_ATTR_206,186.82,15.4032
LOT_0276,SPC_ATTR_208,343.38,18.4599
LOT_0276,SPC_ATTR_333,93.6923,16.1373
LOT_0276,SPC_ATTR_334,90.5159,24.769
LOT_0276,SPC_ATTR_335,3.4125,18.7649
LOT_0276,SPC_ATTR_336,94.4218,15.7388
LOT_0276,SPC_ATTR_337,145.2509,17.9344
LOT_0276,SPC_ATTR_338,11.1972,5.2192
LOT_0276,SPC_ATTR_339,75.1324,12.7714
LOT_0276,SPC_ATTR_340,85.0637,12.4672
LOT_0276,SPC_ATTR_341,5043.8343,19.2145
LOT_0276,SPC_ATTR_342,63.1255,16.4654
LOT_0276,SPC_ATTR_344,110.0733,19.337
LOT_0276,SPC_ATTR_345,52.1781,3.2558
LOT_0276,SPC_ATTR_346,172.101,9.3726
LOT_0276,SPC_ATTR_347,177.3396,10.0465
LOT_0276,SPC_ATTR_470,77.0338,22.6455
LOT_0276,SPC_ATTR_471,87.1347,16.408
LOT_0276,SPC_ATTR_472,125.2604,11.3643
LOT_0276,SPC_ATTR_475,211.5006,7.0042
LOT_0276,SPC_ATTR_476,39.3528,13.4385
LOT_0276,SPC_ATTR_477,157.1088,9.1687
LOT_0276,SPC_ATTR_478,146.4232,13.7619
LOT_0276,SPC_ATTR_480,53.4889,19.0273
LOT_0276,SPC_ATTR_481,185.4541,3.0744
LOT_0276,SPC_ATTR_574,1.6228,5.1399
LOT_0276,SPC_ATTR_576,0.4345,4.8645
LOT_0276,SPC_ATTR_578,69.1042,4.2019
LOT_0279,SPC_ATTR_325,36.1648,3.4512
LOT_0281,SPC_ATTR_182,1.276,3.2497
LOT_0281,SPC_ATTR_248,0.2984,3.6637
LOT_0281,SPC_ATTR_454,13.2142,3.4446
LOT_0281,SPC_ATTR_520,62.3364,3.2001
LOT_0282,SPC_ATTR_033,92.072,3.3232
LOT_0282,SPC_ATTR_035,59.3488,7.4125
LOT_0282,SPC_ATTR_036,78.254,5.3202
LOT_0282,SPC_ATTR_037,40.6512,-7.4125
LOT_0282,SPC_ATTR_040,132.5378,7.6683
LOT_0282,SPC_ATTR_160,5081.0,4.2707
LOT_0282,SPC_ATTR_295,2077.2007,3.512
LOT_0283,SPC_ATTR_115,0.0149,8.8591
LOT_0283,SPC_ATTR_250,0.1159,7.2814
LOT_0283,SPC_ATTR_388,0.037,7.3484
LOT_0283,SPC_ATTR_522,776.2169,7.4145
LOT_0284,SPC_ATTR_011,0.0306,3.2739
LOT_0284,SPC_ATTR_146,0.1473,3.1528
LOT_0284,SPC_ATTR_147,0.1925,6.2942
LOT_0284,SPC_ATTR_281,0.0415,3.6196
LOT_0284,SPC_ATTR_282,0.0597,8.0444
LOT_0284,SPC_ATTR_434,955.286,3.3208
LOT_0284,SPC_ATTR_560,0.9412,3.0562
LOT_0284,SPC_ATTR_562,95.8686,3.3419
LOT_0285,SPC_ATTR_139,95.0999,3.0373
LOT_0285,SPC_ATTR_412,4.294,3.0426
LOT_0286,SPC_ATTR_215,0.5523,8.3079
LOT_0286,SPC_ATTR_353,0.1386,8.7591
LOT_0286,SPC_ATTR_484,989.4737,4.0594
LOT_0287,SPC_ATTR_146,0.1973,5.0367
LOT_0287,SPC_ATTR_147,0.2309,8.0521
LOT_0287,SPC_ATTR_225,0.322,3.6881
LOT_0287,SPC_ATTR_281,0.0452,4.1903
LOT_0287,SPC_ATTR_282,0.0527,6.782
LOT_0287,SPC_ATTR_363,0.0976,3.66
LOT_0287,SPC_ATTR_497,136.6228,4.3359
LOT_0288,SPC_ATTR_139,95.0999,3.0373
LOT_0288,SPC_ATTR_146,0.2084,5.4549
LOT_0288,SPC_ATTR_147,0.1501,4.3531
LOT_0288,SPC_ATTR_281,0.0511,5.1004
LOT_0288,SPC_ATTR_282,0.0448,5.3573
LOT_0288,SPC_ATTR_412,4.294,3.0426
LOT_0289,SPC_ATTR_139,95.0999,3.0373
LOT_0289,SPC_ATTR_146,0.2291,6.2348
LOT_0289,SPC_ATTR_147,0.1639,4.9849
LOT_0289,SPC_ATTR_281,0.0539,5.5323
LOT_0289,SPC_ATTR_282,0.0448,5.3573
LOT_0289,SPC_ATTR_412,4.294,3.0426
LOT_0290,SPC_ATTR_146,0.214,5.6659
LOT_0290,SPC_ATTR_147,0.1644,5.0078
LOT_0290,SPC_ATTR_212,0.1445,3.5091
LOT_0290,SPC_ATTR_281,0.0542,5.5786
LOT_0290,SPC_ATTR_282,0.046,5.5737
LOT_0290,SPC_ATTR_350,0.0594,3.2206
LOT_0290,SPC_ATTR_564,1.1978,4.2556
LOT_0291,SPC_ATTR_002,2786.97,3.6205
LOT_0291,SPC_ATTR_582,382.6619,3.2532
LOT_0291,SPC_ATTR_590,382.6619,3.014
LOT_0292,SPC_ATTR_065,38.6282,3.6336
LOT_0292,SPC_ATTR_189,111.677,3.1534
LOT_0292,SPC_ATTR_325,36.0558,3.4347
LOT_0293,SPC_ATTR_011,0.053,5.682
LOT_0293,SPC_ATTR_139,95.0999,3.0373
LOT_0293,SPC_ATTR_146,0.2457,6.8603
LOT_0293,SPC_ATTR_147,0.1618,4.8888
LOT_0293,SPC_ATTR_281,0.0669,7.5376
LOT_0293,SPC_ATTR_282,0.0457,5.5196
LOT_0293,SPC_ATTR_412,4.294,3.0426
LOT_0295,SPC_ATTR_072,221.6792,3.7075
LOT_0295,SPC_ATTR_485,902.8571,3.2261
LOT_0296,SPC_ATTR_139,95.0999,3.0373
LOT_0296,SPC_ATTR_146,0.2045,5.308
LOT_0296,SPC_ATTR_147,0.165,5.0352
LOT_0296,SPC_ATTR_281,0.0516,5.1775
LOT_0296,SPC_ATTR_282,0.0435,5.1228
LOT_0296,SPC_ATTR_412,4.294,3.0426
LOT_0296,SPC_ATTR_559,1.3061,3.7096
LOT_0297,SPC_ATTR_560,1.0737,3.7141
LOT_0297,SPC_ATTR_562,101.1146,3.6176
LOT_0298,SPC_ATTR_215,0.4615,6.6996
LOT_0298,SPC_ATTR_353,0.1085,6.4714
LOT_0299,SPC_ATTR_146,0.1908,4.7918
LOT_0299,SPC_ATTR_147,0.1615,4.875
LOT_0299,SPC_ATTR_281,0.0531,5.4089
LOT_0299,SPC_ATTR_282,0.0405,4.5818
LOT_0299,SPC_ATTR_485,951.6484,3.455
LOT_0300,SPC_ATTR_011,0.0396,4.2415
LOT_0300,SPC_ATTR_146,0.2374,6.5476
LOT_0300,SPC_ATTR_147,0.1588,4.7514
LOT_0300,SPC_ATTR_281,0.0639,7.0748
LOT_0300,SPC_ATTR_282,0.0445,5.3032
LOT_0301,SPC_ATTR_088,0.7749,-16.1519
LOT_0301,SPC_ATTR_223,0.9886,17.5158
LOT_0301,SPC_ATTR_361,0.409,20.2997
LOT_0301,SPC_ATTR_495,127.5728,19.1402
LOT_0301,SPC_ATTR_570,55.2842,3.3453
LOT_0303,SPC_ATTR_571,331.9618,-11.3466
LOT_0304,SPC_ATTR_162,17801.0,3.2398
LOT_0304,SPC_ATTR_297,8099.8801,3.1495
LOT_0304,SPC_ATTR_550,2.722,3.0575
LOT_0304,SPC_ATTR_553,1.1891,3.3031
LOT_0304,SPC_ATTR_556,184.2102,3.5919
LOT_0305,SPC_ATTR_108,-0.2749,-3.1224
LOT_0305,SPC_ATTR_217,0.1809,3.7811
LOT_0305,SPC_ATTR_355,0.0841,3.2277
LOT_0306,SPC_ATTR_063,87.4618,-3.3654
LOT_0306,SPC_ATTR_067,670.2245,-3.1355
LOT_0306,SPC_ATTR_071,587.9964,-3.2608
LOT_0306,SPC_ATTR_146,0.2247,6.0691
LOT_0306,SPC_ATTR_147,0.1738,5.4381
LOT_0306,SPC_ATTR_212,0.1466,3.5931
LOT_0306,SPC_ATTR_281,0.0496,4.869
LOT_0306,SPC_ATTR_282,0.0459,5.5556
LOT_0306,SPC_ATTR_350,0.0656,3.8053
LOT_0308,SPC_ATTR_139,95.0999,3.0373
LOT_0308,SPC_ATTR_412,4.294,3.0426
LOT_0309,SPC_ATTR_042,37.88,14.6274
LOT_0309,SPC_ATTR_139,95.0999,3.0373
LOT_0309,SPC_ATTR_145,0.3089,3.0793
LOT_0309,SPC_ATTR_146,0.1963,4.999
LOT_0309,SPC_ATTR_147,0.1509,4.3898
LOT_0309,SPC_ATTR_280,0.1081,3.3044
LOT_0309,SPC_ATTR_281,0.0542,5.5786
LOT_0309,SPC_ATTR_282,0.0424,4.9244
LOT_0309,SPC_ATTR_412,4.294,3.0426
LOT_0309,SPC_ATTR_418,21.6317,3.315
LOT_0310,SPC_ATTR_065,36.8864,3.2837
LOT_0310,SPC_ATTR_146,0.2207,5.9184
LOT_0310,SPC_ATTR_147,0.1427,4.0144
LOT_0310,SPC_ATTR_281,0.0563,5.9025
LOT_0310,SPC_ATTR_282,0.0437,5.1589
LOT_0311,SPC_ATTR_139,95.0999,3.0373
LOT_0311,SPC_ATTR_146,0.1945,4.9312
LOT_0311,SPC_ATTR_147,0.1815,5.7906
LOT_0311,SPC_ATTR_281,0.0474,4.5297
LOT_0311,SPC_ATTR_282,0.0435,5.1228
LOT_0311,SPC_ATTR_412,4.294,3.0426
LOT_0312,SPC_ATTR_035,59.7711,7.7696
LOT_0312,SPC_ATTR_036,79.2786,5.7182
LOT_0312,SPC_ATTR_037,40.2289,-7.7696
LOT_0312,SPC_ATTR_040,133.3898,8.1397
LOT_0312,SPC_ATTR_093,0.0105,3.0929
LOT_0312,SPC_ATTR_106,-0.0105,-3.1237
LOT_0312,SPC_ATTR_139,95.0999,3.0373
LOT_0312,SPC_ATTR_412,4.294,3.0426
LOT_0313,SPC_ATTR_559,1.296,3.5892
LOT_0314,SPC_ATTR_024,908.25,3.4159
LOT_0314,SPC_ATTR_033,92.072,3.3232
LOT_0314,SPC_ATTR_035,59.3488,7.4125
LOT_0314,SPC_ATTR_036,78.254,5.3202
LOT_0314,SPC_ATTR_037,40.6512,-7.4125
LOT_0314,SPC_ATTR_040,132.5378,7.6683
LOT_0314,SPC_ATTR_162,18389.0,3.3785
LOT_0314,SPC_ATTR_211,0.2329,3.4241
LOT_0314,SPC_ATTR_297,9098.3071,3.655
LOT_0314,SPC_ATTR_349,0.0622,3.1608
LOT_0315,SPC_ATTR_211,0.2339,3.4479
LOT_0316,SPC_ATTR_211,0.2177,3.0627
LOT_0316,SPC_ATTR_345,51.8733,3.2215
LOT_0317,SPC_ATTR_011,0.0366,3.9189
LOT_0317,SPC_ATTR_146,0.2507,7.0487
LOT_0317,SPC_ATTR_147,0.1592,4.7697
LOT_0317,SPC_ATTR_281,0.0647,7.1982
LOT_0317,SPC_ATTR_282,0.0465,5.6638
LOT_0317,SPC_ATTR_582,510.041,4.7087
LOT_0317,SPC_ATTR_590,510.041,4.3707
LOT_0318,SPC_ATTR_025,-14804.5,-4.9974
LOT_0318,SPC_ATTR_511,184.3478,3.4115
LOT_0319,SPC_ATTR_033,92.072,3.3232
LOT_0319,SPC_ATTR_035,59.3488,7.4125
LOT_0319,SPC_ATTR_036,78.254,5.3202
LOT_0319,SPC_ATTR_037,40.6512,-7.4125
LOT_0319,SPC_ATTR_040,132.5378,7.6683
LOT_0319,SPC_ATTR_248,0.3021,3.719
LOT_0319,SPC_ATTR_520,63.7718,3.2909
LOT_0320,SPC_ATTR_089,2105.1823,5.5544
LOT_0321,SPC_ATTR_211,0.2285,3.3195
LOT_0321,SPC_ATTR_349,0.069,3.7341
LOT_0321,SPC_ATTR_575,99.8394,3.3684
LOT_0321,SPC_ATTR_577,57.6677,3.0792
LOT_0322,SPC_ATTR_286,5.2137,3.213
LOT_0322,SPC_ATTR_349,0.063,3.2283
LOT_0322,SPC_ATTR_571,317.1964,-12.1903
LOT_0322,SPC_ATTR_575,91.9336,3.0747
LOT_0322,SPC_ATTR_577,90.4235,5.0149
LOT_0323,SPC_ATTR_033,92.072,3.3232
LOT_0323,SPC_ATTR_035,59.3488,7.4125
LOT_0323,SPC_ATTR_036,78.254,5.3202
LOT_0323,SPC_ATTR_037,40.6512,-7.4125
LOT_0323,SPC_ATTR_040,132.5378,7.6683
LOT_0323,SPC_ATTR_161,3645.0,5.3751
LOT_0323,SPC_ATTR_296,1762.2696,5.3231
LOT_0324,SPC_ATTR_248,0.2817,3.414
LOT_0324,SPC_ATTR_520,60.5469,3.087
LOT_0325,SPC_ATTR_001,2787.49,-3.0828
LOT_0326,SPC_ATTR_080,0.0786,3.2557
LOT_0326,SPC_ATTR_132,1.009,4.972
LOT_0327,SPC_ATTR_090,0.3648,3.3624
LOT_0327,SPC_ATTR_461,70.2619,3.0794
LOT_0327,SPC_ATTR_560,0.9412,3.0562
LOT_0327,SPC_ATTR_562,95.8686,3.3419
LOT_0328,SPC_ATTR_080,0.0751,3.1041
LOT_0328,SPC_ATTR_211,0.2812,4.5723
LOT_0328,SPC_ATTR_240,0.0161,7.9979
LOT_0328,SPC_ATTR_349,0.0799,4.653
LOT_0328,SPC_ATTR_378,0.0051,7.5567
LOT_0329,SPC_ATTR_211,0.2191,3.096
LOT_0330,SPC_ATTR_024,2363.0,4.47
LOT_0330,SPC_ATTR_122,15.46,-3.3772
LOT_0330,SPC_ATTR_124,15.17,-6.0902
LOT_0330,SPC_ATTR_132,1.019,9.4145
LOT_0330,SPC_ATTR_162,20499.0,3.8762
LOT_0330,SPC_ATTR_297,9548.6268,3.883
LOT_0330,SPC_ATTR_433,867.4989,6.0872
LOT_0331,SPC_ATTR_021,1.3402,-3.8749
LOT_0331,SPC_ATTR_211,0.2517,3.871
LOT_0331,SPC_ATTR_349,0.0619,3.1356
LOT_0332,SPC_ATTR_211,0.2909,4.8029
LOT_0332,SPC_ATTR_349,0.0712,3.9196
LOT_0333,SPC_ATTR_024,1932.5,4.1581
LOT_0333,SPC_ATTR_162,22267.0,4.2933
LOT_0333,SPC_ATTR_229,0.0519,3.1695
LOT_0333,SPC_ATTR_297,10797.2686,4.5152
LOT_0335,SPC_ATTR_550,4.7366,6.0494
LOT_0335,SPC_ATTR_553,2.0577,6.4475
LOT_0335,SPC_ATTR_556,249.1887,5.4375
LOT_0336,SPC_ATTR_369,0.0097,3.0982
LOT_0336,SPC_ATTR_426,112.6963,4.5533
LOT_0336,SPC_ATTR_433,495.2039,3.1369
LOT_0336,SPC_ATTR_575,112.5998,3.8424
LOT_0336,SPC_ATTR_577,57.5986,3.0751
LOT_0336,SPC_ATTR_580,0.0506,3.5032
LOT_0336,SPC_ATTR_588,0.0506,3.8743
LOT_0336,SPC_ATTR_589,0.0146,3.2497
LOT_0337,SPC_ATTR_063,85.5091,-3.5917
LOT_0337,SPC_ATTR_064,35.8527,3.0707
LOT_0337,SPC_ATTR_067,670.3055,-3.1285
LOT_0337,SPC_ATTR_071,582.4818,-3.8389
LOT_0338,SPC_ATTR_122,15.46,-3.3772
LOT_0338,SPC_ATTR_124,15.17,-6.0902
LOT_0338,SPC_ATTR_132,1.019,9.4145
LOT_0338,SPC_ATTR_357,2.4793,3.0515
LOT_0338,SPC_ATTR_481,192.1373,3.2613
LOT_0338,SPC_ATTR_547,2.3393,3.3405
LOT_0338,SPC_ATTR_550,4.8467,6.2129
LOT_0338,SPC_ATTR_553,1.9718,6.1366
LOT_0338,SPC_ATTR_556,207.1889,4.2446
LOT_0339,SPC_ATTR_122,15.46,-3.3772
LOT_0339,SPC_ATTR_124,15.17,-6.0902
LOT_0339,SPC_ATTR_132,1.019,9.4145
LOT_0339,SPC_ATTR_213,0.1616,3.4888
LOT_0339,SPC_ATTR_217,0.1923,4.2236
LOT_0339,SPC_ATTR_351,0.0682,3.141
LOT_0339,SPC_ATTR_355,0.0871,3.4572
LOT_0340,SPC_ATTR_122,15.46,-3.3772
LOT_0340,SPC_ATTR_124,15.17,-6.0902
LOT_0340,SPC_ATTR_132,1.019,9.4145
LOT_0341,SPC_ATTR_077,0.0723,3.0627
LOT_0341,SPC_ATTR_582,706.824,6.9571
LOT_0341,SPC_ATTR_590,706.824,6.4665
LOT_0342,SPC_ATTR_073,72.9911,-4.2075
LOT_0342,SPC_ATTR_074,527.6098,3.38
LOT_0342,SPC_ATTR_220,0.0087,3.3086
LOT_0342,SPC_ATTR_346,137.2989,7.3854
LOT_0342,SPC_ATTR_347,136.5754,7.6595
LOT_0342,SPC_ATTR_358,0.003,3.994
LOT_0342,SPC_ATTR_571,379.0045,-8.6584
LOT_0342,SPC_ATTR_590,706.824,6.4665
LOT_0343,SPC_ATTR_485,858.1197,3.0162
LOT_0346,SPC_ATTR_511,247.343,5.0828
LOT_0348,SPC_ATTR_073,-59.4777,-11.4115
LOT_0348,SPC_ATTR_074,670.8459,11.5046
LOT_0348,SPC_ATTR_248,0.4914,6.5494
LOT_0348,SPC_ATTR_346,141.0364,7.5988
LOT_0348,SPC_ATTR_347,141.6185,7.9548
LOT_0348,SPC_ATTR_386,0.0677,3.9171
LOT_0348,SPC_ATTR_520,108.754,6.1353
LOT_0348,SPC_ATTR_571,360.7645,-9.7007
LOT_0348,SPC_ATTR_574,1.4024,4.2529
LOT_0348,SPC_ATTR_576,0.3742,3.975
LOT_0348,SPC_ATTR_578,58.6845,3.3673
LOT_0349,SPC_ATTR_047,770.7238,3.0444
LOT_0349,SPC_ATTR_051,659.0282,3.0974
LOT_0349,SPC_ATTR_151,18.473,3.5963
LOT_0349,SPC_ATTR_215,0.5324,7.9554
LOT_0349,SPC_ATTR_353,0.1273,7.9003
LOT_0349,SPC_ATTR_550,3.4902,4.1984
LOT_0349,SPC_ATTR_553,1.3934,4.0427
LOT_0350,SPC_ATTR_023,3589.0,3.0106
LOT_0350,SPC_ATTR_161,3803.0,5.65
LOT_0350,SPC_ATTR_215,0.321,4.2109
LOT_0350,SPC_ATTR_296,1815.0146,5.5092
LOT_0350,SPC_ATTR_349,0.0611,3.0681
LOT_0350,SPC_ATTR_353,0.0719,3.6896
LOT_0351,SPC_ATTR_219,8.8015,4.2976
LOT_0351,SPC_ATTR_357,2.8348,3.9703
LOT_0351,SPC_ATTR_491,142.8436,5.0691
LOT_0352,SPC_ATTR_155,24.504,3.2077
LOT_0352,SPC_ATTR_216,0.1733,3.03
LOT_0353,SPC_ATTR_136,371.0,4.3973
LOT_0353,SPC_ATTR_211,0.2459,3.7331
LOT_0353,SPC_ATTR_271,59.1771,3.5607
LOT_0353,SPC_ATTR_409,16.4608,4.3132
LOT_0353,SPC_ATTR_548,420.71,3.3894
LOT_0354,SPC_ATTR_132,1.009,4.972
LOT_0354,SPC_ATTR_211,0.2191,3.096
LOT_0355,SPC_ATTR_560,0.9412,3.0562
LOT_0355,SPC_ATTR_562,95.8686,3.3419
LOT_0356,SPC_ATTR_101,-0.0012,-3.3118
LOT_0357,SPC_ATTR_115,0.0157,9.3387
LOT_0357,SPC_ATTR_182,1.242,3.0981
LOT_0357,SPC_ATTR_454,12.3466,3.0592
LOT_0358,SPC_ATTR_002,2226.99,-3.3437
LOT_0359,SPC_ATTR_575,110.9809,3.7822
LOT_0359,SPC_ATTR_577,56.8478,3.0307
LOT_0361,SPC_ATTR_293,0.049,3.0027
LOT_0361,SPC_ATTR_481,182.8246,3.0008
LOT_0362,SPC_ATTR_211,0.2236,3.203
LOT_0363,SPC_ATTR_035,59.7711,7.7696
LOT_0363,SPC_ATTR_036,79.2786,5.7182
LOT_0363,SPC_ATTR_037,40.2289,-7.7696
LOT_0363,SPC_ATTR_040,133.3898,8.1397
LOT_0363,SPC_ATTR_248,0.4599,6.0784
LOT_0363,SPC_ATTR_386,0.0707,4.1259
LOT_0363,SPC_ATTR_520,101.5971,5.6827
LOT_0364,SPC_ATTR_484,820.7547,3.1846
LOT_0365,SPC_ATTR_226,2458.2998,3.2718
LOT_0366,SPC_ATTR_011,-0.0324,-3.4988
LOT_0367,SPC_ATTR_132,1.009,4.972
LOT_0367,SPC_ATTR_211,0.2791,4.5224
LOT_0367,SPC_ATTR_226,2470.9995,3.3011
LOT_0367,SPC_ATTR_349,0.0674,3.5992
LOT_0367,SPC_ATTR_498,28.5344,3.3719
LOT_0367,SPC_ATTR_582,388.9648,3.3253
LOT_0367,SPC_ATTR_590,388.9648,3.0811
LOT_0368,SPC_ATTR_076,0.1165,5.5358
LOT_0368,SPC_ATTR_158,0.2876,6.0827
LOT_0368,SPC_ATTR_181,48.67,8.9553
LOT_0368,SPC_ATTR_182,1.313,3.4145
LOT_0368,SPC_ATTR_185,2.1552,18.2434
LOT_0368,SPC_ATTR_188,55.88,4.407
LOT_0368,SPC_ATTR_189,191.83,6.845
LOT_0368,SPC_ATTR_211,0.3685,6.6477
LOT_0368,SPC_ATTR_215,0.3418,4.5794
LOT_0368,SPC_ATTR_293,0.0831,5.9695
LOT_0368,SPC_ATTR_317,13.0958,6.9886
LOT_0368,SPC_ATTR_321,0.6278,18.3376
LOT_0368,SPC_ATTR_324,14.7236,3.7041
LOT_0368,SPC_ATTR_325,51.8678,5.8247
LOT_0368,SPC_ATTR_349,0.1251,8.4635
LOT_0368,SPC_ATTR_353,0.0979,5.6657
LOT_0368,SPC_ATTR_453,13.9776,9.3895
LOT_0368,SPC_ATTR_454,12.9682,3.3354
LOT_0368,SPC_ATTR_457,143.0261,16.0845
LOT_0368,SPC_ATTR_460,8.9992,4.5786
LOT_0368,SPC_ATTR_461,118.7998,6.7192
LOT_0368,SPC_ATTR_590,388.9648,3.0811
LOT_0369,SPC_ATTR_167,10.3,6.7078
LOT_0369,SPC_ATTR_302,2.9751,6.2201
LOT_0369,SPC_ATTR_438,15.6271,7.2057
LOT_0369,SPC_ATTR_590,388.9648,3.0811
LOT_0370,SPC_ATTR_009,1.226,-3.2053
LOT_0370,SPC_ATTR_146,0.1539,3.4015
LOT_0370,SPC_ATTR_590,388.9648,3.0811
LOT_0371,SPC_ATTR_132,1.009,4.972
LOT_0372,SPC_ATTR_116,544.0254,-4.1545
LOT_0372,SPC_ATTR_154,0.0696,6.171
LOT_0372,SPC_ATTR_289,0.0204,5.6117
LOT_0372,SPC_ATTR_427,7.3407,6.1337
LOT_0373,SPC_ATTR_136,308.0,3.3025
LOT_0373,SPC_ATTR_409,13.8933,3.3173
LOT_0373,SPC_ATTR_559,1.2923,3.5451
LOT_0373,SPC_ATTR_561,0.2547,3.5336
LOT_0375,SPC_ATTR_172,0.3382,3.5886
LOT_0375,SPC_ATTR_307,0.1402,3.6054
LOT_0375,SPC_ATTR_443,3.3832,3.0916
LOT_0376,SPC_ATTR_114,0.873,-5.9692
LOT_0376,SPC_ATTR_115,0.0414,24.7464
LOT_0376,SPC_ATTR_122,15.46,-3.3772
LOT_0376,SPC_ATTR_124,15.17,-6.0902
LOT_0376,SPC_ATTR_132,1.019,9.4145
LOT_0376,SPC_ATTR_151,19.781,3.9998
LOT_0376,SPC_ATTR_249,0.9732,19.2552
LOT_0376,SPC_ATTR_250,0.4138,26.1705
LOT_0376,SPC_ATTR_286,6.4656,4.5131
LOT_0376,SPC_ATTR_387,0.3068,19.2742
LOT_0376,SPC_ATTR_388,0.1309,26.1698
LOT_0376,SPC_ATTR_521,111.4746,19.076
LOT_0376,SPC_ATTR_522,1000.0,9.5846
LOT_0377,SPC_ATTR_011,-0.0329,-3.5526
LOT_0377,SPC_ATTR_092,-0.2702,-3.1094
LOT_0378,SPC_ATTR_040,124.6244,3.2895
LOT_0378,SPC_ATTR_477,65.9965,3.07
LOT_0379,SPC_ATTR_109,0.3938,4.6634
LOT_0379,SPC_ATTR_116,598.8947,-3.0335
LOT_0379,SPC_ATTR_211,0.255,3.9495
LOT_0379,SPC_ATTR_349,0.0634,3.262
LOT_0379,SPC_ATTR_364,783.9106,3.2463
LOT_0379,SPC_ATTR_367,0.0137,3.7305
LOT_0380,SPC_ATTR_484,839.5604,3.2821
LOT_0381,SPC_ATTR_220,0.0105,4.4022
LOT_0381,SPC_ATTR_358,0.003,3.994
LOT_0381,SPC_ATTR_434,970.1357,3.3866
LOT_0381,SPC_ATTR_492,8.0405,4.5723
LOT_0383,SPC_ATTR_559,1.2923,3.5451
LOT_0383,SPC_ATTR_561,0.2547,3.5336
LOT_0384,SPC_ATTR_573,434.04,4.6995
LOT_0384,SPC_ATTR_574,1.3634,4.096
LOT_0384,SPC_ATTR_575,136.0771,4.7145
LOT_0384,SPC_ATTR_576,0.4161,4.5931
LOT_0384,SPC_ATTR_577,84.9156,4.6894
LOT_0384,SPC_ATTR_578,82.8827,5.3055
LOT_0384,SPC_ATTR_580,0.0607,4.5509
LOT_0384,SPC_ATTR_581,0.0188,4.3017
LOT_0384,SPC_ATTR_588,0.0607,5.021
LOT_0384,SPC_ATTR_589,0.0188,4.7147
LOT_0385,SPC_ATTR_033,92.072,3.3232
LOT_0385,SPC_ATTR_035,59.3488,7.4125
LOT_0385,SPC_ATTR_036,78.254,5.3202
LOT_0385,SPC_ATTR_037,40.6512,-7.4125
LOT_0385,SPC_ATTR_040,132.5378,7.6683
LOT_0385,SPC_ATTR_588,0.0607,5.021
LOT_0385,SPC_ATTR_589,0.0188,4.7147
LOT_0386,SPC_ATTR_011,-0.0289,-3.1226
LOT_0386,SPC_ATTR_042,37.88,14.6274
LOT_0386,SPC_ATTR_095,-0.0014,-7.8793
LOT_0386,SPC_ATTR_097,1.895,8.5522
LOT_0386,SPC_ATTR_099,-3.5885,-8.3593
LOT_0386,SPC_ATTR_102,-0.0016,-7.2081
LOT_0386,SPC_ATTR_161,3936.0,5.8814
LOT_0386,SPC_ATTR_229,0.095,7.1806
LOT_0386,SPC_ATTR_289,0.0135,3.2616
LOT_0386,SPC_ATTR_296,1880.0471,5.7385
LOT_0386,SPC_ATTR_367,0.0219,7.173
LOT_0386,SPC_ATTR_368,0.0261,8.2723
LOT_0386,SPC_ATTR_369,0.0178,6.9426
LOT_0386,SPC_ATTR_564,1.0607,3.1296
LOT_0387,SPC_ATTR_033,92.072,3.3232
LOT_0387,SPC_ATTR_035,59.3488,7.4125
LOT_0387,SPC_ATTR_036,78.254,5.3202
LOT_0387,SPC_ATTR_037,40.6512,-7.4125
LOT_0387,SPC_ATTR_040,132.5378,7.6683
LOT_0387,SPC_ATTR_169,0.288,3.4342
LOT_0387,SPC_ATTR_304,0.0938,3.6838
LOT_0388,SPC_ATTR_024,670.25,3.2435
LOT_0388,SPC_ATTR_225,0.3889,4.6275
LOT_0388,SPC_ATTR_363,0.1167,4.5425
LOT_0388,SPC_ATTR_485,922.0104,3.316
LOT_0388,SPC_ATTR_497,162.3864,5.3823
LOT_0390,SPC_ATTR_132,1.009,4.972
LOT_0392,SPC_ATTR_547,2.3906,3.4723
LOT_0392,SPC_ATTR_550,3.0519,3.5474
LOT_0392,SPC_ATTR_553,1.4274,4.1658
LOT_0393,SPC_ATTR_132,1.009,4.972
LOT_0394,SPC_ATTR_360,0.0456,3.6099
LOT_0394,SPC_ATTR_571,336.6718,-11.0774
LOT_0394,SPC_ATTR_574,1.2515,3.6457
LOT_0394,SPC_ATTR_576,0.3603,3.77
LOT_0394,SPC_ATTR_578,55.1208,3.0819
LOT_0395,SPC_ATTR_009,1.191,-3.6789
LOT_0395,SPC_ATTR_146,0.2038,5.2816
LOT_0395,SPC_ATTR_281,0.0505,5.0079
LOT_0396,SPC_ATTR_001,3245.0,3.1315
LOT_0396,SPC_ATTR_042,37.88,14.6274
LOT_0396,SPC_ATTR_161,3727.0,5.5178
LOT_0396,SPC_ATTR_296,1779.4153,5.3836
LOT_0397,SPC_ATTR_095,-0.0007,-3.8563
LOT_0397,SPC_ATTR_097,0.7972,3.5526
LOT_0397,SPC_ATTR_099,-1.5426,-3.5692
LOT_0397,SPC_ATTR_102,-0.0007,-3.1357
LOT_0397,SPC_ATTR_172,0.3382,3.5886
LOT_0397,SPC_ATTR_281,0.0401,3.4037
LOT_0397,SPC_ATTR_307,0.1402,3.6054
LOT_0397,SPC_ATTR_443,3.3832,3.0916
LOT_0398,SPC_ATTR_357,2.4863,3.0696
LOT_0398,SPC_ATTR_461,73.7347,3.3398
LOT_0399,SPC_ATTR_152,140.243,4.0705
LOT_0399,SPC_ATTR_287,40.916,3.7543
LOT_0399,SPC_ATTR_425,33.2134,4.7267
LOT_0400,SPC_ATTR_092,0.2902,3.2818
LOT_0400,SPC_ATTR_093,0.0126,3.7428
LOT_0400,SPC_ATTR_094,-0.0171,-5.5013
LOT_0400,SPC_ATTR_095,0.0011,6.4885
LOT_0400,SPC_ATTR_097,-1.4803,-6.8196
LOT_0400,SPC_ATTR_099,2.1183,5.0021
LOT_0400,SPC_ATTR_101,0.0013,3.7107
LOT_0400,SPC_ATTR_102,0.001,4.5566
LOT_0400,SPC_ATTR_106,-0.0125,-3.7483
LOT_0400,SPC_ATTR_107,0.0172,5.5756
LOT_0400,SPC_ATTR_228,0.0812,5.7712
LOT_0400,SPC_ATTR_229,0.0534,3.3091
LOT_0400,SPC_ATTR_366,0.0155,3.8784
LOT_0400,SPC_ATTR_367,0.0136,3.6885
LOT_0400,SPC_ATTR_368,0.0211,6.4198
LOT_0400,SPC_ATTR_369,0.0112,3.8102
LOT_0404,SPC_ATTR_092,0.3627,4.1087
LOT_0404,SPC_ATTR_096,-0.0009,-9.2308
LOT_0404,SPC_ATTR_097,0.7696,3.4269
LOT_0404,SPC_ATTR_101,-0.0024,-6.6826
LOT_0404,SPC_ATTR_108,0.4856,5.5715
LOT_0404,SPC_ATTR_228,0.1541,12.5488
LOT_0404,SPC_ATTR_366,0.0368,11.898
LOT_0404,SPC_ATTR_368,0.0293,9.4579
LOT_0404,SPC_ATTR_369,0.0143,5.2814
LOT_0405,SPC_ATTR_021,1.3509,-3.2356
LOT_0405,SPC_ATTR_093,0.0103,3.031
LOT_0405,SPC_ATTR_095,-0.0009,-5.0057
LOT_0405,SPC_ATTR_097,1.2055,5.4121
LOT_0405,SPC_ATTR_099,-1.7046,-3.9485
LOT_0405,SPC_ATTR_101,-0.0011,-3.0309
LOT_0405,SPC_ATTR_102,-0.0008,-3.5882
LOT_0405,SPC_ATTR_106,-0.0104,-3.0924
LOT_0405,SPC_ATTR_116,581.2285,-3.3944
LOT_0405,SPC_ATTR_228,0.0795,5.6131
LOT_0405,SPC_ATTR_366,0.0173,4.5561
LOT_0405,SPC_ATTR_368,0.0194,5.7899
LOT_0406,SPC_ATTR_031,0.2843,3.0397
LOT_0406,SPC_ATTR_049,125.7982,-3.1329
LOT_0406,SPC_ATTR_226,2568.8003,3.5269
LOT_0406,SPC_ATTR_364,800.0698,3.3627
LOT_0406,SPC_ATTR_473,365.3171,4.7681
LOT_0406,SPC_ATTR_498,28.7929,3.4241
LOT_0407,SPC_ATTR_220,0.0105,4.4022
LOT_0407,SPC_ATTR_358,0.003,3.994
LOT_0407,SPC_ATTR_492,8.0405,4.5723
LOT_0408,SPC_ATTR_024,1830.75,4.0843
LOT_0408,SPC_ATTR_433,678.7382,4.5913
LOT_0409,SPC_ATTR_346,101.0863,5.3177
LOT_0409,SPC_ATTR_347,97.7695,5.3872
LOT_0409,SPC_ATTR_481,190.8607,3.2256
LOT_0411,SPC_ATTR_088,0.8917,-7.061
LOT_0411,SPC_ATTR_089,1642.5266,-3.0874
LOT_0411,SPC_ATTR_116,598.2087,-3.0475
LOT_0411,SPC_ATTR_223,0.9911,17.5605
LOT_0411,SPC_ATTR_224,1768.8802,29.8432
LOT_0411,SPC_ATTR_361,0.3133,15.5154
LOT_0411,SPC_ATTR_362,547.1722,29.7389
LOT_0411,SPC_ATTR_495,111.152,16.6579
LOT_0411,SPC_ATTR_496,107.6926,30.9461
LOT_0412,SPC_ATTR_093,0.0112,3.3095
LOT_0412,SPC_ATTR_106,-0.0111,-3.3111
LOT_0413,SPC_ATTR_211,0.2285,3.3195
LOT_0413,SPC_ATTR_349,0.0688,3.7172
LOT_0414,SPC_ATTR_042,37.88,14.6274
LOT_0415,SPC_ATTR_093,0.0115,3.4024
LOT_0415,SPC_ATTR_106,-0.0115,-3.436
LOT_0416,SPC_ATTR_477,79.3758,3.9655
LOT_0417,SPC_ATTR_548,421.702,3.5853
LOT_0418,SPC_ATTR_025,-9191.5,-3.0637
LOT_0419,SPC_ATTR_091,7539.29,-3.2506
LOT_0419,SPC_ATTR_093,0.0126,3.7428
LOT_0419,SPC_ATTR_106,-0.0126,-3.7795
LOT_0419,SPC_ATTR_498,27.9708,3.2582
LOT_0420,SPC_ATTR_087,2.2802,-3.2592
LOT_0420,SPC_ATTR_214,0.3936,6.2843
LOT_0420,SPC_ATTR_352,0.1855,6.429
LOT_0420,SPC_ATTR_473,285.9717,3.1046
LOT_0421,SPC_ATTR_213,0.153,3.2164
LOT_0421,SPC_ATTR_351,0.0735,3.511
LOT_0422,SPC_ATTR_046,168.7655,4.0797
LOT_0422,SPC_ATTR_047,774.8085,3.38
LOT_0422,SPC_ATTR_051,658.2445,3.0068
LOT_0422,SPC_ATTR_060,-28.9882,-3.3516
LOT_0422,SPC_ATTR_065,48.9882,5.715
LOT_0422,SPC_ATTR_066,62.8378,5.0137
LOT_0422,SPC_ATTR_216,0.1865,3.4637
LOT_0422,SPC_ATTR_282,0.0342,3.4456
LOT_0422,SPC_ATTR_486,865.2174,3.0367
LOT_0422,SPC_ATTR_511,174.8072,3.1583
LOT_0423,SPC_ATTR_345,50.5701,3.075
LOT_0423,SPC_ATTR_433,601.5305,3.9795
LOT_0423,SPC_ATTR_481,199.7078,3.473
LOT_0424,SPC_ATTR_152,459.929,14.3821
LOT_0424,SPC_ATTR_287,137.7592,13.6728
LOT_0424,SPC_ATTR_425,102.5561,15.6893
LOT_0427,SPC_ATTR_073,22.8309,-6.9354
LOT_0427,SPC_ATTR_074,616.1618,8.4029
LOT_0427,SPC_ATTR_209,170.36,3.4594
LOT_0427,SPC_ATTR_345,50.3185,3.0467
LOT_0427,SPC_ATTR_346,138.8172,7.4721
LOT_0427,SPC_ATTR_347,141.0542,7.9218
LOT_0427,SPC_ATTR_559,1.2923,3.5451
LOT_0427,SPC_ATTR_561,0.2547,3.5336
LOT_0427,SPC_ATTR_571,410.2409,-6.8734
LOT_0428,SPC_ATTR_092,-0.3421,-3.9294
LOT_0428,SPC_ATTR_094,0.0092,3.2362
LOT_0428,SPC_ATTR_107,-0.0092,-3.2597
LOT_0428,SPC_ATTR_228,0.0583,3.6422
LOT_0430,SPC_ATTR_473,315.7949,3.7298
LOT_0430,SPC_ATTR_497,109.8076,3.2468
LOT_0430,SPC_ATTR_565,14.51,3.0624
LOT_0430,SPC_ATTR_569,5.4631,3.0208
LOT_0432,SPC_ATTR_559,1.2602,3.1623
LOT_0432,SPC_ATTR_561,0.3282,4.9586
LOT_0433,SPC_ATTR_121,7.0626,6.0476
LOT_0433,SPC_ATTR_522,1000.0,9.5846
LOT_0434,SPC_ATTR_093,0.013,3.8666
LOT_0434,SPC_ATTR_106,-0.013,-3.9044
LOT_0435,SPC_ATTR_001,3266.04,3.4173
LOT_0435,SPC_ATTR_090,0.3853,3.7538
LOT_0437,SPC_ATTR_093,0.0104,3.0619
LOT_0437,SPC_ATTR_106,-0.0104,-3.0924
LOT_0438,SPC_ATTR_121,5.9047,-3.2675
LOT_0438,SPC_ATTR_154,0.0619,5.3471
LOT_0438,SPC_ATTR_220,0.0105,4.4022
LOT_0438,SPC_ATTR_289,0.0177,4.6921
LOT_0438,SPC_ATTR_358,0.003,3.994
LOT_0438,SPC_ATTR_427,6.4771,5.2663
LOT_0438,SPC_ATTR_433,760.1053,5.2361
LOT_0438,SPC_ATTR_492,8.0405,4.5723
LOT_0439,SPC_ATTR_073,-25.2473,-9.5499
LOT_0439,SPC_ATTR_074,655.6391,10.6421
LOT_0439,SPC_ATTR_136,308.0,3.3025
LOT_0439,SPC_ATTR_346,125.8211,6.73
LOT_0439,SPC_ATTR_347,127.7272,7.1414
LOT_0439,SPC_ATTR_409,13.8933,3.3173
LOT_0439,SPC_ATTR_571,365.3818,-9.4368
LOT_0440,SPC_ATTR_073,-54.622,-11.1474
LOT_0440,SPC_ATTR_074,692.4256,12.7287
LOT_0440,SPC_ATTR_093,0.012,3.5571
LOT_0440,SPC_ATTR_106,-0.012,-3.5921
LOT_0440,SPC_ATTR_346,119.9884,6.397
LOT_0440,SPC_ATTR_347,125.7114,7.0233
LOT_0440,SPC_ATTR_571,384.6536,-8.3356
LOT_0440,SPC_ATTR_577,74.662,4.0835
LOT_0441,SPC_ATTR_212,0.2131,6.2525
LOT_0441,SPC_ATTR_350,0.0954,6.6159
LOT_0441,SPC_ATTR_573,454.56,4.9373
LOT_0441,SPC_ATTR_575,170.0204,5.9754
LOT_0441,SPC_ATTR_577,80.5172,4.4295
LOT_0442,SPC_ATTR_093,0.0104,3.0619
LOT_0442,SPC_ATTR_106,-0.0104,-3.0924
LOT_0442,SPC_ATTR_161,3472.0,5.0741
LOT_0442,SPC_ATTR_296,1712.782,5.1486
LOT_0444,SPC_ATTR_073,-33.8247,-10.0164
LOT_0444,SPC_ATTR_074,671.2265,11.5262
LOT_0444,SPC_ATTR_212,0.1493,3.7011
LOT_0444,SPC_ATTR_346,111.1325,5.8913
LOT_0444,SPC_ATTR_347,114.6373,6.3749
LOT_0444,SPC_ATTR_350,0.0611,3.3809
LOT_0444,SPC_ATTR_559,1.2923,3.5451
LOT_0444,SPC_ATTR_561,0.2547,3.5336
LOT_0444,SPC_ATTR_571,335.5982,-11.1388
LOT_0445,SPC_ATTR_434,902.7436,3.0881
LOT_0445,SPC_ATTR_477,79.8723,3.9988
LOT_0445,SPC_ATTR_481,201.941,3.5355
LOT_0447,SPC_ATTR_559,1.2718,3.3006
LOT_0448,SPC_ATTR_212,0.1561,3.973
LOT_0448,SPC_ATTR_350,0.0649,3.7393
LOT_0449,SPC_ATTR_025,-10366.333,-3.4684
LOT_0449,SPC_ATTR_065,38.0518,3.5178
LOT_0451,SPC_ATTR_049,126.1864,-3.0471
LOT_0451,SPC_ATTR_095,-0.0006,-3.2816
LOT_0451,SPC_ATTR_097,0.7164,3.1846
LOT_0451,SPC_ATTR_119,0.5596,-4.7904
LOT_0451,SPC_ATTR_145,0.3732,4.1275
LOT_0451,SPC_ATTR_280,0.1405,4.9013
LOT_0451,SPC_ATTR_418,23.3184,3.731
LOT_0452,SPC_ATTR_484,905.4152,3.6235
LOT_0453,SPC_ATTR_484,843.7811,3.304
LOT_0454,SPC_ATTR_433,773.1043,5.3391
LOT_0455,SPC_ATTR_044,376.0782,3.2943
LOT_0455,SPC_ATTR_087,2.2802,-3.2592
LOT_0455,SPC_ATTR_484,948.0,3.8443
LOT_0456,SPC_ATTR_044,377.2973,3.4899
LOT_0456,SPC_ATTR_061,373.8664,3.1035
LOT_0456,SPC_ATTR_121,7.522,9.7433
LOT_0456,SPC_ATTR_136,593.0,8.2551
LOT_0456,SPC_ATTR_225,0.5193,6.4587
LOT_0456,SPC_ATTR_271,99.7297,8.3872
LOT_0456,SPC_ATTR_363,0.1563,6.3721
LOT_0456,SPC_ATTR_409,26.1022,8.0529
LOT_0456,SPC_ATTR_497,204.8561,7.1072
LOT_0457,SPC_ATTR_044,375.2936,3.1685
LOT_0457,SPC_ATTR_219,7.8715,3.503
LOT_0457,SPC_ATTR_225,0.2733,3.0042
LOT_0457,SPC_ATTR_357,2.5724,3.2921
LOT_0457,SPC_ATTR_363,0.0878,3.2072
LOT_0457,SPC_ATTR_491,109.0367,3.196
LOT_0457,SPC_ATTR_497,120.8944,3.6971
LOT_0458,SPC_ATTR_060,168.1455,17.3291
LOT_0458,SPC_ATTR_061,325.0227,-4.9995
LOT_0458,SPC_ATTR_063,287.1509,19.7761
LOT_0458,SPC_ATTR_064,188.0923,24.4531
LOT_0458,SPC_ATTR_067,770.6084,5.5011
LOT_0458,SPC_ATTR_068,7272.8283,23.5969
LOT_0458,SPC_ATTR_069,110.4282,-8.7284
LOT_0458,SPC_ATTR_071,722.6018,10.85
LOT_0458,SPC_ATTR_074,600.7736,7.53
LOT_0458,SPC_ATTR_117,0.9077,-8.3637
LOT_0458,SPC_ATTR_197,396.11,24.6437
LOT_0458,SPC_ATTR_198,252.87,22.0597
LOT_0458,SPC_ATTR_199,6.541,11.1281
LOT_0458,SPC_ATTR_200,390.12,23.0207
LOT_0458,SPC_ATTR_203,82.37,4.9374
LOT_0458,SPC_ATTR_204,244.993,12.308
LOT_0458,SPC_ATTR_205,9997.5492,17.6346
LOT_0458,SPC_ATTR_206,320.05,26.9472
LOT_0458,SPC_ATTR_208,457.65,24.9906
LOT_0458,SPC_ATTR_209,165.553,3.2881
LOT_0458,SPC_ATTR_252,0.8333,22.1236
LOT_0458,SPC_ATTR_333,174.8944,30.5215
LOT_0458,SPC_ATTR_334,82.0817,22.2909
LOT_0458,SPC_ATTR_335,2.6566,14.3926
LOT_0458,SPC_ATTR_336,172.7119,29.2802
LOT_0458,SPC_ATTR_337,214.8628,27.147
LOT_0458,SPC_ATTR_339,35.0643,5.6734
LOT_0458,SPC_ATTR_340,79.9697,11.6287
LOT_0458,SPC_ATTR_341,4669.108,17.7828
LOT_0458,SPC_ATTR_342,97.7089,25.894
LOT_0458,SPC_ATTR_344,156.336,27.9491
LOT_0458,SPC_ATTR_345,58.2421,3.9375
LOT_0458,SPC_ATTR_346,257.0106,14.221
LOT_0458,SPC_ATTR_347,187.7589,10.6566
LOT_0458,SPC_ATTR_390,0.2634,22.1786
LOT_0458,SPC_ATTR_470,77.8007,22.8888
LOT_0458,SPC_ATTR_471,62.5666,11.478
LOT_0458,SPC_ATTR_472,135.8589,12.406
LOT_0458,SPC_ATTR_475,354.4169,12.7616
LOT_0458,SPC_ATTR_476,31.7922,10.543
LOT_0458,SPC_ATTR_477,137.4644,7.8538
LOT_0458,SPC_ATTR_478,289.8264,27.8417
LOT_0458,SPC_ATTR_480,63.3336,22.7583
LOT_0458,SPC_ATTR_481,221.9747,4.0958
LOT_0458,SPC_ATTR_524,91.8119,22.0268
LOT_0459,SPC_ATTR_121,6.7997,3.9326
LOT_0462,SPC_ATTR_016,824.9271,23.9149
LOT_0462,SPC_ATTR_152,536.564,16.854
LOT_0462,SPC_ATTR_287,150.9017,15.0189
LOT_0462,SPC_ATTR_298,12379.8524,3.1104
LOT_0462,SPC_ATTR_424,424.2152,10.6315
LOT_0462,SPC_ATTR_425,65.0438,9.7589
LOT_0465,SPC_ATTR_229,0.0622,4.1281
LOT_0465,SPC_ATTR_367,0.0129,3.3946
LOT_0465,SPC_ATTR_369,0.0116,4.0
LOT_0466,SPC_ATTR_485,985.6,3.6143
LOT_0467,SPC_ATTR_060,36.3682,3.5047
LOT_0467,SPC_ATTR_062,11.7063,4.6681
LOT_0467,SPC_ATTR_063,143.9527,3.1812
LOT_0467,SPC_ATTR_068,3637.0928,11.7735
LOT_0467,SPC_ATTR_069,106.8409,-9.5745
LOT_0467,SPC_ATTR_073,76.3739,-4.0236
LOT_0467,SPC_ATTR_074,534.5561,3.774
LOT_0467,SPC_ATTR_136,308.0,3.3025
LOT_0467,SPC_ATTR_197,106.48,6.2205
LOT_0467,SPC_ATTR_198,90.29,6.6524
LOT_0467,SPC_ATTR_199,4.985,8.2343
LOT_0467,SPC_ATTR_200,113.38,6.193
LOT_0467,SPC_ATTR_203,57.666,3.248
LOT_0467,SPC_ATTR_204,86.371,3.2241
LOT_0467,SPC_ATTR_205,9997.8983,17.6352
LOT_0467,SPC_ATTR_206,130.78,10.5475
LOT_0467,SPC_ATTR_208,93.93,4.2037
LOT_0467,SPC_ATTR_333,33.023,5.3903
LOT_0467,SPC_ATTR_334,25.9011,5.7839
LOT_0467,SPC_ATTR_335,1.6184,8.3874
LOT_0467,SPC_ATTR_336,34.2179,5.3257
LOT_0467,SPC_ATTR_337,67.8567,7.6918
LOT_0467,SPC_ATTR_341,5043.8789,19.2146
LOT_0467,SPC_ATTR_342,52.3338,13.5232
LOT_0467,SPC_ATTR_344,25.2932,3.5546
LOT_0467,SPC_ATTR_346,152.9228,8.2775
LOT_0467,SPC_ATTR_347,155.088,8.7435
LOT_0467,SPC_ATTR_409,13.8933,3.3173
LOT_0467,SPC_ATTR_470,25.0711,6.1582
LOT_0467,SPC_ATTR_471,42.584,7.4681
LOT_0467,SPC_ATTR_472,78.762,6.794
LOT_0467,SPC_ATTR_475,189.7559,6.1282
LOT_0467,SPC_ATTR_476,12.5623,3.1785
LOT_0467,SPC_ATTR_477,274.8871,17.0523
LOT_0467,SPC_ATTR_478,122.4063,11.4038
LOT_0467,SPC_ATTR_480,15.3749,4.5825
LOT_0467,SPC_ATTR_559,1.2923,3.5451
LOT_0467,SPC_ATTR_561,0.2547,3.5336
LOT_0470,SPC_ATTR_564,1.1116,3.5477
LOT_0471,SPC_ATTR_163,27194.0,3.4175
LOT_0471,SPC_ATTR_298,12331.0597,3.0953
LOT_0474,SPC_ATTR_002,2187.67,-3.8327
LOT_0474,SPC_ATTR_228,0.0549,3.3261
LOT_0476,SPC_ATTR_223,0.1971,3.3659
LOT_0477,SPC_ATTR_094,-0.0097,-3.0429
LOT_0477,SPC_ATTR_107,0.0097,3.0656
LOT_0480,SPC_ATTR_550,3.0544,3.5511
LOT_0480,SPC_ATTR_553,1.2811,3.6361
LOT_0481,SPC_ATTR_550,4.5986,5.8445
LOT_0481,SPC_ATTR_553,1.9478,6.0497
LOT_0481,SPC_ATTR_556,226.1897,4.7843
LOT_0482,SPC_ATTR_035,59.7711,7.7696
LOT_0482,SPC_ATTR_036,79.2786,5.7182
LOT_0482,SPC_ATTR_037,40.2289,-7.7696
LOT_0482,SPC_ATTR_040,133.3898,8.1397
LOT_0482,SPC_ATTR_093,0.0148,4.4237
LOT_0482,SPC_ATTR_106,-0.0148,-4.4666
LOT_0484,SPC_ATTR_108,-0.3125,-3.5523
LOT_0484,SPC_ATTR_228,0.0696,4.6927
LOT_0484,SPC_ATTR_366,0.014,3.3136
LOT_0485,SPC_ATTR_100,-0.5283,-8.445
LOT_0485,SPC_ATTR_101,0.0016,4.5534
LOT_0485,SPC_ATTR_104,0.0018,3.7811
LOT_0485,SPC_ATTR_105,0.0071,8.3608
LOT_0485,SPC_ATTR_490,972.0102,3.0688
LOT_0485,SPC_ATTR_511,253.7931,5.2539
LOT_0488,SPC_ATTR_094,-0.0105,-3.3086
LOT_0488,SPC_ATTR_107,0.0105,3.3333
LOT_0488,SPC_ATTR_239,0.0104,3.3033
LOT_0488,SPC_ATTR_377,0.0034,3.3689
LOT_0489,SPC_ATTR_078,0.1331,4.4676
LOT_0489,SPC_ATTR_213,0.5941,17.185
LOT_0489,SPC_ATTR_351,0.2914,18.7211
LOT_0490,SPC_ATTR_106,-0.0102,-3.03
LOT_0491,SPC_ATTR_095,0.001,5.9138
LOT_0491,SPC_ATTR_096,-0.0003,-3.4615
LOT_0491,SPC_ATTR_097,-1.2004,-5.5448
LOT_0491,SPC_ATTR_099,2.545,6.0011
LOT_0491,SPC_ATTR_102,0.0012,5.4615
LOT_0491,SPC_ATTR_147,0.1263,3.2636
LOT_0491,SPC_ATTR_228,0.0618,3.9676
LOT_0491,SPC_ATTR_229,0.1289,10.3356
LOT_0491,SPC_ATTR_366,0.0179,4.782
LOT_0491,SPC_ATTR_367,0.0249,8.4324
LOT_0491,SPC_ATTR_368,0.0219,6.7162
LOT_0491,SPC_ATTR_369,0.0209,8.4139
LOT_0492,SPC_ATTR_072,209.8135,3.3326
LOT_0493,SPC_ATTR_021,1.2486,-9.3478
LOT_0493,SPC_ATTR_157,1.4767,17.9176
LOT_0493,SPC_ATTR_292,0.4584,17.1621
LOT_0493,SPC_ATTR_298,13223.7871,3.3719
LOT_0493,SPC_ATTR_430,118.2648,17.729
LOT_0493,SPC_ATTR_433,776.7051,5.3677
LOT_0495,SPC_ATTR_025,10248.75,3.6336
LOT_0495,SPC_ATTR_522,604.2009,5.7464
LOT_0498,SPC_ATTR_012,0.6554,-24.8115
LOT_0498,SPC_ATTR_018,0.5794,-32.5024
LOT_0498,SPC_ATTR_079,0.2492,5.4905
LOT_0498,SPC_ATTR_154,0.0533,4.4269
LOT_0498,SPC_ATTR_214,0.9296,16.3917
LOT_0498,SPC_ATTR_218,0.6744,13.0235
LOT_0498,SPC_ATTR_289,0.0174,4.5899
LOT_0498,SPC_ATTR_346,83.2255,4.2978
LOT_0498,SPC_ATTR_347,87.3532,4.7772
LOT_0498,SPC_ATTR_352,0.3851,14.5551
LOT_0498,SPC_ATTR_356,0.2789,10.9543
LOT_0498,SPC_ATTR_427,9.2069,8.0081
LOT_0498,SPC_ATTR_571,328.4664,-11.5463
LOT_0499,SPC_ATTR_218,0.6079,11.5867
LOT_0499,SPC_ATTR_356,0.2544,9.856
LOT_0499,SPC_ATTR_582,474.0812,4.2978
LOT_0499,SPC_ATTR_590,474.0812,3.9877
LOT_0500,SPC_ATTR_590,474.0812,3.9877
LOT_0501,SPC_ATTR_152,271.726,8.3115
LOT_0501,SPC_ATTR_287,81.4993,7.9108
LOT_0501,SPC_ATTR_425,61.0134,9.1217
LOT_0501,SPC_ATTR_590,474.0812,3.9877
LOT_0502,SPC_ATTR_590,474.0812,3.9877
LOT_0503,SPC_ATTR_093,-0.0126,-4.0566
LOT_0503,SPC_ATTR_106,0.0127,4.1218
LOT_0503,SPC_ATTR_163,27854.0,3.5182
LOT_0503,SPC_ATTR_590,474.0812,3.9877
LOT_0504,SPC_ATTR_127,3.955,4.7511
LOT_0504,SPC_ATTR_136,308.0,3.3025
LOT_0504,SPC_ATTR_212,0.1793,4.9008
LOT_0504,SPC_ATTR_256,0.8194,3.4533
LOT_0504,SPC_ATTR_350,0.0775,4.9277
LOT_0504,SPC_ATTR_394,0.2544,3.135
LOT_0504,SPC_ATTR_409,13.8933,3.3173
LOT_0504,SPC_ATTR_528,12.749,3.3638
LOT_0504,SPC_ATTR_590,474.0812,3.9877
LOT_0505,SPC_ATTR_522,1000.0,9.5846
LOT_0505,SPC_ATTR_550,3.0588,3.5577
LOT_0505,SPC_ATTR_553,1.239,3.4837
LOT_0505,SPC_ATTR_556,219.0705,4.5821
LOT_0505,SPC_ATTR_590,474.0812,3.9877
LOT_0506,SPC_ATTR_161,3205.0,4.6096
LOT_0506,SPC_ATTR_296,1596.3689,4.738
LOT_0506,SPC_ATTR_590,474.0812,3.9877
LOT_0507,SPC_ATTR_158,0.2458,5.0254
LOT_0507,SPC_ATTR_293,0.0743,5.2038
LOT_0507,SPC_ATTR_590,474.0812,3.9877
LOT_0508,SPC_ATTR_590,474.0812,3.9877
LOT_0509,SPC_ATTR_127,3.955,4.7511
LOT_0509,SPC_ATTR_212,0.2762,8.776
LOT_0509,SPC_ATTR_350,0.1206,8.9925
LOT_0509,SPC_ATTR_491,115.7802,3.5696
LOT_0509,SPC_ATTR_590,474.0812,3.9877
LOT_0510,SPC_ATTR_127,3.955,4.7511
LOT_0510,SPC_ATTR_212,0.2399,7.3243
LOT_0510,SPC_ATTR_350,0.1,7.0497
LOT_0510,SPC_ATTR_590,474.0812,3.9877
LOT_0511,SPC_ATTR_189,116.057,3.3551
LOT_0511,SPC_ATTR_325,44.1753,4.662
LOT_0511,SPC_ATTR_461,149.3851,9.0128
LOT_0511,SPC_ATTR_522,718.604,6.8558
LOT_0511,SPC_ATTR_573,426.69,4.6143
LOT_0511,SPC_ATTR_574,1.1093,3.0734
LOT_0511,SPC_ATTR_575,134.9539,4.6728
LOT_0511,SPC_ATTR_576,0.3866,4.1579
LOT_0511,SPC_ATTR_577,83.1669,4.5861
LOT_0511,SPC_ATTR_578,60.4003,3.5048
LOT_0511,SPC_ATTR_590,474.0812,3.9877
LOT_0512,SPC_ATTR_024,-8690.25,-3.5387
LOT_0512,SPC_ATTR_212,0.2363,7.1804
LOT_0512,SPC_ATTR_350,0.1041,7.4364
LOT_0512,SPC_ATTR_590,474.0812,3.9877
LOT_0514,SPC_ATTR_212,0.186,5.1688
LOT_0514,SPC_ATTR_350,0.0788,5.0503
LOT_0514,SPC_ATTR_550,3.2976,3.9123
LOT_0514,SPC_ATTR_553,1.3765,3.9815
LOT_0514,SPC_ATTR_556,201.5472,4.0844
LOT_0515,SPC_ATTR_127,3.955,4.7511
LOT_0516,SPC_ATTR_127,3.955,4.7511
LOT_0516,SPC_ATTR_136,308.0,3.3025
LOT_0516,SPC_ATTR_226,2885.7998,4.2587
LOT_0516,SPC_ATTR_251,295.763,3.4088
LOT_0516,SPC_ATTR_364,853.4855,3.7475
LOT_0516,SPC_ATTR_389,90.1719,3.1936
LOT_0516,SPC_ATTR_409,13.8933,3.3173
LOT_0516,SPC_ATTR_498,37.1531,5.1107
LOT_0516,SPC_ATTR_523,43.2512,4.0147
LOT_0517,SPC_ATTR_078,-0.1046,-3.1101
LOT_0517,SPC_ATTR_094,-0.0103,-3.2422
LOT_0517,SPC_ATTR_107,0.0103,3.2664
LOT_0519,SPC_ATTR_127,3.955,4.7511
LOT_0519,SPC_ATTR_212,0.2225,6.6285
LOT_0519,SPC_ATTR_350,0.0918,6.2763
LOT_0520,SPC_ATTR_256,0.7803,3.1284
LOT_0520,SPC_ATTR_528,12.3146,3.1338
LOT_0521,SPC_ATTR_001,2792.24,-3.0183
LOT_0521,SPC_ATTR_239,0.0101,3.1266
LOT_0522,SPC_ATTR_127,3.955,4.7511
LOT_0522,SPC_ATTR_163,27277.0,3.4302
LOT_0524,SPC_ATTR_140,1245.613,3.1479
LOT_0524,SPC_ATTR_275,401.8832,3.1024
LOT_0524,SPC_ATTR_353,0.0732,3.7884
LOT_0524,SPC_ATTR_413,112.3241,4.4213
LOT_0524,SPC_ATTR_440,218.0073,3.84
LOT_0525,SPC_ATTR_573,445.32,4.8302
LOT_0525,SPC_ATTR_574,1.1669,3.3052
LOT_0525,SPC_ATTR_575,129.3101,4.4631
LOT_0525,SPC_ATTR_576,0.3595,3.7582
LOT_0525,SPC_ATTR_577,77.9946,4.2804
LOT_0525,SPC_ATTR_578,55.411,3.1052
LOT_0526,SPC_ATTR_127,3.955,4.7511
LOT_0527,SPC_ATTR_093,0.0205,6.1879
LOT_0527,SPC_ATTR_106,-0.0205,-6.2467
LOT_0527,SPC_ATTR_136,382.0,4.5884
LOT_0527,SPC_ATTR_140,1245.613,3.1479
LOT_0527,SPC_ATTR_271,63.9084,4.1238
LOT_0527,SPC_ATTR_275,401.8832,3.1024
LOT_0527,SPC_ATTR_409,17.4781,4.7078
LOT_0527,SPC_ATTR_413,112.3241,4.4213
LOT_0527,SPC_ATTR_559,1.4648,5.6021
LOT_0528,SPC_ATTR_556,165.651,3.0648
LOT_0528,SPC_ATTR_560,0.9511,3.1053
LOT_0528,SPC_ATTR_561,0.3995,6.341
LOT_0529,SPC_ATTR_033,103.1082,8.769
LOT_0529,SPC_ATTR_034,23.1583,10.5604
LOT_0529,SPC_ATTR_035,57.7421,6.0539
LOT_0529,SPC_ATTR_036,74.8511,3.9986
LOT_0529,SPC_ATTR_037,42.2579,-6.0539
LOT_0529,SPC_ATTR_038,67.199,3.2147
LOT_0529,SPC_ATTR_040,127.3944,4.8222
LOT_0529,SPC_ATTR_140,1245.613,3.1479
LOT_0529,SPC_ATTR_275,401.8832,3.1024
LOT_0529,SPC_ATTR_413,112.3241,4.4213
LOT_0530,SPC_ATTR_002,2186.06,-3.8527
LOT_0530,SPC_ATTR_016,817.003,23.4548
LOT_0530,SPC_ATTR_152,229.849,6.9608
LOT_0530,SPC_ATTR_169,0.284,3.3503
LOT_0530,SPC_ATTR_287,77.6711,7.5187
LOT_0530,SPC_ATTR_424,295.525,6.6836
LOT_0530,SPC_ATTR_425,28.1332,3.9235
LOT_0530,SPC_ATTR_559,1.2606,3.1671
LOT_0531,SPC_ATTR_002,2158.75,-4.1924
LOT_0531,SPC_ATTR_212,0.2434,7.4643
LOT_0531,SPC_ATTR_350,0.1009,7.1346
LOT_0533,SPC_ATTR_136,308.0,3.3025
LOT_0533,SPC_ATTR_409,13.8933,3.3173
LOT_0534,SPC_ATTR_010,-0.0534,-3.477
LOT_0534,SPC_ATTR_011,-0.0284,-3.0688
LOT_0534,SPC_ATTR_147,0.1825,5.8364
LOT_0534,SPC_ATTR_282,0.0513,6.5295
LOT_0534,SPC_ATTR_481,216.9736,3.956
LOT_0534,SPC_ATTR_485,964.7059,3.5163
LOT_0536,SPC_ATTR_161,2446.0,3.2892
LOT_0536,SPC_ATTR_296,1160.4443,3.2005
LOT_0538,SPC_ATTR_547,2.8654,4.6927
LOT_0538,SPC_ATTR_550,3.2604,3.8571
LOT_0538,SPC_ATTR_553,1.4168,4.1274
LOT_0538,SPC_ATTR_571,586.9145,3.2224
LOT_0538,SPC_ATTR_573,451.69,4.904
LOT_0538,SPC_ATTR_575,138.3722,4.7997
LOT_0538,SPC_ATTR_577,76.9601,4.2193
LOT_0539,SPC_ATTR_025,9133.0,3.2493
LOT_0539,SPC_ATTR_093,0.0134,3.9904
LOT_0539,SPC_ATTR_095,0.0006,3.6149
LOT_0539,SPC_ATTR_097,-0.6587,-3.0778
LOT_0539,SPC_ATTR_099,1.2957,3.0761
LOT_0539,SPC_ATTR_103,-0.2527,-4.0309
LOT_0539,SPC_ATTR_106,-0.0135,-4.0606
LOT_0539,SPC_ATTR_229,0.0961,7.283
LOT_0539,SPC_ATTR_367,0.0225,7.4249
LOT_0539,SPC_ATTR_369,0.0177,6.8951
LOT_0539,SPC_ATTR_547,3.9786,7.5539
LOT_0539,SPC_ATTR_550,4.2729,5.3608
LOT_0539,SPC_ATTR_553,1.7823,5.4506
LOT_0539,SPC_ATTR_559,1.2606,3.1671
LOT_0540,SPC_ATTR_012,0.8775,-6.975
LOT_0540,SPC_ATTR_013,272.0451,22.1315
LOT_0540,SPC_ATTR_017,102.8677,38.6711
LOT_0540,SPC_ATTR_019,169.1774,-7.5044
LOT_0540,SPC_ATTR_148,0.9783,35.4271
LOT_0540,SPC_ATTR_149,742.9421,39.1914
LOT_0540,SPC_ATTR_153,924.378,39.5129
LOT_0540,SPC_ATTR_155,191.5478,35.0911
LOT_0540,SPC_ATTR_283,0.3083,35.3836
LOT_0540,SPC_ATTR_284,232.8049,39.2204
LOT_0540,SPC_ATTR_288,292.2274,39.5134
LOT_0540,SPC_ATTR_290,59.5187,35.2136
LOT_0540,SPC_ATTR_421,111.4956,35.8683
LOT_0540,SPC_ATTR_422,273.0952,38.8959
LOT_0540,SPC_ATTR_426,898.6085,38.3448
LOT_0540,SPC_ATTR_428,113.223,35.8841
LOT_0541,SPC_ATTR_136,308.0,3.3025
LOT_0541,SPC_ATTR_409,13.8933,3.3173
LOT_0542,SPC_ATTR_072,224.9449,3.8107
LOT_0542,SPC_ATTR_093,0.0212,6.4045
LOT_0542,SPC_ATTR_106,-0.0213,-6.4966
LOT_0542,SPC_ATTR_162,18587.0,3.4252
LOT_0542,SPC_ATTR_297,8423.2431,3.3132
LOT_0543,SPC_ATTR_093,0.0139,4.1452
LOT_0543,SPC_ATTR_106,-0.014,-4.2167
LOT_0543,SPC_ATTR_108,0.373,4.2843
LOT_0543,SPC_ATTR_109,0.3504,4.1632
LOT_0544,SPC_ATTR_550,2.7105,3.0404
LOT_0544,SPC_ATTR_553,1.1553,3.1807
LOT_0544,SPC_ATTR_573,426.85,4.6162
LOT_0544,SPC_ATTR_575,134.1202,4.6418
LOT_0544,SPC_ATTR_576,0.3337,3.3776
LOT_0544,SPC_ATTR_577,83.2942,4.5936
LOT_0544,SPC_ATTR_578,70.2474,4.2935
LOT_0545,SPC_ATTR_140,1245.613,3.1479
LOT_0545,SPC_ATTR_162,19941.0,3.7446
LOT_0545,SPC_ATTR_275,401.8832,3.1024
LOT_0545,SPC_ATTR_297,8500.4822,3.3523
LOT_0545,SPC_ATTR_413,112.3241,4.4213
LOT_0545,SPC_ATTR_477,70.829,3.3935
LOT_0546,SPC_ATTR_092,-0.2893,-3.3272
LOT_0546,SPC_ATTR_095,0.0008,4.7644
LOT_0546,SPC_ATTR_096,-0.0004,-4.4231
LOT_0546,SPC_ATTR_097,-0.9229,-4.2811
LOT_0546,SPC_ATTR_099,2.5698,6.0592
LOT_0546,SPC_ATTR_101,-0.0011,-3.0309
LOT_0546,SPC_ATTR_102,0.0012,5.4615
LOT_0546,SPC_ATTR_228,0.0802,5.6782
LOT_0546,SPC_ATTR_229,0.1043,8.0462
LOT_0546,SPC_ATTR_366,0.0183,4.9326
LOT_0546,SPC_ATTR_367,0.0248,8.3904
LOT_0546,SPC_ATTR_368,0.0197,5.9011
LOT_0546,SPC_ATTR_369,0.0221,8.9834
LOT_0547,SPC_ATTR_550,3.0304,3.5155
LOT_0547,SPC_ATTR_553,1.1391,3.1221
LOT_0548,SPC_ATTR_145,0.336,3.5211
LOT_0548,SPC_ATTR_214,0.2471,3.5217
LOT_0548,SPC_ATTR_280,0.1068,3.2403
LOT_0548,SPC_ATTR_418,20.9312,3.1422
LOT_0551,SPC_ATTR_140,1245.613,3.1479
LOT_0551,SPC_ATTR_214,0.2517,3.6084
LOT_0551,SPC_ATTR_229,0.0568,3.6255
LOT_0551,SPC_ATTR_275,401.8832,3.1024
LOT_0551,SPC_ATTR_352,0.1107,3.3838
LOT_0551,SPC_ATTR_367,0.0125,3.2267
LOT_0551,SPC_ATTR_369,0.0104,3.4305
LOT_0551,SPC_ATTR_413,112.3241,4.4213
LOT_0552,SPC_ATTR_298,12351.7145,3.1017
LOT_0552,SPC_ATTR_556,167.9338,3.1296
LOT_0553,SPC_ATTR_045,9.4941,-3.0683
LOT_0553,SPC_ATTR_096,-0.0004,-4.4231
LOT_0553,SPC_ATTR_097,0.8166,3.641
LOT_0553,SPC_ATTR_108,0.2674,3.0771
LOT_0553,SPC_ATTR_228,0.0759,5.2784
LOT_0553,SPC_ATTR_366,0.0178,4.7444
LOT_0553,SPC_ATTR_368,0.0165,4.7155
LOT_0555,SPC_ATTR_318,0.4022,3.1712
LOT_0555,SPC_ATTR_454,12.2262,3.0057
LOT_0556,SPC_ATTR_033,103.1082,8.769
LOT_0556,SPC_ATTR_034,23.1583,10.5604
LOT_0556,SPC_ATTR_035,57.7421,6.0539
LOT_0556,SPC_ATTR_036,74.8511,3.9986
LOT_0556,SPC_ATTR_037,42.2579,-6.0539
LOT_0556,SPC_ATTR_038,67.199,3.2147
LOT_0556,SPC_ATTR_040,127.3944,4.8222
LOT_0556,SPC_ATTR_386,0.0611,3.4577
LOT_0557,SPC_ATTR_025,11034.75,3.9044
LOT_0557,SPC_ATTR_030,0.7111,-4.0497
LOT_0557,SPC_ATTR_031,0.0372,-4.4609
LOT_0557,SPC_ATTR_439,239.0625,5.4052
LOT_0557,SPC_ATTR_440,241.791,4.4597
LOT_0558,SPC_ATTR_024,417.0,3.06
LOT_0558,SPC_ATTR_108,-0.2867,-3.2573
LOT_0558,SPC_ATTR_220,0.0087,3.3086
LOT_0558,SPC_ATTR_228,0.0545,3.2889
LOT_0558,SPC_ATTR_297,7971.4689,3.0845
LOT_0558,SPC_ATTR_469,983.4625,3.2903
LOT_0558,SPC_ATTR_481,188.8458,3.1692
LOT_0558,SPC_ATTR_492,6.3632,3.2023
LOT_0558,SPC_ATTR_571,589.5082,3.3706
LOT_0558,SPC_ATTR_573,452.54,4.9139
LOT_0558,SPC_ATTR_575,138.2373,4.7947
LOT_0558,SPC_ATTR_577,76.7657,4.2078
LOT_0559,SPC_ATTR_220,0.0105,4.4022
LOT_0559,SPC_ATTR_358,0.003,3.994
LOT_0559,SPC_ATTR_481,203.8407,3.5886
LOT_0559,SPC_ATTR_492,8.0405,4.5723
LOT_0561,SPC_ATTR_469,967.2532,3.22
LOT_0562,SPC_ATTR_024,1889.25,4.1267
LOT_0562,SPC_ATTR_433,586.0527,3.8568
LOT_0562,SPC_ATTR_455,17.0757,3.0042
LOT_0562,SPC_ATTR_474,116.5288,3.4333
LOT_0562,SPC_ATTR_574,1.138,3.1889
LOT_0562,SPC_ATTR_576,0.3883,4.183
LOT_0563,SPC_ATTR_485,879.7654,3.1178
LOT_0563,SPC_ATTR_574,1.138,3.1889
LOT_0563,SPC_ATTR_576,0.3883,4.183
LOT_0564,SPC_ATTR_099,1.3217,3.137
LOT_0565,SPC_ATTR_084,5.8337,-3.1348
LOT_0565,SPC_ATTR_219,7.5756,3.2502
LOT_0565,SPC_ATTR_357,2.545,3.2213
LOT_0565,SPC_ATTR_477,65.6944,3.0498
LOT_0565,SPC_ATTR_491,129.8585,4.3496
LOT_0566,SPC_ATTR_038,67.1943,3.1993
LOT_0566,SPC_ATTR_140,1245.613,3.1479
LOT_0566,SPC_ATTR_161,3362.0,4.8828
LOT_0566,SPC_ATTR_275,401.8832,3.1024
LOT_0566,SPC_ATTR_296,1655.6513,4.9471
LOT_0566,SPC_ATTR_413,112.3241,4.4213
LOT_0569,SPC_ATTR_140,1245.613,3.1479
LOT_0569,SPC_ATTR_145,0.4821,5.9027
LOT_0569,SPC_ATTR_275,401.8832,3.1024
LOT_0569,SPC_ATTR_280,0.1551,5.6209
LOT_0569,SPC_ATTR_413,112.3241,4.4213
LOT_0569,SPC_ATTR_418,30.8902,5.5985
LOT_0569,SPC_ATTR_485,938.8128,3.3948
LOT_0570,SPC_ATTR_553,1.1163,3.0395
LOT_0570,SPC_ATTR_556,213.6966,4.4294
LOT_0571,SPC_ATTR_226,2628.2002,3.664
LOT_0571,SPC_ATTR_364,842.6579,3.6695
LOT_0571,SPC_ATTR_498,29.9901,3.6656
LOT_0572,SPC_ATTR_108,-0.2872,-3.263
LOT_0572,SPC_ATTR_136,382.0,4.5884
LOT_0572,SPC_ATTR_248,0.4686,6.2085
LOT_0572,SPC_ATTR_271,63.9084,4.1238
LOT_0572,SPC_ATTR_386,0.1147,7.1887
LOT_0572,SPC_ATTR_409,17.4781,4.7078
LOT_0572,SPC_ATTR_520,107.9521,6.0846
LOT_0573,SPC_ATTR_481,193.0997,3.2882
LOT_0574,SPC_ATTR_477,73.4527,3.5691
LOT_0575,SPC_ATTR_574,1.138,3.1889
LOT_0575,SPC_ATTR_576,0.3883,4.183
LOT_0577,SPC_ATTR_031,0.2851,3.064
LOT_0577,SPC_ATTR_167,21.1,16.3528
LOT_0577,SPC_ATTR_168,8.4,11.322
LOT_0577,SPC_ATTR_169,0.365,5.0505
LOT_0577,SPC_ATTR_302,5.3602,13.4045
LOT_0577,SPC_ATTR_303,2.6881,11.5676
LOT_0577,SPC_ATTR_304,0.1071,4.6004
LOT_0577,SPC_ATTR_438,32.274,17.5372
LOT_0577,SPC_ATTR_439,444.7059,11.4344
LOT_0578,SPC_ATTR_093,0.0207,6.2498
LOT_0578,SPC_ATTR_106,-0.0206,-6.278
LOT_0581,SPC_ATTR_104,0.0013,3.6179
LOT_0581,SPC_ATTR_511,451.4851,10.4989
LOT_0582,SPC_ATTR_559,1.2923,3.5451
LOT_0582,SPC_ATTR_561,0.2547,3.5336
LOT_0583,SPC_ATTR_093,0.0124,3.6809
LOT_0583,SPC_ATTR_106,-0.0125,-3.7483
LOT_0583,SPC_ATTR_108,0.2694,3.0999
LOT_0583,SPC_ATTR_563,311.404,6.3788
LOT_0585,SPC_ATTR_146,0.1592,3.6012
LOT_0585,SPC_ATTR_281,0.0375,3.0026
LOT_0586,SPC_ATTR_100,-0.3032,-4.8572
LOT_0586,SPC_ATTR_105,0.0041,4.8355
LOT_0586,SPC_ATTR_146,0.1965,5.0066
LOT_0586,SPC_ATTR_281,0.0439,3.9898
LOT_0586,SPC_ATTR_282,0.0351,3.6079
LOT_0586,SPC_ATTR_574,1.138,3.1889
LOT_0586,SPC_ATTR_576,0.3883,4.183
LOT_0587,SPC_ATTR_054,4.764,3.1124
LOT_0587,SPC_ATTR_550,3.1688,3.721
LOT_0587,SPC_ATTR_553,1.2582,3.5532
LOT_0587,SPC_ATTR_556,191.8783,3.8097
LOT_0588,SPC_ATTR_211,0.2555,3.9613
LOT_0588,SPC_ATTR_214,0.3118,4.7417
LOT_0588,SPC_ATTR_349,0.0654,3.4306
LOT_0588,SPC_ATTR_352,0.151,5.0245
LOT_0589,SPC_ATTR_062,9.5748,-3.0863
LOT_0592,SPC_ATTR_140,1245.613,3.1479
LOT_0592,SPC_ATTR_275,401.8832,3.1024
LOT_0592,SPC_ATTR_413,112.3241,4.4213
LOT_0593,SPC_ATTR_033,103.1082,8.769
LOT_0593,SPC_ATTR_034,23.1583,10.5604
LOT_0593,SPC_ATTR_035,57.7421,6.0539
LOT_0593,SPC_ATTR_036,74.8511,3.9986
LOT_0593,SPC_ATTR_037,42.2579,-6.0539
LOT_0593,SPC_ATTR_038,67.199,3.2147
LOT_0593,SPC_ATTR_040,127.3944,4.8222
LOT_0594,SPC_ATTR_100,-0.2334,-3.7447
LOT_0594,SPC_ATTR_103,0.2625,4.1511
LOT_0594,SPC_ATTR_105,0.0031,3.6604
LOT_0594,SPC_ATTR_146,0.2097,5.5039
LOT_0594,SPC_ATTR_281,0.0469,4.4526
LOT_0594,SPC_ATTR_282,0.0346,3.5178
LOT_0594,SPC_ATTR_485,881.3559,3.1252
LOT_0595,SPC_ATTR_484,821.8487,3.1902
LOT_0595,SPC_ATTR_559,1.4648,5.6021
LOT_0596,SPC_ATTR_162,17918.0,3.2674
LOT_0596,SPC_ATTR_297,8251.7326,3.2264
LOT_0597,SPC_ATTR_010,0.0455,3.0657
LOT_0597,SPC_ATTR_318,0.3987,3.1229
LOT_0597,SPC_ATTR_550,3.9653,4.9039
LOT_0597,SPC_ATTR_553,1.703,5.1635
LOT_0597,SPC_ATTR_556,224.3978,4.7334
LOT_0598,SPC_ATTR_033,103.1082,8.769
LOT_0598,SPC_ATTR_034,23.1583,10.5604
LOT_0598,SPC_ATTR_035,57.7421,6.0539
LOT_0598,SPC_ATTR_036,74.8511,3.9986
LOT_0598,SPC_ATTR_037,42.2579,-6.0539
LOT_0598,SPC_ATTR_038,67.199,3.2147
LOT_0598,SPC_ATTR_040,127.3944,4.8222
LOT_0599,SPC_ATTR_477,88.9624,4.6072
LOT_0600,SPC_ATTR_226,2803.1001,4.0678
LOT_0600,SPC_ATTR_251,279.0726,3.1031
LOT_0600,SPC_ATTR_364,911.8566,4.1681
LOT_0600,SPC_ATTR_389,89.9767,3.1823
LOT_0600,SPC_ATTR_469,945.6885,3.1266
LOT_0600,SPC_ATTR_498,32.4984,4.1716
LOT_0600,SPC_ATTR_523,37.5892,3.2178
LOT_0601,SPC_ATTR_044,374.8218,3.0928
LOT_0601,SPC_ATTR_386,0.0596,3.3533
LOT_0604,SPC_ATTR_103,-0.2913,-4.6439
LOT_0604,SPC_ATTR_229,0.0588,3.8116
LOT_0604,SPC_ATTR_281,0.0419,3.6813
LOT_0604,SPC_ATTR_282,0.0331,3.2472
LOT_0604,SPC_ATTR_367,0.0121,3.0588
LOT_0604,SPC_ATTR_511,249.711,5.1456
LOT_0605,SPC_ATTR_030,0.9889,-3.37
LOT_0605,SPC_ATTR_031,0.081,-3.1313
LOT_0605,SPC_ATTR_215,0.5064,7.4949
LOT_0605,SPC_ATTR_353,0.115,6.9654
LOT_0606,SPC_ATTR_024,-8718.6667,-3.5593
LOT_0606,SPC_ATTR_095,0.0006,3.6149
LOT_0606,SPC_ATTR_096,-0.0004,-4.4231
LOT_0606,SPC_ATTR_228,0.0974,7.2773
LOT_0606,SPC_ATTR_229,0.0657,4.4538
LOT_0606,SPC_ATTR_366,0.0319,10.0531
LOT_0606,SPC_ATTR_367,0.0189,5.9135
LOT_0606,SPC_ATTR_368,0.0319,10.4213
LOT_0606,SPC_ATTR_369,0.0168,6.468
LOT_0606,SPC_ATTR_461,70.684,3.1111
LOT_0607,SPC_ATTR_148,0.1537,5.0248
LOT_0607,SPC_ATTR_283,0.048,4.9392
LOT_0607,SPC_ATTR_421,15.9841,4.6319
LOT_0608,SPC_ATTR_095,0.0005,3.0402
LOT_0608,SPC_ATTR_097,-0.6788,-3.1694
LOT_0608,SPC_ATTR_099,1.6653,3.9415
LOT_0608,SPC_ATTR_102,0.0008,3.6516
LOT_0608,SPC_ATTR_103,-0.5353,-8.5189
LOT_0608,SPC_ATTR_147,0.1428,4.019
LOT_0608,SPC_ATTR_228,0.0699,4.7206
LOT_0608,SPC_ATTR_229,0.1061,8.2137
LOT_0608,SPC_ATTR_282,0.0328,3.1931
LOT_0608,SPC_ATTR_366,0.017,4.4431
LOT_0608,SPC_ATTR_367,0.0239,8.0126
LOT_0608,SPC_ATTR_368,0.0122,3.1223
LOT_0608,SPC_ATTR_369,0.0154,5.8035
LOT_0609,SPC_ATTR_547,2.2472,3.1038
LOT_0610,SPC_ATTR_096,-0.0003,-3.4615
LOT_0610,SPC_ATTR_127,3.955,4.7511
LOT_0610,SPC_ATTR_162,18140.0,3.3197
LOT_0610,SPC_ATTR_297,8302.7761,3.2522
LOT_0610,SPC_ATTR_491,107.5062,3.1112
LOT_0611,SPC_ATTR_021,1.3526,-3.134
LOT_0611,SPC_ATTR_215,0.7615,12.0135
LOT_0611,SPC_ATTR_220,0.0087,3.3086
LOT_0611,SPC_ATTR_353,0.1429,9.086
LOT_0611,SPC_ATTR_492,6.3632,3.2023
LOT_0612,SPC_ATTR_146,0.1701,4.0119
LOT_0612,SPC_ATTR_281,0.0441,4.0207
LOT_0612,SPC_ATTR_386,0.0608,3.4368
LOT_0614,SPC_ATTR_477,72.2292,3.4872
LOT_0616,SPC_ATTR_559,1.3061,3.7096
LOT_0617,SPC_ATTR_433,853.9353,5.9797
LOT_0618,SPC_ATTR_547,2.5242,3.8157
LOT_0619,SPC_ATTR_091,7574.11,-3.1627
LOT_0619,SPC_ATTR_100,0.2883,4.5706
LOT_0619,SPC_ATTR_102,0.0012,5.4615
LOT_0619,SPC_ATTR_105,-0.0039,-4.5652
LOT_0619,SPC_ATTR_211,0.2677,4.2514
LOT_0619,SPC_ATTR_248,0.4289,5.6149
LOT_0619,SPC_ATTR_349,0.0803,4.6867
LOT_0619,SPC_ATTR_386,0.1089,6.785
LOT_0619,SPC_ATTR_520,100.809,5.6329
LOT_0620,SPC_ATTR_550,3.0839,3.5949
LOT_0620,SPC_ATTR_553,1.2379,3.4797
LOT_0621,SPC_ATTR_573,435.57,4.7172
LOT_0621,SPC_ATTR_574,1.3206,3.9237
LOT_0621,SPC_ATTR_575,139.1348,4.8281
LOT_0621,SPC_ATTR_576,0.3764,4.0075
LOT_0621,SPC_ATTR_577,85.3575,4.7156
LOT_0621,SPC_ATTR_578,65.3231,3.8991
LOT_0622,SPC_ATTR_033,103.1082,8.769
LOT_0622,SPC_ATTR_034,23.1583,10.5604
LOT_0622,SPC_ATTR_035,57.7421,6.0539
LOT_0622,SPC_ATTR_036,74.8511,3.9986
LOT_0622,SPC_ATTR_037,42.2579,-6.0539
LOT_0622,SPC_ATTR_038,67.199,3.2147
LOT_0622,SPC_ATTR_040,127.3944,4.8222
LOT_0623,SPC_ATTR_213,0.1522,3.1911
LOT_0623,SPC_ATTR_547,2.3764,3.4358
LOT_0623,SPC_ATTR_550,5.5088,7.1962
LOT_0623,SPC_ATTR_553,2.2586,7.1748
LOT_0623,SPC_ATTR_556,231.816,4.9441
LOT_0624,SPC_ATTR_038,67.1943,3.1993
LOT_0624,SPC_ATTR_574,1.3483,4.0352
LOT_0624,SPC_ATTR_576,0.383,4.1048
LOT_0624,SPC_ATTR_578,61.5596,3.5976
LOT_0625,SPC_ATTR_215,0.4868,7.1477
LOT_0625,SPC_ATTR_353,0.1213,7.4443
LOT_0625,SPC_ATTR_433,513.6025,3.2827
LOT_0626,SPC_ATTR_103,0.2511,3.97
LOT_0627,SPC_ATTR_120,0.8483,-13.6861
LOT_0627,SPC_ATTR_136,382.0,4.5884
LOT_0627,SPC_ATTR_186,30.22,3.1792
LOT_0627,SPC_ATTR_255,0.0559,4.5945
LOT_0627,SPC_ATTR_271,63.9084,4.1238
LOT_0627,SPC_ATTR_322,8.7298,3.0544
LOT_0627,SPC_ATTR_393,0.0161,3.9131
LOT_0627,SPC_ATTR_409,17.4781,4.7078
LOT_0627,SPC_ATTR_455,17.317,3.0831
LOT_0627,SPC_ATTR_458,21.5805,3.5958
LOT_0627,SPC_ATTR_527,6.5899,5.3697
LOT_0628,SPC_ATTR_215,0.5301,7.9147
LOT_0628,SPC_ATTR_353,0.1252,7.7407
LOT_0628,SPC_ATTR_559,1.4648,5.6021
LOT_0629,SPC_ATTR_096,0.0007,6.1538
LOT_0629,SPC_ATTR_101,0.0012,3.4298
LOT_0629,SPC_ATTR_228,0.0549,3.3261
LOT_0629,SPC_ATTR_368,0.012,3.0482
LOT_0632,SPC_ATTR_212,0.1351,3.1332
LOT_0632,SPC_ATTR_350,0.0595,3.23
LOT_0633,SPC_ATTR_136,593.0,8.2551
LOT_0633,SPC_ATTR_271,99.7297,8.3872
LOT_0633,SPC_ATTR_409,26.1022,8.0529
LOT_0634,SPC_ATTR_386,0.0592,3.3254
LOT_0634,SPC_ATTR_550,3.1059,3.6276
LOT_0634,SPC_ATTR_553,1.1913,3.311
LOT_0634,SPC_ATTR_559,1.2606,3.1671
LOT_0635,SPC_ATTR_033,103.1082,8.769
LOT_0635,SPC_ATTR_034,23.1583,10.5604
LOT_0635,SPC_ATTR_035,57.7421,6.0539
LOT_0635,SPC_ATTR_036,74.8511,3.9986
LOT_0635,SPC_ATTR_037,42.2579,-6.0539
LOT_0635,SPC_ATTR_038,67.199,3.2147
LOT_0635,SPC_ATTR_040,127.3944,4.8222
LOT_0635,SPC_ATTR_060,53.6818,5.3211
LOT_0635,SPC_ATTR_062,11.7849,4.9541
LOT_0635,SPC_ATTR_063,168.1936,5.9904
LOT_0635,SPC_ATTR_064,53.9451,5.6118
LOT_0635,SPC_ATTR_065,42.63,4.4376
LOT_0635,SPC_ATTR_066,56.8964,4.1794
LOT_0635,SPC_ATTR_068,6363.8013,20.6408
LOT_0635,SPC_ATTR_069,87.0255,-14.2478
LOT_0635,SPC_ATTR_077,-0.1862,-4.7228
LOT_0635,SPC_ATTR_127,3.635,3.4887
LOT_0635,SPC_ATTR_197,263.23,16.1913
LOT_0635,SPC_ATTR_198,158.35,13.1023
LOT_0635,SPC_ATTR_199,8.898,15.5116
LOT_0635,SPC_ATTR_200,265.97,15.4715
LOT_0635,SPC_ATTR_201,156.08,15.9342
LOT_0635,SPC_ATTR_202,54.26,9.0941
LOT_0635,SPC_ATTR_203,129.641,8.1701
LOT_0635,SPC_ATTR_204,262.689,13.3214
LOT_0635,SPC_ATTR_205,9997.7246,17.6349
LOT_0635,SPC_ATTR_206,150.87,12.2883
LOT_0635,SPC_ATTR_208,250.21,13.1352
LOT_0635,SPC_ATTR_280,0.1091,3.3537
LOT_0635,SPC_ATTR_333,63.3321,10.7593
LOT_0635,SPC_ATTR_334,45.4904,11.5396
LOT_0635,SPC_ATTR_335,2.9121,15.8705
LOT_0635,SPC_ATTR_336,63.9919,10.4755
LOT_0635,SPC_ATTR_337,94.2593,11.186
LOT_0635,SPC_ATTR_338,38.3676,21.2071
LOT_0635,SPC_ATTR_339,40.9553,6.717
LOT_0635,SPC_ATTR_340,65.5503,9.255
LOT_0635,SPC_ATTR_341,5043.6335,19.2137
LOT_0635,SPC_ATTR_342,51.7929,13.3757
LOT_0635,SPC_ATTR_344,65.1125,10.9672
LOT_0635,SPC_ATTR_470,43.7244,12.0767
LOT_0635,SPC_ATTR_471,75.5033,14.0739
LOT_0635,SPC_ATTR_472,158.1332,14.5953
LOT_0635,SPC_ATTR_473,289.3312,3.175
LOT_0635,SPC_ATTR_474,127.2813,3.9121
LOT_0635,SPC_ATTR_475,227.8544,7.663
LOT_0635,SPC_ATTR_476,38.2143,13.0025
LOT_0635,SPC_ATTR_477,157.103,9.1683
LOT_0635,SPC_ATTR_478,173.3631,16.4069
LOT_0635,SPC_ATTR_480,40.5281,14.1153
LOT_0635,SPC_ATTR_497,112.7726,3.3672
LOT_0635,SPC_ATTR_511,217.1429,4.2816
LOT_0636,SPC_ATTR_045,9.4867,-3.1106
LOT_0636,SPC_ATTR_213,0.1848,4.2234
LOT_0636,SPC_ATTR_217,0.2814,7.6819
LOT_0636,SPC_ATTR_351,0.0794,3.9228
LOT_0636,SPC_ATTR_355,0.1164,5.6993
LOT_0636,SPC_ATTR_497,105.5951,3.0757
LOT_0637,SPC_ATTR_002,2221.1,-3.417
LOT_0637,SPC_ATTR_151,16.671,3.0405
LOT_0638,SPC_ATTR_045,9.4735,-3.186
LOT_0638,SPC_ATTR_145,0.3056,3.0255
LOT_0638,SPC_ATTR_154,0.0487,3.9347
LOT_0638,SPC_ATTR_289,0.0142,3.5
LOT_0638,SPC_ATTR_418,20.5482,3.0478
LOT_0638,SPC_ATTR_427,5.1001,3.8833
LOT_0639,SPC_ATTR_148,0.2817,9.7441
LOT_0639,SPC_ATTR_154,0.2389,24.2857
LOT_0639,SPC_ATTR_283,0.0883,9.6526
LOT_0639,SPC_ATTR_289,0.0749,24.1744
LOT_0639,SPC_ATTR_421,29.7419,9.1313
LOT_0639,SPC_ATTR_427,24.9904,23.8611
LOT_0639,SPC_ATTR_469,934.2229,3.0769
LOT_0640,SPC_ATTR_491,109.3609,3.2139
LOT_0641,SPC_ATTR_215,0.6313,9.7072
LOT_0641,SPC_ATTR_353,0.133,8.3335
LOT_0642,SPC_ATTR_560,1.0099,3.3973
LOT_0642,SPC_ATTR_561,0.4457,7.2367
LOT_0644,SPC_ATTR_030,0.7667,-3.9137
LOT_0644,SPC_ATTR_031,0.0434,-4.2727
LOT_0644,SPC_ATTR_047,784.2713,4.1575
LOT_0644,SPC_ATTR_051,660.8554,3.3088
LOT_0644,SPC_ATTR_065,39.9927,3.9077
LOT_0644,SPC_ATTR_066,70.0879,6.0317
LOT_0644,SPC_ATTR_072,207.1709,3.2492
LOT_0644,SPC_ATTR_167,7.0,3.7607
LOT_0644,SPC_ATTR_302,1.9926,3.2606
LOT_0644,SPC_ATTR_438,10.486,4.015
LOT_0644,SPC_ATTR_439,260.8696,6.0446
LOT_0644,SPC_ATTR_440,455.7545,10.0351
LOT_0647,SPC_ATTR_215,0.2533,3.0118
LOT_0648,SPC_ATTR_001,2743.24,-3.6839
LOT_0648,SPC_ATTR_025,9013.5,3.2081
LOT_0648,SPC_ATTR_485,996.8586,3.6672
LOT_0649,SPC_ATTR_550,2.7536,3.1044
LOT_0651,SPC_ATTR_045,9.4853,-3.1186
LOT_0653,SPC_ATTR_045,9.464,-3.2402
LOT_0653,SPC_ATTR_062,9.5798,-3.0681
LOT_0653,SPC_ATTR_469,991.7375,3.3261
LOT_0653,SPC_ATTR_588,0.0443,3.1591
LOT_0654,SPC_ATTR_120,0.843,-14.2784
LOT_0654,SPC_ATTR_255,0.0672,5.8319
LOT_0654,SPC_ATTR_393,0.0186,4.7588
LOT_0654,SPC_ATTR_527,7.9677,6.8072
LOT_0654,SPC_ATTR_547,3.2092,5.5764
LOT_0654,SPC_ATTR_550,7.0656,9.5083
LOT_0654,SPC_ATTR_553,2.7182,8.8387
LOT_0654,SPC_ATTR_556,220.1655,4.6132
LOT_0654,SPC_ATTR_588,0.0443,3.1591
LOT_0655,SPC_ATTR_024,-8621.3333,-3.4887
LOT_0655,SPC_ATTR_216,0.188,3.513
LOT_0656,SPC_ATTR_038,67.1943,3.1993
LOT_0656,SPC_ATTR_103,0.2099,3.3157
LOT_0656,SPC_ATTR_490,963.5783,3.0319
LOT_0658,SPC_ATTR_213,0.183,4.1664
LOT_0658,SPC_ATTR_351,0.0819,4.0973
LOT_0659,SPC_ATTR_062,9.5577,-3.1485
LOT_0660,SPC_ATTR_127,3.635,3.4887
LOT_0660,SPC_ATTR_213,0.1739,3.8783
LOT_0660,SPC_ATTR_351,0.0796,3.9368
LOT_0662,SPC_ATTR_559,1.2923,3.5451
LOT_0662,SPC_ATTR_561,0.2547,3.5336
LOT_0663,SPC_ATTR_219,8.1543,3.7446
LOT_0663,SPC_ATTR_357,2.4813,3.0566
LOT_0663,SPC_ATTR_491,130.292,4.3736
LOT_0664,SPC_ATTR_127,3.635,3.4887
LOT_0664,SPC_ATTR_239,0.0103,3.2444
LOT_0665,SPC_ATTR_474,108.3446,3.0689
LOT_0665,SPC_ATTR_481,221.0453,4.0698
LOT_0666,SPC_ATTR_477,75.368,3.6973
LOT_0667,SPC_ATTR_024,2287.0,4.4149
LOT_0667,SPC_ATTR_103,0.1966,3.1045
LOT_0667,SPC_ATTR_162,28637.0,5.7959
LOT_0667,SPC_ATTR_297,14954.1704,6.6199
LOT_0668,SPC_ATTR_022,0.0,8.9633
LOT_0668,SPC_ATTR_023,0.0,-9.135
LOT_0668,SPC_ATTR_026,0.0,-6.7784
LOT_0668,SPC_ATTR_027,0.0,-10.2297
LOT_0668,SPC_ATTR_028,0.0,-5.3354
LOT_0668,SPC_ATTR_556,169.6535,3.1785
LOT_0669,SPC_ATTR_169,0.286,3.3922
LOT_0670,SPC_ATTR_087,2.2663,-3.6315
LOT_0671,SPC_ATTR_136,593.0,8.2551
LOT_0671,SPC_ATTR_271,99.7297,8.3872
LOT_0671,SPC_ATTR_409,26.1022,8.0529
LOT_0672,SPC_ATTR_116,571.978,-3.5834
LOT_0672,SPC_ATTR_469,932.737,3.0705
LOT_0673,SPC_ATTR_021,1.1797,-13.4644
LOT_0673,SPC_ATTR_138,288.2,3.1674
LOT_0673,SPC_ATTR_157,2.2016,27.0734
LOT_0673,SPC_ATTR_292,0.6915,26.2857
LOT_0673,SPC_ATTR_411,11.5018,3.0959
LOT_0673,SPC_ATTR_430,186.6164,28.3502
LOT_0673,SPC_ATTR_455,17.1559,3.0305
LOT_0673,SPC_ATTR_486,871.6981,3.0664
LOT_0673,SPC_ATTR_574,1.138,3.1889
LOT_0673,SPC_ATTR_576,0.3883,4.183
LOT_0676,SPC_ATTR_120,0.8411,-14.4907
LOT_0676,SPC_ATTR_213,0.147,3.0264
LOT_0676,SPC_ATTR_255,0.0511,4.0689
LOT_0676,SPC_ATTR_393,0.0166,4.0822
LOT_0676,SPC_ATTR_527,6.0739,4.8313
LOT_0677,SPC_ATTR_093,-0.0117,-3.7781
LOT_0677,SPC_ATTR_106,0.0118,3.8407
LOT_0677,SPC_ATTR_109,-0.3047,-3.3877
LOT_0680,SPC_ATTR_573,435.26,4.7136
LOT_0680,SPC_ATTR_574,1.2877,3.7913
LOT_0680,SPC_ATTR_575,156.8581,5.4864
LOT_0680,SPC_ATTR_576,0.4096,4.4972
LOT_0680,SPC_ATTR_577,89.2616,4.9463
LOT_0680,SPC_ATTR_578,55.0978,3.0801
LOT_0681,SPC_ATTR_151,20.111,4.1016
LOT_0681,SPC_ATTR_286,5.5755,3.5888
LOT_0683,SPC_ATTR_560,0.9511,3.1053
LOT_0683,SPC_ATTR_561,0.3995,6.341
LOT_0684,SPC_ATTR_202,23.37,3.0425
LOT_0684,SPC_ATTR_474,114.518,3.3438
LOT_0686,SPC_ATTR_103,0.2009,3.1728
LOT_0687,SPC_ATTR_559,1.4648,5.6021
LOT_0688,SPC_ATTR_072,210.5112,3.3547
LOT_0689,SPC_ATTR_024,451.5,3.085
LOT_0689,SPC_ATTR_297,8066.318,3.1325
LOT_0690,SPC_ATTR_095,0.0007,4.1897
LOT_0690,SPC_ATTR_097,-1.0008,-4.6358
LOT_0690,SPC_ATTR_101,0.0022,6.2388
LOT_0690,SPC_ATTR_104,0.0203,9.817
LOT_0690,SPC_ATTR_228,0.1118,8.6161
LOT_0690,SPC_ATTR_229,0.0549,3.4487
LOT_0690,SPC_ATTR_366,0.0359,11.5591
LOT_0690,SPC_ATTR_367,0.0174,5.2838
LOT_0690,SPC_ATTR_368,0.0356,11.7921
LOT_0690,SPC_ATTR_369,0.0161,6.1357
LOT_0691,SPC_ATTR_015,18.4695,3.3842
LOT_0691,SPC_ATTR_082,0.0381,3.4812
LOT_0691,SPC_ATTR_217,0.2141,5.0697
LOT_0691,SPC_ATTR_355,0.098,4.2913
LOT_0691,SPC_ATTR_490,985.2217,3.1268
LOT_0692,SPC_ATTR_561,0.2453,3.3514
LOT_0695,SPC_ATTR_574,1.138,3.1889
LOT_0695,SPC_ATTR_576,0.3883,4.183
LOT_0697,SPC_ATTR_062,9.5044,-3.3424
LOT_0698,SPC_ATTR_011,0.0309,3.3062
LOT_0699,SPC_ATTR_025,10969.3333,3.8819
LOT_0699,SPC_ATTR_550,3.4486,4.1366
LOT_0699,SPC_ATTR_553,1.2802,3.6329
LOT_0699,SPC_ATTR_556,166.9965,3.103
LOT_0700,SPC_ATTR_386,0.0967,5.9358
LOT_0700,SPC_ATTR_520,59.6649,3.0312
LOT_0701,SPC_ATTR_559,1.3061,3.7096
LOT_0702,SPC_ATTR_046,161.0709,3.0994
LOT_0703,SPC_ATTR_100,-0.2418,-3.8785
LOT_0703,SPC_ATTR_105,0.0032,3.7779
LOT_0703,SPC_ATTR_239,0.0197,8.7803
LOT_0703,SPC_ATTR_240,0.0236,13.2026
LOT_0703,SPC_ATTR_377,0.0063,8.7996
LOT_0703,SPC_ATTR_378,0.0077,13.1242
LOT_0703,SPC_ATTR_511,196.0199,3.7211
LOT_0703,SPC_ATTR_559,1.2606,3.1671
LOT_0704,SPC_ATTR_566,0.6729,6.5
LOT_0704,SPC_ATTR_568,0.2932,7.1156
LOT_0704,SPC_ATTR_570,84.8024,6.2355
LOT_0705,SPC_ATTR_225,0.5976,7.5582
LOT_0705,SPC_ATTR_363,0.1822,7.5687
LOT_0705,SPC_ATTR_497,219.6436,7.7078
LOT_0706,SPC_ATTR_072,218.5524,3.6087
LOT_0708,SPC_ATTR_010,-0.0472,-3.0669
LOT_0708,SPC_ATTR_038,67.1943,3.1993
LOT_0709,SPC_ATTR_038,67.1943,3.1993
LOT_0709,SPC_ATTR_099,1.4338,3.3995
LOT_0709,SPC_ATTR_102,0.0007,3.1991
LOT_0710,SPC_ATTR_161,3290.0,4.7575
LOT_0710,SPC_ATTR_197,157.12,9.4417
LOT_0710,SPC_ATTR_198,118.94,9.3675
LOT_0710,SPC_ATTR_199,2.756,4.0889
LOT_0710,SPC_ATTR_200,155.71,8.767
LOT_0710,SPC_ATTR_204,142.993,6.4667
LOT_0710,SPC_ATTR_296,1544.6842,4.5557
LOT_0710,SPC_ATTR_333,46.1239,7.711
LOT_0710,SPC_ATTR_334,32.139,7.6167
LOT_0710,SPC_ATTR_335,0.8596,3.9983
LOT_0710,SPC_ATTR_336,45.0643,7.2018
LOT_0710,SPC_ATTR_337,55.8671,6.1051
LOT_0710,SPC_ATTR_340,38.8402,4.8581
LOT_0710,SPC_ATTR_469,943.7152,3.118
LOT_0710,SPC_ATTR_470,34.2646,9.0752
LOT_0710,SPC_ATTR_471,27.3358,4.4083
LOT_0710,SPC_ATTR_472,117.7853,10.6296
LOT_0710,SPC_ATTR_476,19.8448,5.9675
LOT_0714,SPC_ATTR_095,0.0005,3.0402
LOT_0714,SPC_ATTR_097,-0.7025,-3.2773
LOT_0714,SPC_ATTR_099,1.562,3.6996
LOT_0714,SPC_ATTR_102,0.0007,3.1991
LOT_0714,SPC_ATTR_103,-0.4749,-7.5596
LOT_0714,SPC_ATTR_108,0.2992,3.4406
LOT_0714,SPC_ATTR_228,0.0661,4.3673
LOT_0714,SPC_ATTR_229,0.0962,7.2923
LOT_0714,SPC_ATTR_366,0.0155,3.8784
LOT_0714,SPC_ATTR_367,0.0218,7.131
LOT_0714,SPC_ATTR_369,0.0149,5.5662
LOT_0716,SPC_ATTR_087,2.2735,-3.4387
LOT_0716,SPC_ATTR_248,0.4027,5.2232
LOT_0716,SPC_ATTR_386,0.1063,6.604
LOT_0716,SPC_ATTR_520,93.7836,5.1886
LOT_0717,SPC_ATTR_486,984.6154,3.5827
LOT_0719,SPC_ATTR_045,9.4999,-3.0351
LOT_0720,SPC_ATTR_024,1041.25,3.5123
LOT_0720,SPC_ATTR_162,19740.0,3.6972
LOT_0720,SPC_ATTR_297,9011.0313,3.6108
LOT_0721,SPC_ATTR_030,0.6667,-4.1584
LOT_0721,SPC_ATTR_031,0.0469,-4.1664
LOT_0722,SPC_ATTR_020,10.7151,-8.1019
LOT_0722,SPC_ATTR_156,12.61,10.7827
LOT_0722,SPC_ATTR_291,4.4203,15.8564
LOT_0722,SPC_ATTR_429,117.6844,10.6712
LOT_0726,SPC_ATTR_550,2.896,3.3159
LOT_0726,SPC_ATTR_553,1.3485,3.8801
LOT_0727,SPC_ATTR_082,-0.0723,-3.0049
LOT_0729,SPC_ATTR_025,9841.0,3.4932
LOT_0729,SPC_ATTR_574,1.138,3.1889
LOT_0729,SPC_ATTR_576,0.3883,4.183
LOT_0730,SPC_ATTR_469,943.8219,3.1185
LOT_0731,SPC_ATTR_561,0.2529,3.4987
LOT_0733,SPC_ATTR_239,0.0244,11.5483
LOT_0733,SPC_ATTR_240,0.012,5.1527
LOT_0733,SPC_ATTR_255,0.0451,3.4118
LOT_0733,SPC_ATTR_377,0.0082,12.3577
LOT_0733,SPC_ATTR_378,0.0039,4.9872
LOT_0733,SPC_ATTR_511,200.823,3.8486
LOT_0733,SPC_ATTR_527,4.6481,3.3436
LOT_0734,SPC_ATTR_010,0.0468,3.1517
LOT_0735,SPC_ATTR_020,10.7151,-8.1019
LOT_0735,SPC_ATTR_156,12.61,10.7827
LOT_0735,SPC_ATTR_291,4.4203,15.8564
LOT_0735,SPC_ATTR_429,117.6844,10.6712
LOT_0737,SPC_ATTR_302,2.0335,3.3838
LOT_0739,SPC_ATTR_030,1.0333,-3.2614
LOT_0739,SPC_ATTR_031,0.0777,-3.2315
LOT_0739,SPC_ATTR_151,16.737,3.0608
LOT_0739,SPC_ATTR_286,6.7462,4.8045
LOT_0739,SPC_ATTR_477,70.0774,3.3431
LOT_0739,SPC_ATTR_481,187.1205,3.121
LOT_0740,SPC_ATTR_486,945.9318,3.4058
LOT_0741,SPC_ATTR_240,0.0098,3.626
LOT_0747,SPC_ATTR_094,-0.01,-3.1425
LOT_0747,SPC_ATTR_107,0.01,3.166
LOT_0748,SPC_ATTR_550,5.1232,6.6236
LOT_0748,SPC_ATTR_553,2.1329,6.7198
LOT_0748,SPC_ATTR_556,232.6458,4.9677
LOT_0749,SPC_ATTR_484,811.2676,3.1354
LOT_0751,SPC_ATTR_044,374.9509,3.1135
LOT_0751,SPC_ATTR_045,11.053,5.8378
LOT_0751,SPC_ATTR_046,110.3945,-3.3568
LOT_0751,SPC_ATTR_049,154.94,3.3083
LOT_0751,SPC_ATTR_057,0.9001,-4.2234
LOT_0751,SPC_ATTR_062,11.3067,3.2144
LOT_0751,SPC_ATTR_094,-0.0143,-4.5711
LOT_0751,SPC_ATTR_107,0.0143,4.6051
LOT_0751,SPC_ATTR_286,5.094,3.0887
LOT_0752,SPC_ATTR_162,18313.0,3.3605
LOT_0752,SPC_ATTR_297,8268.0617,3.2347
LOT_0754,SPC_ATTR_484,813.5922,3.1474
LOT_0754,SPC_ATTR_574,1.138,3.1889
LOT_0754,SPC_ATTR_576,0.3883,4.183
LOT_0757,SPC_ATTR_024,925.3333,3.4283
LOT_0757,SPC_ATTR_084,5.8257,-3.1503
LOT_0757,SPC_ATTR_297,8484.4372,3.3442
LOT_0757,SPC_ATTR_491,107.2495,3.0969
LOT_0760,SPC_ATTR_096,-0.0003,-3.4615
LOT_0760,SPC_ATTR_181,29.08,3.0398
LOT_0760,SPC_ATTR_183,53.98,10.3744
LOT_0760,SPC_ATTR_184,62.274,5.2095
LOT_0760,SPC_ATTR_185,0.6874,4.9237
LOT_0760,SPC_ATTR_202,24.06,3.1777
LOT_0760,SPC_ATTR_319,15.1835,9.8647
LOT_0760,SPC_ATTR_320,16.9271,4.1353
LOT_0760,SPC_ATTR_321,0.1945,4.7482
LOT_0760,SPC_ATTR_453,8.3607,3.2788
LOT_0760,SPC_ATTR_455,37.617,9.7178
LOT_0760,SPC_ATTR_456,8.4895,5.1716
LOT_0760,SPC_ATTR_457,65.1651,6.5026
LOT_0760,SPC_ATTR_461,83.6569,4.0839
LOT_0760,SPC_ATTR_475,131.6493,3.7873
LOT_0763,SPC_ATTR_025,8981.0,3.1969
LOT_0763,SPC_ATTR_031,0.0777,-3.2315
LOT_0764,SPC_ATTR_094,-0.014,-4.4714
LOT_0764,SPC_ATTR_107,0.014,4.5047
LOT_0764,SPC_ATTR_139,96.1001,3.1183
LOT_0764,SPC_ATTR_144,0.0083,3.2223
LOT_0764,SPC_ATTR_274,36.4941,4.2587
LOT_0764,SPC_ATTR_279,0.0025,4.0676
LOT_0764,SPC_ATTR_412,4.4792,3.3784
LOT_0764,SPC_ATTR_417,6.7512,3.2323
LOT_0765,SPC_ATTR_072,231.4128,4.015
LOT_0766,SPC_ATTR_181,31.71,3.834
LOT_0766,SPC_ATTR_219,7.9262,3.5497
LOT_0766,SPC_ATTR_453,8.8378,3.7979
LOT_0766,SPC_ATTR_491,120.572,3.8351
LOT_0767,SPC_ATTR_124,15.49,-3.1359
LOT_0768,SPC_ATTR_030,1.0333,-3.2614
LOT_0768,SPC_ATTR_078,0.0893,3.0713
LOT_0768,SPC_ATTR_094,-0.0149,-4.7704
LOT_0768,SPC_ATTR_107,0.0148,4.7724
LOT_0768,SPC_ATTR_124,15.49,-3.1359
LOT_0768,SPC_ATTR_167,9.3,5.8148
LOT_0768,SPC_ATTR_168,8.8,11.9542
LOT_0768,SPC_ATTR_169,0.544,8.808
LOT_0768,SPC_ATTR_302,2.8487,5.8393
LOT_0768,SPC_ATTR_303,2.6524,11.3868
LOT_0768,SPC_ATTR_304,0.1582,8.1218
LOT_0768,SPC_ATTR_424,210.1032,4.063
LOT_0768,SPC_ATTR_438,13.0171,5.5858
LOT_0768,SPC_ATTR_439,851.6129,23.3643
LOT_0768,SPC_ATTR_440,549.4949,12.4778
LOT_0768,SPC_ATTR_559,1.2601,3.1611
LOT_0769,SPC_ATTR_161,2411.0,3.2283
LOT_0769,SPC_ATTR_296,1164.8867,3.2162
LOT_0769,SPC_ATTR_486,930.504,3.3353
LOT_0770,SPC_ATTR_024,645.75,3.2257
LOT_0770,SPC_ATTR_161,3421.0,4.9854
LOT_0770,SPC_ATTR_162,20802.0,3.9477
LOT_0770,SPC_ATTR_296,1573.0821,4.6559
LOT_0770,SPC_ATTR_297,9780.745,4.0005
LOT_0770,SPC_ATTR_511,206.2222,3.9918
LOT_0771,SPC_ATTR_162,21304.0,4.0661
LOT_0771,SPC_ATTR_213,0.1551,3.2829
LOT_0771,SPC_ATTR_297,8730.611,3.4689
LOT_0771,SPC_ATTR_351,0.0726,3.4481
LOT_0772,SPC_ATTR_225,0.2822,3.1292
LOT_0772,SPC_ATTR_363,0.0835,3.0085
LOT_0772,SPC_ATTR_497,127.6778,3.9726
LOT_0774,SPC_ATTR_413,90.6947,3.2467
LOT_0774,SPC_ATTR_424,196.135,3.6345
LOT_0775,SPC_ATTR_121,5.8415,-3.7759
LOT_0776,SPC_ATTR_424,193.2378,3.5457
LOT_0777,SPC_ATTR_413,90.6947,3.2467
LOT_0778,SPC_ATTR_469,966.1049,3.2151
LOT_0778,SPC_ATTR_490,980.6452,3.1067
LOT_0779,SPC_ATTR_121,5.7564,-4.4605
LOT_0780,SPC_ATTR_424,218.8146,4.3303
LOT_0781,SPC_ATTR_127,3.811,4.183
LOT_0781,SPC_ATTR_162,37943.0,7.9911
LOT_0781,SPC_ATTR_297,15559.9525,6.9266
LOT_0781,SPC_ATTR_424,204.6813,3.8967
LOT_0782,SPC_ATTR_433,838.0066,5.8534
LOT_0785,SPC_ATTR_121,5.8468,-3.7333
LOT_0787,SPC_ATTR_094,-0.0105,-3.3086
LOT_0787,SPC_ATTR_107,0.0105,3.3333
LOT_0787,SPC_ATTR_127,3.811,4.183
LOT_0787,SPC_ATTR_486,990.303,3.6087
LOT_0788,SPC_ATTR_127,3.811,4.183
LOT_0788,SPC_ATTR_424,223.8064,4.4834
LOT_0789,SPC_ATTR_083,0.1195,3.1448
LOT_0789,SPC_ATTR_408,2.4282,3.2799
LOT_0789,SPC_ATTR_544,0.0141,3.6695
LOT_0789,SPC_ATTR_546,12.9314,4.044
LOT_0790,SPC_ATTR_083,0.1154,3.0311
LOT_0790,SPC_ATTR_087,2.2802,-3.2592
LOT_0790,SPC_ATTR_408,2.4282,3.2799
LOT_0791,SPC_ATTR_023,3613.75,3.0943
LOT_0791,SPC_ATTR_161,3521.0,5.1594
LOT_0791,SPC_ATTR_296,1681.1178,5.0369
LOT_0791,SPC_ATTR_392,0.0334,3.331
LOT_0792,SPC_ATTR_025,-13232.5,-4.4558
LOT_0792,SPC_ATTR_127,3.811,4.183
LOT_0792,SPC_ATTR_386,0.056,3.1027
LOT_0793,SPC_ATTR_408,2.4282,3.2799
LOT_0794,SPC_ATTR_127,3.811,4.183
LOT_0794,SPC_ATTR_424,196.3084,3.6399
LOT_0795,SPC_ATTR_413,90.6947,3.2467
LOT_0795,SPC_ATTR_424,202.5139,3.8302
LOT_0796,SPC_ATTR_474,121.5488,3.6568
LOT_0797,SPC_ATTR_114,0.9066,-3.1999
LOT_0797,SPC_ATTR_408,2.4282,3.2799
LOT_0797,SPC_ATTR_469,946.6191,3.1306
LOT_0798,SPC_ATTR_202,23.55,3.0778
LOT_0798,SPC_ATTR_434,890.3646,3.0333
LOT_0798,SPC_ATTR_474,128.7397,3.977
LOT_0799,SPC_ATTR_286,5.0775,3.0716
LOT_0799,SPC_ATTR_474,123.8076,3.7574
LOT_0800,SPC_ATTR_136,330.0,3.6848
LOT_0800,SPC_ATTR_409,14.6802,3.6225
LOT_0801,SPC_ATTR_022,-1263.5,6.9476
LOT_0801,SPC_ATTR_023,820.0,-6.36
LOT_0801,SPC_ATTR_026,0.2122,-5.5836
LOT_0801,SPC_ATTR_027,0.4138,-8.046
LOT_0801,SPC_ATTR_028,0.2498,-5.1347
LOT_0801,SPC_ATTR_160,5054.0,4.2433
LOT_0801,SPC_ATTR_161,3280.0,4.7401
LOT_0801,SPC_ATTR_164,0.849,5.8103
LOT_0801,SPC_ATTR_165,1.655,6.2963
LOT_0801,SPC_ATTR_295,2527.0,4.4548
LOT_0801,SPC_ATTR_296,1640.0,4.8919
LOT_0801,SPC_ATTR_299,0.4245,5.6161
LOT_0801,SPC_ATTR_300,0.8275,5.8646
LOT_0801,SPC_ATTR_431,400.0,10.5817
LOT_0801,SPC_ATTR_432,400.0,10.3761
LOT_0801,SPC_ATTR_435,400.0,11.2952
LOT_0801,SPC_ATTR_436,400.0,11.3655
LOT_0801,SPC_ATTR_437,400.0,11.3574
LOT_0803,SPC_ATTR_083,0.1183,3.1115
LOT_0804,SPC_ATTR_083,0.1216,3.203
LOT_0804,SPC_ATTR_559,1.5079,6.116
LOT_0806,SPC_ATTR_386,0.0549,3.0261
LOT_0806,SPC_ATTR_424,187.1087,3.3576
LOT_0807,SPC_ATTR_072,225.5875,3.831
LOT_0807,SPC_ATTR_424,178.7205,3.1003
LOT_0808,SPC_ATTR_484,869.5652,3.4377
LOT_0809,SPC_ATTR_083,0.1437,3.8156
LOT_0810,SPC_ATTR_083,0.1329,3.5162
LOT_0811,SPC_ATTR_474,106.8144,3.0007
LOT_0813,SPC_ATTR_140,1738.4641,5.0197
LOT_0813,SPC_ATTR_213,0.2234,5.4458
LOT_0813,SPC_ATTR_248,0.4793,6.3685
LOT_0813,SPC_ATTR_275,539.0096,4.7042
LOT_0813,SPC_ATTR_351,0.0952,5.0257
LOT_0813,SPC_ATTR_386,0.1193,7.5089
LOT_0813,SPC_ATTR_520,107.0314,6.0263
LOT_0814,SPC_ATTR_002,2846.44,4.3602
LOT_0814,SPC_ATTR_212,0.1541,3.893
LOT_0814,SPC_ATTR_220,0.009,3.4909
LOT_0814,SPC_ATTR_350,0.066,3.8431
LOT_0814,SPC_ATTR_358,0.0031,4.1936
LOT_0814,SPC_ATTR_424,184.1857,3.268
LOT_0814,SPC_ATTR_492,6.3643,3.2032
LOT_0816,SPC_ATTR_090,0.5987,7.8284
LOT_0816,SPC_ATTR_217,0.1619,3.0436
LOT_0816,SPC_ATTR_225,0.4888,6.0304
LOT_0816,SPC_ATTR_355,0.0818,3.0517
LOT_0816,SPC_ATTR_363,0.1527,6.2057
LOT_0817,SPC_ATTR_140,1738.4641,5.0197
LOT_0817,SPC_ATTR_275,539.0096,4.7042
LOT_0818,SPC_ATTR_082,0.0584,4.6738
LOT_0818,SPC_ATTR_140,1596.1949,4.4794
LOT_0818,SPC_ATTR_213,0.1616,3.4888
LOT_0818,SPC_ATTR_217,0.2828,7.7362
LOT_0818,SPC_ATTR_275,458.5061,3.7638
LOT_0818,SPC_ATTR_351,0.0707,3.3155
LOT_0818,SPC_ATTR_355,0.1344,7.0768
LOT_0818,SPC_ATTR_413,128.2816,5.2879
LOT_0819,SPC_ATTR_083,0.115,3.02
LOT_0819,SPC_ATTR_275,404.5439,3.1335
LOT_0819,SPC_ATTR_469,964.5691,3.2084
LOT_0820,SPC_ATTR_213,0.155,3.2798
LOT_0820,SPC_ATTR_351,0.0703,3.2876
LOT_0821,SPC_ATTR_140,1738.4641,5.0197
LOT_0821,SPC_ATTR_275,539.0096,4.7042
LOT_0822,SPC_ATTR_163,36871.0,4.8941
LOT_0822,SPC_ATTR_298,16829.9741,4.4895
LOT_0823,SPC_ATTR_121,5.9072,-3.2474
LOT_0823,SPC_ATTR_484,844.8,3.3092
LOT_0825,SPC_ATTR_174,0.2538,-3.3676
LOT_0825,SPC_ATTR_309,0.0913,-3.7839
LOT_0825,SPC_ATTR_445,0.394,-3.2217
LOT_0825,SPC_ATTR_486,963.2,3.4848
LOT_0826,SPC_ATTR_121,5.7207,-4.7477
LOT_0826,SPC_ATTR_151,17.899,3.4193
LOT_0826,SPC_ATTR_161,3892.0,5.8048
LOT_0826,SPC_ATTR_296,1901.6942,5.8149
LOT_0827,SPC_ATTR_094,-0.0106,-3.3419
LOT_0827,SPC_ATTR_107,0.0106,3.3668
LOT_0827,SPC_ATTR_424,180.7213,3.1617
LOT_0828,SPC_ATTR_140,1215.093,3.032
LOT_0828,SPC_ATTR_275,396.9184,3.0444
LOT_0828,SPC_ATTR_413,102.2579,3.8747
LOT_0829,SPC_ATTR_172,0.3382,3.5886
LOT_0829,SPC_ATTR_240,0.011,4.4587
LOT_0829,SPC_ATTR_307,0.1402,3.6054
LOT_0829,SPC_ATTR_378,0.0034,3.9165
LOT_0829,SPC_ATTR_443,3.3832,3.0916
LOT_0830,SPC_ATTR_144,0.0119,6.0304
LOT_0830,SPC_ATTR_279,0.0034,6.7147
LOT_0830,SPC_ATTR_417,9.5826,5.9668
LOT_0830,SPC_ATTR_424,194.763,3.5924
LOT_0831,SPC_ATTR_025,10126.6667,3.5916
LOT_0831,SPC_ATTR_439,185.7143,3.8411
LOT_0833,SPC_ATTR_030,0.8778,-3.6418
LOT_0833,SPC_ATTR_031,0.0341,-4.555
LOT_0833,SPC_ATTR_072,227.2577,3.8838
LOT_0833,SPC_ATTR_303,1.1222,3.6395
LOT_0833,SPC_ATTR_439,353.1646,8.7505
LOT_0833,SPC_ATTR_440,647.8827,15.0416
LOT_0834,SPC_ATTR_025,9022.0,3.211
LOT_0834,SPC_ATTR_083,0.1173,3.0838
LOT_0835,SPC_ATTR_185,0.5184,3.3901
LOT_0835,SPC_ATTR_321,0.1513,3.3933
LOT_0835,SPC_ATTR_424,212.007,4.1214
LOT_0835,SPC_ATTR_457,41.415,3.5798
LOT_0835,SPC_ATTR_461,72.885,3.2761
LOT_0836,SPC_ATTR_163,27784.0,3.5075
LOT_0836,SPC_ATTR_279,0.0023,3.4794
LOT_0836,SPC_ATTR_298,12175.7307,3.0471
LOT_0837,SPC_ATTR_240,0.0094,3.3484
LOT_0838,SPC_ATTR_025,9092.75,3.2354
LOT_0838,SPC_ATTR_072,222.1145,3.7213
LOT_0840,SPC_ATTR_072,227.2456,3.8834
LOT_0840,SPC_ATTR_144,0.0084,3.3003
LOT_0840,SPC_ATTR_279,0.0024,3.7735
LOT_0840,SPC_ATTR_417,6.8199,3.2987
LOT_0842,SPC_ATTR_072,238.4775,4.2382
LOT_0842,SPC_ATTR_087,2.2663,-3.6315
LOT_0842,SPC_ATTR_174,0.2538,-3.3676
LOT_0842,SPC_ATTR_309,0.0913,-3.7839
LOT_0842,SPC_ATTR_445,0.394,-3.2217
LOT_0843,SPC_ATTR_357,2.5951,3.3508
LOT_0844,SPC_ATTR_174,0.2538,-3.3676
LOT_0844,SPC_ATTR_309,0.0913,-3.7839
LOT_0844,SPC_ATTR_445,0.394,-3.2217
LOT_0846,SPC_ATTR_136,330.0,3.6848
LOT_0846,SPC_ATTR_225,0.3712,4.379
LOT_0846,SPC_ATTR_363,0.113,4.3715
LOT_0846,SPC_ATTR_409,14.6802,3.6225
LOT_0846,SPC_ATTR_474,108.1185,3.0588
LOT_0846,SPC_ATTR_497,159.2026,5.253
LOT_0847,SPC_ATTR_484,923.2877,3.7162
LOT_0851,SPC_ATTR_163,36664.0,4.8625
LOT_0851,SPC_ATTR_298,15027.2126,3.9308
LOT_0851,SPC_ATTR_461,72.0924,3.2167
LOT_0853,SPC_ATTR_072,224.1387,3.7852
LOT_0853,SPC_ATTR_140,1215.093,3.032
LOT_0853,SPC_ATTR_174,0.2538,-3.3676
LOT_0853,SPC_ATTR_275,396.9184,3.0444
LOT_0853,SPC_ATTR_309,0.0913,-3.7839
LOT_0853,SPC_ATTR_413,102.2579,3.8747
LOT_0853,SPC_ATTR_434,895.5665,3.0563
LOT_0853,SPC_ATTR_445,0.394,-3.2217
LOT_0853,SPC_ATTR_581,0.015,3.0822
LOT_0853,SPC_ATTR_589,0.015,3.3893
LOT_0854,SPC_ATTR_226,2523.4995,3.4223
LOT_0854,SPC_ATTR_498,29.064,3.4788
LOT_0855,SPC_ATTR_121,5.7288,-4.6826
LOT_0857,SPC_ATTR_033,103.1082,8.769
LOT_0857,SPC_ATTR_034,23.1583,10.5604
LOT_0857,SPC_ATTR_035,57.7421,6.0539
LOT_0857,SPC_ATTR_036,74.8511,3.9986
LOT_0857,SPC_ATTR_037,42.2579,-6.0539
LOT_0857,SPC_ATTR_038,67.199,3.2147
LOT_0857,SPC_ATTR_040,127.3944,4.8222
LOT_0857,SPC_ATTR_095,-0.0013,-7.3046
LOT_0857,SPC_ATTR_096,0.0009,8.0769
LOT_0857,SPC_ATTR_097,1.3082,5.8798
LOT_0857,SPC_ATTR_101,-0.003,-8.368
LOT_0857,SPC_ATTR_104,-0.0329,-7.5403
LOT_0857,SPC_ATTR_228,0.1012,7.6306
LOT_0857,SPC_ATTR_229,0.0997,7.6181
LOT_0857,SPC_ATTR_352,0.103,3.0703
LOT_0857,SPC_ATTR_366,0.0272,8.2835
LOT_0857,SPC_ATTR_367,0.0253,8.6003
LOT_0857,SPC_ATTR_368,0.0275,8.791
LOT_0857,SPC_ATTR_369,0.0271,11.3564
LOT_0858,SPC_ATTR_152,403.738,12.5696
LOT_0858,SPC_ATTR_225,0.3464,4.0307
LOT_0858,SPC_ATTR_287,120.4848,11.9036
LOT_0858,SPC_ATTR_363,0.1048,3.9927
LOT_0858,SPC_ATTR_425,93.2654,14.2205
LOT_0858,SPC_ATTR_497,150.4593,4.8979
LOT_0858,SPC_ATTR_559,1.493,5.9384
LOT_0859,SPC_ATTR_475,113.124,3.041
LOT_0860,SPC_ATTR_140,1596.1949,4.4794
LOT_0860,SPC_ATTR_275,458.5061,3.7638
LOT_0860,SPC_ATTR_413,128.2816,5.2879
LOT_0860,SPC_ATTR_475,126.7858,3.5914
LOT_0862,SPC_ATTR_094,-0.0148,-4.7372
LOT_0862,SPC_ATTR_107,0.0148,4.7724
LOT_0862,SPC_ATTR_163,27513.0,3.4662
LOT_0862,SPC_ATTR_413,90.6947,3.2467
LOT_0862,SPC_ATTR_455,17.0976,3.0114
LOT_0862,SPC_ATTR_474,123.8981,3.7614
LOT_0863,SPC_ATTR_116,584.1758,-3.3342
LOT_0863,SPC_ATTR_474,121.5706,3.6578
LOT_0863,SPC_ATTR_475,122.2429,3.4084
LOT_0865,SPC_ATTR_024,398.0,3.0462
LOT_0865,SPC_ATTR_275,404.5439,3.1335
LOT_0866,SPC_ATTR_434,993.0314,3.488
LOT_0867,SPC_ATTR_072,223.4975,3.765
LOT_0868,SPC_ATTR_024,1401.5,3.7733
LOT_0868,SPC_ATTR_162,19497.0,3.6398
LOT_0868,SPC_ATTR_297,9439.7064,3.8279
LOT_0868,SPC_ATTR_298,17017.2318,4.5475
LOT_0868,SPC_ATTR_484,983.691,4.0294
LOT_0868,SPC_ATTR_547,3.231,5.6324
LOT_0868,SPC_ATTR_550,6.3371,8.4263
LOT_0868,SPC_ATTR_553,2.4737,7.9535
LOT_0868,SPC_ATTR_556,196.1328,3.9306
LOT_0869,SPC_ATTR_240,0.0089,3.0014
LOT_0869,SPC_ATTR_566,0.4127,3.2924
LOT_0869,SPC_ATTR_570,54.4407,3.2627
LOT_0870,SPC_ATTR_218,0.293,4.7829
LOT_0870,SPC_ATTR_356,0.125,4.0551
LOT_0871,SPC_ATTR_544,0.0141,3.6695
LOT_0871,SPC_ATTR_546,12.9314,4.044
LOT_0872,SPC_ATTR_082,0.0351,3.3049
LOT_0872,SPC_ATTR_185,0.5828,3.9745
LOT_0872,SPC_ATTR_321,0.1581,3.6066
LOT_0872,SPC_ATTR_386,0.0565,3.1375
LOT_0872,SPC_ATTR_457,45.7491,4.1132
LOT_0872,SPC_ATTR_461,76.8379,3.5725
LOT_0873,SPC_ATTR_121,5.1259,-9.5328
LOT_0873,SPC_ATTR_239,0.0099,3.0088
LOT_0873,SPC_ATTR_484,886.0987,3.5234
LOT_0875,SPC_ATTR_093,-0.0105,-3.4067
LOT_0875,SPC_ATTR_106,0.0107,3.4972
LOT_0875,SPC_ATTR_239,0.0155,6.3068
LOT_0875,SPC_ATTR_377,0.0049,6.1779
LOT_0875,SPC_ATTR_461,71.182,3.1484
LOT_0875,SPC_ATTR_566,0.5186,4.5979
LOT_0875,SPC_ATTR_568,0.1934,4.0693
LOT_0875,SPC_ATTR_570,63.4868,4.1484
LOT_0876,SPC_ATTR_024,1094.0,3.5505
LOT_0876,SPC_ATTR_162,20032.0,3.766
LOT_0876,SPC_ATTR_297,9739.8061,3.9798
LOT_0877,SPC_ATTR_090,0.605,7.9487
LOT_0877,SPC_ATTR_225,0.5035,6.2368
LOT_0877,SPC_ATTR_363,0.1863,7.7581
LOT_0878,SPC_ATTR_484,905.8065,3.6256
LOT_0879,SPC_ATTR_087,2.2735,-3.4387
LOT_0879,SPC_ATTR_095,-0.002,-11.3276
LOT_0879,SPC_ATTR_097,2.5093,11.3498
LOT_0879,SPC_ATTR_099,-5.2717,-12.3002
LOT_0879,SPC_ATTR_102,-0.0024,-10.8281
LOT_0879,SPC_ATTR_108,0.2934,3.3743
LOT_0879,SPC_ATTR_228,0.0725,4.9623
LOT_0879,SPC_ATTR_229,0.2133,18.1904
LOT_0879,SPC_ATTR_366,0.0197,5.4597
LOT_0879,SPC_ATTR_367,0.0392,14.4358
LOT_0879,SPC_ATTR_368,0.0357,11.8292
LOT_0879,SPC_ATTR_369,0.0334,14.3465
LOT_0879,SPC_ATTR_548,387.356,-3.1972
LOT_0880,SPC_ATTR_024,605.25,3.1964
LOT_0880,SPC_ATTR_025,8777.0,3.1266
LOT_0880,SPC_ATTR_113,0.0,-9.3491
LOT_0880,SPC_ATTR_136,330.0,3.6848
LOT_0880,SPC_ATTR_409,14.6802,3.6225
LOT_0881,SPC_ATTR_163,34717.0,4.5654
LOT_0881,SPC_ATTR_211,0.2357,3.4906
LOT_0881,SPC_ATTR_215,0.3861,5.364
LOT_0881,SPC_ATTR_298,18520.4683,5.0133
LOT_0881,SPC_ATTR_349,0.0638,3.2957
LOT_0881,SPC_ATTR_353,0.0913,5.1641
LOT_0882,SPC_ATTR_218,0.3245,5.4635
LOT_0882,SPC_ATTR_356,0.1553,5.4134
LOT_0883,SPC_ATTR_113,0.0,-9.3491
LOT_0884,SPC_ATTR_083,0.1246,3.2862
LOT_0885,SPC_ATTR_083,0.1235,3.2557
LOT_0886,SPC_ATTR_123,6.889,3.3078
LOT_0886,SPC_ATTR_127,3.991,4.8932
LOT_0886,SPC_ATTR_128,1.175,3.8884
LOT_0888,SPC_ATTR_094,-0.011,-3.4748
LOT_0888,SPC_ATTR_107,0.011,3.5007
LOT_0888,SPC_ATTR_123,6.889,3.3078
LOT_0888,SPC_ATTR_127,3.991,4.8932
LOT_0888,SPC_ATTR_128,1.175,3.8884
LOT_0889,SPC_ATTR_123,6.889,3.3078
LOT_0889,SPC_ATTR_127,3.991,4.8932
LOT_0889,SPC_ATTR_128,1.175,3.8884
LOT_0889,SPC_ATTR_162,16819.0,3.0081
LOT_0889,SPC_ATTR_163,25128.0,3.1023
LOT_0889,SPC_ATTR_364,770.3076,3.1483
LOT_0890,SPC_ATTR_573,438.87,4.7555
LOT_0890,SPC_ATTR_574,2.1967,7.4496
LOT_0890,SPC_ATTR_575,131.4529,4.5427
LOT_0890,SPC_ATTR_576,0.5502,6.5712
LOT_0890,SPC_ATTR_577,86.9192,4.8079
LOT_0890,SPC_ATTR_578,96.9601,6.433
LOT_0891,SPC_ATTR_108,-0.3714,-4.2256
LOT_0891,SPC_ATTR_163,24861.0,3.0615
LOT_0891,SPC_ATTR_228,0.052,3.0564
LOT_0891,SPC_ATTR_298,13200.2769,3.3646
LOT_0891,SPC_ATTR_484,792.2581,3.0368
LOT_0892,SPC_ATTR_003,2315.2667,3.8871
LOT_0892,SPC_ATTR_038,67.1943,3.1993
LOT_0892,SPC_ATTR_139,101.8,3.58
LOT_0892,SPC_ATTR_274,32.6521,3.2557
LOT_0892,SPC_ATTR_412,4.3969,3.2292
LOT_0893,SPC_ATTR_220,0.0107,4.5237
LOT_0893,SPC_ATTR_358,0.003,3.994
LOT_0893,SPC_ATTR_492,8.0133,4.5501
LOT_0894,SPC_ATTR_185,0.523,3.4319
LOT_0894,SPC_ATTR_321,0.1546,3.4968
LOT_0894,SPC_ATTR_457,43.4875,3.8349
LOT_0894,SPC_ATTR_461,72.8696,3.275
LOT_0894,SPC_ATTR_497,124.9075,3.8601
LOT_0894,SPC_ATTR_568,0.1856,3.8312
LOT_0897,SPC_ATTR_025,9055.5,3.2226
LOT_0898,SPC_ATTR_025,-11705.333,-3.9297
LOT_0898,SPC_ATTR_123,6.889,3.3078
LOT_0898,SPC_ATTR_127,3.991,4.8932
LOT_0898,SPC_ATTR_128,1.175,3.8884
LOT_0898,SPC_ATTR_162,17359.0,3.1355
LOT_0898,SPC_ATTR_297,8740.095,3.4737
LOT_0898,SPC_ATTR_433,579.277,3.8031
LOT_0898,SPC_ATTR_461,72.0207,3.2113
LOT_0899,SPC_ATTR_072,213.9842,3.4644
LOT_0899,SPC_ATTR_123,6.889,3.3078
LOT_0899,SPC_ATTR_127,3.991,4.8932
LOT_0899,SPC_ATTR_128,1.175,3.8884
LOT_0899,SPC_ATTR_294,770.1485,3.1563
LOT_0899,SPC_ATTR_364,777.9733,3.2035
LOT_0899,SPC_ATTR_484,986.4253,4.0436
LOT_0902,SPC_ATTR_096,-0.0005,-5.3846
LOT_0902,SPC_ATTR_108,0.3211,3.691
LOT_0902,SPC_ATTR_228,0.0842,6.0501
LOT_0902,SPC_ATTR_366,0.0189,5.1585
LOT_0902,SPC_ATTR_368,0.0134,3.5669
LOT_0903,SPC_ATTR_025,-9440.0,-3.1493
LOT_0904,SPC_ATTR_094,-0.0108,-3.4083
LOT_0904,SPC_ATTR_107,0.0108,3.4337
LOT_0904,SPC_ATTR_139,96.2998,3.1345
LOT_0904,SPC_ATTR_412,4.3569,3.1567
LOT_0906,SPC_ATTR_163,27425.0,3.4528
LOT_0907,SPC_ATTR_123,6.889,3.3078
LOT_0907,SPC_ATTR_127,3.991,4.8932
LOT_0907,SPC_ATTR_128,1.175,3.8884
LOT_0907,SPC_ATTR_161,3710.0,5.4882
LOT_0907,SPC_ATTR_240,0.009,3.0708
LOT_0907,SPC_ATTR_296,1828.6043,5.5571
LOT_0907,SPC_ATTR_573,438.87,4.7555
LOT_0907,SPC_ATTR_574,2.1967,7.4496
LOT_0907,SPC_ATTR_575,131.4529,4.5427
LOT_0907,SPC_ATTR_576,0.5502,6.5712
LOT_0907,SPC_ATTR_577,86.9192,4.8079
LOT_0907,SPC_ATTR_578,96.9601,6.433
LOT_0908,SPC_ATTR_025,9329.0,3.3168
LOT_0909,SPC_ATTR_485,929.4118,3.3507
LOT_0909,SPC_ATTR_573,438.87,4.7555
LOT_0909,SPC_ATTR_574,2.1967,7.4496
LOT_0909,SPC_ATTR_575,131.4529,4.5427
LOT_0909,SPC_ATTR_576,0.5502,6.5712
LOT_0909,SPC_ATTR_577,86.9192,4.8079
LOT_0909,SPC_ATTR_578,96.9601,6.433
LOT_0910,SPC_ATTR_544,0.0133,3.148
LOT_0910,SPC_ATTR_545,0.0035,3.348
LOT_0910,SPC_ATTR_546,11.7215,3.1243
LOT_0911,SPC_ATTR_023,3656.25,3.2382
LOT_0911,SPC_ATTR_102,-0.0011,-4.9457
LOT_0911,SPC_ATTR_161,3608.0,5.3107
LOT_0911,SPC_ATTR_296,1791.9405,5.4278
LOT_0912,SPC_ATTR_095,0.0006,3.6149
LOT_0912,SPC_ATTR_101,0.0023,6.5197
LOT_0912,SPC_ATTR_102,-0.0013,-5.8507
LOT_0913,SPC_ATTR_139,96.2998,3.1345
LOT_0913,SPC_ATTR_412,4.3569,3.1567
LOT_0914,SPC_ATTR_136,382.0,4.5884
LOT_0914,SPC_ATTR_163,27952.0,3.5332
LOT_0914,SPC_ATTR_271,63.9084,4.1238
LOT_0914,SPC_ATTR_298,14230.103,3.6838
LOT_0914,SPC_ATTR_409,17.4781,4.7078
LOT_0916,SPC_ATTR_129,0.0,-12.0836
LOT_0917,SPC_ATTR_085,0.1174,-3.1099
LOT_0917,SPC_ATTR_117,0.9579,-3.0778
LOT_0917,SPC_ATTR_129,0.0,-12.0836
LOT_0918,SPC_ATTR_129,0.0,-12.0836
LOT_0919,SPC_ATTR_129,0.0,-12.0836
LOT_0919,SPC_ATTR_217,0.183,3.8626
LOT_0919,SPC_ATTR_355,0.0905,3.7174
LOT_0919,SPC_ATTR_434,968.6747,3.3801
LOT_0919,SPC_ATTR_547,3.0437,5.151
LOT_0919,SPC_ATTR_550,3.9115,4.824
LOT_0919,SPC_ATTR_553,1.6044,4.8065
LOT_0920,SPC_ATTR_094,-0.0101,-3.1757
LOT_0920,SPC_ATTR_107,0.0101,3.1995
LOT_0920,SPC_ATTR_129,0.0,-12.0836
LOT_0920,SPC_ATTR_484,846.4646,3.3179
LOT_0920,SPC_ATTR_566,0.5664,5.1871
LOT_0920,SPC_ATTR_568,0.246,5.6749
LOT_0920,SPC_ATTR_570,65.6295,4.3582
LOT_0921,SPC_ATTR_163,25746.0,3.1966
LOT_0921,SPC_ATTR_475,120.6696,3.345
LOT_0921,SPC_ATTR_484,893.7063,3.5628
LOT_0923,SPC_ATTR_163,30363.0,3.9011
LOT_0923,SPC_ATTR_298,15990.0547,4.2292
LOT_0924,SPC_ATTR_030,1.0667,-3.1796
LOT_0924,SPC_ATTR_049,163.2509,5.1453
LOT_0924,SPC_ATTR_066,64.414,5.235
LOT_0924,SPC_ATTR_182,3.573,13.4858
LOT_0924,SPC_ATTR_183,34.84,5.7779
LOT_0924,SPC_ATTR_184,72.947,6.7708
LOT_0924,SPC_ATTR_185,3.2283,27.9813
LOT_0924,SPC_ATTR_186,267.91,36.2435
LOT_0924,SPC_ATTR_188,307.93,33.6814
LOT_0924,SPC_ATTR_318,1.0034,11.476
LOT_0924,SPC_ATTR_319,10.0153,5.6142
LOT_0924,SPC_ATTR_320,20.0455,5.5664
LOT_0924,SPC_ATTR_321,0.9474,28.3611
LOT_0924,SPC_ATTR_322,79.1515,36.3193
LOT_0924,SPC_ATTR_324,89.1917,33.2683
LOT_0924,SPC_ATTR_337,89.4684,10.552
LOT_0924,SPC_ATTR_454,34.4902,12.8973
LOT_0924,SPC_ATTR_455,27.8356,6.5209
LOT_0924,SPC_ATTR_456,10.184,6.9774
LOT_0924,SPC_ATTR_457,232.1258,27.0494
LOT_0924,SPC_ATTR_458,164.1093,35.0055
LOT_0924,SPC_ATTR_460,47.7772,33.3975
LOT_0924,SPC_ATTR_461,133.9113,7.8524
LOT_0924,SPC_ATTR_485,910.4294,3.2616
LOT_0925,SPC_ATTR_003,2315.2667,3.8871
LOT_0925,SPC_ATTR_139,101.8,3.58
LOT_0925,SPC_ATTR_274,32.6521,3.2557
LOT_0925,SPC_ATTR_412,4.3969,3.2292
LOT_0926,SPC_ATTR_094,-0.0138,-4.405
LOT_0926,SPC_ATTR_107,0.0138,4.4378
LOT_0926,SPC_ATTR_211,0.2654,4.1967
LOT_0926,SPC_ATTR_349,0.0617,3.1187
LOT_0926,SPC_ATTR_522,1000.0,9.5846
LOT_0926,SPC_ATTR_544,0.0132,3.0828
LOT_0927,SPC_ATTR_003,2315.2667,3.8871
LOT_0927,SPC_ATTR_139,101.8,3.58
LOT_0927,SPC_ATTR_225,0.2947,3.3047
LOT_0927,SPC_ATTR_274,32.6521,3.2557
LOT_0927,SPC_ATTR_363,0.0895,3.2858
LOT_0927,SPC_ATTR_412,4.3969,3.2292
LOT_0927,SPC_ATTR_497,131.4887,4.1274
LOT_0929,SPC_ATTR_072,209.5703,3.325
LOT_0929,SPC_ATTR_497,104.6742,3.0383
LOT_0929,SPC_ATTR_566,0.4698,3.9963
LOT_0929,SPC_ATTR_568,0.1792,3.6358
LOT_0929,SPC_ATTR_570,57.3738,3.5499
LOT_0930,SPC_ATTR_139,96.2998,3.1345
LOT_0930,SPC_ATTR_412,4.3569,3.1567
LOT_0930,SPC_ATTR_484,804.2781,3.0991
LOT_0932,SPC_ATTR_033,93.8653,4.2081
LOT_0932,SPC_ATTR_035,57.8485,6.1439
LOT_0932,SPC_ATTR_036,76.2508,4.5422
LOT_0932,SPC_ATTR_037,42.1515,-6.1439
LOT_0932,SPC_ATTR_040,125.9348,4.0146
LOT_0932,SPC_ATTR_094,-0.0115,-3.6409
LOT_0932,SPC_ATTR_107,0.0114,3.6345
LOT_0932,SPC_ATTR_160,3951.0,3.1212
LOT_0932,SPC_ATTR_178,1.858,5.1722
LOT_0932,SPC_ATTR_313,0.7549,5.0705
LOT_0932,SPC_ATTR_445,0.3879,-3.2609
LOT_0932,SPC_ATTR_449,1.4754,4.8381
LOT_0932,SPC_ATTR_583,0.4778,-6.5499
LOT_0932,SPC_ATTR_584,0.4714,26.5473
LOT_0932,SPC_ATTR_585,0.1039,26.896
LOT_0932,SPC_ATTR_586,98.6628,26.7172
LOT_0933,SPC_ATTR_036,94.2641,11.5383
LOT_0933,SPC_ATTR_163,25350.0,3.1361
LOT_0933,SPC_ATTR_309,0.117,-3.0189
LOT_0933,SPC_ATTR_434,941.4168,3.2594
LOT_0933,SPC_ATTR_445,0.3336,-3.6101
LOT_0934,SPC_ATTR_033,93.8653,4.2081
LOT_0934,SPC_ATTR_035,57.8485,6.1439
LOT_0934,SPC_ATTR_036,76.2508,4.5422
LOT_0934,SPC_ATTR_037,42.1515,-6.1439
LOT_0934,SPC_ATTR_040,125.9348,4.0146
LOT_0934,SPC_ATTR_094,-0.0131,-4.1724
LOT_0934,SPC_ATTR_107,0.0131,4.2035
LOT_0934,SPC_ATTR_178,1.858,5.1722
LOT_0934,SPC_ATTR_313,0.7549,5.0705
LOT_0934,SPC_ATTR_445,0.3879,-3.2609
LOT_0934,SPC_ATTR_449,1.4754,4.8381
LOT_0936,SPC_ATTR_003,2060.66,-4.7398
LOT_0936,SPC_ATTR_139,19.8,-3.0621
LOT_0936,SPC_ATTR_146,0.1499,3.2508
LOT_0936,SPC_ATTR_147,0.1447,4.1059
LOT_0936,SPC_ATTR_412,0.9609,-3.0014
LOT_0936,SPC_ATTR_484,800.0,3.077
LOT_0937,SPC_ATTR_573,438.87,4.7555
LOT_0937,SPC_ATTR_574,2.1967,7.4496
LOT_0937,SPC_ATTR_575,131.4529,4.5427
LOT_0937,SPC_ATTR_576,0.5502,6.5712
LOT_0937,SPC_ATTR_577,86.9192,4.8079
LOT_0937,SPC_ATTR_578,96.9601,6.433
LOT_0938,SPC_ATTR_225,0.3483,4.0574
LOT_0938,SPC_ATTR_363,0.1059,4.0435
LOT_0938,SPC_ATTR_497,142.1244,4.5594
LOT_0939,SPC_ATTR_003,2060.66,-4.7398
LOT_0939,SPC_ATTR_139,19.8,-3.0621
LOT_0939,SPC_ATTR_412,0.9609,-3.0014
LOT_0939,SPC_ATTR_484,837.1795,3.2697
LOT_0939,SPC_ATTR_566,0.4458,3.7005
LOT_0939,SPC_ATTR_568,0.1757,3.529
LOT_0939,SPC_ATTR_570,58.0397,3.6151
LOT_0941,SPC_ATTR_545,0.0034,3.0101
LOT_0943,SPC_ATTR_484,961.7021,3.9154
LOT_0943,SPC_ATTR_582,390.4146,3.3418
LOT_0943,SPC_ATTR_590,390.4146,3.0966
LOT_0944,SPC_ATTR_003,2060.66,-4.7398
LOT_0944,SPC_ATTR_139,19.8,-3.0621
LOT_0944,SPC_ATTR_412,0.9609,-3.0014
LOT_0944,SPC_ATTR_590,390.4146,3.0966
LOT_0945,SPC_ATTR_025,8902.6667,3.1699
LOT_0945,SPC_ATTR_083,0.1182,3.1087
LOT_0945,SPC_ATTR_590,390.4146,3.0966
LOT_0946,SPC_ATTR_083,0.1207,3.1781
LOT_0946,SPC_ATTR_087,2.2802,-3.2592
LOT_0946,SPC_ATTR_094,-0.0138,-4.405
LOT_0946,SPC_ATTR_107,0.0138,4.4378
LOT_0946,SPC_ATTR_145,0.3124,3.1363
LOT_0946,SPC_ATTR_280,0.117,3.7431
LOT_0946,SPC_ATTR_418,20.9524,3.1475
LOT_0946,SPC_ATTR_590,390.4146,3.0966
LOT_0947,SPC_ATTR_003,2060.66,-4.7398
LOT_0947,SPC_ATTR_025,-11532.25,-3.8701
LOT_0947,SPC_ATTR_139,19.8,-3.0621
LOT_0947,SPC_ATTR_412,0.9609,-3.0014
LOT_0947,SPC_ATTR_590,390.4146,3.0966
LOT_0948,SPC_ATTR_146,0.1631,3.7481
LOT_0948,SPC_ATTR_151,19.822,4.0124
LOT_0948,SPC_ATTR_286,5.4292,3.4368
LOT_0948,SPC_ATTR_424,226.8931,4.5781
LOT_0948,SPC_ATTR_590,390.4146,3.0966
LOT_0950,SPC_ATTR_003,2060.66,-4.7398
LOT_0950,SPC_ATTR_139,19.8,-3.0621
LOT_0950,SPC_ATTR_412,0.9609,-3.0014
LOT_0950,SPC_ATTR_548,387.398,-3.1889
LOT_0951,SPC_ATTR_003,2060.66,-4.7398
LOT_0951,SPC_ATTR_139,19.8,-3.0621
LOT_0951,SPC_ATTR_412,0.9609,-3.0014
LOT_0952,SPC_ATTR_212,0.1335,3.0692
LOT_0952,SPC_ATTR_350,0.0621,3.4752
LOT_0953,SPC_ATTR_004,2941.8341,3.499
LOT_0953,SPC_ATTR_094,-0.0099,-3.1093
LOT_0953,SPC_ATTR_095,-0.0007,-3.8563
LOT_0953,SPC_ATTR_097,0.9914,4.437
LOT_0953,SPC_ATTR_099,-1.928,-4.4716
LOT_0953,SPC_ATTR_102,-0.0009,-4.0407
LOT_0953,SPC_ATTR_107,0.0099,3.1325
LOT_0953,SPC_ATTR_109,0.2841,3.399
LOT_0953,SPC_ATTR_229,0.1026,7.8879
LOT_0953,SPC_ATTR_367,0.0216,7.047
LOT_0953,SPC_ATTR_368,0.014,3.7892
LOT_0953,SPC_ATTR_369,0.0173,6.7053
LOT_0954,SPC_ATTR_095,0.0006,3.6149
LOT_0954,SPC_ATTR_096,0.0004,3.2692
LOT_0954,SPC_ATTR_102,0.0015,6.819
LOT_0955,SPC_ATTR_117,0.9586,-3.0041
LOT_0955,SPC_ATTR_275,484.3951,4.0663
LOT_0956,SPC_ATTR_559,1.401,4.8413
LOT_0957,SPC_ATTR_033,93.8653,4.2081
LOT_0957,SPC_ATTR_035,57.8485,6.1439
LOT_0957,SPC_ATTR_036,76.2508,4.5422
LOT_0957,SPC_ATTR_037,42.1515,-6.1439
LOT_0957,SPC_ATTR_040,125.9348,4.0146
LOT_0957,SPC_ATTR_094,-0.0099,-3.1093
LOT_0957,SPC_ATTR_107,0.0099,3.1325
LOT_0957,SPC_ATTR_178,1.858,5.1722
LOT_0957,SPC_ATTR_313,0.7549,5.0705
LOT_0957,SPC_ATTR_445,0.3879,-3.2609
LOT_0957,SPC_ATTR_449,1.4754,4.8381
LOT_0957,SPC_ATTR_461,70.6707,3.1101
LOT_0957,SPC_ATTR_573,438.87,4.7555
LOT_0957,SPC_ATTR_574,2.1967,7.4496
LOT_0957,SPC_ATTR_575,131.4529,4.5427
LOT_0957,SPC_ATTR_576,0.5502,6.5712
LOT_0957,SPC_ATTR_577,86.9192,4.8079
LOT_0957,SPC_ATTR_578,96.9601,6.433
LOT_0960,SPC_ATTR_280,0.1095,3.3734
LOT_0961,SPC_ATTR_181,33.78,4.4591
LOT_0961,SPC_ATTR_453,9.6853,4.7199
LOT_0962,SPC_ATTR_094,-0.0124,-3.9399
LOT_0962,SPC_ATTR_107,0.0124,3.9692
LOT_0962,SPC_ATTR_392,0.0319,3.1083
LOT_0962,SPC_ATTR_566,0.4581,3.8521
LOT_0962,SPC_ATTR_568,0.1697,3.3459
LOT_0964,SPC_ATTR_139,96.2998,3.1345
LOT_0964,SPC_ATTR_412,4.3569,3.1567
LOT_0965,SPC_ATTR_083,0.1172,3.081
LOT_0965,SPC_ATTR_094,-0.0124,-3.9399
LOT_0965,SPC_ATTR_107,0.0124,3.9692
LOT_0965,SPC_ATTR_126,2.154,3.454
LOT_0966,SPC_ATTR_126,2.154,3.454
LOT_0966,SPC_ATTR_484,964.1026,3.9278
LOT_0966,SPC_ATTR_559,1.401,4.8413
LOT_0967,SPC_ATTR_094,-0.0115,-3.6409
LOT_0967,SPC_ATTR_107,0.0115,3.668
LOT_0968,SPC_ATTR_215,0.3081,3.9824
LOT_0968,SPC_ATTR_353,0.0712,3.6364
LOT_0969,SPC_ATTR_126,2.154,3.454
LOT_0970,SPC_ATTR_275,484.3951,4.0663
LOT_0970,SPC_ATTR_566,0.4363,3.5834
LOT_0970,SPC_ATTR_568,0.1904,3.9777
LOT_0970,SPC_ATTR_570,67.9355,4.584
LOT_0971,SPC_ATTR_160,4361.0,3.5383
LOT_0972,SPC_ATTR_094,-0.0101,-3.1757
LOT_0972,SPC_ATTR_107,0.0101,3.1995
LOT_0972,SPC_ATTR_126,2.154,3.454
LOT_0973,SPC_ATTR_163,31318.0,4.0468
LOT_0973,SPC_ATTR_298,14372.0653,3.7278
LOT_0973,SPC_ATTR_484,852.3161,3.3482
LOT_0974,SPC_ATTR_544,0.0139,3.5391
LOT_0974,SPC_ATTR_546,12.8089,3.9508
LOT_0975,SPC_ATTR_126,2.154,3.454
LOT_0975,SPC_ATTR_484,831.6547,3.2411
LOT_0976,SPC_ATTR_126,2.154,3.454
LOT_0977,SPC_ATTR_156,7.732,6.4368
LOT_0977,SPC_ATTR_291,1.2881,4.2979
LOT_0977,SPC_ATTR_429,62.8715,5.5161
LOT_0977,SPC_ATTR_566,0.4288,3.4909
LOT_0977,SPC_ATTR_568,0.1646,3.1902
LOT_0977,SPC_ATTR_570,73.899,5.1679
LOT_0979,SPC_ATTR_434,977.1353,3.4176
LOT_0980,SPC_ATTR_126,2.154,3.454
LOT_0980,SPC_ATTR_156,7.732,6.4368
LOT_0980,SPC_ATTR_291,1.2881,4.2979
LOT_0980,SPC_ATTR_429,62.8715,5.5161
LOT_0982,SPC_ATTR_038,67.1943,3.1993
LOT_0982,SPC_ATTR_094,-0.0128,-4.0728
LOT_0982,SPC_ATTR_099,-1.3583,-3.1377
LOT_0982,SPC_ATTR_107,0.0129,4.1365
LOT_0982,SPC_ATTR_169,0.286,3.3922
LOT_0982,SPC_ATTR_461,73.4011,3.3148
LOT_0982,SPC_ATTR_484,832.2034,3.2439
LOT_0982,SPC_ATTR_544,0.0139,3.5391
LOT_0982,SPC_ATTR_546,12.8089,3.9508
LOT_0982,SPC_ATTR_573,438.87,4.7555
LOT_0982,SPC_ATTR_574,2.1967,7.4496
LOT_0982,SPC_ATTR_575,131.4529,4.5427
LOT_0982,SPC_ATTR_576,0.5502,6.5712
LOT_0982,SPC_ATTR_577,86.9192,4.8079
LOT_0982,SPC_ATTR_578,96.9601,6.433
LOT_0983,SPC_ATTR_573,438.87,4.7555
LOT_0983,SPC_ATTR_574,2.1967,7.4496
LOT_0983,SPC_ATTR_575,131.4529,4.5427
LOT_0983,SPC_ATTR_576,0.5502,6.5712
LOT_0983,SPC_ATTR_577,86.9192,4.8079
LOT_0983,SPC_ATTR_578,96.9601,6.433
LOT_0984,SPC_ATTR_226,2427.0,3.1995
LOT_0984,SPC_ATTR_364,750.366,3.0046
LOT_0985,SPC_ATTR_024,-9141.5,-3.8656
LOT_0985,SPC_ATTR_091,7406.64,-3.5853
LOT_0985,SPC_ATTR_225,0.3975,4.7483
LOT_0985,SPC_ATTR_363,0.1191,4.6533
LOT_0985,SPC_ATTR_497,161.6041,5.3505
LOT_0985,SPC_ATTR_544,0.0133,3.148
LOT_0985,SPC_ATTR_545,0.0034,3.0101
LOT_0986,SPC_ATTR_003,2060.66,-4.7398
LOT_0986,SPC_ATTR_024,1975.25,4.189
LOT_0986,SPC_ATTR_136,380.0,4.5537
LOT_0986,SPC_ATTR_139,19.8,-3.0621
LOT_0986,SPC_ATTR_162,22817.0,4.423
LOT_0986,SPC_ATTR_271,73.1321,5.2216
LOT_0986,SPC_ATTR_297,11149.9276,4.6938
LOT_0986,SPC_ATTR_409,17.345,4.6561
LOT_0986,SPC_ATTR_412,0.9609,-3.0014
LOT_0987,SPC_ATTR_209,163.121,3.2015
LOT_0987,SPC_ATTR_345,50.6289,3.0816
LOT_0988,SPC_ATTR_297,8014.2231,3.1062
LOT_0991,SPC_ATTR_094,-0.011,-3.4748
LOT_0991,SPC_ATTR_107,0.011,3.5007
LOT_0992,SPC_ATTR_119,0.5722,-3.2353
LOT_0994,SPC_ATTR_021,1.2449,-9.5689
LOT_0994,SPC_ATTR_157,1.2325,14.8333
LOT_0994,SPC_ATTR_292,0.462,17.303
LOT_0994,SPC_ATTR_430,99.0049,14.7362
LOT_0994,SPC_ATTR_498,27.6385,3.1912
LOT_0995,SPC_ATTR_573,438.87,4.7555
LOT_0995,SPC_ATTR_574,2.1967,7.4496
LOT_0995,SPC_ATTR_575,131.4529,4.5427
LOT_0995,SPC_ATTR_576,0.5502,6.5712
LOT_0995,SPC_ATTR_577,86.9192,4.8079
LOT_0995,SPC_ATTR_578,96.9601,6.433
LOT_0996,SPC_ATTR_298,12355.316,3.1028
LOT_0997,SPC_ATTR_093,-0.0105,-3.4067
LOT_0997,SPC_ATTR_094,-0.0098,-3.0761
LOT_0997,SPC_ATTR_106,0.0105,3.4347
LOT_0997,SPC_ATTR_107,0.0097,3.0656
LOT_0999,SPC_ATTR_033,93.8653,4.2081
LOT_0999,SPC_ATTR_035,57.8485,6.1439
LOT_0999,SPC_ATTR_036,76.2508,4.5422
LOT_0999,SPC_ATTR_037,42.1515,-6.1439
LOT_0999,SPC_ATTR_040,125.9348,4.0146
LOT_0999,SPC_ATTR_178,1.858,5.1722
LOT_0999,SPC_ATTR_313,0.7549,5.0705
LOT_0999,SPC_ATTR_445,0.3879,-3.2609
LOT_0999,SPC_ATTR_449,1.4754,4.8381
LOT_0999,SPC_ATTR_511,204.5307,3.9469
LOT_1001,SPC_ATTR_433,607.3661,4.0257
LOT_1002,SPC_ATTR_024,-9986.75,-4.4781
LOT_1002,SPC_ATTR_094,-0.0137,-4.3718
LOT_1002,SPC_ATTR_107,0.0137,4.4043
LOT_1003,SPC_ATTR_145,0.6253,8.2372
LOT_1003,SPC_ATTR_280,0.1884,7.2622
LOT_1003,SPC_ATTR_418,38.7264,7.5312
LOT_1006,SPC_ATTR_573,438.87,4.7555
LOT_1006,SPC_ATTR_574,2.1967,7.4496
LOT_1006,SPC_ATTR_575,131.4529,4.5427
LOT_1006,SPC_ATTR_576,0.5502,6.5712
LOT_1006,SPC_ATTR_577,86.9192,4.8079
LOT_1006,SPC_ATTR_578,96.9601,6.433
LOT_1008,SPC_ATTR_461,73.4752,3.3204
LOT_1009,SPC_ATTR_087,2.2802,-3.2592
LOT_1009,SPC_ATTR_212,0.3227,10.6357
LOT_1009,SPC_ATTR_216,0.3429,8.6022
LOT_1009,SPC_ATTR_350,0.1339,10.2469
LOT_1009,SPC_ATTR_354,0.1535,7.3017
LOT_1010,SPC_ATTR_186,54.09,6.4997
LOT_1010,SPC_ATTR_188,49.13,3.623
LOT_1010,SPC_ATTR_322,15.2772,6.1471
LOT_1010,SPC_ATTR_324,13.883,3.3704
LOT_1010,SPC_ATTR_458,39.5211,7.5495
LOT_1010,SPC_ATTR_460,7.7973,3.6854
LOT_1010,SPC_ATTR_570,56.0244,3.4178
LOT_1012,SPC_ATTR_093,0.0231,6.9926
LOT_1012,SPC_ATTR_106,-0.0231,-7.0587
LOT_1013,SPC_ATTR_093,0.0281,8.5401
LOT_1013,SPC_ATTR_106,-0.0281,-8.6202
LOT_1015,SPC_ATTR_126,2.211,3.6572
LOT_1015,SPC_ATTR_145,0.4212,4.91
LOT_1015,SPC_ATTR_280,0.1366,4.7091
LOT_1015,SPC_ATTR_418,28.4153,4.9881
LOT_1016,SPC_ATTR_094,-0.0115,-3.6409
LOT_1016,SPC_ATTR_103,0.2309,3.6492
LOT_1016,SPC_ATTR_107,0.0114,3.6345
LOT_1016,SPC_ATTR_469,969.917,3.2316
LOT_1017,SPC_ATTR_126,2.211,3.6572
LOT_1017,SPC_ATTR_145,0.4077,4.6899
LOT_1017,SPC_ATTR_280,0.1274,4.2557
LOT_1017,SPC_ATTR_418,25.9458,4.379
LOT_1017,SPC_ATTR_573,436.52,4.7282
LOT_1017,SPC_ATTR_574,1.1022,3.0448
LOT_1017,SPC_ATTR_575,149.184,5.2014
LOT_1017,SPC_ATTR_576,0.3632,3.8128
LOT_1017,SPC_ATTR_577,83.2685,4.5921
LOT_1017,SPC_ATTR_578,54.8262,3.0583
LOT_1018,SPC_ATTR_126,2.211,3.6572
LOT_1019,SPC_ATTR_083,0.1365,3.616
LOT_1019,SPC_ATTR_094,-0.0118,-3.7405
LOT_1019,SPC_ATTR_107,0.0118,3.7684
LOT_1019,SPC_ATTR_126,2.211,3.6572
LOT_1019,SPC_ATTR_213,0.1631,3.5363
LOT_1019,SPC_ATTR_351,0.0666,3.0293
LOT_1021,SPC_ATTR_004,3715.0417,5.2495
LOT_1022,SPC_ATTR_136,380.0,4.5537
LOT_1022,SPC_ATTR_271,73.1321,5.2216
LOT_1022,SPC_ATTR_409,17.345,4.6561
LOT_1023,SPC_ATTR_156,7.732,6.4368
LOT_1023,SPC_ATTR_291,1.2881,4.2979
LOT_1023,SPC_ATTR_429,62.8715,5.5161
LOT_1023,SPC_ATTR_544,0.0133,3.148
LOT_1023,SPC_ATTR_545,0.0034,3.0101
LOT_1023,SPC_ATTR_568,0.1622,3.1169
LOT_1023,SPC_ATTR_570,51.9166,3.0156
LOT_1024,SPC_ATTR_545,0.0034,3.0101
LOT_1025,SPC_ATTR_036,94.2641,11.5383
LOT_1025,SPC_ATTR_309,0.117,-3.0189
LOT_1025,SPC_ATTR_445,0.3336,-3.6101
LOT_1026,SPC_ATTR_096,0.0004,3.2692
LOT_1026,SPC_ATTR_101,-0.0012,-3.3118
LOT_1026,SPC_ATTR_434,901.1494,3.081
LOT_1027,SPC_ATTR_145,0.563,7.2216
LOT_1027,SPC_ATTR_280,0.18,6.8482
LOT_1027,SPC_ATTR_418,39.0376,7.608
LOT_1030,SPC_ATTR_083,0.1187,3.1226
LOT_1030,SPC_ATTR_093,0.0119,3.5262
LOT_1030,SPC_ATTR_101,-0.0013,-3.5927
LOT_1030,SPC_ATTR_106,-0.012,-3.5921
LOT_1030,SPC_ATTR_212,0.1474,3.6251
LOT_1030,SPC_ATTR_228,0.0581,3.6236
LOT_1030,SPC_ATTR_350,0.0617,3.4375
LOT_1030,SPC_ATTR_369,0.0096,3.0508
LOT_1032,SPC_ATTR_469,946.0468,3.1282
LOT_1032,SPC_ATTR_485,876.5217,3.1025
LOT_1034,SPC_ATTR_156,7.732,6.4368
LOT_1034,SPC_ATTR_211,0.3943,7.261
LOT_1034,SPC_ATTR_291,1.2881,4.2979
LOT_1034,SPC_ATTR_349,0.1165,7.7385
LOT_1034,SPC_ATTR_429,62.8715,5.5161
LOT_1038,SPC_ATTR_083,0.1156,3.0367
LOT_1038,SPC_ATTR_225,0.2739,3.0126
LOT_1038,SPC_ATTR_497,117.3892,3.5547
LOT_1038,SPC_ATTR_573,436.52,4.7282
LOT_1038,SPC_ATTR_574,1.1022,3.0448
LOT_1038,SPC_ATTR_575,149.184,5.2014
LOT_1038,SPC_ATTR_576,0.3632,3.8128
LOT_1038,SPC_ATTR_577,83.2685,4.5921
LOT_1038,SPC_ATTR_578,54.8262,3.0583
LOT_1039,SPC_ATTR_109,-0.3454,-3.8568
LOT_1039,SPC_ATTR_145,0.4863,5.9712
LOT_1039,SPC_ATTR_280,0.1413,4.9408
LOT_1039,SPC_ATTR_418,30.5835,5.5229
LOT_1039,SPC_ATTR_566,0.4207,3.3911
LOT_1039,SPC_ATTR_568,0.181,3.6908
LOT_1039,SPC_ATTR_570,55.5896,3.3752
LOT_1041,SPC_ATTR_280,0.1037,3.0875
LOT_1042,SPC_ATTR_145,0.32,3.2602
LOT_1043,SPC_ATTR_151,17.406,3.2672
LOT_1043,SPC_ATTR_286,5.1664,3.1639
LOT_1045,SPC_ATTR_083,0.1174,3.0866
LOT_1045,SPC_ATTR_092,0.2704,3.056
LOT_1045,SPC_ATTR_094,-0.0105,-3.3086
LOT_1045,SPC_ATTR_107,0.0106,3.3668
LOT_1046,SPC_ATTR_083,0.1232,3.2474
LOT_1047,SPC_ATTR_486,956.0606,3.4521
LOT_1048,SPC_ATTR_025,-14228.667,-4.799
LOT_1049,SPC_ATTR_036,94.2641,11.5383
LOT_1049,SPC_ATTR_309,0.117,-3.0189
LOT_1049,SPC_ATTR_445,0.3336,-3.6101
LOT_1051,SPC_ATTR_220,0.009,3.4909
LOT_1051,SPC_ATTR_358,0.0031,4.1936
LOT_1051,SPC_ATTR_492,6.3643,3.2032
LOT_1053,SPC_ATTR_025,9331.3333,3.3176
LOT_1053,SPC_ATTR_211,0.4379,8.2975
LOT_1053,SPC_ATTR_226,2388.6001,3.1109
LOT_1053,SPC_ATTR_349,0.1015,6.474
LOT_1053,SPC_ATTR_485,923.1504,3.3213
LOT_1054,SPC_ATTR_034,13.5481,3.4124
LOT_1055,SPC_ATTR_220,0.009,3.4909
LOT_1055,SPC_ATTR_358,0.0031,4.1936
LOT_1055,SPC_ATTR_492,6.3643,3.2032
LOT_1057,SPC_ATTR_033,93.8653,4.2081
LOT_1057,SPC_ATTR_035,57.8485,6.1439
LOT_1057,SPC_ATTR_036,76.2508,4.5422
LOT_1057,SPC_ATTR_037,42.1515,-6.1439
LOT_1057,SPC_ATTR_040,125.9348,4.0146
LOT_1057,SPC_ATTR_178,1.858,5.1722
LOT_1057,SPC_ATTR_313,0.7549,5.0705
LOT_1057,SPC_ATTR_433,533.9541,3.4439
LOT_1057,SPC_ATTR_445,0.3879,-3.2609
LOT_1057,SPC_ATTR_449,1.4754,4.8381
LOT_1057,SPC_ATTR_573,438.87,4.7555
LOT_1057,SPC_ATTR_574,2.1967,7.4496
LOT_1057,SPC_ATTR_575,131.4529,4.5427
LOT_1057,SPC_ATTR_576,0.5502,6.5712
LOT_1057,SPC_ATTR_577,86.9192,4.8079
LOT_1057,SPC_ATTR_578,96.9601,6.433
LOT_1059,SPC_ATTR_100,-0.3692,-5.9091
LOT_1059,SPC_ATTR_105,0.005,5.8931
LOT_1060,SPC_ATTR_570,53.5307,3.1736
LOT_1061,SPC_ATTR_034,13.5481,3.4124
LOT_1063,SPC_ATTR_001,3244.74,3.128
LOT_1063,SPC_ATTR_072,233.6113,4.0845
LOT_1065,SPC_ATTR_083,0.127,3.3527
LOT_1065,SPC_ATTR_163,28863.0,3.6722
LOT_1065,SPC_ATTR_298,14560.7983,3.7863
LOT_1066,SPC_ATTR_219,7.569,3.2445
LOT_1066,SPC_ATTR_357,2.563,3.2678
LOT_1067,SPC_ATTR_094,-0.0101,-3.1757
LOT_1067,SPC_ATTR_107,0.0101,3.1995
LOT_1070,SPC_ATTR_036,94.2641,11.5383
LOT_1070,SPC_ATTR_109,-0.3143,-3.4984
LOT_1070,SPC_ATTR_126,2.465,4.5625
LOT_1070,SPC_ATTR_146,0.1519,3.3261
LOT_1070,SPC_ATTR_147,0.2091,7.0541
LOT_1070,SPC_ATTR_212,0.1908,5.3607
LOT_1070,SPC_ATTR_228,0.0591,3.7165
LOT_1070,SPC_ATTR_229,0.0568,3.6255
LOT_1070,SPC_ATTR_281,0.0409,3.5271
LOT_1070,SPC_ATTR_282,0.0471,5.772
LOT_1070,SPC_ATTR_309,0.117,-3.0189
LOT_1070,SPC_ATTR_350,0.0782,4.9937
LOT_1070,SPC_ATTR_367,0.0168,5.0319
LOT_1070,SPC_ATTR_369,0.0137,4.9967
LOT_1070,SPC_ATTR_445,0.3336,-3.6101
LOT_1072,SPC_ATTR_157,0.5909,6.7296
LOT_1072,SPC_ATTR_292,0.1601,5.4865
LOT_1072,SPC_ATTR_430,42.7386,5.9929
LOT_1073,SPC_ATTR_034,13.5481,3.4124
LOT_1073,SPC_ATTR_156,7.732,6.4368
LOT_1073,SPC_ATTR_222,0.1558,4.0799
LOT_1073,SPC_ATTR_291,1.2881,4.2979
LOT_1073,SPC_ATTR_360,0.0527,4.6048
LOT_1073,SPC_ATTR_429,62.8715,5.5161
LOT_1073,SPC_ATTR_469,999.877,3.3614
LOT_1073,SPC_ATTR_494,6.4666,4.0419
LOT_1074,SPC_ATTR_024,1143.75,3.5866
LOT_1074,SPC_ATTR_162,19581.0,3.6596
LOT_1074,SPC_ATTR_297,8780.5516,3.4941
LOT_1075,SPC_ATTR_095,-0.0007,-3.8563
LOT_1075,SPC_ATTR_097,0.9144,4.0864
LOT_1075,SPC_ATTR_099,-2.1098,-4.8972
LOT_1075,SPC_ATTR_102,-0.001,-4.4932
LOT_1075,SPC_ATTR_229,0.0595,3.8768
LOT_1075,SPC_ATTR_367,0.0128,3.3526
LOT_1075,SPC_ATTR_368,0.0122,3.1223
LOT_1075,SPC_ATTR_369,0.0099,3.1932
LOT_1076,SPC_ATTR_545,0.0035,3.348
LOT_1076,SPC_ATTR_573,436.52,4.7282
LOT_1076,SPC_ATTR_574,1.1022,3.0448
LOT_1076,SPC_ATTR_575,149.184,5.2014
LOT_1076,SPC_ATTR_576,0.3632,3.8128
LOT_1076,SPC_ATTR_577,83.2685,4.5921
LOT_1076,SPC_ATTR_578,54.8262,3.0583
LOT_1077,SPC_ATTR_096,0.0007,6.1538
LOT_1077,SPC_ATTR_101,-0.0023,-6.4017
LOT_1078,SPC_ATTR_486,871.4286,3.0651
LOT_1078,SPC_ATTR_542,18.9296,3.2171
LOT_1079,SPC_ATTR_433,994.2857,7.0919
LOT_1081,SPC_ATTR_304,0.0901,3.4288
LOT_1081,SPC_ATTR_433,963.8833,6.851
LOT_1083,SPC_ATTR_298,12543.2731,3.161
LOT_1083,SPC_ATTR_486,896.063,3.1778
LOT_1083,SPC_ATTR_542,18.9296,3.2171
LOT_1084,SPC_ATTR_181,31.87,3.8823
LOT_1084,SPC_ATTR_226,2518.3999,3.4105
LOT_1084,SPC_ATTR_317,9.8724,3.8242
LOT_1084,SPC_ATTR_453,8.7217,3.6716
LOT_1084,SPC_ATTR_498,27.3473,3.1324
LOT_1086,SPC_ATTR_108,-0.3479,-3.9569
LOT_1087,SPC_ATTR_033,93.8653,4.2081
LOT_1087,SPC_ATTR_035,57.8485,6.1439
LOT_1087,SPC_ATTR_036,76.2508,4.5422
LOT_1087,SPC_ATTR_037,42.1515,-6.1439
LOT_1087,SPC_ATTR_040,125.9348,4.0146
LOT_1087,SPC_ATTR_178,1.858,5.1722
LOT_1087,SPC_ATTR_313,0.7549,5.0705
LOT_1087,SPC_ATTR_445,0.3879,-3.2609
LOT_1087,SPC_ATTR_449,1.4754,4.8381
LOT_1087,SPC_ATTR_485,957.1429,3.4808
LOT_1089,SPC_ATTR_570,52.6974,3.092
LOT_1090,SPC_ATTR_004,3619.7397,5.0337
LOT_1091,SPC_ATTR_486,994.0,3.6256
LOT_1092,SPC_ATTR_226,2368.3999,3.0643
LOT_1092,SPC_ATTR_364,860.4395,3.7976
LOT_1092,SPC_ATTR_443,3.3259,3.0046
LOT_1092,SPC_ATTR_498,27.5198,3.1672
LOT_1093,SPC_ATTR_565,19.61,4.9989
LOT_1093,SPC_ATTR_566,0.4937,4.2909
LOT_1093,SPC_ATTR_567,7.856,5.0787
LOT_1093,SPC_ATTR_568,0.2013,4.3104
LOT_1093,SPC_ATTR_569,7.1179,4.6812
LOT_1093,SPC_ATTR_570,60.8125,3.8866
LOT_1095,SPC_ATTR_152,357.49,11.0779
LOT_1095,SPC_ATTR_287,106.4162,10.4627
LOT_1095,SPC_ATTR_425,82.3318,12.492
LOT_1096,SPC_ATTR_443,3.3259,3.0046
LOT_1098,SPC_ATTR_100,0.8724,13.8805
LOT_1098,SPC_ATTR_105,-0.0117,-13.7309
LOT_1098,SPC_ATTR_108,0.2692,3.0976
LOT_1098,SPC_ATTR_156,7.732,6.4368
LOT_1098,SPC_ATTR_291,1.2881,4.2979
LOT_1098,SPC_ATTR_429,62.8715,5.5161
LOT_1098,SPC_ATTR_544,0.0133,3.148
LOT_1098,SPC_ATTR_545,0.0034,3.0101
LOT_1099,SPC_ATTR_217,0.179,3.7073
LOT_1099,SPC_ATTR_355,0.0833,3.1664
LOT_1100,SPC_ATTR_025,10981.5,3.8861
LOT_1101,SPC_ATTR_010,0.0484,3.2575
LOT_1101,SPC_ATTR_089,1634.0957,-3.2448
LOT_1101,SPC_ATTR_115,0.0058,3.4035
LOT_1101,SPC_ATTR_522,553.2097,5.252
LOT_1103,SPC_ATTR_567,5.7773,3.066
LOT_1103,SPC_ATTR_579,0.0798,4.9604
LOT_1103,SPC_ATTR_587,0.0798,4.721
LOT_1104,SPC_ATTR_522,1000.0,9.5846
LOT_1104,SPC_ATTR_587,0.0798,4.721
LOT_1105,SPC_ATTR_030,1.0444,-3.2342
LOT_1105,SPC_ATTR_031,0.0728,-3.3803
LOT_1105,SPC_ATTR_439,239.3617,5.414
LOT_1105,SPC_ATTR_440,254.1985,4.783
LOT_1105,SPC_ATTR_570,56.414,3.4559
LOT_1106,SPC_ATTR_096,-0.0004,-4.4231
LOT_1106,SPC_ATTR_108,0.2648,3.0473
LOT_1106,SPC_ATTR_228,0.0775,5.4272
LOT_1106,SPC_ATTR_270,10.1529,5.5323
LOT_1106,SPC_ATTR_366,0.0185,5.0079
LOT_1106,SPC_ATTR_368,0.0138,3.7151
LOT_1106,SPC_ATTR_408,3.3128,5.7053
LOT_1106,SPC_ATTR_542,25.7792,5.582
LOT_1106,SPC_ATTR_564,1.0799,3.2873
LOT_1106,SPC_ATTR_572,1.0912,-3.6735
LOT_1107,SPC_ATTR_034,13.5481,3.4124
LOT_1107,SPC_ATTR_094,-0.0097,-3.0429
LOT_1107,SPC_ATTR_107,0.0096,3.0321
LOT_1107,SPC_ATTR_282,0.0339,3.3915
LOT_1107,SPC_ATTR_573,436.52,4.7282
LOT_1107,SPC_ATTR_574,1.1022,3.0448
LOT_1107,SPC_ATTR_575,149.184,5.2014
LOT_1107,SPC_ATTR_576,0.3632,3.8128
LOT_1107,SPC_ATTR_577,83.2685,4.5921
LOT_1107,SPC_ATTR_578,54.8262,3.0583
LOT_1108,SPC_ATTR_542,18.9296,3.2171
LOT_1109,SPC_ATTR_091,10653.5,4.6074
LOT_1109,SPC_ATTR_116,909.7511,3.3171
LOT_1109,SPC_ATTR_484,842.0091,3.2948
LOT_1109,SPC_ATTR_579,0.0631,3.5367
LOT_1109,SPC_ATTR_587,0.0631,3.3696
LOT_1110,SPC_ATTR_072,227.4135,3.8887
LOT_1110,SPC_ATTR_579,0.0831,5.2417
LOT_1110,SPC_ATTR_587,0.0831,4.988
LOT_1111,SPC_ATTR_176,1.1437,3.1435
LOT_1111,SPC_ATTR_447,1.7236,3.1142
LOT_1111,SPC_ATTR_587,0.0831,4.988
LOT_1112,SPC_ATTR_587,0.0831,4.988
LOT_1113,SPC_ATTR_004,3619.7397,5.0337
LOT_1113,SPC_ATTR_589,0.0144,3.18
LOT_1114,SPC_ATTR_083,0.1257,3.3167
LOT_1114,SPC_ATTR_542,18.9296,3.2171
LOT_1114,SPC_ATTR_589,0.0144,3.18
LOT_1115,SPC_ATTR_176,1.1437,3.1435
LOT_1115,SPC_ATTR_424,176.7227,3.039
LOT_1115,SPC_ATTR_447,1.7236,3.1142
LOT_1117,SPC_ATTR_217,0.1639,3.1213
LOT_1117,SPC_ATTR_573,436.52,4.7282
LOT_1117,SPC_ATTR_574,1.1022,3.0448
LOT_1117,SPC_ATTR_575,149.184,5.2014
LOT_1117,SPC_ATTR_576,0.3632,3.8128
LOT_1117,SPC_ATTR_577,83.2685,4.5921
LOT_1117,SPC_ATTR_578,54.8262,3.0583
LOT_1118,SPC_ATTR_211,0.3244,5.5993
LOT_1118,SPC_ATTR_239,0.011,3.6567
LOT_1118,SPC_ATTR_349,0.0773,4.4338
LOT_1121,SPC_ATTR_091,10608.8,4.4946
LOT_1122,SPC_ATTR_066,4.308,-3.2048
LOT_1122,SPC_ATTR_113,0.0,-9.3491
LOT_1122,SPC_ATTR_475,253.3888,8.6916
LOT_1122,SPC_ATTR_580,0.0503,3.4721
LOT_1122,SPC_ATTR_581,0.0165,3.5635
LOT_1122,SPC_ATTR_588,0.0503,3.8403
LOT_1122,SPC_ATTR_589,0.0165,3.9125
LOT_1124,SPC_ATTR_016,333.4486,-4.6244
LOT_1124,SPC_ATTR_030,0.7667,-3.9137
LOT_1124,SPC_ATTR_094,-0.0099,-3.1093
LOT_1124,SPC_ATTR_107,0.0098,3.0991
LOT_1124,SPC_ATTR_161,4099.0,6.1649
LOT_1124,SPC_ATTR_167,18.9,14.3881
LOT_1124,SPC_ATTR_168,16.3,23.8069
LOT_1124,SPC_ATTR_169,0.725,12.6074
LOT_1124,SPC_ATTR_296,2004.8779,6.1788
LOT_1124,SPC_ATTR_302,5.711,14.4612
LOT_1124,SPC_ATTR_303,5.1549,24.0568
LOT_1124,SPC_ATTR_304,0.2258,12.7804
LOT_1124,SPC_ATTR_434,936.9642,3.2397
LOT_1124,SPC_ATTR_438,26.3966,13.8895
LOT_1124,SPC_ATTR_440,657.7621,15.299
LOT_1124,SPC_ATTR_484,822.9885,3.1962
LOT_1124,SPC_ATTR_573,438.87,4.7555
LOT_1124,SPC_ATTR_574,2.1967,7.4496
LOT_1124,SPC_ATTR_575,131.4529,4.5427
LOT_1124,SPC_ATTR_576,0.5502,6.5712
LOT_1124,SPC_ATTR_577,86.9192,4.8079
LOT_1124,SPC_ATTR_578,96.9601,6.433
LOT_1125,SPC_ATTR_092,-0.2865,-3.2953
LOT_1125,SPC_ATTR_099,-1.3267,-3.0637
LOT_1125,SPC_ATTR_101,0.0011,3.1489
LOT_1125,SPC_ATTR_108,-0.4018,-4.5731
LOT_1125,SPC_ATTR_218,0.3365,5.7227
LOT_1125,SPC_ATTR_228,0.0626,4.0419
LOT_1125,SPC_ATTR_356,0.1572,5.4986
LOT_1125,SPC_ATTR_366,0.0174,4.5938
LOT_1125,SPC_ATTR_511,221.6216,4.4004
LOT_1125,SPC_ATTR_522,474.6376,4.4901
LOT_1125,SPC_ATTR_544,0.024,10.1232
LOT_1125,SPC_ATTR_545,0.0047,7.402
LOT_1125,SPC_ATTR_546,21.0443,10.2109
LOT_1128,SPC_ATTR_072,229.5238,3.9554
LOT_1129,SPC_ATTR_146,0.1657,3.8461
LOT_1129,SPC_ATTR_281,0.0399,3.3728
LOT_1130,SPC_ATTR_025,14106.0,4.9625
LOT_1130,SPC_ATTR_048,0.4967,-3.5924
LOT_1130,SPC_ATTR_318,0.4041,3.1975
LOT_1131,SPC_ATTR_025,8673.0,3.0908
LOT_1131,SPC_ATTR_091,10090.3399,3.1864
LOT_1132,SPC_ATTR_226,2466.2002,3.29
LOT_1132,SPC_ATTR_364,831.0952,3.5862
LOT_1132,SPC_ATTR_474,115.2081,3.3745
LOT_1135,SPC_ATTR_024,794.5,3.3335
LOT_1135,SPC_ATTR_211,0.2919,4.8267
LOT_1135,SPC_ATTR_215,0.4129,5.8387
LOT_1135,SPC_ATTR_349,0.0913,5.6141
LOT_1135,SPC_ATTR_353,0.0942,5.3845
LOT_1135,SPC_ATTR_434,917.4825,3.1534
LOT_1136,SPC_ATTR_087,2.2735,-3.4387
LOT_1136,SPC_ATTR_565,14.76,3.1573
LOT_1137,SPC_ATTR_036,94.2641,11.5383
LOT_1137,SPC_ATTR_309,0.117,-3.0189
LOT_1137,SPC_ATTR_445,0.3336,-3.6101
LOT_1138,SPC_ATTR_085,0.1174,-3.1099
LOT_1138,SPC_ATTR_221,0.024,7.4344
LOT_1138,SPC_ATTR_359,0.0047,5.7139
LOT_1138,SPC_ATTR_493,21.0443,7.3175
LOT_1138,SPC_ATTR_544,0.024,10.1232
LOT_1138,SPC_ATTR_545,0.0047,7.402
LOT_1138,SPC_ATTR_546,21.0443,10.2109
LOT_1141,SPC_ATTR_317,2.7882,-3.1305
LOT_1141,SPC_ATTR_542,18.9296,3.2171
LOT_1142,SPC_ATTR_094,0.0133,4.5983
LOT_1142,SPC_ATTR_107,-0.0133,-4.6319
LOT_1142,SPC_ATTR_170,1.0,3.0293
LOT_1142,SPC_ATTR_307,0.136,3.44
LOT_1142,SPC_ATTR_443,3.3944,3.1086
LOT_1142,SPC_ATTR_486,873.6,3.0751
LOT_1143,SPC_ATTR_083,-0.1145,-3.3419
LOT_1143,SPC_ATTR_214,0.3275,5.0378
LOT_1143,SPC_ATTR_218,0.5334,9.977
LOT_1143,SPC_ATTR_352,0.1415,4.6377
LOT_1143,SPC_ATTR_356,0.2409,9.2508
LOT_1144,SPC_ATTR_024,-8755.6667,-3.5861
LOT_1144,SPC_ATTR_297,8625.0255,3.4154
LOT_1144,SPC_ATTR_522,1000.0,9.5846
LOT_1145,SPC_ATTR_140,1371.4971,3.626
LOT_1145,SPC_ATTR_217,0.2098,4.9028
LOT_1145,SPC_ATTR_226,3601.2998,5.9105
LOT_1145,SPC_ATTR_251,346.7927,4.3435
LOT_1145,SPC_ATTR_275,445.7203,3.6145
LOT_1145,SPC_ATTR_355,0.0982,4.3066
LOT_1145,SPC_ATTR_364,1072.2031,5.3233
LOT_1145,SPC_ATTR_389,105.2077,4.0664
LOT_1145,SPC_ATTR_498,40.2818,5.7419
LOT_1145,SPC_ATTR_523,46.3592,4.4522
LOT_1145,SPC_ATTR_572,1.0912,-3.6735
LOT_1146,SPC_ATTR_025,8525.5,3.04
LOT_1146,SPC_ATTR_121,6.6944,3.0855
LOT_1146,SPC_ATTR_140,1407.9781,3.7646
LOT_1146,SPC_ATTR_213,0.1471,3.0296
LOT_1146,SPC_ATTR_275,458.8084,3.7674
LOT_1146,SPC_ATTR_351,0.0743,3.5668
LOT_1147,SPC_ATTR_176,1.1437,3.1435
LOT_1147,SPC_ATTR_447,1.7236,3.1142
LOT_1148,SPC_ATTR_072,199.5758,3.0092
LOT_1148,SPC_ATTR_140,1407.9781,3.7646
LOT_1148,SPC_ATTR_163,25846.0,3.2118
LOT_1148,SPC_ATTR_174,0.8643,3.0095
LOT_1148,SPC_ATTR_270,10.1529,5.5323
LOT_1148,SPC_ATTR_275,458.8084,3.7674
LOT_1148,SPC_ATTR_309,0.3239,3.1401
LOT_1148,SPC_ATTR_408,3.3128,5.7053
LOT_1148,SPC_ATTR_542,25.7792,5.582
LOT_1150,SPC_ATTR_025,10386.6667,3.6812
LOT_1151,SPC_ATTR_078,0.0962,3.2913
LOT_1151,SPC_ATTR_083,-0.2129,-6.0696
LOT_1151,SPC_ATTR_093,0.0171,5.1356
LOT_1151,SPC_ATTR_094,0.0104,3.6349
LOT_1151,SPC_ATTR_103,0.2206,3.4857
LOT_1151,SPC_ATTR_106,-0.0172,-5.2161
LOT_1151,SPC_ATTR_107,-0.0105,-3.6948
LOT_1151,SPC_ATTR_218,0.5239,9.7717
LOT_1151,SPC_ATTR_356,0.2541,9.8425
LOT_1151,SPC_ATTR_366,0.0155,3.8784
LOT_1152,SPC_ATTR_100,0.4492,7.1352
LOT_1152,SPC_ATTR_101,0.0022,6.2388
LOT_1152,SPC_ATTR_104,0.0062,5.2166
LOT_1152,SPC_ATTR_105,-0.006,-7.0329
LOT_1152,SPC_ATTR_136,634.0,8.9676
LOT_1152,SPC_ATTR_140,1275.644,3.262
LOT_1152,SPC_ATTR_145,0.4455,5.3061
LOT_1152,SPC_ATTR_222,0.1558,4.0799
LOT_1152,SPC_ATTR_271,110.2954,9.6447
LOT_1152,SPC_ATTR_275,402.7377,3.1124
LOT_1152,SPC_ATTR_280,0.148,5.271
LOT_1152,SPC_ATTR_360,0.0527,4.6048
LOT_1152,SPC_ATTR_409,28.7326,9.0732
LOT_1152,SPC_ATTR_418,30.1085,5.4057
LOT_1152,SPC_ATTR_433,538.7728,3.4821
LOT_1152,SPC_ATTR_469,968.5841,3.2258
LOT_1152,SPC_ATTR_494,6.4666,4.0419
LOT_1155,SPC_ATTR_474,116.5268,3.4332
LOT_1156,SPC_ATTR_162,25359.0,5.0226
LOT_1156,SPC_ATTR_297,11088.9893,4.6629
LOT_1156,SPC_ATTR_317,9.2524,3.2155
LOT_1156,SPC_ATTR_433,837.3452,5.8482
LOT_1156,SPC_ATTR_486,901.8868,3.2044
LOT_1157,SPC_ATTR_434,920.5273,3.1669
LOT_1158,SPC_ATTR_001,3254.32,3.2581
LOT_1158,SPC_ATTR_024,-8812.25,-3.6271
LOT_1158,SPC_ATTR_113,0.0,-9.3491
LOT_1158,SPC_ATTR_144,0.0121,6.1864
LOT_1158,SPC_ATTR_163,24486.0,3.0043
LOT_1158,SPC_ATTR_298,13461.1541,3.4455
LOT_1158,SPC_ATTR_417,9.69,6.0706
LOT_1159,SPC_ATTR_216,0.3084,7.4687
LOT_1159,SPC_ATTR_280,0.1081,3.3044
LOT_1159,SPC_ATTR_286,5.033,3.0254
LOT_1159,SPC_ATTR_354,0.1267,5.5726
LOT_1160,SPC_ATTR_140,1275.644,3.262
LOT_1160,SPC_ATTR_275,402.7377,3.1124
LOT_1161,SPC_ATTR_036,94.2641,11.5383
LOT_1161,SPC_ATTR_309,0.117,-3.0189
LOT_1161,SPC_ATTR_445,0.3336,-3.6101
LOT_1162,SPC_ATTR_140,1407.9781,3.7646
LOT_1162,SPC_ATTR_275,458.8084,3.7674
LOT_1162,SPC_ATTR_491,113.7341,3.4562
LOT_1163,SPC_ATTR_582,737.3048,7.3053
LOT_1163,SPC_ATTR_590,737.3048,6.7912
LOT_1164,SPC_ATTR_119,0.5642,-4.2227
LOT_1164,SPC_ATTR_590,737.3048,6.7912
LOT_1165,SPC_ATTR_144,0.0121,6.1864
LOT_1165,SPC_ATTR_270,7.3173,3.0715
LOT_1165,SPC_ATTR_417,9.69,6.0706
LOT_1165,SPC_ATTR_542,18.5218,3.0763
LOT_1166,SPC_ATTR_144,0.0121,6.1864
LOT_1166,SPC_ATTR_417,9.69,6.0706
LOT_1167,SPC_ATTR_140,1321.8339,3.4374
LOT_1167,SPC_ATTR_275,425.5212,3.3785
LOT_1167,SPC_ATTR_413,86.8942,3.0403
LOT_1168,SPC_ATTR_044,376.4691,3.357
LOT_1168,SPC_ATTR_045,10.5994,3.2464
LOT_1168,SPC_ATTR_059,4.3183,-3.2318
LOT_1168,SPC_ATTR_061,373.8127,3.0946
LOT_1168,SPC_ATTR_113,0.0,-9.3491
LOT_1168,SPC_ATTR_144,0.0121,6.1864
LOT_1168,SPC_ATTR_270,7.3173,3.0715
LOT_1168,SPC_ATTR_417,9.69,6.0706
LOT_1168,SPC_ATTR_542,18.5218,3.0763
LOT_1169,SPC_ATTR_113,0.0,-9.3491
LOT_1170,SPC_ATTR_140,1275.644,3.262
LOT_1170,SPC_ATTR_275,402.7377,3.1124
LOT_1170,SPC_ATTR_566,0.4055,3.2037
LOT_1170,SPC_ATTR_568,0.1642,3.178
LOT_1170,SPC_ATTR_570,65.494,4.345
LOT_1171,SPC_ATTR_270,7.3173,3.0715
LOT_1171,SPC_ATTR_542,18.5218,3.0763
LOT_1171,SPC_ATTR_579,0.1028,6.9211
LOT_1171,SPC_ATTR_587,0.1028,6.5821
LOT_1172,SPC_ATTR_587,0.1028,6.5821
LOT_1173,SPC_ATTR_140,1321.8339,3.4374
LOT_1173,SPC_ATTR_275,425.5212,3.3785
LOT_1173,SPC_ATTR_413,86.8942,3.0403
LOT_1173,SPC_ATTR_587,0.1028,6.5821
LOT_1174,SPC_ATTR_356,0.1099,3.3782
LOT_1174,SPC_ATTR_587,0.1028,6.5821
LOT_1175,SPC_ATTR_146,0.1518,3.3224
LOT_1175,SPC_ATTR_325,36.8306,3.5518
LOT_1175,SPC_ATTR_474,107.9342,3.0506
LOT_1175,SPC_ATTR_572,1.0912,-3.6735
LOT_1175,SPC_ATTR_587,0.1028,6.5821
LOT_1176,SPC_ATTR_034,13.5481,3.4124
LOT_1176,SPC_ATTR_051,658.53,3.0398
LOT_1176,SPC_ATTR_059,4.3104,-3.3247
LOT_1176,SPC_ATTR_113,0.0,-9.3491
LOT_1176,SPC_ATTR_317,9.1287,3.0941
LOT_1176,SPC_ATTR_572,1.0912,-3.6735
LOT_1177,SPC_ATTR_469,944.0,3.1193
LOT_1178,SPC_ATTR_113,0.159,-6.1002
LOT_1178,SPC_ATTR_114,0.8534,-7.5846
LOT_1178,SPC_ATTR_115,0.0316,18.8711
LOT_1178,SPC_ATTR_145,0.3834,4.2938
LOT_1178,SPC_ATTR_248,0.2932,3.5859
LOT_1178,SPC_ATTR_249,0.9496,18.7759
LOT_1178,SPC_ATTR_250,0.3161,19.9756
LOT_1178,SPC_ATTR_280,0.1513,5.4336
LOT_1178,SPC_ATTR_386,0.2073,13.6345
LOT_1178,SPC_ATTR_387,0.2986,18.7448
LOT_1178,SPC_ATTR_388,0.0999,19.9561
LOT_1178,SPC_ATTR_418,24.4013,3.9981
LOT_1178,SPC_ATTR_486,882.6255,3.1163
LOT_1178,SPC_ATTR_490,994.0035,3.1653
LOT_1178,SPC_ATTR_520,184.3488,10.9154
LOT_1178,SPC_ATTR_521,111.2639,19.0391
LOT_1178,SPC_ATTR_522,1000.0,9.5846
LOT_1179,SPC_ATTR_176,1.1437,3.1435
LOT_1179,SPC_ATTR_447,1.7236,3.1142
LOT_1182,SPC_ATTR_170,1.143,3.7518
LOT_1182,SPC_ATTR_270,7.3173,3.0715
LOT_1182,SPC_ATTR_305,0.3337,3.1083
LOT_1182,SPC_ATTR_441,33.058,3.49
LOT_1182,SPC_ATTR_542,18.5218,3.0763
LOT_1183,SPC_ATTR_094,-0.0139,-4.4382
LOT_1183,SPC_ATTR_107,0.0139,4.4712
LOT_1184,SPC_ATTR_010,0.0483,3.2509
LOT_1184,SPC_ATTR_145,0.3869,4.3508
LOT_1184,SPC_ATTR_172,0.3116,3.151
LOT_1184,SPC_ATTR_280,0.1143,3.61
LOT_1184,SPC_ATTR_307,0.1355,3.4204
LOT_1184,SPC_ATTR_418,25.9236,4.3736
LOT_1184,SPC_ATTR_443,3.5271,3.3099
LOT_1185,SPC_ATTR_001,3299.4,3.8704
LOT_1185,SPC_ATTR_125,15.43,-3.1951
LOT_1187,SPC_ATTR_140,1770.6909,5.1421
LOT_1187,SPC_ATTR_163,24697.0,3.0365
LOT_1187,SPC_ATTR_275,659.1696,6.1078
LOT_1187,SPC_ATTR_413,127.9555,5.2702
LOT_1188,SPC_ATTR_140,1321.8339,3.4374
LOT_1188,SPC_ATTR_275,425.5212,3.3785
LOT_1188,SPC_ATTR_307,0.136,3.44
LOT_1188,SPC_ATTR_413,86.8942,3.0403
LOT_1188,SPC_ATTR_425,25.282,3.4728
LOT_1188,SPC_ATTR_443,3.3944,3.1086
LOT_1189,SPC_ATTR_025,-9228.5,-3.0764
LOT_1189,SPC_ATTR_252,0.1369,3.539
LOT_1189,SPC_ATTR_390,0.0432,3.5428
LOT_1189,SPC_ATTR_524,14.0082,3.268
LOT_1190,SPC_ATTR_121,5.8821,-3.4493
LOT_1190,SPC_ATTR_424,201.19,3.7896
LOT_1191,SPC_ATTR_140,1275.644,3.262
LOT_1191,SPC_ATTR_275,402.7377,3.1124
LOT_1192,SPC_ATTR_140,1321.8339,3.4374
LOT_1192,SPC_ATTR_270,7.3173,3.0715
LOT_1192,SPC_ATTR_275,425.5212,3.3785
LOT_1192,SPC_ATTR_413,86.8942,3.0403
LOT_1192,SPC_ATTR_474,111.552,3.2117
LOT_1192,SPC_ATTR_542,18.5218,3.0763
LOT_1194,SPC_ATTR_113,0.0,-9.3491
LOT_1194,SPC_ATTR_542,18.9296,3.2171
LOT_1195,SPC_ATTR_091,10090.3301,3.1863
LOT_1195,SPC_ATTR_094,-0.0117,-3.7073
LOT_1195,SPC_ATTR_107,0.0117,3.7349
LOT_1196,SPC_ATTR_099,-1.6516,-3.8244
LOT_1196,SPC_ATTR_100,0.1935,3.0596
LOT_1196,SPC_ATTR_102,-0.0008,-3.5882
LOT_1196,SPC_ATTR_105,-0.0026,-3.0376
LOT_1196,SPC_ATTR_125,15.43,-3.1951
LOT_1197,SPC_ATTR_542,18.9296,3.2171
LOT_1198,SPC_ATTR_145,0.4434,5.2719
LOT_1198,SPC_ATTR_280,0.139,4.8274
LOT_1198,SPC_ATTR_418,28.9367,5.1167
LOT_1200,SPC_ATTR_570,64.7031,4.2675
LOT_1202,SPC_ATTR_025,9503.3333,3.3768
LOT_1204,SPC_ATTR_117,0.9335,-5.647
LOT_1204,SPC_ATTR_118,311.7344,39.0288
LOT_1204,SPC_ATTR_176,1.1437,3.1435
LOT_1204,SPC_ATTR_252,0.3506,9.242
LOT_1204,SPC_ATTR_253,2549.9885,39.5518
LOT_1204,SPC_ATTR_390,0.1103,9.2216
LOT_1204,SPC_ATTR_391,805.3936,39.5526
LOT_1204,SPC_ATTR_447,1.7236,3.1142
LOT_1204,SPC_ATTR_524,37.5593,8.9463
LOT_1204,SPC_ATTR_525,818.0005,39.3116
LOT_1205,SPC_ATTR_174,0.8643,3.0095
LOT_1205,SPC_ATTR_309,0.3239,3.1401
LOT_1206,SPC_ATTR_004,3619.7397,5.0337
LOT_1207,SPC_ATTR_121,5.8883,-3.3994
LOT_1210,SPC_ATTR_095,-0.0006,-3.2816
LOT_1210,SPC_ATTR_097,0.703,3.1236
LOT_1211,SPC_ATTR_174,0.8643,3.0095
LOT_1211,SPC_ATTR_309,0.3239,3.1401
LOT_1212,SPC_ATTR_078,0.0906,3.1128
LOT_1212,SPC_ATTR_094,-0.0107,-3.3751
LOT_1212,SPC_ATTR_107,0.0107,3.4003
LOT_1212,SPC_ATTR_307,0.136,3.44
LOT_1212,SPC_ATTR_443,3.3944,3.1086
LOT_1214,SPC_ATTR_002,2233.29,-3.2654
LOT_1214,SPC_ATTR_497,112.3577,3.3504
LOT_1218,SPC_ATTR_136,330.0,3.6848
LOT_1218,SPC_ATTR_409,14.6802,3.6225
LOT_1218,SPC_ATTR_490,958.9577,3.0116
LOT_1218,SPC_ATTR_491,110.7725,3.2921
LOT_1219,SPC_ATTR_357,2.4841,3.0639
LOT_1219,SPC_ATTR_486,956.4246,3.4538
LOT_1222,SPC_ATTR_079,0.1334,3.0716
LOT_1223,SPC_ATTR_025,13880.0,4.8846
LOT_1224,SPC_ATTR_117,0.914,-7.7003
LOT_1224,SPC_ATTR_145,0.3458,3.6808
LOT_1224,SPC_ATTR_252,0.5905,15.6441
LOT_1224,SPC_ATTR_280,0.1114,3.4671
LOT_1224,SPC_ATTR_390,0.1864,15.662
LOT_1224,SPC_ATTR_418,22.4834,3.5251
LOT_1224,SPC_ATTR_524,64.6052,15.4672
LOT_1226,SPC_ATTR_474,127.076,3.903
LOT_1227,SPC_ATTR_147,0.1407,3.9228
LOT_1227,SPC_ATTR_298,12973.9952,3.2945
LOT_1227,SPC_ATTR_434,884.6673,3.008
LOT_1228,SPC_ATTR_174,0.8643,3.0095
LOT_1228,SPC_ATTR_239,0.0159,6.5424
LOT_1228,SPC_ATTR_309,0.3239,3.1401
LOT_1228,SPC_ATTR_377,0.0053,6.927
LOT_1228,SPC_ATTR_511,210.596,4.1079
LOT_1228,SPC_ATTR_572,1.0744,-3.7346
LOT_1229,SPC_ATTR_144,0.0083,3.2223
LOT_1229,SPC_ATTR_417,6.7206,3.2028
LOT_1230,SPC_ATTR_213,0.1652,3.6028
LOT_1230,SPC_ATTR_351,0.0728,3.4621
LOT_1230,SPC_ATTR_443,3.3259,3.0046
LOT_1231,SPC_ATTR_172,0.3116,3.151
LOT_1231,SPC_ATTR_183,55.0,10.6193
LOT_1231,SPC_ATTR_184,56.49,4.3634
LOT_1231,SPC_ATTR_202,24.76,3.3149
LOT_1231,SPC_ATTR_225,0.32,3.66
LOT_1231,SPC_ATTR_307,0.1355,3.4204
LOT_1231,SPC_ATTR_319,15.8934,10.4485
LOT_1231,SPC_ATTR_320,16.4069,3.8966
LOT_1231,SPC_ATTR_363,0.1113,4.293
LOT_1231,SPC_ATTR_443,3.5271,3.3099
LOT_1231,SPC_ATTR_455,42.0703,11.1733
LOT_1231,SPC_ATTR_456,7.901,4.5444
LOT_1231,SPC_ATTR_474,161.7148,5.4454
LOT_1231,SPC_ATTR_475,196.7546,6.4101
LOT_1231,SPC_ATTR_497,130.3146,4.0797
LOT_1231,SPC_ATTR_572,1.0912,-3.6735
LOT_1232,SPC_ATTR_433,952.1274,6.7578
LOT_1233,SPC_ATTR_572,1.0912,-3.6735
LOT_1234,SPC_ATTR_572,1.0912,-3.6735
LOT_1235,SPC_ATTR_225,0.3463,4.0293
LOT_1235,SPC_ATTR_363,0.1057,4.0342
LOT_1235,SPC_ATTR_497,175.8574,5.9294
LOT_1235,SPC_ATTR_573,415.03,4.4792
LOT_1235,SPC_ATTR_575,122.8283,4.2223
LOT_1235,SPC_ATTR_576,0.3332,3.3702
LOT_1235,SPC_ATTR_577,83.7821,4.6225
LOT_1235,SPC_ATTR_578,56.764,3.2135
LOT_1236,SPC_ATTR_121,5.9135,-3.1967
LOT_1236,SPC_ATTR_127,3.856,4.3605
LOT_1236,SPC_ATTR_490,987.5458,3.137
LOT_1237,SPC_ATTR_057,0.9052,-3.4742
LOT_1237,SPC_ATTR_102,0.0017,7.724
LOT_1237,SPC_ATTR_121,6.7805,3.7781
LOT_1238,SPC_ATTR_021,1.3493,-3.3312
LOT_1238,SPC_ATTR_548,388.152,-3.0401
LOT_1238,SPC_ATTR_572,1.0024,-3.9963
LOT_1238,SPC_ATTR_573,430.37,4.657
LOT_1238,SPC_ATTR_575,110.6133,3.7686
LOT_1238,SPC_ATTR_577,80.5462,4.4312
LOT_1238,SPC_ATTR_578,70.1626,4.2867
LOT_1239,SPC_ATTR_174,0.8643,3.0095
LOT_1239,SPC_ATTR_309,0.3239,3.1401
LOT_1239,SPC_ATTR_572,1.0912,-3.6735
LOT_1240,SPC_ATTR_144,0.0083,3.2223
LOT_1240,SPC_ATTR_222,0.1548,4.037
LOT_1240,SPC_ATTR_360,0.0481,3.9602
LOT_1240,SPC_ATTR_417,6.7206,3.2028
LOT_1240,SPC_ATTR_494,6.5238,4.1006
LOT_1243,SPC_ATTR_076,0.0852,4.1317
LOT_1243,SPC_ATTR_211,0.5164,10.1637
LOT_1243,SPC_ATTR_349,0.1193,7.9745
LOT_1243,SPC_ATTR_566,0.4791,4.111
LOT_1243,SPC_ATTR_568,0.1978,4.2036
LOT_1243,SPC_ATTR_570,63.2902,4.1292
LOT_1243,SPC_ATTR_572,1.0744,-3.7346
LOT_1245,SPC_ATTR_571,458.8464,-4.0959
LOT_1245,SPC_ATTR_572,1.0936,-3.6648
LOT_1245,SPC_ATTR_575,125.6939,4.3288
LOT_1245,SPC_ATTR_577,59.2203,3.1709
LOT_1245,SPC_ATTR_578,57.0065,3.2329
LOT_1246,SPC_ATTR_172,0.3116,3.151
LOT_1246,SPC_ATTR_270,7.3173,3.0715
LOT_1246,SPC_ATTR_307,0.1355,3.4204
LOT_1246,SPC_ATTR_443,3.5271,3.3099
LOT_1246,SPC_ATTR_542,18.5218,3.0763
LOT_1247,SPC_ATTR_172,0.3116,3.151
LOT_1247,SPC_ATTR_307,0.1355,3.4204
LOT_1247,SPC_ATTR_443,3.5271,3.3099
LOT_1248,SPC_ATTR_573,445.8,4.8358
LOT_1248,SPC_ATTR_574,1.2041,3.4549
LOT_1248,SPC_ATTR_575,142.1606,4.9405
LOT_1248,SPC_ATTR_577,86.7573,4.7983
LOT_1248,SPC_ATTR_578,91.1106,5.9645
LOT_1249,SPC_ATTR_298,12508.0119,3.1501
LOT_1250,SPC_ATTR_172,0.3116,3.151
LOT_1250,SPC_ATTR_307,0.1355,3.4204
LOT_1250,SPC_ATTR_443,3.5271,3.3099
LOT_1251,SPC_ATTR_127,3.856,4.3605
LOT_1251,SPC_ATTR_572,1.0744,-3.7346
LOT_1252,SPC_ATTR_172,0.4893,6.0745
LOT_1252,SPC_ATTR_307,0.2246,6.9282
LOT_1252,SPC_ATTR_443,5.1317,5.744
LOT_1253,SPC_ATTR_033,99.771,7.1222
LOT_1253,SPC_ATTR_034,21.5944,9.3972
LOT_1253,SPC_ATTR_035,58.7862,6.9368
LOT_1253,SPC_ATTR_036,76.4763,4.6298
LOT_1253,SPC_ATTR_037,41.2139,-6.9367
LOT_1253,SPC_ATTR_038,67.9586,5.7122
LOT_1253,SPC_ATTR_040,125.0222,3.5096
LOT_1253,SPC_ATTR_127,3.856,4.3605
LOT_1253,SPC_ATTR_172,0.494,6.1518
LOT_1253,SPC_ATTR_307,0.1822,5.2589
LOT_1253,SPC_ATTR_572,1.0912,-3.6735
LOT_1254,SPC_ATTR_082,-0.084,-3.6923
LOT_1254,SPC_ATTR_172,0.4893,6.0745
LOT_1254,SPC_ATTR_307,0.2246,6.9282
LOT_1254,SPC_ATTR_443,5.1317,5.744
LOT_1255,SPC_ATTR_222,0.2305,7.2852
LOT_1255,SPC_ATTR_360,0.0888,9.6637
LOT_1255,SPC_ATTR_494,9.4024,7.0562
LOT_1256,SPC_ATTR_170,1.042,3.2415
LOT_1256,SPC_ATTR_441,30.4204,3.0625
LOT_1257,SPC_ATTR_140,1498.329,4.1077
LOT_1257,SPC_ATTR_275,462.6253,3.812
LOT_1257,SPC_ATTR_413,94.7892,3.4691
LOT_1257,SPC_ATTR_572,0.9802,-4.077
LOT_1258,SPC_ATTR_011,0.0284,3.0374
LOT_1258,SPC_ATTR_072,220.1348,3.6587
LOT_1258,SPC_ATTR_087,2.5474,3.8982
LOT_1258,SPC_ATTR_136,549.0,7.4905
LOT_1258,SPC_ATTR_140,1533.777,4.2423
LOT_1258,SPC_ATTR_172,0.4893,6.0745
LOT_1258,SPC_ATTR_271,76.4053,5.6112
LOT_1258,SPC_ATTR_275,483.4778,4.0555
LOT_1258,SPC_ATTR_307,0.2246,6.9282
LOT_1258,SPC_ATTR_409,24.678,7.5005
LOT_1258,SPC_ATTR_413,101.4548,3.831
LOT_1258,SPC_ATTR_443,5.1317,5.744
LOT_1258,SPC_ATTR_469,953.7056,3.1613
LOT_1258,SPC_ATTR_567,5.7682,3.0572
LOT_1259,SPC_ATTR_082,-0.0727,-3.0284
LOT_1259,SPC_ATTR_298,13224.2853,3.3721
LOT_1260,SPC_ATTR_138,334.7,4.0573
LOT_1260,SPC_ATTR_270,8.478,4.0788
LOT_1260,SPC_ATTR_273,122.1174,4.5564
LOT_1260,SPC_ATTR_408,2.823,4.3624
LOT_1260,SPC_ATTR_411,13.8071,4.1817
LOT_1260,SPC_ATTR_542,19.9526,3.5703
LOT_1260,SPC_ATTR_573,427.42,4.6228
LOT_1260,SPC_ATTR_575,110.1081,3.7498
LOT_1260,SPC_ATTR_577,79.2885,4.3569
LOT_1260,SPC_ATTR_578,60.1633,3.4858
LOT_1261,SPC_ATTR_225,0.3602,4.2245
LOT_1261,SPC_ATTR_270,8.478,4.0788
LOT_1261,SPC_ATTR_363,0.1108,4.2699
LOT_1261,SPC_ATTR_408,2.823,4.3624
LOT_1261,SPC_ATTR_497,165.1429,5.4942
LOT_1261,SPC_ATTR_542,19.9526,3.5703
LOT_1261,SPC_ATTR_573,445.8,4.8358
LOT_1261,SPC_ATTR_574,1.2041,3.4549
LOT_1261,SPC_ATTR_575,142.1606,4.9405
LOT_1261,SPC_ATTR_577,86.7573,4.7983
LOT_1261,SPC_ATTR_578,91.1106,5.9645
LOT_1262,SPC_ATTR_085,0.1174,-3.1099
LOT_1263,SPC_ATTR_572,1.0912,-3.6735
LOT_1264,SPC_ATTR_034,13.5481,3.4124
LOT_1265,SPC_ATTR_059,4.2373,-4.1837
LOT_1265,SPC_ATTR_083,0.115,3.02
LOT_1265,SPC_ATTR_196,4.619,10.9617
LOT_1265,SPC_ATTR_332,1.0959,15.9664
LOT_1265,SPC_ATTR_468,109.0074,11.8467
LOT_1266,SPC_ATTR_497,104.7528,3.0415
LOT_1267,SPC_ATTR_011,-0.0282,-3.0473
LOT_1267,SPC_ATTR_072,211.9558,3.4003
LOT_1268,SPC_ATTR_021,1.3522,-3.1579
LOT_1268,SPC_ATTR_025,-10169.0,-3.4004
LOT_1268,SPC_ATTR_140,1533.777,4.2423
LOT_1268,SPC_ATTR_174,0.8643,3.0095
LOT_1268,SPC_ATTR_275,483.4778,4.0555
LOT_1268,SPC_ATTR_309,0.3239,3.1401
LOT_1268,SPC_ATTR_413,101.4548,3.831
LOT_1268,SPC_ATTR_469,930.7692,3.0619
LOT_1268,SPC_ATTR_548,383.906,-3.8785
LOT_1269,SPC_ATTR_145,0.3451,3.6694
LOT_1269,SPC_ATTR_280,0.1049,3.1467
LOT_1269,SPC_ATTR_418,22.8065,3.6048
LOT_1271,SPC_ATTR_025,-9533.6667,-3.1816
LOT_1271,SPC_ATTR_082,-0.0765,-3.2517
LOT_1271,SPC_ATTR_433,591.7942,3.9023
LOT_1271,SPC_ATTR_486,883.0601,3.1183
LOT_1272,SPC_ATTR_152,109.812,3.0889
LOT_1272,SPC_ATTR_425,28.1954,3.9334
LOT_1275,SPC_ATTR_486,991.6667,3.615
LOT_1275,SPC_ATTR_573,431.71,4.6725
LOT_1275,SPC_ATTR_574,1.2571,3.6682
LOT_1275,SPC_ATTR_575,138.3859,4.8003
LOT_1275,SPC_ATTR_576,0.3315,3.3451
LOT_1275,SPC_ATTR_577,83.919,4.6306
LOT_1275,SPC_ATTR_578,67.3679,4.0628
LOT_1276,SPC_ATTR_138,281.2,3.0335
LOT_1276,SPC_ATTR_220,0.0086,3.2479
LOT_1276,SPC_ATTR_492,6.2733,3.1289
LOT_1278,SPC_ATTR_497,170.8085,5.7244
LOT_1279,SPC_ATTR_434,905.148,3.0987
LOT_1280,SPC_ATTR_182,1.315,3.4235
LOT_1280,SPC_ATTR_183,39.41,6.8754
LOT_1280,SPC_ATTR_202,27.52,3.8556
LOT_1280,SPC_ATTR_319,11.1381,6.5377
LOT_1280,SPC_ATTR_454,13.136,3.4099
LOT_1280,SPC_ATTR_455,26.0963,5.9525
LOT_1280,SPC_ATTR_474,117.8954,3.4942
LOT_1280,SPC_ATTR_475,117.428,3.2144
LOT_1281,SPC_ATTR_007,129.2522,4.5115
LOT_1281,SPC_ATTR_079,0.1367,3.1405
LOT_1281,SPC_ATTR_572,1.0744,-3.7346
LOT_1282,SPC_ATTR_072,212.8519,3.4286
LOT_1283,SPC_ATTR_163,35503.0,4.6854
LOT_1283,SPC_ATTR_298,17756.5645,4.7766
LOT_1284,SPC_ATTR_357,2.5788,3.3086
LOT_1284,SPC_ATTR_434,945.6947,3.2783
LOT_1285,SPC_ATTR_566,0.3925,3.0434
LOT_1286,SPC_ATTR_215,0.2818,3.5166
LOT_1286,SPC_ATTR_353,0.066,3.2412
LOT_1287,SPC_ATTR_561,0.2531,3.5026
LOT_1287,SPC_ATTR_566,0.6892,6.7009
LOT_1287,SPC_ATTR_568,0.2736,6.5173
LOT_1287,SPC_ATTR_570,83.4093,6.0991
LOT_1290,SPC_ATTR_072,202.2698,3.0943
LOT_1292,SPC_ATTR_054,4.034,-10.1724
LOT_1292,SPC_ATTR_055,4.289,-9.2231
LOT_1292,SPC_ATTR_057,0.877,-7.617
LOT_1292,SPC_ATTR_059,4.2225,-4.3576
LOT_1292,SPC_ATTR_163,29509.0,3.7707
LOT_1292,SPC_ATTR_172,0.3139,3.1889
LOT_1292,SPC_ATTR_209,165.497,3.2861
LOT_1292,SPC_ATTR_298,12619.7115,3.1847
LOT_1292,SPC_ATTR_307,0.1261,3.0503
LOT_1292,SPC_ATTR_345,54.5434,3.5217
LOT_1292,SPC_ATTR_443,3.6388,3.4793
LOT_1292,SPC_ATTR_573,431.71,4.6725
LOT_1292,SPC_ATTR_574,1.2571,3.6682
LOT_1292,SPC_ATTR_575,138.3859,4.8003
LOT_1292,SPC_ATTR_576,0.3315,3.3451
LOT_1292,SPC_ATTR_577,83.919,4.6306
LOT_1292,SPC_ATTR_578,67.3679,4.0628
LOT_1293,SPC_ATTR_102,0.0012,5.4615
LOT_1293,SPC_ATTR_211,0.3817,6.9615
LOT_1293,SPC_ATTR_349,0.095,5.926
LOT_1293,SPC_ATTR_353,0.0665,3.2792
LOT_1295,SPC_ATTR_007,129.2522,4.5115
LOT_1295,SPC_ATTR_062,9.5335,-3.2365
LOT_1295,SPC_ATTR_434,911.0764,3.125
LOT_1296,SPC_ATTR_116,595.796,-3.0968
LOT_1296,SPC_ATTR_490,981.3953,3.11
LOT_1296,SPC_ATTR_561,0.2531,3.5026
LOT_1297,SPC_ATTR_140,1415.4999,3.7931
LOT_1297,SPC_ATTR_273,97.7977,3.1853
LOT_1297,SPC_ATTR_275,480.8505,4.0248
LOT_1298,SPC_ATTR_092,-0.2611,-3.0056
LOT_1298,SPC_ATTR_108,-0.3163,-3.5957
LOT_1298,SPC_ATTR_109,0.2659,3.1892
LOT_1298,SPC_ATTR_121,7.4275,8.9831
LOT_1298,SPC_ATTR_256,0.8278,3.5231
LOT_1298,SPC_ATTR_394,0.2994,4.3067
LOT_1298,SPC_ATTR_572,1.1073,-3.615
LOT_1299,SPC_ATTR_145,0.4356,5.1447
LOT_1299,SPC_ATTR_172,0.4893,6.0745
LOT_1299,SPC_ATTR_280,0.1522,5.478
LOT_1299,SPC_ATTR_307,0.2246,6.9282
LOT_1299,SPC_ATTR_418,28.2535,4.9482
LOT_1299,SPC_ATTR_443,5.1317,5.744
LOT_1300,SPC_ATTR_007,129.2522,4.5115
LOT_1301,SPC_ATTR_443,3.3259,3.0046
LOT_1304,SPC_ATTR_474,149.1411,4.8855
LOT_1304,SPC_ATTR_475,131.9725,3.8003
LOT_1305,SPC_ATTR_005,1112.16,19.6602
LOT_1305,SPC_ATTR_139,121.1001,5.1434
LOT_1305,SPC_ATTR_141,9998.8795,19.6732
LOT_1305,SPC_ATTR_143,52.34,12.8646
LOT_1305,SPC_ATTR_274,43.5737,6.107
LOT_1305,SPC_ATTR_275,428.5956,3.4144
LOT_1305,SPC_ATTR_276,3332.5654,19.6738
LOT_1305,SPC_ATTR_278,21.2283,15.8952
LOT_1305,SPC_ATTR_412,5.4447,5.1292
LOT_1305,SPC_ATTR_414,899.0504,18.4626
LOT_1305,SPC_ATTR_416,60.7443,13.6707
LOT_1305,SPC_ATTR_572,1.0744,-3.7346
LOT_1306,SPC_ATTR_140,1533.777,4.2423
LOT_1306,SPC_ATTR_275,483.4778,4.0555
LOT_1306,SPC_ATTR_413,101.4548,3.831
LOT_1306,SPC_ATTR_548,383.352,-3.9879
LOT_1307,SPC_ATTR_572,0.9847,-4.0607
LOT_1308,SPC_ATTR_020,9.8773,-11.9457
LOT_1308,SPC_ATTR_156,11.492,9.7867
LOT_1308,SPC_ATTR_291,2.4894,8.7309
LOT_1308,SPC_ATTR_429,116.3478,10.5455
LOT_1308,SPC_ATTR_474,117.6827,3.4847
LOT_1309,SPC_ATTR_001,3282.87,3.6459
LOT_1309,SPC_ATTR_563,298.664,4.7092
LOT_1309,SPC_ATTR_567,5.7602,3.0494
LOT_1309,SPC_ATTR_573,445.8,4.8358
LOT_1309,SPC_ATTR_574,1.2041,3.4549
LOT_1309,SPC_ATTR_575,142.1606,4.9405
LOT_1309,SPC_ATTR_577,86.7573,4.7983
LOT_1309,SPC_ATTR_578,91.1106,5.9645
LOT_1310,SPC_ATTR_486,883.2714,3.1193
LOT_1311,SPC_ATTR_145,0.3604,3.9188
LOT_1311,SPC_ATTR_280,0.1071,3.2551
LOT_1311,SPC_ATTR_418,23.5713,3.7934
LOT_1311,SPC_ATTR_573,427.42,4.6228
LOT_1311,SPC_ATTR_575,110.1081,3.7498
LOT_1311,SPC_ATTR_577,79.2885,4.3569
LOT_1311,SPC_ATTR_578,60.1633,3.4858
LOT_1312,SPC_ATTR_072,204.7133,3.1715
LOT_1312,SPC_ATTR_172,0.4893,6.0745
LOT_1312,SPC_ATTR_286,5.3939,3.4002
LOT_1312,SPC_ATTR_307,0.2246,6.9282
LOT_1312,SPC_ATTR_443,5.1317,5.744
LOT_1313,SPC_ATTR_573,431.71,4.6725
LOT_1313,SPC_ATTR_574,1.2571,3.6682
LOT_1313,SPC_ATTR_575,138.3859,4.8003
LOT_1313,SPC_ATTR_576,0.3315,3.3451
LOT_1313,SPC_ATTR_577,83.919,4.6306
LOT_1313,SPC_ATTR_578,67.3679,4.0628
LOT_1314,SPC_ATTR_001,3339.93,4.4209
LOT_1314,SPC_ATTR_002,2839.46,4.2733
LOT_1315,SPC_ATTR_020,9.8773,-11.9457
LOT_1315,SPC_ATTR_025,-10077.75,-3.369
LOT_1315,SPC_ATTR_156,11.492,9.7867
LOT_1315,SPC_ATTR_291,2.4894,8.7309
LOT_1315,SPC_ATTR_429,116.3478,10.5455
LOT_1315,SPC_ATTR_561,0.2531,3.5026
LOT_1316,SPC_ATTR_209,164.549,3.2524
LOT_1317,SPC_ATTR_433,606.5387,4.0191
LOT_1317,SPC_ATTR_443,3.3259,3.0046
LOT_1317,SPC_ATTR_563,299.876,4.8681
LOT_1318,SPC_ATTR_082,-0.0742,-3.1166
LOT_1319,SPC_ATTR_443,3.3259,3.0046
LOT_1319,SPC_ATTR_565,14.76,3.1573
LOT_1319,SPC_ATTR_569,5.6967,3.2552
LOT_1319,SPC_ATTR_570,56.125,3.4276
LOT_1320,SPC_ATTR_020,9.8773,-11.9457
LOT_1320,SPC_ATTR_156,11.492,9.7867
LOT_1320,SPC_ATTR_162,20488.0,3.8736
LOT_1320,SPC_ATTR_291,2.4894,8.7309
LOT_1320,SPC_ATTR_297,9063.9728,3.6376
LOT_1320,SPC_ATTR_429,116.3478,10.5455
LOT_1321,SPC_ATTR_005,1112.0769,19.6588
LOT_1321,SPC_ATTR_057,0.9052,-3.4742
LOT_1321,SPC_ATTR_141,9998.8944,19.6733
LOT_1321,SPC_ATTR_143,35.68,8.1747
LOT_1321,SPC_ATTR_169,0.273,3.1194
LOT_1321,SPC_ATTR_274,34.7921,3.8144
LOT_1321,SPC_ATTR_276,3332.5964,19.674
LOT_1321,SPC_ATTR_278,16.5289,11.9673
LOT_1321,SPC_ATTR_414,899.119,18.4641
LOT_1321,SPC_ATTR_416,41.7554,8.8735
LOT_1323,SPC_ATTR_072,202.4137,3.0989
LOT_1323,SPC_ATTR_544,0.0136,3.3435
LOT_1323,SPC_ATTR_546,12.2672,3.5391
LOT_1323,SPC_ATTR_561,0.2531,3.5026
LOT_1323,SPC_ATTR_572,0.9847,-4.0607
LOT_1324,SPC_ATTR_024,-8112.3333,-3.1199
LOT_1324,SPC_ATTR_297,8768.4104,3.488
LOT_1324,SPC_ATTR_563,299.62,4.8345
LOT_1324,SPC_ATTR_564,0.3049,-3.0778
LOT_1324,SPC_ATTR_572,0.9847,-4.0607
LOT_1325,SPC_ATTR_154,0.058,4.9298
LOT_1325,SPC_ATTR_212,0.1482,3.6571
LOT_1325,SPC_ATTR_270,8.478,4.0788
LOT_1325,SPC_ATTR_289,0.0186,4.9986
LOT_1325,SPC_ATTR_350,0.0704,4.258
LOT_1325,SPC_ATTR_408,2.823,4.3624
LOT_1325,SPC_ATTR_427,6.0108,4.798
LOT_1325,SPC_ATTR_542,19.9526,3.5703
LOT_1326,SPC_ATTR_486,876.2887,3.0874
LOT_1326,SPC_ATTR_497,108.3205,3.1864
LOT_1327,SPC_ATTR_116,600.2219,-3.0064
LOT_1327,SPC_ATTR_172,0.4893,6.0745
LOT_1327,SPC_ATTR_215,0.3441,4.6201
LOT_1327,SPC_ATTR_307,0.2246,6.9282
LOT_1327,SPC_ATTR_353,0.0833,4.5561
LOT_1327,SPC_ATTR_443,5.1317,5.744
LOT_1327,SPC_ATTR_544,0.0136,3.3435
LOT_1327,SPC_ATTR_546,12.2672,3.5391
LOT_1327,SPC_ATTR_572,0.9847,-4.0607
LOT_1328,SPC_ATTR_151,17.747,3.3724
LOT_1328,SPC_ATTR_434,953.0201,3.3108
LOT_1328,SPC_ATTR_486,957.7982,3.4601
LOT_1328,SPC_ATTR_561,0.2531,3.5026
LOT_1329,SPC_ATTR_162,19368.0,3.6094
LOT_1329,SPC_ATTR_297,9299.3585,3.7568
LOT_1329,SPC_ATTR_572,1.109,-3.6088
LOT_1329,SPC_ATTR_573,432.94,4.6868
LOT_1329,SPC_ATTR_575,111.2887,3.7937
LOT_1329,SPC_ATTR_577,81.0506,4.461
LOT_1329,SPC_ATTR_578,61.8956,3.6245
LOT_1330,SPC_ATTR_001,3266.55,3.4242
LOT_1330,SPC_ATTR_140,1533.777,4.2423
LOT_1330,SPC_ATTR_275,483.4778,4.0555
LOT_1330,SPC_ATTR_413,101.4548,3.831
LOT_1332,SPC_ATTR_020,9.8773,-11.9457
LOT_1332,SPC_ATTR_092,-0.2639,-3.0375
LOT_1332,SPC_ATTR_156,11.492,9.7867
LOT_1332,SPC_ATTR_226,2571.6997,3.5336
LOT_1332,SPC_ATTR_251,327.6722,3.9933
LOT_1332,SPC_ATTR_291,2.4894,8.7309
LOT_1332,SPC_ATTR_389,91.9454,3.2966
LOT_1332,SPC_ATTR_429,116.3478,10.5455
LOT_1332,SPC_ATTR_498,28.1784,3.3001
LOT_1332,SPC_ATTR_523,41.3005,3.7401
LOT_1332,SPC_ATTR_544,0.0136,3.3435
LOT_1332,SPC_ATTR_546,12.2672,3.5391
LOT_1332,SPC_ATTR_572,0.9847,-4.0607
LOT_1333,SPC_ATTR_113,0.0,-9.3491
LOT_1334,SPC_ATTR_024,-7964.0,-3.0125
LOT_1334,SPC_ATTR_096,0.0006,5.1923
LOT_1334,SPC_ATTR_097,-0.7811,-3.6353
LOT_1334,SPC_ATTR_228,0.0966,7.203
LOT_1334,SPC_ATTR_297,7866.9323,3.0316
LOT_1334,SPC_ATTR_366,0.0217,6.2127
LOT_1334,SPC_ATTR_368,0.0202,6.0863
LOT_1334,SPC_ATTR_369,0.012,4.1898
LOT_1335,SPC_ATTR_002,2744.54,3.0929
LOT_1335,SPC_ATTR_497,113.7787,3.4081
LOT_1336,SPC_ATTR_573,431.71,4.6725
LOT_1336,SPC_ATTR_574,1.2571,3.6682
LOT_1336,SPC_ATTR_575,138.3859,4.8003
LOT_1336,SPC_ATTR_576,0.3315,3.3451
LOT_1336,SPC_ATTR_577,83.919,4.6306
LOT_1336,SPC_ATTR_578,67.3679,4.0628
LOT_1337,SPC_ATTR_145,0.3064,3.0385
LOT_1337,SPC_ATTR_156,3.94,3.0584
LOT_1337,SPC_ATTR_280,0.1052,3.1615
LOT_1338,SPC_ATTR_485,965.4135,3.5196
LOT_1338,SPC_ATTR_573,445.8,4.8358
LOT_1338,SPC_ATTR_574,1.2041,3.4549
LOT_1338,SPC_ATTR_575,142.1606,4.9405
LOT_1338,SPC_ATTR_577,86.7573,4.7983
LOT_1338,SPC_ATTR_578,91.1106,5.9645
LOT_1339,SPC_ATTR_082,-0.0854,-3.7746
LOT_1339,SPC_ATTR_573,431.71,4.6725
LOT_1339,SPC_ATTR_574,1.2571,3.6682
LOT_1339,SPC_ATTR_575,138.3859,4.8003
LOT_1339,SPC_ATTR_576,0.3315,3.3451
LOT_1339,SPC_ATTR_577,83.919,4.6306
LOT_1339,SPC_ATTR_578,67.3679,4.0628
LOT_1340,SPC_ATTR_057,0.9052,-3.4742
LOT_1341,SPC_ATTR_565,16.06,3.6509
LOT_1341,SPC_ATTR_567,6.262,3.5353
LOT_1341,SPC_ATTR_569,5.9579,3.5173
LOT_1343,SPC_ATTR_082,-0.0754,-3.1871
LOT_1343,SPC_ATTR_434,960.2559,3.3428
LOT_1344,SPC_ATTR_140,1415.4999,3.7931
LOT_1344,SPC_ATTR_211,0.2274,3.2933
LOT_1344,SPC_ATTR_275,480.8505,4.0248
LOT_1344,SPC_ATTR_565,14.49,3.0548
LOT_1344,SPC_ATTR_569,5.6582,3.2166
LOT_1344,SPC_ATTR_572,1.1073,-3.615
LOT_1346,SPC_ATTR_580,0.0799,6.5426
LOT_1346,SPC_ATTR_581,0.0286,7.4467
LOT_1346,SPC_ATTR_588,0.0799,7.2008
LOT_1346,SPC_ATTR_589,0.0286,8.1329
LOT_1347,SPC_ATTR_072,214.1869,3.4708
LOT_1347,SPC_ATTR_486,960.8392,3.474
LOT_1347,SPC_ATTR_588,0.0799,7.2008
LOT_1347,SPC_ATTR_589,0.0286,8.1329
LOT_1348,SPC_ATTR_433,602.8344,3.9898
LOT_1348,SPC_ATTR_573,427.42,4.6228
LOT_1348,SPC_ATTR_575,110.1081,3.7498
LOT_1348,SPC_ATTR_577,79.2885,4.3569
LOT_1348,SPC_ATTR_578,60.1633,3.4858
LOT_1350,SPC_ATTR_089,1633.1937,-3.2617
LOT_1350,SPC_ATTR_109,0.2547,3.0601
LOT_1350,SPC_ATTR_573,431.71,4.6725
LOT_1350,SPC_ATTR_574,1.2571,3.6682
LOT_1350,SPC_ATTR_575,138.3859,4.8003
LOT_1350,SPC_ATTR_576,0.3315,3.3451
LOT_1350,SPC_ATTR_577,83.919,4.6306
LOT_1350,SPC_ATTR_578,67.3679,4.0628
LOT_1351,SPC_ATTR_162,22504.0,4.3492
LOT_1351,SPC_ATTR_225,0.3103,3.5238
LOT_1351,SPC_ATTR_297,9328.6921,3.7717
LOT_1351,SPC_ATTR_363,0.0953,3.5537
LOT_1351,SPC_ATTR_433,764.1426,5.2681
LOT_1351,SPC_ATTR_497,144.2792,4.6469
LOT_1352,SPC_ATTR_573,431.71,4.6725
LOT_1352,SPC_ATTR_574,1.2571,3.6682
LOT_1352,SPC_ATTR_575,138.3859,4.8003
LOT_1352,SPC_ATTR_576,0.3315,3.3451
LOT_1352,SPC_ATTR_577,83.919,4.6306
LOT_1352,SPC_ATTR_578,67.3679,4.0628
LOT_1353,SPC_ATTR_163,24902.0,3.0678
LOT_1353,SPC_ATTR_484,959.5238,3.9041
LOT_1354,SPC_ATTR_573,431.71,4.6725
LOT_1354,SPC_ATTR_574,1.2571,3.6682
LOT_1354,SPC_ATTR_575,138.3859,4.8003
LOT_1354,SPC_ATTR_576,0.3315,3.3451
LOT_1354,SPC_ATTR_577,83.919,4.6306
LOT_1354,SPC_ATTR_578,67.3679,4.0628
LOT_1356,SPC_ATTR_054,4.05,-9.8812
LOT_1356,SPC_ATTR_055,4.346,-8.2664
LOT_1356,SPC_ATTR_057,0.8759,-7.7786
LOT_1356,SPC_ATTR_058,0.9319,-4.1463
LOT_1356,SPC_ATTR_059,4.2199,-4.3882
LOT_1356,SPC_ATTR_110,0.7848,-22.4489
LOT_1356,SPC_ATTR_111,88.1938,-6.9808
LOT_1356,SPC_ATTR_112,213.0083,-8.9348
LOT_1356,SPC_ATTR_245,1.9844,23.3833
LOT_1356,SPC_ATTR_246,99.9022,22.6433
LOT_1356,SPC_ATTR_247,237.1837,23.1989
LOT_1356,SPC_ATTR_383,0.6271,23.3835
LOT_1356,SPC_ATTR_384,30.9982,22.7119
LOT_1356,SPC_ATTR_385,74.8445,23.2163
LOT_1356,SPC_ATTR_497,116.2757,3.5095
LOT_1356,SPC_ATTR_517,252.8604,23.385
LOT_1356,SPC_ATTR_518,113.2758,22.8061
LOT_1356,SPC_ATTR_519,111.3495,23.2285
LOT_1357,SPC_ATTR_025,9309.0,3.3099
LOT_1357,SPC_ATTR_087,2.5474,3.8982
LOT_1357,SPC_ATTR_572,0.9847,-4.0607
LOT_1358,SPC_ATTR_135,48.5321,3.0564
LOT_1359,SPC_ATTR_072,220.5295,3.6712
LOT_1360,SPC_ATTR_355,0.0834,3.1741
LOT_1361,SPC_ATTR_172,0.3139,3.1889
LOT_1361,SPC_ATTR_307,0.1261,3.0503
LOT_1361,SPC_ATTR_443,3.6388,3.4793
LOT_1362,SPC_ATTR_072,202.4391,3.0997
LOT_1362,SPC_ATTR_095,0.0005,3.0402
LOT_1362,SPC_ATTR_097,-0.6683,-3.1216
LOT_1363,SPC_ATTR_486,955.6364,3.4502
LOT_1363,SPC_ATTR_573,431.71,4.6725
LOT_1363,SPC_ATTR_574,1.2571,3.6682
LOT_1363,SPC_ATTR_575,138.3859,4.8003
LOT_1363,SPC_ATTR_576,0.3315,3.3451
LOT_1363,SPC_ATTR_577,83.919,4.6306
LOT_1363,SPC_ATTR_578,67.3679,4.0628
LOT_1365,SPC_ATTR_140,1533.777,4.2423
LOT_1365,SPC_ATTR_275,483.4778,4.0555
LOT_1365,SPC_ATTR_413,101.4548,3.831
LOT_1365,SPC_ATTR_560,0.98,3.2488
LOT_1365,SPC_ATTR_562,99.0375,3.5085
LOT_1365,SPC_ATTR_572,1.0744,-3.7346
LOT_1366,SPC_ATTR_357,2.6898,3.5955
LOT_1366,SPC_ATTR_566,0.5528,5.0195
LOT_1366,SPC_ATTR_568,0.2245,5.0186
LOT_1366,SPC_ATTR_570,70.9311,4.8773
LOT_1368,SPC_ATTR_072,203.129,3.1215
LOT_1368,SPC_ATTR_392,0.0317,3.0787
LOT_1368,SPC_ATTR_434,884.0306,3.0052
LOT_1368,SPC_ATTR_580,0.0469,3.1194
LOT_1368,SPC_ATTR_581,0.0151,3.1142
LOT_1368,SPC_ATTR_588,0.0469,3.4542
LOT_1368,SPC_ATTR_589,0.0151,3.4241
LOT_1369,SPC_ATTR_002,2806.91,3.8685
LOT_1369,SPC_ATTR_145,0.313,3.1461
LOT_1369,SPC_ATTR_215,0.2577,3.0897
LOT_1369,SPC_ATTR_418,21.024,3.1651
LOT_1369,SPC_ATTR_588,0.0469,3.4542
LOT_1369,SPC_ATTR_589,0.0151,3.4241
LOT_1370,SPC_ATTR_121,5.9161,-3.1758
LOT_1370,SPC_ATTR_588,0.0469,3.4542
LOT_1370,SPC_ATTR_589,0.0151,3.4241
LOT_1371,SPC_ATTR_085,0.1174,-3.1099
LOT_1371,SPC_ATTR_145,0.3284,3.3972
LOT_1371,SPC_ATTR_418,21.7318,3.3397
LOT_1371,SPC_ATTR_573,431.71,4.6725
LOT_1371,SPC_ATTR_574,1.2571,3.6682
LOT_1371,SPC_ATTR_575,138.3859,4.8003
LOT_1371,SPC_ATTR_576,0.3315,3.3451
LOT_1371,SPC_ATTR_577,83.919,4.6306
LOT_1371,SPC_ATTR_578,67.3679,4.0628
LOT_1371,SPC_ATTR_588,0.0469,3.4542
LOT_1371,SPC_ATTR_589,0.0151,3.4241
LOT_1372,SPC_ATTR_054,4.036,-10.136
LOT_1372,SPC_ATTR_055,4.317,-8.7532
LOT_1372,SPC_ATTR_057,0.8771,-7.6023
LOT_1372,SPC_ATTR_058,0.9348,-3.4519
LOT_1372,SPC_ATTR_059,4.2231,-4.3506
LOT_1373,SPC_ATTR_054,4.027,-10.2997
LOT_1373,SPC_ATTR_055,4.317,-8.7532
LOT_1373,SPC_ATTR_057,0.8765,-7.6905
LOT_1373,SPC_ATTR_058,0.9329,-3.9068
LOT_1373,SPC_ATTR_059,4.2218,-4.3658
LOT_1374,SPC_ATTR_163,25794.0,3.2039
LOT_1374,SPC_ATTR_172,0.3139,3.1889
LOT_1374,SPC_ATTR_298,12913.8721,3.2759
LOT_1374,SPC_ATTR_307,0.1261,3.0503
LOT_1374,SPC_ATTR_443,3.6388,3.4793
LOT_1374,SPC_ATTR_484,792.8571,3.0399
LOT_1375,SPC_ATTR_020,9.8773,-11.9457
LOT_1375,SPC_ATTR_156,11.492,9.7867
LOT_1375,SPC_ATTR_291,2.4894,8.7309
LOT_1375,SPC_ATTR_429,116.3478,10.5455
LOT_1375,SPC_ATTR_572,0.9847,-4.0607
LOT_1376,SPC_ATTR_172,0.3139,3.1889
LOT_1376,SPC_ATTR_226,2600.5996,3.6003
LOT_1376,SPC_ATTR_307,0.1261,3.0503
LOT_1376,SPC_ATTR_364,750.8291,3.008
LOT_1376,SPC_ATTR_443,3.6388,3.4793
LOT_1376,SPC_ATTR_498,28.7204,3.4094
LOT_1376,SPC_ATTR_563,286.65,3.1348
LOT_1377,SPC_ATTR_167,6.4,3.2249
LOT_1377,SPC_ATTR_302,1.9062,3.0003
LOT_1377,SPC_ATTR_434,900.7229,3.0791
LOT_1378,SPC_ATTR_270,8.0099,3.6726
LOT_1378,SPC_ATTR_408,3.0047,4.8606
LOT_1378,SPC_ATTR_565,15.04,3.2636
LOT_1378,SPC_ATTR_567,6.5688,3.8324
LOT_1378,SPC_ATTR_569,5.7605,3.3192
LOT_1379,SPC_ATTR_011,0.0293,3.1342
LOT_1379,SPC_ATTR_147,0.1273,3.3094
LOT_1379,SPC_ATTR_172,0.4893,6.0745
LOT_1379,SPC_ATTR_270,8.0099,3.6726
LOT_1379,SPC_ATTR_282,0.0367,3.8965
LOT_1379,SPC_ATTR_307,0.2246,6.9282
LOT_1379,SPC_ATTR_408,3.0047,4.8606
LOT_1379,SPC_ATTR_443,5.1317,5.744
LOT_1380,SPC_ATTR_162,18540.0,3.4141
LOT_1380,SPC_ATTR_270,8.0099,3.6726
LOT_1380,SPC_ATTR_297,8665.1214,3.4357
LOT_1380,SPC_ATTR_408,3.0047,4.8606
LOT_1381,SPC_ATTR_317,9.4679,3.4271
LOT_1382,SPC_ATTR_270,8.0099,3.6726
LOT_1382,SPC_ATTR_408,3.0047,4.8606
LOT_1382,SPC_ATTR_573,427.42,4.6228
LOT_1382,SPC_ATTR_575,110.1081,3.7498
LOT_1382,SPC_ATTR_577,79.2885,4.3569
LOT_1382,SPC_ATTR_578,60.1633,3.4858
LOT_1384,SPC_ATTR_024,1039.25,3.5109
LOT_1384,SPC_ATTR_270,8.0099,3.6726
LOT_1384,SPC_ATTR_408,3.0047,4.8606
LOT_1385,SPC_ATTR_088,0.8941,-6.8742
LOT_1385,SPC_ATTR_116,924.5318,3.619
LOT_1385,SPC_ATTR_223,0.952,16.8615
LOT_1385,SPC_ATTR_317,9.0982,3.0641
LOT_1385,SPC_ATTR_361,0.3008,14.8905
LOT_1385,SPC_ATTR_495,106.4726,15.9506
LOT_1386,SPC_ATTR_059,4.2373,-4.1837
LOT_1386,SPC_ATTR_196,4.619,10.9617
LOT_1386,SPC_ATTR_270,8.0099,3.6726
LOT_1386,SPC_ATTR_332,1.0959,15.9664
LOT_1386,SPC_ATTR_408,3.0047,4.8606
LOT_1386,SPC_ATTR_433,907.6215,6.4051
LOT_1386,SPC_ATTR_468,109.0074,11.8467
LOT_1387,SPC_ATTR_572,0.9847,-4.0607
LOT_1388,SPC_ATTR_026,0.6438,-3.1534
LOT_1388,SPC_ATTR_027,0.6258,-6.9272
LOT_1388,SPC_ATTR_280,0.1092,3.3586
LOT_1389,SPC_ATTR_497,130.2358,4.0765
LOT_1392,SPC_ATTR_072,209.4001,3.3196
LOT_1392,SPC_ATTR_490,972.9915,3.0732
LOT_1393,SPC_ATTR_072,224.9621,3.8112
LOT_1393,SPC_ATTR_484,907.4286,3.634
LOT_1393,SPC_ATTR_545,0.0016,-3.0709
LOT_1393,SPC_ATTR_582,378.7581,3.2086
LOT_1394,SPC_ATTR_580,0.0487,3.3061
LOT_1394,SPC_ATTR_581,0.0173,3.8203
LOT_1394,SPC_ATTR_588,0.0487,3.6586
LOT_1394,SPC_ATTR_589,0.0173,4.1915
LOT_1395,SPC_ATTR_145,0.3302,3.4265
LOT_1395,SPC_ATTR_280,0.1236,4.0684
LOT_1395,SPC_ATTR_418,24.1156,3.9276
LOT_1395,SPC_ATTR_588,0.0487,3.6586
LOT_1395,SPC_ATTR_589,0.0173,4.1915
LOT_1396,SPC_ATTR_563,288.864,3.4249
LOT_1396,SPC_ATTR_573,427.42,4.6228
LOT_1396,SPC_ATTR_575,110.1081,3.7498
LOT_1396,SPC_ATTR_577,79.2885,4.3569
LOT_1396,SPC_ATTR_578,60.1633,3.4858
LOT_1397,SPC_ATTR_092,-0.3216,-3.6956
LOT_1397,SPC_ATTR_220,0.0086,3.2479
LOT_1397,SPC_ATTR_492,6.2733,3.1289
LOT_1398,SPC_ATTR_061,331.2273,-3.9702
LOT_1398,SPC_ATTR_066,96.3465,9.7188
LOT_1398,SPC_ATTR_067,643.9097,-5.3995
LOT_1398,SPC_ATTR_069,167.8309,4.8096
LOT_1398,SPC_ATTR_197,67.65,3.7505
LOT_1398,SPC_ATTR_198,60.53,3.8321
LOT_1398,SPC_ATTR_199,8.206,14.2246
LOT_1398,SPC_ATTR_200,65.78,3.2986
LOT_1398,SPC_ATTR_202,58.46,9.9169
LOT_1398,SPC_ATTR_203,115.678,7.2152
LOT_1398,SPC_ATTR_204,122.174,5.2744
LOT_1398,SPC_ATTR_206,111.43,8.8709
LOT_1398,SPC_ATTR_333,20.9106,3.2447
LOT_1398,SPC_ATTR_334,24.4929,5.3702
LOT_1398,SPC_ATTR_335,2.3329,12.5202
LOT_1398,SPC_ATTR_337,45.6919,4.7585
LOT_1398,SPC_ATTR_338,17.5677,8.9678
LOT_1398,SPC_ATTR_339,36.0517,5.8484
LOT_1398,SPC_ATTR_340,35.1264,4.2467
LOT_1398,SPC_ATTR_342,31.8827,7.9475
LOT_1398,SPC_ATTR_470,18.2745,4.0017
LOT_1398,SPC_ATTR_471,80.6768,15.1121
LOT_1398,SPC_ATTR_472,51.9649,4.1602
LOT_1398,SPC_ATTR_474,219.4091,8.0145
LOT_1398,SPC_ATTR_475,120.0646,3.3206
LOT_1398,SPC_ATTR_476,18.9738,5.634
LOT_1398,SPC_ATTR_477,78.5433,3.9098
LOT_1398,SPC_ATTR_478,66.3942,5.9044
LOT_1398,SPC_ATTR_480,11.2812,3.0311
LOT_1399,SPC_ATTR_091,10137.4601,3.3053
LOT_1399,SPC_ATTR_116,900.6217,3.1305
LOT_1399,SPC_ATTR_172,0.3139,3.1889
LOT_1399,SPC_ATTR_307,0.1261,3.0503
LOT_1399,SPC_ATTR_443,3.6388,3.4793
LOT_1400,SPC_ATTR_054,4.042,-10.0268
LOT_1400,SPC_ATTR_055,4.323,-8.6525
LOT_1400,SPC_ATTR_057,0.8778,-7.4995
LOT_1400,SPC_ATTR_058,0.9349,-3.4279
LOT_1400,SPC_ATTR_059,4.2234,-4.347
LOT_1401,SPC_ATTR_076,0.2315,10.6946
LOT_1401,SPC_ATTR_211,0.4892,9.517
LOT_1401,SPC_ATTR_349,0.22,16.4638
LOT_1401,SPC_ATTR_572,1.0744,-3.7346
LOT_1403,SPC_ATTR_167,7.3,4.0287
LOT_1403,SPC_ATTR_302,2.3186,4.2426
LOT_1403,SPC_ATTR_438,9.7841,3.5794
LOT_1404,SPC_ATTR_220,0.0107,4.5237
LOT_1404,SPC_ATTR_358,0.003,3.994
LOT_1404,SPC_ATTR_492,8.0133,4.5501
LOT_1405,SPC_ATTR_145,0.3952,4.4861
LOT_1405,SPC_ATTR_280,0.127,4.2359
LOT_1405,SPC_ATTR_418,25.545,4.2802
LOT_1405,SPC_ATTR_564,1.2988,5.0852
LOT_1405,SPC_ATTR_573,431.71,4.6725
LOT_1405,SPC_ATTR_574,1.2571,3.6682
LOT_1405,SPC_ATTR_575,138.3859,4.8003
LOT_1405,SPC_ATTR_576,0.3315,3.3451
LOT_1405,SPC_ATTR_577,83.919,4.6306
LOT_1405,SPC_ATTR_578,67.3679,4.0628
LOT_1406,SPC_ATTR_054,4.052,-9.8448
LOT_1406,SPC_ATTR_055,4.284,-9.307
LOT_1406,SPC_ATTR_057,0.8769,-7.6317
LOT_1406,SPC_ATTR_059,4.2204,-4.3823
LOT_1406,SPC_ATTR_103,0.2128,3.3618
LOT_1407,SPC_ATTR_145,0.3571,3.865
LOT_1407,SPC_ATTR_280,0.1247,4.1226
LOT_1407,SPC_ATTR_418,23.6736,3.8186
LOT_1408,SPC_ATTR_545,0.0016,-3.0709
LOT_1409,SPC_ATTR_020,9.8773,-11.9457
LOT_1409,SPC_ATTR_156,11.492,9.7867
LOT_1409,SPC_ATTR_291,2.4894,8.7309
LOT_1409,SPC_ATTR_429,116.3478,10.5455
LOT_1411,SPC_ATTR_145,0.3794,4.2286
LOT_1411,SPC_ATTR_280,0.1157,3.679
LOT_1411,SPC_ATTR_418,24.1962,3.9475
LOT_1412,SPC_ATTR_072,211.8978,3.3985
LOT_1412,SPC_ATTR_484,804.8583,3.1021
LOT_1412,SPC_ATTR_545,0.0016,-3.0709
LOT_1413,SPC_ATTR_147,0.1309,3.4742
LOT_1413,SPC_ATTR_151,18.736,3.6775
LOT_1413,SPC_ATTR_282,0.0467,5.6999
LOT_1413,SPC_ATTR_286,5.194,3.1926
LOT_1413,SPC_ATTR_580,0.0651,5.0074
LOT_1413,SPC_ATTR_581,0.0195,4.5263
LOT_1413,SPC_ATTR_588,0.0651,5.5205
LOT_1413,SPC_ATTR_589,0.0195,4.9588
LOT_1414,SPC_ATTR_085,0.1174,-3.1099
LOT_1414,SPC_ATTR_564,1.2254,4.4823
LOT_1414,SPC_ATTR_588,0.0651,5.5205
LOT_1414,SPC_ATTR_589,0.0195,4.9588
LOT_1415,SPC_ATTR_082,-0.0735,-3.0754
LOT_1415,SPC_ATTR_434,945.5587,3.2777
LOT_1416,SPC_ATTR_013,182.094,-5.484
LOT_1416,SPC_ATTR_019,172.1654,-6.4299
LOT_1416,SPC_ATTR_220,0.009,3.4909
LOT_1416,SPC_ATTR_358,0.0031,4.1936
LOT_1416,SPC_ATTR_492,6.3643,3.2032
LOT_1417,SPC_ATTR_545,0.0016,-3.0709
LOT_1418,SPC_ATTR_151,17.297,3.2336
LOT_1418,SPC_ATTR_286,5.9925,4.0218
LOT_1419,SPC_ATTR_114,0.8584,-7.1725
LOT_1419,SPC_ATTR_115,0.0129,7.6601
LOT_1419,SPC_ATTR_145,0.4571,5.4952
LOT_1419,SPC_ATTR_249,0.9169,18.1117
LOT_1419,SPC_ATTR_250,0.1285,8.0803
LOT_1419,SPC_ATTR_280,0.1461,5.1773
LOT_1419,SPC_ATTR_387,0.2879,18.0539
LOT_1419,SPC_ATTR_388,0.0406,8.07
LOT_1419,SPC_ATTR_418,31.6559,5.7874
LOT_1419,SPC_ATTR_521,106.8134,18.2586
LOT_1419,SPC_ATTR_522,1000.0,9.5846
LOT_1420,SPC_ATTR_011,-0.028,-3.0258
LOT_1420,SPC_ATTR_072,220.4506,3.6687
LOT_1420,SPC_ATTR_172,0.3829,4.324
LOT_1420,SPC_ATTR_307,0.1582,4.3141
LOT_1420,SPC_ATTR_443,4.1607,4.271
LOT_1420,SPC_ATTR_486,902.8571,3.2089
LOT_1420,SPC_ATTR_582,427.4732,3.7653
LOT_1420,SPC_ATTR_590,427.4732,3.4913
LOT_1421,SPC_ATTR_095,-0.0007,-3.8563
LOT_1421,SPC_ATTR_097,0.851,3.7976
LOT_1421,SPC_ATTR_099,-1.8882,-4.3784
LOT_1421,SPC_ATTR_102,-0.0009,-4.0407
LOT_1421,SPC_ATTR_109,0.3222,3.8381
LOT_1421,SPC_ATTR_229,0.0734,5.1704
LOT_1421,SPC_ATTR_367,0.0168,5.0319
LOT_1421,SPC_ATTR_369,0.0126,4.4746
LOT_1422,SPC_ATTR_088,0.9423,-3.1227
LOT_1423,SPC_ATTR_011,-0.0349,-3.7676
LOT_1423,SPC_ATTR_146,0.1673,3.9064
LOT_1423,SPC_ATTR_152,182.901,5.4464
LOT_1423,SPC_ATTR_281,0.0466,4.4063
LOT_1423,SPC_ATTR_282,0.0339,3.3915
LOT_1423,SPC_ATTR_287,53.6247,5.0559
LOT_1423,SPC_ATTR_425,42.6098,6.2122
LOT_1423,SPC_ATTR_522,1000.0,9.5846
LOT_1425,SPC_ATTR_413,94.5137,3.4541
LOT_1426,SPC_ATTR_573,441.92,4.7908
LOT_1426,SPC_ATTR_574,1.2113,3.4839
LOT_1426,SPC_ATTR_575,132.4894,4.5812
LOT_1426,SPC_ATTR_576,0.3247,3.2448
LOT_1426,SPC_ATTR_577,77.5303,4.253
LOT_1426,SPC_ATTR_578,67.4386,4.0685
LOT_1427,SPC_ATTR_413,94.5137,3.4541
LOT_1428,SPC_ATTR_082,-0.0867,-3.8509
LOT_1428,SPC_ATTR_201,94.32,8.8278
LOT_1428,SPC_ATTR_202,32.84,4.8978
LOT_1428,SPC_ATTR_206,79.16,6.0748
LOT_1428,SPC_ATTR_208,94.32,4.226
LOT_1428,SPC_ATTR_338,9.4543,4.1936
LOT_1428,SPC_ATTR_342,23.1101,5.5558
LOT_1428,SPC_ATTR_344,25.6807,3.6267
LOT_1428,SPC_ATTR_473,416.257,5.8361
LOT_1428,SPC_ATTR_474,127.1524,3.9064
LOT_1428,SPC_ATTR_478,56.9481,4.9769
LOT_1428,SPC_ATTR_480,15.4772,4.6213
LOT_1429,SPC_ATTR_317,9.2888,3.2513
LOT_1429,SPC_ATTR_497,104.0004,3.011
LOT_1430,SPC_ATTR_091,10228.08,3.5339
LOT_1430,SPC_ATTR_114,0.8537,-7.5599
LOT_1430,SPC_ATTR_249,0.9539,18.8632
LOT_1430,SPC_ATTR_251,943.8936,15.2799
LOT_1430,SPC_ATTR_387,0.3,18.8352
LOT_1430,SPC_ATTR_389,287.8371,14.6678
LOT_1430,SPC_ATTR_521,111.7365,19.122
LOT_1430,SPC_ATTR_523,106.4394,12.9089
LOT_1430,SPC_ATTR_582,368.8936,3.0959
LOT_1431,SPC_ATTR_026,0.6268,-3.2491
LOT_1431,SPC_ATTR_027,0.7112,-6.4766
LOT_1432,SPC_ATTR_545,0.0016,-3.0709
LOT_1433,SPC_ATTR_220,0.0163,7.9259
LOT_1433,SPC_ATTR_358,0.0052,8.3852
LOT_1433,SPC_ATTR_492,12.7698,8.4352
LOT_1435,SPC_ATTR_001,3356.35,4.644
LOT_1435,SPC_ATTR_002,2815.31,3.973
LOT_1436,SPC_ATTR_145,0.3212,3.2798
LOT_1436,SPC_ATTR_418,20.4345,3.0197
LOT_1436,SPC_ATTR_474,126.7109,3.8867
LOT_1438,SPC_ATTR_092,-0.2671,-3.074
LOT_1438,SPC_ATTR_145,0.314,3.1624
LOT_1438,SPC_ATTR_220,0.0086,3.2479
LOT_1438,SPC_ATTR_418,20.6955,3.0841
LOT_1438,SPC_ATTR_492,6.2733,3.1289
LOT_1438,SPC_ATTR_545,0.0016,-3.0709
LOT_1438,SPC_ATTR_567,5.9576,3.2406
LOT_1439,SPC_ATTR_026,0.65,-3.1185
LOT_1439,SPC_ATTR_027,0.6785,-6.6491
LOT_1440,SPC_ATTR_413,94.5137,3.4541
LOT_1441,SPC_ATTR_092,0.294,3.3252
LOT_1441,SPC_ATTR_167,7.2,3.9394
LOT_1441,SPC_ATTR_302,2.1497,3.7338
LOT_1441,SPC_ATTR_438,9.9738,3.6971
LOT_1442,SPC_ATTR_054,3.706,-16.1414
LOT_1442,SPC_ATTR_055,3.932,-15.215
LOT_1442,SPC_ATTR_057,0.8766,-7.6758
LOT_1442,SPC_ATTR_059,4.2229,-4.3529
LOT_1443,SPC_ATTR_119,0.5491,-6.0864
LOT_1443,SPC_ATTR_548,382.534,-4.1495
LOT_1444,SPC_ATTR_145,0.3771,4.1911
LOT_1444,SPC_ATTR_280,0.1156,3.6741
LOT_1444,SPC_ATTR_418,23.4613,3.7663
LOT_1445,SPC_ATTR_119,0.5479,-6.2345
LOT_1445,SPC_ATTR_222,0.1363,3.2432
LOT_1445,SPC_ATTR_239,0.0163,6.778
LOT_1445,SPC_ATTR_240,0.0132,5.9854
LOT_1445,SPC_ATTR_377,0.0054,7.1142
LOT_1445,SPC_ATTR_378,0.0041,5.4154
LOT_1445,SPC_ATTR_494,5.6215,3.1741
LOT_1445,SPC_ATTR_511,174.0988,3.1396
LOT_1446,SPC_ATTR_215,0.3194,4.1826
LOT_1446,SPC_ATTR_353,0.0706,3.5908
LOT_1447,SPC_ATTR_005,1114.5366,19.7024
LOT_1447,SPC_ATTR_008,0.0,-13.5947
LOT_1447,SPC_ATTR_010,0.0489,3.2906
LOT_1447,SPC_ATTR_095,0.0005,3.0402
LOT_1447,SPC_ATTR_139,141.7998,6.8201
LOT_1447,SPC_ATTR_141,9997.9106,19.6713
LOT_1447,SPC_ATTR_143,22.13,4.3602
LOT_1447,SPC_ATTR_144,0.0,-3.252
LOT_1447,SPC_ATTR_274,41.1724,5.4801
LOT_1447,SPC_ATTR_276,3331.6752,19.6685
LOT_1447,SPC_ATTR_278,6.5161,3.5985
LOT_1447,SPC_ATTR_279,0.0,-3.2853
LOT_1447,SPC_ATTR_412,6.215,6.526
LOT_1447,SPC_ATTR_414,897.0464,18.4202
LOT_1447,SPC_ATTR_416,20.4313,3.4865
LOT_1447,SPC_ATTR_417,0.0,-3.2879
LOT_1449,SPC_ATTR_008,0.0,-13.5947
LOT_1449,SPC_ATTR_144,0.0,-3.252
LOT_1449,SPC_ATTR_279,0.0,-3.2853
LOT_1449,SPC_ATTR_417,0.0,-3.2879
LOT_1452,SPC_ATTR_119,0.5274,-8.7647
LOT_1452,SPC_ATTR_220,0.0163,7.9259
LOT_1452,SPC_ATTR_358,0.0052,8.3852
LOT_1452,SPC_ATTR_492,12.7698,8.4352
LOT_1453,SPC_ATTR_573,441.92,4.7908
LOT_1453,SPC_ATTR_574,1.2113,3.4839
LOT_1453,SPC_ATTR_575,132.4894,4.5812
LOT_1453,SPC_ATTR_576,0.3247,3.2448
LOT_1453,SPC_ATTR_577,77.5303,4.253
LOT_1453,SPC_ATTR_578,67.4386,4.0685
LOT_1455,SPC_ATTR_087,2.5474,3.8982
LOT_1455,SPC_ATTR_136,549.0,7.4905
LOT_1455,SPC_ATTR_271,76.4053,5.6112
LOT_1455,SPC_ATTR_409,24.678,7.5005
LOT_1455,SPC_ATTR_474,112.2038,3.2407
LOT_1455,SPC_ATTR_573,441.92,4.7908
LOT_1455,SPC_ATTR_574,1.2113,3.4839
LOT_1455,SPC_ATTR_575,132.4894,4.5812
LOT_1455,SPC_ATTR_576,0.3247,3.2448
LOT_1455,SPC_ATTR_577,77.5303,4.253
LOT_1455,SPC_ATTR_578,67.4386,4.0685
LOT_1456,SPC_ATTR_072,214.0137,3.4653
LOT_1456,SPC_ATTR_096,0.0004,3.2692
LOT_1457,SPC_ATTR_003,2306.1,3.5765
LOT_1457,SPC_ATTR_004,0.0,-3.1614
LOT_1457,SPC_ATTR_005,1112.4728,19.6658
LOT_1457,SPC_ATTR_008,0.0,-13.5947
LOT_1457,SPC_ATTR_072,225.0767,3.8149
LOT_1457,SPC_ATTR_141,9997.9792,19.6715
LOT_1457,SPC_ATTR_143,103.39,27.2358
LOT_1457,SPC_ATTR_144,0.0,-3.252
LOT_1457,SPC_ATTR_276,3332.4477,19.6731
LOT_1457,SPC_ATTR_278,32.1709,25.0411
LOT_1457,SPC_ATTR_279,0.0,-3.2853
LOT_1457,SPC_ATTR_414,898.7167,18.4556
LOT_1457,SPC_ATTR_416,116.8615,27.8475
LOT_1457,SPC_ATTR_417,0.0,-3.2879
LOT_1457,SPC_ATTR_486,909.7436,3.2403
LOT_1457,SPC_ATTR_582,545.6838,5.1159
LOT_1457,SPC_ATTR_590,545.6838,4.7503
LOT_1458,SPC_ATTR_590,545.6838,4.7503
LOT_1459,SPC_ATTR_016,504.9312,5.3333
LOT_1459,SPC_ATTR_064,37.2708,3.2698
LOT_1459,SPC_ATTR_066,118.0836,12.7711
LOT_1459,SPC_ATTR_067,632.4226,-6.3878
LOT_1459,SPC_ATTR_075,4.1955,39.4841
LOT_1459,SPC_ATTR_152,515.283,16.1676
LOT_1459,SPC_ATTR_197,247.41,15.185
LOT_1459,SPC_ATTR_198,108.43,8.3715
LOT_1459,SPC_ATTR_199,3.508,5.4875
LOT_1459,SPC_ATTR_200,250.0,14.5004
LOT_1459,SPC_ATTR_201,183.66,19.1077
LOT_1459,SPC_ATTR_202,126.53,23.2522
LOT_1459,SPC_ATTR_203,490.561,32.8519
LOT_1459,SPC_ATTR_204,500.349,26.9317
LOT_1459,SPC_ATTR_205,9998.4483,17.6362
LOT_1459,SPC_ATTR_206,105.93,8.3943
LOT_1459,SPC_ATTR_207,2.0,39.484
LOT_1459,SPC_ATTR_208,298.65,15.9036
LOT_1459,SPC_ATTR_210,46.15,39.4842
LOT_1459,SPC_ATTR_287,207.0161,20.766
LOT_1459,SPC_ATTR_333,55.3862,9.3517
LOT_1459,SPC_ATTR_334,24.8494,5.4749
LOT_1459,SPC_ATTR_335,0.9773,4.6791
LOT_1459,SPC_ATTR_336,56.051,9.1021
LOT_1459,SPC_ATTR_337,70.0912,7.9875
LOT_1459,SPC_ATTR_338,38.8995,21.5201
LOT_1459,SPC_ATTR_339,196.688,34.3046
LOT_1459,SPC_ATTR_340,197.4988,30.976
LOT_1459,SPC_ATTR_341,3014.5071,11.4612
LOT_1459,SPC_ATTR_342,30.7024,7.6257
LOT_1459,SPC_ATTR_343,0.4472,39.4835
LOT_1459,SPC_ATTR_344,67.7008,11.449
LOT_1459,SPC_ATTR_346,98.0726,5.1456
LOT_1459,SPC_ATTR_347,128.3569,7.1783
LOT_1459,SPC_ATTR_348,13.9147,39.4842
LOT_1459,SPC_ATTR_425,102.0501,15.6093
LOT_1459,SPC_ATTR_470,29.847,7.6736
LOT_1459,SPC_ATTR_471,31.8312,5.3104
LOT_1459,SPC_ATTR_472,212.6557,19.9543
LOT_1459,SPC_ATTR_473,492.7718,7.4402
LOT_1459,SPC_ATTR_474,358.9504,14.2282
LOT_1459,SPC_ATTR_475,415.4355,15.2197
LOT_1459,SPC_ATTR_476,79.1162,28.6667
LOT_1459,SPC_ATTR_478,76.9317,6.939
LOT_1459,SPC_ATTR_479,200.0,39.4842
LOT_1459,SPC_ATTR_480,47.9577,16.931
LOT_1459,SPC_ATTR_590,545.6838,4.7503
LOT_1460,SPC_ATTR_008,0.0,-13.5947
LOT_1460,SPC_ATTR_020,9.8773,-11.9457
LOT_1460,SPC_ATTR_144,0.0,-3.252
LOT_1460,SPC_ATTR_156,11.492,9.7867
LOT_1460,SPC_ATTR_279,0.0,-3.2853
LOT_1460,SPC_ATTR_291,2.4894,8.7309
LOT_1460,SPC_ATTR_417,0.0,-3.2879
LOT_1460,SPC_ATTR_429,116.3478,10.5455
LOT_1460,SPC_ATTR_590,545.6838,4.7503
LOT_1461,SPC_ATTR_008,0.0,-13.5947
LOT_1461,SPC_ATTR_144,0.0,-3.252
LOT_1461,SPC_ATTR_279,0.0,-3.2853
LOT_1461,SPC_ATTR_417,0.0,-3.2879
LOT_1462,SPC_ATTR_008,0.0,-13.5947
LOT_1462,SPC_ATTR_020,9.8773,-11.9457
LOT_1462,SPC_ATTR_144,0.0,-3.252
LOT_1462,SPC_ATTR_156,11.492,9.7867
LOT_1462,SPC_ATTR_279,0.0,-3.2853
LOT_1462,SPC_ATTR_291,2.4894,8.7309
LOT_1462,SPC_ATTR_417,0.0,-3.2879
LOT_1462,SPC_ATTR_429,116.3478,10.5455
LOT_1463,SPC_ATTR_418,20.5121,3.0389
LOT_1463,SPC_ATTR_473,303.237,3.4666
LOT_1463,SPC_ATTR_580,0.0701,5.526
LOT_1463,SPC_ATTR_581,0.0208,4.9435
LOT_1463,SPC_ATTR_588,0.0701,6.0882
LOT_1463,SPC_ATTR_589,0.0208,5.4123
LOT_1464,SPC_ATTR_021,1.3537,-3.0683
LOT_1465,SPC_ATTR_009,1.2374,-3.051
LOT_1465,SPC_ATTR_087,2.5555,4.1152
LOT_1465,SPC_ATTR_272,132.6479,4.8466
LOT_1466,SPC_ATTR_009,1.2005,-3.5504
LOT_1466,SPC_ATTR_087,2.2425,-4.269
LOT_1467,SPC_ATTR_573,441.92,4.7908
LOT_1467,SPC_ATTR_574,1.2113,3.4839
LOT_1467,SPC_ATTR_575,132.4894,4.5812
LOT_1467,SPC_ATTR_576,0.3247,3.2448
LOT_1467,SPC_ATTR_577,77.5303,4.253
LOT_1467,SPC_ATTR_578,67.4386,4.0685
LOT_1468,SPC_ATTR_008,0.0,-13.5947
LOT_1468,SPC_ATTR_144,0.0,-3.252
LOT_1468,SPC_ATTR_279,0.0,-3.2853
LOT_1468,SPC_ATTR_417,0.0,-3.2879
LOT_1468,SPC_ATTR_572,0.9847,-4.0607
LOT_1469,SPC_ATTR_152,290.535,8.9182
LOT_1469,SPC_ATTR_287,85.2654,8.2965
LOT_1469,SPC_ATTR_425,67.0118,10.07
LOT_1470,SPC_ATTR_008,0.0,-13.5947
LOT_1470,SPC_ATTR_144,0.0,-3.252
LOT_1470,SPC_ATTR_152,462.171,14.4544
LOT_1470,SPC_ATTR_279,0.0,-3.2853
LOT_1470,SPC_ATTR_287,133.6435,13.2513
LOT_1470,SPC_ATTR_417,0.0,-3.2879
LOT_1470,SPC_ATTR_425,103.1809,15.7881
LOT_1472,SPC_ATTR_151,19.556,3.9304
LOT_1472,SPC_ATTR_286,5.4376,3.4456
LOT_1473,SPC_ATTR_062,9.4611,-3.4999
LOT_1473,SPC_ATTR_082,-0.0741,-3.1107
LOT_1473,SPC_ATTR_089,1627.4714,-3.3686
LOT_1474,SPC_ATTR_095,0.0005,3.0402
LOT_1474,SPC_ATTR_097,-0.7516,-3.5009
LOT_1474,SPC_ATTR_099,1.4777,3.5022
LOT_1474,SPC_ATTR_102,0.0007,3.1991
LOT_1474,SPC_ATTR_145,0.3486,3.7265
LOT_1474,SPC_ATTR_151,16.564,3.0075
LOT_1474,SPC_ATTR_280,0.1022,3.0136
LOT_1474,SPC_ATTR_418,25.4304,4.2519
LOT_1474,SPC_ATTR_433,585.7501,3.8544
LOT_1475,SPC_ATTR_163,24464.0,3.0009
LOT_1475,SPC_ATTR_240,0.009,3.0708
LOT_1475,SPC_ATTR_582,579.1817,5.4987
LOT_1475,SPC_ATTR_590,579.1817,5.1071
LOT_1476,SPC_ATTR_590,579.1817,5.1071
LOT_1477,SPC_ATTR_010,0.0749,5.0107
LOT_1477,SPC_ATTR_222,0.1558,4.0799
LOT_1477,SPC_ATTR_360,0.0527,4.6048
LOT_1477,SPC_ATTR_494,6.4666,4.0419
LOT_1477,SPC_ATTR_590,579.1817,5.1071
LOT_1478,SPC_ATTR_001,3284.82,3.6724
LOT_1478,SPC_ATTR_007,119.9011,3.0123
LOT_1478,SPC_ATTR_134,984.0379,-3.06
LOT_1478,SPC_ATTR_469,941.678,3.1092
LOT_1478,SPC_ATTR_590,579.1817,5.1071
LOT_1479,SPC_ATTR_083,-0.128,-3.7161
LOT_1479,SPC_ATTR_218,0.2297,3.4152
LOT_1479,SPC_ATTR_356,0.1085,3.3154
LOT_1480,SPC_ATTR_010,0.0486,3.2708
LOT_1481,SPC_ATTR_010,0.0495,3.3303
LOT_1481,SPC_ATTR_134,984.0379,-3.06
LOT_1482,SPC_ATTR_004,3355.2007,4.4348
LOT_1482,SPC_ATTR_007,82.1311,-3.0433
LOT_1482,SPC_ATTR_010,0.0609,4.0845
LOT_1483,SPC_ATTR_004,3355.2007,4.4348
LOT_1483,SPC_ATTR_007,82.1311,-3.0433
LOT_1483,SPC_ATTR_218,0.2298,3.4173
LOT_1483,SPC_ATTR_356,0.1099,3.3782
LOT_1483,SPC_ATTR_573,439.29,4.7603
LOT_1483,SPC_ATTR_575,126.6932,4.3659
LOT_1483,SPC_ATTR_577,88.1774,4.8822
LOT_1483,SPC_ATTR_578,72.1057,4.4423
LOT_1484,SPC_ATTR_433,662.1165,4.4596
LOT_1484,SPC_ATTR_579,-0.0169,-3.2835
LOT_1484,SPC_ATTR_587,-0.0169,-3.1039
LOT_1487,SPC_ATTR_004,2945.8855,3.5081
LOT_1487,SPC_ATTR_274,8.6512,-3.0101
LOT_1487,SPC_ATTR_559,1.344,4.1616
LOT_1488,SPC_ATTR_484,852.7027,3.3502
LOT_1488,SPC_ATTR_582,372.2183,3.1339
LOT_1489,SPC_ATTR_033,105.6038,10.0004
LOT_1489,SPC_ATTR_035,58.8024,6.9505
LOT_1489,SPC_ATTR_036,76.1632,4.5082
LOT_1489,SPC_ATTR_037,41.1976,-6.9505
LOT_1489,SPC_ATTR_040,126.0786,4.0942
LOT_1489,SPC_ATTR_095,0.0008,4.7644
LOT_1489,SPC_ATTR_101,0.0011,3.1489
LOT_1489,SPC_ATTR_158,0.1694,3.0931
LOT_1489,SPC_ATTR_209,160.234,3.0986
LOT_1489,SPC_ATTR_306,0.475,3.6608
LOT_1489,SPC_ATTR_345,59.3241,4.0591
LOT_1490,SPC_ATTR_061,334.2809,-3.4636
LOT_1490,SPC_ATTR_062,11.5887,4.2403
LOT_1490,SPC_ATTR_066,82.3929,7.7595
LOT_1490,SPC_ATTR_067,651.0212,-4.7877
LOT_1490,SPC_ATTR_198,78.86,5.5692
LOT_1490,SPC_ATTR_199,4.424,7.191
LOT_1490,SPC_ATTR_203,110.609,6.8686
LOT_1490,SPC_ATTR_204,115.878,4.9139
LOT_1490,SPC_ATTR_249,0.2398,4.3593
LOT_1490,SPC_ATTR_333,19.8152,3.0507
LOT_1490,SPC_ATTR_334,27.829,6.3504
LOT_1490,SPC_ATTR_335,1.2305,6.1437
LOT_1490,SPC_ATTR_337,35.2069,3.3708
LOT_1490,SPC_ATTR_339,34.7409,5.6162
LOT_1490,SPC_ATTR_340,34.4837,4.1409
LOT_1490,SPC_ATTR_387,0.0742,4.2561
LOT_1490,SPC_ATTR_470,23.5909,5.6886
LOT_1490,SPC_ATTR_471,38.175,6.5833
LOT_1490,SPC_ATTR_475,134.2458,3.8919
LOT_1490,SPC_ATTR_476,17.7994,5.1842
LOT_1490,SPC_ATTR_477,79.0222,3.9419
LOT_1490,SPC_ATTR_521,25.8488,4.0602
LOT_1490,SPC_ATTR_522,1000.0,9.5846
LOT_1491,SPC_ATTR_007,123.4244,3.5772
LOT_1492,SPC_ATTR_004,2914.1792,3.4363
LOT_1492,SPC_ATTR_225,0.3328,3.8397
LOT_1492,SPC_ATTR_363,0.1023,3.8771
LOT_1492,SPC_ATTR_434,947.3393,3.2856
LOT_1492,SPC_ATTR_497,163.7093,5.436
LOT_1492,SPC_ATTR_544,0.0133,3.148
LOT_1492,SPC_ATTR_545,0.0034,3.0101
LOT_1493,SPC_ATTR_119,0.6245,3.2199
LOT_1493,SPC_ATTR_163,30212.0,3.878
LOT_1493,SPC_ATTR_298,13514.1388,3.4619
LOT_1493,SPC_ATTR_570,56.5024,3.4646
LOT_1494,SPC_ATTR_054,4.043,-10.0086
LOT_1494,SPC_ATTR_055,4.297,-9.0889
LOT_1494,SPC_ATTR_057,0.8755,-7.8374
LOT_1494,SPC_ATTR_059,4.2234,-4.347
LOT_1494,SPC_ATTR_092,0.3575,4.0494
LOT_1495,SPC_ATTR_007,123.4244,3.5772
LOT_1495,SPC_ATTR_220,0.0163,7.9259
LOT_1495,SPC_ATTR_358,0.0052,8.3852
LOT_1495,SPC_ATTR_484,858.8832,3.3823
LOT_1495,SPC_ATTR_492,12.7698,8.4352
LOT_1495,SPC_ATTR_582,414.4256,3.6162
LOT_1495,SPC_ATTR_590,414.4256,3.3523
LOT_1496,SPC_ATTR_119,0.5376,-7.5058
LOT_1496,SPC_ATTR_136,302.0,3.1982
LOT_1496,SPC_ATTR_220,0.0163,7.9259
LOT_1496,SPC_ATTR_358,0.0052,8.3852
LOT_1496,SPC_ATTR_409,13.3972,3.1249
LOT_1496,SPC_ATTR_492,12.7698,8.4352
LOT_1497,SPC_ATTR_485,928.3019,3.3455
LOT_1498,SPC_ATTR_007,119.9011,3.0123
LOT_1498,SPC_ATTR_215,0.2546,3.0348
LOT_1499,SPC_ATTR_580,0.0596,4.4368
LOT_1499,SPC_ATTR_581,0.0212,5.0719
LOT_1499,SPC_ATTR_588,0.0596,4.8961
LOT_1499,SPC_ATTR_589,0.0212,5.5518
LOT_1500,SPC_ATTR_004,3530.2362,4.8311
LOT_1500,SPC_ATTR_015,18.0388,3.2302
LOT_1500,SPC_ATTR_140,1258.052,3.1952
LOT_1500,SPC_ATTR_275,408.3987,3.1785
LOT_1500,SPC_ATTR_345,51.4772,3.177
LOT_1500,SPC_ATTR_441,30.8238,3.1279
LOT_1501,SPC_ATTR_004,2945.8855,3.5081
LOT_1501,SPC_ATTR_274,8.6512,-3.0101
LOT_1501,SPC_ATTR_298,12967.4502,3.2925
LOT_1501,SPC_ATTR_484,791.3357,3.032
LOT_1501,SPC_ATTR_559,1.344,4.1616
LOT_1502,SPC_ATTR_004,2882.8558,3.3654
LOT_1502,SPC_ATTR_147,0.1618,4.8888
LOT_1502,SPC_ATTR_163,26140.0,3.2567
LOT_1502,SPC_ATTR_282,0.0355,3.6801
LOT_1502,SPC_ATTR_298,12628.132,3.1873
LOT_1502,SPC_ATTR_486,891.1854,3.1555
LOT_1503,SPC_ATTR_010,0.0447,3.0128
LOT_1503,SPC_ATTR_134,984.0379,-3.06
LOT_1504,SPC_ATTR_004,2945.8855,3.5081
LOT_1504,SPC_ATTR_026,0.556,-3.6478
LOT_1504,SPC_ATTR_027,0.622,-6.9473
LOT_1504,SPC_ATTR_057,0.9082,-3.0335
LOT_1504,SPC_ATTR_274,8.6512,-3.0101
LOT_1504,SPC_ATTR_559,1.344,4.1616
LOT_1505,SPC_ATTR_007,123.4244,3.5772
LOT_1505,SPC_ATTR_548,384.568,-3.7478
LOT_1507,SPC_ATTR_004,2945.8855,3.5081
LOT_1507,SPC_ATTR_274,8.6512,-3.0101
LOT_1509,SPC_ATTR_116,909.3752,3.3094
LOT_1510,SPC_ATTR_092,0.2665,3.0115
LOT_1512,SPC_ATTR_004,3530.2362,4.8311
LOT_1512,SPC_ATTR_140,1258.052,3.1952
LOT_1512,SPC_ATTR_275,408.3987,3.1785
LOT_1512,SPC_ATTR_317,9.0924,3.0584
LOT_1513,SPC_ATTR_019,181.1119,-3.213
LOT_1514,SPC_ATTR_004,3530.2362,4.8311
LOT_1514,SPC_ATTR_140,1258.052,3.1952
LOT_1514,SPC_ATTR_275,408.3987,3.1785
LOT_1515,SPC_ATTR_213,0.1792,4.0461
LOT_1515,SPC_ATTR_351,0.0787,3.8739
LOT_1515,SPC_ATTR_433,590.8127,3.8945
LOT_1515,SPC_ATTR_547,2.7059,4.2827
LOT_1515,SPC_ATTR_550,3.2403,3.8272
LOT_1515,SPC_ATTR_553,1.3027,3.7143
LOT_1516,SPC_ATTR_302,1.9149,3.0265
LOT_1518,SPC_ATTR_004,3085.3781,3.8239
LOT_1518,SPC_ATTR_007,82.2467,-3.0248
LOT_1518,SPC_ATTR_140,1635.3,4.6279
LOT_1518,SPC_ATTR_275,579.7196,5.1798
LOT_1518,SPC_ATTR_433,913.6022,6.4525
LOT_1518,SPC_ATTR_559,1.263,3.1957
LOT_1518,SPC_ATTR_561,0.2453,3.3514
LOT_1519,SPC_ATTR_001,3273.46,3.5181
LOT_1520,SPC_ATTR_094,-0.0103,-3.2422
LOT_1520,SPC_ATTR_096,0.0004,3.2692
LOT_1520,SPC_ATTR_100,0.8854,14.0877
LOT_1520,SPC_ATTR_101,0.0015,4.2725
LOT_1520,SPC_ATTR_103,0.2979,4.7133
LOT_1520,SPC_ATTR_104,0.0016,3.7158
LOT_1520,SPC_ATTR_105,-0.0119,-13.9659
LOT_1520,SPC_ATTR_107,0.0105,3.3333
LOT_1520,SPC_ATTR_461,75.3229,3.4589
LOT_1520,SPC_ATTR_498,26.901,3.0424
LOT_1520,SPC_ATTR_511,244.2748,5.0014
LOT_1521,SPC_ATTR_026,0.6002,-3.3989
LOT_1521,SPC_ATTR_027,0.6845,-6.6175
LOT_1522,SPC_ATTR_004,3530.2362,4.8311
LOT_1522,SPC_ATTR_140,1258.052,3.1952
LOT_1522,SPC_ATTR_275,408.3987,3.1785
LOT_1523,SPC_ATTR_145,0.3069,3.0467
LOT_1523,SPC_ATTR_280,0.1087,3.334
LOT_1523,SPC_ATTR_418,22.1295,3.4378
LOT_1523,SPC_ATTR_469,938.8258,3.0969
LOT_1524,SPC_ATTR_004,2882.8558,3.3654
LOT_1524,SPC_ATTR_011,0.0364,3.8974
LOT_1524,SPC_ATTR_026,0.657,-3.0791
LOT_1524,SPC_ATTR_027,0.6387,-6.8592
LOT_1524,SPC_ATTR_497,119.5626,3.643
LOT_1525,SPC_ATTR_131,0.4199,-3.9388
LOT_1525,SPC_ATTR_135,64.1287,8.2718
LOT_1526,SPC_ATTR_033,105.6038,10.0004
LOT_1526,SPC_ATTR_035,58.8024,6.9505
LOT_1526,SPC_ATTR_036,76.1632,4.5082
LOT_1526,SPC_ATTR_037,41.1976,-6.9505
LOT_1526,SPC_ATTR_040,126.0786,4.0942
LOT_1526,SPC_ATTR_082,-0.0801,-3.4632
LOT_1526,SPC_ATTR_131,0.4199,-3.9388
LOT_1526,SPC_ATTR_135,64.1287,8.2718
LOT_1526,SPC_ATTR_306,0.475,3.6608
LOT_1527,SPC_ATTR_131,0.4199,-3.9388
LOT_1527,SPC_ATTR_135,64.1287,8.2718
LOT_1527,SPC_ATTR_162,18365.0,3.3728
LOT_1527,SPC_ATTR_297,7969.4757,3.0835
LOT_1528,SPC_ATTR_004,3530.2362,4.8311
LOT_1528,SPC_ATTR_131,0.4199,-3.9388
LOT_1528,SPC_ATTR_135,64.1287,8.2718
LOT_1528,SPC_ATTR_140,1258.052,3.1952
LOT_1528,SPC_ATTR_275,408.3987,3.1785
LOT_1528,SPC_ATTR_434,995.7447,3.5
LOT_1529,SPC_ATTR_004,3085.3781,3.8239
LOT_1529,SPC_ATTR_007,82.2467,-3.0248
LOT_1529,SPC_ATTR_024,-8480.0,-3.3863
LOT_1529,SPC_ATTR_057,0.9082,-3.0335
LOT_1529,SPC_ATTR_140,1635.3,4.6279
LOT_1529,SPC_ATTR_275,579.7196,5.1798
LOT_1529,SPC_ATTR_317,9.2874,3.2499
LOT_1529,SPC_ATTR_565,16.54,3.8332
LOT_1529,SPC_ATTR_567,6.2895,3.5619
LOT_1529,SPC_ATTR_569,5.9854,3.5449
LOT_1530,SPC_ATTR_062,9.5052,-3.3395
LOT_1530,SPC_ATTR_082,-0.0982,-4.5266
LOT_1530,SPC_ATTR_559,1.344,4.1616
LOT_1531,SPC_ATTR_097,0.728,3.2375
LOT_1531,SPC_ATTR_151,16.853,3.0966
LOT_1533,SPC_ATTR_004,2837.8788,3.2636
LOT_1534,SPC_ATTR_088,0.9142,-5.3098
LOT_1534,SPC_ATTR_218,0.2238,3.2877
LOT_1534,SPC_ATTR_223,0.651,11.4804
LOT_1534,SPC_ATTR_356,0.1086,3.3199
LOT_1534,SPC_ATTR_361,0.2046,10.0812
LOT_1534,SPC_ATTR_484,887.0968,3.5286
LOT_1534,SPC_ATTR_495,71.2133,10.6205
LOT_1535,SPC_ATTR_007,123.41,3.5748
LOT_1536,SPC_ATTR_062,9.5718,-3.0972
LOT_1536,SPC_ATTR_570,55.0208,3.3195
LOT_1537,SPC_ATTR_215,0.2978,3.8
LOT_1537,SPC_ATTR_251,1119.7042,18.5001
LOT_1537,SPC_ATTR_353,0.0644,3.1196
LOT_1537,SPC_ATTR_389,348.8293,18.2083
LOT_1537,SPC_ATTR_484,948.0519,3.8446
LOT_1537,SPC_ATTR_523,137.9838,17.349
LOT_1538,SPC_ATTR_121,5.9171,-3.1677
LOT_1538,SPC_ATTR_484,925.1799,3.726
LOT_1540,SPC_ATTR_004,2882.8558,3.3654
LOT_1540,SPC_ATTR_474,141.4174,4.5416
LOT_1540,SPC_ATTR_573,441.92,4.7908
LOT_1540,SPC_ATTR_574,1.2113,3.4839
LOT_1540,SPC_ATTR_575,132.4894,4.5812
LOT_1540,SPC_ATTR_576,0.3247,3.2448
LOT_1540,SPC_ATTR_577,77.5303,4.253
LOT_1540,SPC_ATTR_578,67.4386,4.0685
LOT_1541,SPC_ATTR_004,3530.2362,4.8311
LOT_1541,SPC_ATTR_140,1258.052,3.1952
LOT_1541,SPC_ATTR_275,408.3987,3.1785
LOT_1541,SPC_ATTR_433,851.7639,5.9625
LOT_1542,SPC_ATTR_001,3246.31,3.1493
LOT_1542,SPC_ATTR_433,480.6764,3.0217
LOT_1543,SPC_ATTR_007,119.8822,3.0092
LOT_1543,SPC_ATTR_559,1.3172,3.842
LOT_1543,SPC_ATTR_561,0.3169,4.7396
LOT_1544,SPC_ATTR_007,119.8822,3.0092
LOT_1544,SPC_ATTR_220,0.0105,4.4022
LOT_1544,SPC_ATTR_358,0.0039,5.7904
LOT_1544,SPC_ATTR_492,7.6699,4.2696
LOT_1544,SPC_ATTR_559,1.3172,3.842
LOT_1544,SPC_ATTR_561,0.3169,4.7396
LOT_1545,SPC_ATTR_007,119.8822,3.0092
LOT_1545,SPC_ATTR_220,0.0105,4.4022
LOT_1545,SPC_ATTR_358,0.0039,5.7904
LOT_1545,SPC_ATTR_492,7.6699,4.2696
LOT_1545,SPC_ATTR_559,1.3172,3.842
LOT_1545,SPC_ATTR_561,0.3169,4.7396
LOT_1546,SPC_ATTR_582,402.6874,3.4821
LOT_1546,SPC_ATTR_590,402.6874,3.2273
LOT_1548,SPC_ATTR_004,2837.8788,3.2636
LOT_1549,SPC_ATTR_550,3.3495,3.9894
LOT_1549,SPC_ATTR_553,1.4091,4.0995
LOT_1549,SPC_ATTR_556,230.7091,4.9127
LOT_1550,SPC_ATTR_004,2914.1792,3.4363
LOT_1550,SPC_ATTR_034,13.5481,3.4124
LOT_1551,SPC_ATTR_004,2914.1792,3.4363
LOT_1551,SPC_ATTR_025,-10762.5,-3.6049
LOT_1551,SPC_ATTR_057,0.9082,-3.0335
LOT_1551,SPC_ATTR_433,791.3774,5.4839
LOT_1552,SPC_ATTR_007,123.4244,3.5772
LOT_1553,SPC_ATTR_255,0.0787,7.0912
LOT_1553,SPC_ATTR_256,0.9255,4.335
LOT_1553,SPC_ATTR_393,0.0229,6.2135
LOT_1553,SPC_ATTR_394,0.2622,3.3381
LOT_1553,SPC_ATTR_418,20.9528,3.1476
LOT_1553,SPC_ATTR_527,8.2037,7.0535
LOT_1553,SPC_ATTR_528,14.4479,4.2634
LOT_1554,SPC_ATTR_007,119.8822,3.0092
LOT_1554,SPC_ATTR_220,0.0105,4.4022
LOT_1554,SPC_ATTR_358,0.0039,5.7904
LOT_1554,SPC_ATTR_492,7.6699,4.2696
LOT_1554,SPC_ATTR_559,1.3172,3.842
LOT_1554,SPC_ATTR_561,0.3169,4.7396
LOT_1555,SPC_ATTR_469,987.5866,3.3082
LOT_1556,SPC_ATTR_169,0.268,3.0144
LOT_1556,SPC_ATTR_250,0.0509,3.1599
LOT_1556,SPC_ATTR_388,0.0161,3.1592
LOT_1556,SPC_ATTR_522,1000.0,9.5846
LOT_1557,SPC_ATTR_004,3085.3781,3.8239
LOT_1557,SPC_ATTR_007,82.2467,-3.0248
LOT_1557,SPC_ATTR_140,1635.3,4.6279
LOT_1557,SPC_ATTR_275,579.7196,5.1798
LOT_1558,SPC_ATTR_004,2945.8855,3.5081
LOT_1558,SPC_ATTR_274,8.6512,-3.0101
LOT_1559,SPC_ATTR_121,5.9349,-3.0245
LOT_1559,SPC_ATTR_497,135.4843,4.2897
LOT_1559,SPC_ATTR_559,1.344,4.1616
LOT_1560,SPC_ATTR_559,1.344,4.1616
LOT_1561,SPC_ATTR_001,2770.4,-3.315
LOT_1561,SPC_ATTR_136,994.0,15.2236
LOT_1561,SPC_ATTR_271,158.526,15.3851
LOT_1561,SPC_ATTR_409,44.31,15.1153
LOT_1562,SPC_ATTR_474,109.6423,3.1266
LOT_1563,SPC_ATTR_004,3085.3781,3.8239
LOT_1563,SPC_ATTR_007,82.2467,-3.0248
LOT_1563,SPC_ATTR_140,1635.3,4.6279
LOT_1563,SPC_ATTR_275,579.7196,5.1798
LOT_1564,SPC_ATTR_092,-0.357,-4.0993
LOT_1564,SPC_ATTR_220,0.0086,3.2479
LOT_1564,SPC_ATTR_345,51.7258,3.2049
LOT_1564,SPC_ATTR_492,6.2733,3.1289
LOT_1566,SPC_ATTR_089,1627.4714,-3.3686
LOT_1566,SPC_ATTR_240,0.0089,3.0014
LOT_1567,SPC_ATTR_004,2914.1792,3.4363
